row_id,actual,selected_score,predicted,baseline_score,logistic_regression_score,logistic_regression_sigmoid_score,random_forest_score,random_forest_sigmoid_score
31,0,0.20910580,1,0.16700067,0.20910580,0.21666416,0.17382422,0.18280962
35,0,0.21249869,1,0.16700067,0.21249869,0.21983408,0.16025304,0.15938215
44,1,0.17544814,0,0.16700067,0.17544814,0.18496608,0.17170939,0.17899043
110,0,0.21620878,1,0.16700067,0.21620878,0.22329563,0.17818471,0.19088325
114,1,0.12365233,0,0.16700067,0.12365233,0.13501933,0.16068873,0.16009489
118,1,0.16696409,0,0.16700067,0.16696409,0.17689370,0.13947290,0.12829702
142,0,0.20460639,1,0.16700067,0.20460639,0.21245382,0.16456016,0.16654181
167,0,0.19076180,1,0.16700067,0.19076180,0.19944851,0.17985987,0.19405650
224,0,0.19422764,1,0.16700067,0.19422764,0.20271166,0.17147157,0.17856489
229,0,0.24477253,1,0.16700067,0.24477253,0.24979567,0.18959902,0.21329727
231,0,0.18833356,1,0.16700067,0.18833356,0.19715920,0.17596273,0.18673558
260,0,0.19092473,1,0.16700067,0.19092473,0.19960203,0.20979837,0.25750560
300,0,0.24477253,1,0.16700067,0.24477253,0.24979567,0.18959902,0.21329727
312,0,0.18833356,1,0.16700067,0.18833356,0.19715920,0.17596273,0.18673558
320,0,0.70345434,1,0.16700067,0.70345434,0.67120383,0.56330095,0.96265571
323,0,0.21249869,1,0.16700067,0.21249869,0.21983408,0.16025304,0.15938215
331,0,0.57181062,1,0.16700067,0.57181062,0.54740997,0.43475016,0.84326684
370,1,0.16633602,0,0.16700067,0.16633602,0.17629462,0.17115968,0.17800798
396,1,0.15063020,0,0.16700067,0.15063020,0.16124221,0.14018068,0.12926486
398,0,0.45975809,1,0.16700067,0.45975809,0.44515959,0.18736190,0.20875776
420,0,0.18833356,1,0.16700067,0.18833356,0.19715920,0.17596273,0.18673558
450,1,0.10861405,0,0.16700067,0.10861405,0.12015940,0.15014231,0.14355622
452,1,0.11334252,0,0.16700067,0.11334252,0.12485296,0.17044356,0.17673447
453,0,0.18833356,1,0.16700067,0.18833356,0.19715920,0.17596273,0.18673558
459,0,0.19766284,1,0.16700067,0.19766284,0.20594098,0.17596273,0.18673558
462,0,0.40313799,1,0.16700067,0.40313799,0.39394223,0.22631990,0.29783905
468,1,0.10861405,0,0.16700067,0.10861405,0.12015940,0.15014231,0.14355622
481,0,0.32408924,1,0.16700067,0.32408924,0.32236780,0.18379831,0.20167430
506,1,0.16633602,0,0.16700067,0.16633602,0.17629462,0.17115968,0.17800798
524,0,0.31840565,1,0.16700067,0.31840565,0.31720250,0.17985987,0.19405650
553,1,0.11900873,0,0.16700067,0.11900873,0.13045134,0.13959368,0.12846174
561,0,0.36150285,1,0.16700067,0.36150285,0.35628891,0.18452578,0.20310559
573,0,0.40359964,1,0.16700067,0.40359964,0.39435953,0.29778503,0.50335183
581,0,0.19440548,1,0.16700067,0.19440548,0.20287896,0.17892774,0.19228585
593,0,0.21249869,1,0.16700067,0.21249869,0.21983408,0.16025304,0.15938215
607,0,0.18833356,1,0.16700067,0.18833356,0.19715920,0.17596273,0.18673558
614,0,0.18833356,1,0.16700067,0.18833356,0.19715920,0.17596273,0.18673558
629,0,0.18833356,1,0.16700067,0.18833356,0.19715920,0.17596273,0.18673558
648,1,0.16252152,0,0.16700067,0.16252152,0.17265163,0.16484600,0.16702594
653,1,0.12411448,0,0.16700067,0.12411448,0.13547300,0.13100286,0.11718792
660,0,0.27017861,1,0.16700067,0.27017861,0.27317683,0.19585750,0.22637659
685,0,0.20460639,1,0.16700067,0.20460639,0.21245382,0.16456016,0.16654181
694,0,0.18833356,1,0.16700067,0.18833356,0.19715920,0.17596273,0.18673558
696,0,0.18373776,1,0.16700067,0.18373776,0.19281916,0.17373722,0.18265125
705,1,0.16633602,0,0.16700067,0.16633602,0.17629462,0.17115968,0.17800798
715,0,0.21249869,1,0.16700067,0.21249869,0.21983408,0.16025304,0.15938215
739,0,0.21249869,1,0.16700067,0.21249869,0.21983408,0.16025304,0.15938215
752,0,0.25433064,1,0.16700067,0.25433064,0.25861059,0.17601028,0.18682362
756,0,0.18833356,1,0.16700067,0.18833356,0.19715920,0.17596273,0.18673558
759,1,0.16633602,0,0.16700067,0.16633602,0.17629462,0.17115968,0.17800798
780,0,0.18833356,1,0.16700067,0.18833356,0.19715920,0.17596273,0.18673558
781,0,0.18833356,1,0.16700067,0.18833356,0.19715920,0.17596273,0.18673558
783,0,0.21249869,1,0.16700067,0.21249869,0.21983408,0.16025304,0.15938215
793,0,0.18619001,1,0.16700067,0.18619001,0.19513612,0.17922518,0.19284952
816,0,0.20746393,1,0.16700067,0.20746393,0.21512866,0.17925018,0.19289696
841,0,0.29202626,1,0.16700067,0.29202626,0.29317027,0.21421393,0.26792869
844,0,0.18833356,1,0.16700067,0.18833356,0.19715920,0.17596273,0.18673558
860,1,0.17732549,0,0.16700067,0.17732549,0.18674745,0.17445030,0.18395231
867,0,0.26754089,1,0.16700067,0.26754089,0.27075643,0.18336174,0.20081899
872,0,0.18439156,1,0.16700067,0.18439156,0.19343716,0.17155839,0.17872014
880,0,0.23901620,1,0.16700067,0.23901620,0.24447504,0.17799751,0.19053112
936,1,0.09925586,0,0.16700067,0.09925586,0.11080775,0.17596273,0.18673558
960,0,0.21249869,1,0.16700067,0.21249869,0.21983408,0.16025304,0.15938215
973,0,0.18113233,1,0.16700067,0.18113233,0.19035444,0.18008164,0.19447958
994,0,0.32666177,1,0.16700067,0.32666177,0.32470448,0.17534370,0.18559250
1015,0,0.18833356,1,0.16700067,0.18833356,0.19715920,0.17596273,0.18673558
1017,1,0.10861405,0,0.16700067,0.10861405,0.12015940,0.15014231,0.14355622
1020,0,0.22769792,1,0.16700067,0.22769792,0.23398527,0.18273927,0.19960417
1027,0,0.23378279,1,0.16700067,0.23378279,0.23962951,0.17626576,0.18729712
1033,0,0.18720313,1,0.16700067,0.18720313,0.19609256,0.17193663,0.17939780
1058,0,0.18833356,1,0.16700067,0.18833356,0.19715920,0.17596273,0.18673558
1061,0,0.18737112,1,0.16700067,0.18737112,0.19625110,0.13122741,0.11747135
1065,0,0.18833356,1,0.16700067,0.18833356,0.19715920,0.17596273,0.18673558
1079,1,0.10861405,0,0.16700067,0.10861405,0.12015940,0.15014231,0.14355622
1100,0,0.21249869,1,0.16700067,0.21249869,0.21983408,0.16025304,0.15938215
1106,0,0.33620506,1,0.16700067,0.33620506,0.33336655,0.17970833,0.19376780
1115,0,0.32860625,1,0.16700067,0.32860625,0.32647020,0.19328507,0.22093293
1172,0,0.18833356,1,0.16700067,0.18833356,0.19715920,0.17596273,0.18673558
1176,1,0.10861405,0,0.16700067,0.10861405,0.12015940,0.15014231,0.14355622
1177,0,0.24741207,1,0.16700067,0.24741207,0.25223238,0.16846531,0.17325364
1204,0,0.21249869,1,0.16700067,0.21249869,0.21983408,0.16025304,0.15938215
1210,1,0.10861405,0,0.16700067,0.10861405,0.12015940,0.15014231,0.14355622
1214,0,0.18833356,1,0.16700067,0.18833356,0.19715920,0.17596273,0.18673558
1215,0,0.21249869,1,0.16700067,0.21249869,0.21983408,0.16025304,0.15938215
1218,0,0.18833356,1,0.16700067,0.18833356,0.19715920,0.17596273,0.18673558
1238,0,0.26331923,1,0.16700067,0.26331923,0.26687937,0.22793451,0.30197080
1272,1,0.06925868,0,0.16700067,0.06925868,0.08015914,0.12795311,0.11339685
1280,1,0.16633602,0,0.16700067,0.16633602,0.17629462,0.17115968,0.17800798
1308,0,0.18833356,1,0.16700067,0.18833356,0.19715920,0.17596273,0.18673558
1347,0,0.19562811,1,0.16700067,0.19562811,0.20402879,0.18400640,0.20208294
1352,0,0.21249869,1,0.16700067,0.21249869,0.21983408,0.16025304,0.15938215
1366,0,0.21249869,1,0.16700067,0.21249869,0.21983408,0.16025304,0.15938215
1375,0,0.19422484,1,0.16700067,0.19422484,0.20270903,0.16226043,0.16268749
1391,0,0.18833356,1,0.16700067,0.18833356,0.19715920,0.17596273,0.18673558
1396,0,0.18833356,1,0.16700067,0.18833356,0.19715920,0.17596273,0.18673558
1419,0,0.21249869,1,0.16700067,0.21249869,0.21983408,0.16025304,0.15938215
1421,1,0.16633602,0,0.16700067,0.16633602,0.17629462,0.17115968,0.17800798
1450,0,0.20910580,1,0.16700067,0.20910580,0.21666416,0.17382422,0.18280962
1459,1,0.16633602,0,0.16700067,0.16633602,0.17629462,0.17115968,0.17800798
1474,0,0.18833356,1,0.16700067,0.18833356,0.19715920,0.17596273,0.18673558
1477,0,0.26210335,1,0.16700067,0.26210335,0.26576198,0.18161447,0.19742298
1487,0,0.25171864,1,0.16700067,0.25171864,0.25620405,0.18975010,0.21360643
1492,0,0.22632604,1,0.16700067,0.22632604,0.23271113,0.18064658,0.19556050
1496,0,0.18833356,1,0.16700067,0.18833356,0.19715920,0.17596273,0.18673558
1497,0,0.24491546,1,0.16700067,0.24491546,0.24992767,0.16987813,0.17573400
1500,0,0.21249869,1,0.16700067,0.21249869,0.21983408,0.16025304,0.15938215
1526,0,0.18113233,1,0.16700067,0.18113233,0.19035444,0.18008164,0.19447958
1528,1,0.05779014,0,0.16700067,0.05779014,0.06809913,0.15731050,0.15463564
1542,0,0.18833356,1,0.16700067,0.18833356,0.19715920,0.17596273,0.18673558
1556,0,0.28076635,1,0.16700067,0.28076635,0.28287755,0.16526621,0.16773969
1558,1,0.16633602,0,0.16700067,0.16633602,0.17629462,0.17115968,0.17800798
1560,0,0.22324560,1,0.16700067,0.22324560,0.22984796,0.17065759,0.17711435
1566,0,0.19749008,1,0.16700067,0.19749008,0.20577870,0.16828025,0.17293082
1585,0,0.18833356,1,0.16700067,0.18833356,0.19715920,0.17596273,0.18673558
1593,0,0.18833356,1,0.16700067,0.18833356,0.19715920,0.17596273,0.18673558
1608,0,0.23963852,1,0.16700067,0.23963852,0.24505071,0.18226284,0.19867808
1609,0,0.26210335,1,0.16700067,0.26210335,0.26576198,0.18161447,0.19742298
1612,0,0.18833356,1,0.16700067,0.18833356,0.19715920,0.17596273,0.18673558
1614,0,0.18113233,1,0.16700067,0.18113233,0.19035444,0.18008164,0.19447958
1624,0,0.34245513,1,0.16700067,0.34245513,0.33903459,0.32869189,0.59630688
1648,0,0.18833356,1,0.16700067,0.18833356,0.19715920,0.17596273,0.18673558
1654,1,0.11799805,0,0.16700067,0.11799805,0.12945477,0.13913496,0.12783709
1662,0,0.66118813,1,0.16700067,0.66118813,0.63083488,0.44042103,0.85218664
1669,0,0.26210335,1,0.16700067,0.26210335,0.26576198,0.18161447,0.19742298
1671,0,0.23901620,1,0.16700067,0.23901620,0.24447504,0.17799751,0.19053112
1676,1,0.16633602,0,0.16700067,0.16633602,0.17629462,0.17115968,0.17800798
1687,1,0.10861405,0,0.16700067,0.10861405,0.12015940,0.15014231,0.14355622
1697,0,0.25221047,1,0.16700067,0.25221047,0.25665732,0.22529010,0.29522086
1703,0,0.21249869,1,0.16700067,0.21249869,0.21983408,0.16025304,0.15938215
1722,0,0.30049515,1,0.16700067,0.30049515,0.30089713,0.25671032,0.38055080
1732,0,0.18833356,1,0.16700067,0.18833356,0.19715920,0.17596273,0.18673558
1785,0,0.19020343,1,0.16700067,0.19020343,0.19892232,0.22529287,0.29522790
1812,0,0.18833356,1,0.16700067,0.18833356,0.19715920,0.17596273,0.18673558
1814,0,0.18113233,1,0.16700067,0.18113233,0.19035444,0.18008164,0.19447958
1823,0,0.27783793,1,0.16700067,0.27783793,0.28019675,0.16570669,0.16849051
1844,0,0.23894869,1,0.16700067,0.23894869,0.24441258,0.18064658,0.19556050
1853,0,0.18833356,1,0.16700067,0.18833356,0.19715920,0.17596273,0.18673558
1856,0,0.36947286,1,0.16700067,0.36947286,0.36350153,0.21573055,0.27156983
1865,0,0.21249869,1,0.16700067,0.21249869,0.21983408,0.16025304,0.15938215
1869,0,0.20028824,1,0.16700067,0.20028824,0.20840578,0.17865881,0.19177730
1872,0,0.18833356,1,0.16700067,0.18833356,0.19715920,0.17596273,0.18673558
1877,1,0.10861405,0,0.16700067,0.10861405,0.12015940,0.15014231,0.14355622
1900,0,0.18833356,1,0.16700067,0.18833356,0.19715920,0.17596273,0.18673558
1922,0,0.36947286,1,0.16700067,0.36947286,0.36350153,0.21573055,0.27156983
1931,0,0.21249869,1,0.16700067,0.21249869,0.21983408,0.16025304,0.15938215
1945,0,0.22997291,1,0.16700067,0.22997291,0.23609685,0.22796083,0.30203842
1947,0,0.18833356,1,0.16700067,0.18833356,0.19715920,0.17596273,0.18673558
1950,1,0.16633602,0,0.16700067,0.16633602,0.17629462,0.17115968,0.17800798
1973,0,0.24709955,1,0.16700067,0.24709955,0.25194397,0.18295441,0.20002341
2002,0,0.23702997,1,0.16700067,0.23702997,0.24263696,0.19641262,0.22756369
2007,0,0.18833356,1,0.16700067,0.18833356,0.19715920,0.17596273,0.18673558
2020,0,0.21126097,1,0.16700067,0.21126097,0.21867818,0.17679763,0.18828586
2031,1,0.06925868,0,0.16700067,0.06925868,0.08015914,0.12795311,0.11339685
2037,0,0.18833356,1,0.16700067,0.18833356,0.19715920,0.17596273,0.18673558
2052,0,0.26616262,1,0.16700067,0.26616262,0.26949110,0.20278671,0.24150758
2071,1,0.10610182,0,0.16700067,0.10610182,0.11765731,0.17281022,0.18097059
2082,1,0.16633602,0,0.16700067,0.16633602,0.17629462,0.17115968,0.17800798
2116,1,0.06295538,0,0.16700067,0.06295538,0.07355882,0.16823331,0.17284900
2158,0,0.21020828,1,0.16700067,0.21020828,0.21769465,0.17520512,0.18533734
2159,0,0.21605309,1,0.16700067,0.21605309,0.22315046,0.18033908,0.19497158
2164,0,0.18833356,1,0.16700067,0.18833356,0.19715920,0.17596273,0.18673558
2170,0,0.21249869,1,0.16700067,0.21249869,0.21983408,0.16025304,0.15938215
2179,0,0.18833356,1,0.16700067,0.18833356,0.19715920,0.17596273,0.18673558
2214,0,0.33314484,1,0.16700067,0.33314484,0.33058994,0.22513670,0.29483201
2226,0,0.18833356,1,0.16700067,0.18833356,0.19715920,0.17596273,0.18673558
2238,1,0.09776224,0,0.16700067,0.09776224,0.10930702,0.16989975,0.17577217
2250,0,0.20806811,1,0.16700067,0.20806811,0.21569381,0.18766422,0.20936705
2261,0,0.18833356,1,0.16700067,0.18833356,0.19715920,0.17596273,0.18673558
2280,1,0.16633602,0,0.16700067,0.16633602,0.17629462,0.17115968,0.17800798
2339,0,0.18833356,1,0.16700067,0.18833356,0.19715920,0.17596273,0.18673558
2360,0,0.23963852,1,0.16700067,0.23963852,0.24505071,0.18226284,0.19867808
2361,1,0.10641789,0,0.16700067,0.10641789,0.11797243,0.15621815,0.15290325
2415,0,0.18833356,1,0.16700067,0.18833356,0.19715920,0.17596273,0.18673558
2416,1,0.13623584,0,0.16700067,0.13623584,0.14731400,0.16082614,0.16032022
2424,0,0.21249869,1,0.16700067,0.21249869,0.21983408,0.16025304,0.15938215
2440,0,0.26210335,1,0.16700067,0.26210335,0.26576198,0.18161447,0.19742298
2460,0,0.18833356,1,0.16700067,0.18833356,0.19715920,0.17596273,0.18673558
2472,0,0.18833356,1,0.16700067,0.18833356,0.19715920,0.17596273,0.18673558
2477,0,0.33690523,1,0.16700067,0.33690523,0.33400170,0.16838501,0.17311351
2482,0,0.18833356,1,0.16700067,0.18833356,0.19715920,0.17596273,0.18673558
2508,0,0.18812094,1,0.16700067,0.18812094,0.19695862,0.15044834,0.14401541
2509,0,0.22776877,1,0.16700067,0.22776877,0.23405105,0.20324167,0.24252479
2510,0,0.21249869,1,0.16700067,0.21249869,0.21983408,0.16025304,0.15938215
2537,0,0.21061596,1,0.16700067,0.21061596,0.21807560,0.18650446,0.20703683
2543,0,0.18833356,1,0.16700067,0.18833356,0.19715920,0.17596273,0.18673558
2548,0,0.19440739,1,0.16700067,0.19440739,0.20288076,0.18017737,0.19466242
2572,0,0.19981418,1,0.16700067,0.19981418,0.20796092,0.17445030,0.18395231
2574,1,0.06925868,0,0.16700067,0.06925868,0.08015914,0.12795311,0.11339685
2590,0,0.19655546,1,0.16700067,0.19655546,0.20490050,0.17679763,0.18828586
2597,0,0.30049515,1,0.16700067,0.30049515,0.30089713,0.25671032,0.38055080
2636,0,0.31794410,1,0.16700067,0.31794410,0.31678286,0.24625680,0.35100638
2650,0,0.18113233,1,0.16700067,0.18113233,0.19035444,0.18008164,0.19447958
2663,0,0.18833356,1,0.16700067,0.18833356,0.19715920,0.17596273,0.18673558
2666,0,0.19946277,1,0.16700067,0.19946277,0.20763110,0.17445030,0.18395231
2669,0,0.40266823,1,0.16700067,0.40266823,0.39351760,0.18362997,0.20134418
2720,0,0.23403527,1,0.16700067,0.23403527,0.23986346,0.19108409,0.21635025
2740,0,0.23510018,1,0.16700067,0.23510018,0.24085002,0.21478047,0.26928522
2749,1,0.11900873,0,0.16700067,0.11900873,0.13045134,0.13959368,0.12846174
2763,0,0.18833356,1,0.16700067,0.18833356,0.19715920,0.17596273,0.18673558
2767,1,0.16633602,0,0.16700067,0.16633602,0.17629462,0.17115968,0.17800798
2813,0,0.21515591,1,0.16700067,0.21515591,0.22231378,0.18137046,0.19695219
2821,0,0.18113233,1,0.16700067,0.18113233,0.19035444,0.18008164,0.19447958
2822,0,0.37544365,1,0.16700067,0.37544365,0.36890289,0.17679763,0.18828586
2825,1,0.10861405,0,0.16700067,0.10861405,0.12015940,0.15014231,0.14355622
2831,0,0.21249869,1,0.16700067,0.21249869,0.21983408,0.16025304,0.15938215
2843,1,0.16633602,0,0.16700067,0.16633602,0.17629462,0.17115968,0.17800798
2916,0,0.18833356,1,0.16700067,0.18833356,0.19715920,0.17596273,0.18673558
2922,0,0.38279185,1,0.16700067,0.38279185,0.37554838,0.16025304,0.15938215
2923,1,0.13387489,0,0.16700067,0.13387489,0.14501614,0.17445030,0.18395231
2928,1,0.17148618,0,0.16700067,0.17148618,0.18120094,0.16194123,0.16215822
2944,0,0.18833356,1,0.16700067,0.18833356,0.19715920,0.17596273,0.18673558
2975,0,0.18833356,1,0.16700067,0.18833356,0.19715920,0.17596273,0.18673558
2988,0,0.18833356,1,0.16700067,0.18833356,0.19715920,0.17596273,0.18673558
3000,0,0.27719204,1,0.16700067,0.27719204,0.27960524,0.19939055,0.23400656
3006,0,0.18833356,1,0.16700067,0.18833356,0.19715920,0.17596273,0.18673558
3007,0,0.18833356,1,0.16700067,0.18833356,0.19715920,0.17596273,0.18673558
3034,0,0.39356648,1,0.16700067,0.39356648,0.38528993,0.21677708,0.27410037
3058,1,0.12411448,0,0.16700067,0.12411448,0.13547300,0.13100286,0.11718792
3066,1,0.16633602,0,0.16700067,0.16633602,0.17629462,0.17115968,0.17800798
3103,0,0.21249869,1,0.16700067,0.21249869,0.21983408,0.16025304,0.15938215
3120,0,0.22926619,1,0.16700067,0.22926619,0.23544106,0.18560782,0.20524846
3127,0,0.18833356,1,0.16700067,0.18833356,0.19715920,0.17596273,0.18673558
3128,1,0.17940021,0,0.16700067,0.17940021,0.18871411,0.16025304,0.15938215
3140,0,0.26746815,1,0.16700067,0.26746815,0.27068966,0.16526621,0.16773969
3176,0,0.21249869,1,0.16700067,0.21249869,0.21983408,0.16025304,0.15938215
3192,0,0.18833356,1,0.16700067,0.18833356,0.19715920,0.17596273,0.18673558
3202,0,0.61231654,1,0.16700067,0.61231654,0.58494175,0.23480340,0.31990410
3213,0,0.29123263,1,0.16700067,0.29123263,0.29244555,0.19477166,0.22406728
3218,0,0.21914144,1,0.16700067,0.21914144,0.22602842,0.16180521,0.16193311
3242,0,0.18833356,1,0.16700067,0.18833356,0.19715920,0.17596273,0.18673558
3320,1,0.16633602,0,0.16700067,0.16633602,0.17629462,0.17115968,0.17800798
3338,1,0.11120466,0,0.16700067,0.11120466,0.12273339,0.16206613,0.16236515
3340,0,0.20806811,1,0.16700067,0.20806811,0.21569381,0.18766422,0.20936705
3382,0,0.20806811,1,0.16700067,0.20806811,0.21569381,0.18766422,0.20936705
3399,0,0.18833356,1,0.16700067,0.18833356,0.19715920,0.17596273,0.18673558
3407,0,0.25095737,1,0.16700067,0.25095737,0.25550232,0.17732091,0.18926253
3413,1,0.17091908,0,0.16700067,0.17091908,0.18066136,0.16612943,0.16921359
3428,0,0.19565512,1,0.16700067,0.19565512,0.20405418,0.13087734,0.11702974
3466,0,0.35371482,1,0.16700067,0.35371482,0.34923733,0.19545066,0.22550939
3468,0,0.18833356,1,0.16700067,0.18833356,0.19715920,0.17596273,0.18673558
3471,0,0.26754089,1,0.16700067,0.26754089,0.27075643,0.18336174,0.20081899
3480,1,0.12411448,0,0.16700067,0.12411448,0.13547300,0.13100286,0.11718792
3500,0,0.18833356,1,0.16700067,0.18833356,0.19715920,0.17596273,0.18673558
3502,0,0.26616262,1,0.16700067,0.26616262,0.26949110,0.20278671,0.24150758
3505,0,0.18833356,1,0.16700067,0.18833356,0.19715920,0.17596273,0.18673558
3509,0,0.21249869,1,0.16700067,0.21249869,0.21983408,0.16025304,0.15938215
3512,0,0.18833356,1,0.16700067,0.18833356,0.19715920,0.17596273,0.18673558
3515,1,0.17168475,0,0.16700067,0.17168475,0.18138983,0.17096291,0.17765734
3524,0,0.19220847,1,0.16700067,0.19220847,0.20081120,0.14018068,0.12926486
3534,0,0.18833356,1,0.16700067,0.18833356,0.19715920,0.17596273,0.18673558
3546,0,0.44530707,1,0.16700067,0.44530707,0.43207506,0.16980495,0.17560484
3549,0,0.18833356,1,0.16700067,0.18833356,0.19715920,0.17596273,0.18673558
3576,0,0.18833356,1,0.16700067,0.18833356,0.19715920,0.17596273,0.18673558
3602,0,0.23807877,1,0.16700067,0.23807877,0.24360768,0.16473001,0.16682934
3615,0,0.72692570,1,0.16700067,0.72692570,0.69395047,0.44355584,0.85693491
3635,0,0.21249869,1,0.16700067,0.21249869,0.21983408,0.16025304,0.15938215
3637,1,0.16633602,0,0.16700067,0.16633602,0.17629462,0.17115968,0.17800798
3651,0,0.26425288,1,0.16700067,0.26425288,0.26773715,0.18064658,0.19556050
3653,1,0.17398997,0,0.16700067,0.17398997,0.18358126,0.17927950,0.19295260
3658,0,0.40424830,1,0.16700067,0.40424830,0.39494588,0.20390463,0.24401225
3677,0,0.18833356,1,0.16700067,0.18833356,0.19715920,0.17596273,0.18673558
3694,1,0.12345399,0,0.16700067,0.12345399,0.13482458,0.15400711,0.14944536
3697,1,0.17970168,0,0.16700067,0.17970168,0.18899971,0.16160904,0.16160890
3698,0,0.19763097,1,0.16700067,0.19763097,0.20591105,0.17991291,0.19415762
3702,1,0.12411448,0,0.16700067,0.12411448,0.13547300,0.13100286,0.11718792
3705,1,0.10861405,0,0.16700067,0.10861405,0.12015940,0.15014231,0.14355622
3732,0,0.18833356,1,0.16700067,0.18833356,0.19715920,0.17596273,0.18673558
3737,0,0.18833356,1,0.16700067,0.18833356,0.19715920,0.17596273,0.18673558
3747,0,0.21249869,1,0.16700067,0.21249869,0.21983408,0.16025304,0.15938215
3796,0,0.18113233,1,0.16700067,0.18113233,0.19035444,0.18008164,0.19447958
3799,0,0.21913935,1,0.16700067,0.21913935,0.22602647,0.16686658,0.17048038
3812,0,0.18833356,1,0.16700067,0.18833356,0.19715920,0.17596273,0.18673558
3823,0,0.18833356,1,0.16700067,0.18833356,0.19715920,0.17596273,0.18673558
3859,1,0.12411448,0,0.16700067,0.12411448,0.13547300,0.13100286,0.11718792
3872,1,0.07687934,0,0.16700067,0.07687934,0.08805653,0.13009533,0.11604844
3885,1,0.10861405,0,0.16700067,0.10861405,0.12015940,0.15014231,0.14355622
3895,1,0.16633602,0,0.16700067,0.16633602,0.17629462,0.17115968,0.17800798
3944,0,0.21249869,1,0.16700067,0.21249869,0.21983408,0.16025304,0.15938215
3976,0,0.21249869,1,0.16700067,0.21249869,0.21983408,0.16025304,0.15938215
3989,0,0.18833356,1,0.16700067,0.18833356,0.19715920,0.17596273,0.18673558
3992,1,0.16633602,0,0.16700067,0.16633602,0.17629462,0.17115968,0.17800798
4021,0,0.18113233,1,0.16700067,0.18113233,0.19035444,0.18008164,0.19447958
4028,1,0.14273387,0,0.16700067,0.14273387,0.15361847,0.16820336,0.17279682
4033,1,0.09583183,0,0.16700067,0.09583183,0.10736392,0.14985997,0.14313365
4049,1,0.10910461,0,0.16700067,0.10910461,0.12064729,0.17803670,0.19060480
4086,0,0.29640264,1,0.16700067,0.29640264,0.29716467,0.17642434,0.18759149
4089,1,0.15720584,0,0.16700067,0.15720584,0.16756151,0.16495495,0.16721077
4096,0,0.21249869,1,0.16700067,0.21249869,0.21983408,0.16025304,0.15938215
4118,0,0.31840565,1,0.16700067,0.31840565,0.31720250,0.17985987,0.19405650
4123,0,0.22466063,1,0.16700067,0.22466063,0.23116357,0.18064658,0.19556050
4151,0,0.18833356,1,0.16700067,0.18833356,0.19715920,0.17596273,0.18673558
4160,0,0.21249869,1,0.16700067,0.21249869,0.21983408,0.16025304,0.15938215
4167,0,0.18833356,1,0.16700067,0.18833356,0.19715920,0.17596273,0.18673558
4169,0,0.21249869,1,0.16700067,0.21249869,0.21983408,0.16025304,0.15938215
4173,0,0.18833356,1,0.16700067,0.18833356,0.19715920,0.17596273,0.18673558
4194,0,0.18833356,1,0.16700067,0.18833356,0.19715920,0.17596273,0.18673558
4214,0,0.20806811,1,0.16700067,0.20806811,0.21569381,0.18766422,0.20936705
4228,0,0.48147045,1,0.16700067,0.48147045,0.46484786,0.36937454,0.70805173
4244,0,0.25095737,1,0.16700067,0.25095737,0.25550232,0.17732091,0.18926253
4255,0,0.18685696,1,0.16700067,0.18685696,0.19576580,0.17326822,0.18179945
4292,0,0.18661396,1,0.16700067,0.18661396,0.19553641,0.16089224,0.16042870
4304,0,0.18833356,1,0.16700067,0.18833356,0.19715920,0.17596273,0.18673558
4332,1,0.17184889,0,0.16700067,0.17184889,0.18154596,0.17273146,0.18082835
4351,1,0.10861405,0,0.16700067,0.10861405,0.12015940,0.15014231,0.14355622
4356,0,0.41621505,1,0.16700067,0.41621505,0.40576337,0.21287695,0.26474464
4366,0,0.21031806,1,0.16700067,0.21031806,0.21779724,0.18108902,0.19641023
4377,0,0.21249869,1,0.16700067,0.21249869,0.21983408,0.16025304,0.15938215
4390,0,0.24288032,1,0.16700067,0.24288032,0.24804770,0.18438099,0.20282010
4437,1,0.16633602,0,0.16700067,0.16633602,0.17629462,0.17115968,0.17800798
4455,1,0.10861405,0,0.16700067,0.10861405,0.12015940,0.15014231,0.14355622
4486,0,0.26754089,1,0.16700067,0.26754089,0.27075643,0.18336174,0.20081899
4508,0,0.21249869,1,0.16700067,0.21249869,0.21983408,0.16025304,0.15938215
4550,1,0.10861405,0,0.16700067,0.10861405,0.12015940,0.15014231,0.14355622
4556,0,0.18833356,1,0.16700067,0.18833356,0.19715920,0.17596273,0.18673558
4576,0,0.18833356,1,0.16700067,0.18833356,0.19715920,0.17596273,0.18673558
4584,0,0.18833356,1,0.16700067,0.18833356,0.19715920,0.17596273,0.18673558
4591,0,0.18833356,1,0.16700067,0.18833356,0.19715920,0.17596273,0.18673558
4613,0,0.43992624,1,0.16700067,0.43992624,0.42720605,0.23928341,0.33189866
4615,1,0.16633602,0,0.16700067,0.16633602,0.17629462,0.17115968,0.17800798
4616,0,0.23702997,1,0.16700067,0.23702997,0.24263696,0.19641262,0.22756369
4621,0,0.26821130,1,0.16700067,0.26821130,0.27137175,0.16905418,0.17428409
4634,0,0.20529758,1,0.16700067,0.20529758,0.21310111,0.21105191,0.26043752
4693,0,0.21249869,1,0.16700067,0.21249869,0.21983408,0.16025304,0.15938215
4716,0,0.18833356,1,0.16700067,0.18833356,0.19715920,0.17596273,0.18673558
4761,1,0.10861405,0,0.16700067,0.10861405,0.12015940,0.15014231,0.14355622
4767,1,0.15126940,0,0.16700067,0.15126940,0.16185762,0.16593627,0.16888290
4770,0,0.19534162,1,0.16700067,0.19534162,0.20375941,0.17679763,0.18828586
4796,0,0.18833356,1,0.16700067,0.18833356,0.19715920,0.17596273,0.18673558
4797,0,0.29813608,1,0.16700067,0.29813608,0.29874594,0.17244815,0.18031742
4803,0,0.26821130,1,0.16700067,0.26821130,0.27137175,0.16905418,0.17428409
4811,0,0.26616262,1,0.16700067,0.26616262,0.26949110,0.20278671,0.24150758
4826,0,0.21249869,1,0.16700067,0.21249869,0.21983408,0.16025304,0.15938215
4843,1,0.06623890,0,0.16700067,0.06623890,0.07700520,0.13337351,0.12021031
4844,0,0.18833356,1,0.16700067,0.18833356,0.19715920,0.17596273,0.18673558
4846,1,0.15503344,0,0.16700067,0.15503344,0.16547663,0.17596273,0.18673558
4849,0,0.23516401,1,0.16700067,0.23516401,0.24090915,0.18064658,0.19556050
4863,1,0.14278207,0,0.16700067,0.14278207,0.15366512,0.17019120,0.17628739
4878,0,0.18833356,1,0.16700067,0.18833356,0.19715920,0.17596273,0.18673558
4887,0,0.29232489,1,0.16700067,0.29232489,0.29344294,0.17172264,0.17901417
4893,0,0.18133390,1,0.16700067,0.18133390,0.19054524,0.17025028,0.17639198
4896,0,0.19626419,1,0.16700067,0.19626419,0.20462675,0.23481699,0.31994014
4897,1,0.15126940,0,0.16700067,0.15126940,0.16185762,0.16593627,0.16888290
4929,0,0.18833356,1,0.16700067,0.18833356,0.19715920,0.17596273,0.18673558
4949,0,0.21249869,1,0.16700067,0.21249869,0.21983408,0.16025304,0.15938215
4959,0,0.21249869,1,0.16700067,0.21249869,0.21983408,0.16025304,0.15938215
4963,0,0.30311748,1,0.16700067,0.30311748,0.30328736,0.17561498,0.18609278
5017,1,0.10216605,0,0.16700067,0.10216605,0.11372519,0.13804558,0.12636403
5019,0,0.36047231,1,0.16700067,0.36047231,0.35535604,0.18917211,0.21242547
5022,0,0.18833356,1,0.16700067,0.18833356,0.19715920,0.17596273,0.18673558
5030,1,0.16598121,0,0.16700067,0.16598121,0.17595610,0.17893897,0.19230711
5033,0,0.31917085,1,0.16700067,0.31917085,0.31789815,0.20443908,0.24521585
5049,0,0.21249869,1,0.16700067,0.21249869,0.21983408,0.16025304,0.15938215
5055,0,0.21249869,1,0.16700067,0.21249869,0.21983408,0.16025304,0.15938215
5071,0,0.18833356,1,0.16700067,0.18833356,0.19715920,0.17596273,0.18673558
5078,0,0.21249869,1,0.16700067,0.21249869,0.21983408,0.16025304,0.15938215
5082,0,0.21249869,1,0.16700067,0.21249869,0.21983408,0.16025304,0.15938215
5086,0,0.19220847,1,0.16700067,0.19220847,0.20081120,0.14018068,0.12926486
5087,0,0.18833356,1,0.16700067,0.18833356,0.19715920,0.17596273,0.18673558
5099,1,0.16633602,0,0.16700067,0.16633602,0.17629462,0.17115968,0.17800798
5129,0,0.23702997,1,0.16700067,0.23702997,0.24263696,0.19641262,0.22756369
5140,0,0.19422484,1,0.16700067,0.19422484,0.20270903,0.16226043,0.16268749
5150,0,0.18833356,1,0.16700067,0.18833356,0.19715920,0.17596273,0.18673558
5179,0,0.21249869,1,0.16700067,0.21249869,0.21983408,0.16025304,0.15938215
5180,0,0.21249869,1,0.16700067,0.21249869,0.21983408,0.16025304,0.15938215
5197,0,0.30007065,1,0.16700067,0.30007065,0.30051010,0.19117905,0.21654654
5222,0,0.18113233,1,0.16700067,0.18113233,0.19035444,0.18008164,0.19447958
5247,1,0.16891778,0,0.16700067,0.16891778,0.17875587,0.18019521,0.19469651
5258,0,0.18113233,1,0.16700067,0.18113233,0.19035444,0.18008164,0.19447958
5321,0,0.30361964,1,0.16700067,0.30361964,0.30374495,0.18415333,0.20237186
5375,0,0.18833356,1,0.16700067,0.18833356,0.19715920,0.17596273,0.18673558
5385,0,0.21362911,1,0.16700067,0.21362911,0.22088929,0.16410307,0.16576995
5386,0,0.34781431,1,0.16700067,0.34781431,0.34389196,0.17596273,0.18673558
5405,0,0.23516401,1,0.16700067,0.23516401,0.24090915,0.18064658,0.19556050
5413,1,0.16633602,0,0.16700067,0.16633602,0.17629462,0.17115968,0.17800798
5414,0,0.21258767,1,0.16700067,0.21258767,0.21991716,0.17445030,0.18395231
5427,0,0.18833356,1,0.16700067,0.18833356,0.19715920,0.17596273,0.18673558
5440,0,0.26616262,1,0.16700067,0.26616262,0.26949110,0.20278671,0.24150758
5445,0,0.19400631,1,0.16700067,0.19400631,0.20250343,0.14920601,0.14215888
5466,0,0.18833356,1,0.16700067,0.18833356,0.19715920,0.17596273,0.18673558
5471,0,0.18833356,1,0.16700067,0.18833356,0.19715920,0.17596273,0.18673558
5482,0,0.27389078,1,0.16700067,0.27389078,0.27658064,0.15217929,0.14663570
5503,0,0.33169681,1,0.16700067,0.33169681,0.32927578,0.18719780,0.20842759
5505,0,0.21249869,1,0.16700067,0.21249869,0.21983408,0.16025304,0.15938215
5538,1,0.16633602,0,0.16700067,0.16633602,0.17629462,0.17115968,0.17800798
5566,0,0.24550496,1,0.16700067,0.24550496,0.25047200,0.18325206,0.20060452
5571,1,0.11088101,0,0.16700067,0.11088101,0.12241215,0.13791686,0.12619093
5588,0,0.21061571,1,0.16700067,0.21061571,0.21807536,0.14329948,0.13360394
5638,0,0.21249869,1,0.16700067,0.21249869,0.21983408,0.16025304,0.15938215
5642,0,0.18833356,1,0.16700067,0.18833356,0.19715920,0.17596273,0.18673558
5666,0,0.22676739,1,0.16700067,0.22676739,0.23312109,0.18064658,0.19556050
5674,0,0.39814201,1,0.16700067,0.39814201,0.38942614,0.20552751,0.24767945
5680,0,0.21328756,1,0.16700067,0.21328756,0.22057051,0.17390941,0.18296477
5687,0,0.18833356,1,0.16700067,0.18833356,0.19715920,0.17596273,0.18673558
5728,0,0.21249869,1,0.16700067,0.21249869,0.21983408,0.16025304,0.15938215
5774,0,0.26401308,1,0.16700067,0.26401308,0.26751686,0.19472437,0.22396709
5782,0,0.23097563,1,0.16700067,0.23097563,0.23702704,0.18478000,0.20360754
5787,0,0.18261136,1,0.16700067,0.18261136,0.19175398,0.18508602,0.20421300
5789,0,0.19440548,1,0.16700067,0.19440548,0.20287896,0.17892774,0.19228585
5808,0,0.18833356,1,0.16700067,0.18833356,0.19715920,0.17596273,0.18673558
5816,1,0.10658595,0,0.16700067,0.10658595,0.11813995,0.16712994,0.17093478
5869,0,0.18833356,1,0.16700067,0.18833356,0.19715920,0.17596273,0.18673558
5872,1,0.13623584,0,0.16700067,0.13623584,0.14731400,0.16082614,0.16032022
5898,0,0.30730529,1,0.16700067,0.30730529,0.30710234,0.17049142,0.17681936
5908,0,0.21096067,1,0.16700067,0.21096067,0.21839766,0.18196048,0.19809204
5926,0,0.18408981,1,0.16700067,0.18408981,0.19315196,0.14920601,0.14215888
5952,0,0.19626419,1,0.16700067,0.19626419,0.20462675,0.23481699,0.31994014
5964,0,0.30161147,1,0.16700067,0.30161147,0.30191477,0.23665833,0.32484269
5984,0,0.26846749,1,0.16700067,0.26846749,0.27160686,0.19177398,0.21777923
5991,0,0.18833356,1,0.16700067,0.18833356,0.19715920,0.17596273,0.18673558
5997,0,0.18833356,1,0.16700067,0.18833356,0.19715920,0.17596273,0.18673558
6027,0,0.30075362,1,0.16700067,0.30075362,0.30113277,0.18771486,0.20946923
6069,0,0.18833356,1,0.16700067,0.18833356,0.19715920,0.17596273,0.18673558
6099,0,0.26754089,1,0.16700067,0.26754089,0.27075643,0.18336174,0.20081899
6112,0,0.23718071,1,0.16700067,0.23718071,0.24277651,0.16526621,0.16773969
6138,0,0.25095737,1,0.16700067,0.25095737,0.25550232,0.17732091,0.18926253
6145,0,0.19324753,1,0.16700067,0.19324753,0.20178939,0.18650729,0.20704250
6146,0,0.21249869,1,0.16700067,0.21249869,0.21983408,0.16025304,0.15938215
6149,0,0.24321141,1,0.16700067,0.24321141,0.24835363,0.20530025,0.24716370
6153,0,0.26401308,1,0.16700067,0.26401308,0.26751686,0.19472437,0.22396709
6154,0,0.21648819,1,0.16700067,0.21648819,0.22355612,0.17445030,0.18395231
6182,0,0.34781431,1,0.16700067,0.34781431,0.34389196,0.17596273,0.18673558
6203,1,0.16633602,0,0.16700067,0.16633602,0.17629462,0.17115968,0.17800798
6219,0,0.18833356,1,0.16700067,0.18833356,0.19715920,0.17596273,0.18673558
6221,1,0.12411448,0,0.16700067,0.12411448,0.13547300,0.13100286,0.11718792
6222,1,0.09331333,0,0.16700067,0.09331333,0.10482279,0.18321265,0.20052751
6239,0,0.21249869,1,0.16700067,0.21249869,0.21983408,0.16025304,0.15938215
6240,0,0.21249869,1,0.16700067,0.21249869,0.21983408,0.16025304,0.15938215
6261,0,0.18833356,1,0.16700067,0.18833356,0.19715920,0.17596273,0.18673558
6276,1,0.16633602,0,0.16700067,0.16633602,0.17629462,0.17115968,0.17800798
6278,0,0.18833356,1,0.16700067,0.18833356,0.19715920,0.17596273,0.18673558
6279,0,0.21249869,1,0.16700067,0.21249869,0.21983408,0.16025304,0.15938215
6280,0,0.23751018,1,0.16700067,0.23751018,0.24308146,0.18348107,0.20105249
6292,0,0.18833356,1,0.16700067,0.18833356,0.19715920,0.17596273,0.18673558
6294,0,0.22375120,1,0.16700067,0.22375120,0.23031811,0.17445030,0.18395231
6295,0,0.18833356,1,0.16700067,0.18833356,0.19715920,0.17596273,0.18673558
6306,0,0.22192621,1,0.16700067,0.22192621,0.22862068,0.21582172,0.27178971
6307,0,0.21249869,1,0.16700067,0.21249869,0.21983408,0.16025304,0.15938215
6318,1,0.13212952,0,0.16700067,0.13212952,0.14331484,0.17835538,0.19120472
6344,0,0.21515591,1,0.16700067,0.21515591,0.22231378,0.18137046,0.19695219
6357,1,0.16633602,0,0.16700067,0.16633602,0.17629462,0.17115968,0.17800798
6390,1,0.10861405,0,0.16700067,0.10861405,0.12015940,0.15014231,0.14355622
6401,0,0.26401308,1,0.16700067,0.26401308,0.26751686,0.19472437,0.22396709
6418,1,0.15126940,0,0.16700067,0.15126940,0.16185762,0.16593627,0.16888290
6431,0,0.18833356,1,0.16700067,0.18833356,0.19715920,0.17596273,0.18673558
6482,1,0.10861405,0,0.16700067,0.10861405,0.12015940,0.15014231,0.14355622
6489,0,0.18833356,1,0.16700067,0.18833356,0.19715920,0.17596273,0.18673558
6497,0,0.18833356,1,0.16700067,0.18833356,0.19715920,0.17596273,0.18673558
6505,0,0.43972131,1,0.16700067,0.43972131,0.42702064,0.17096291,0.17765734
6509,0,0.18833356,1,0.16700067,0.18833356,0.19715920,0.17596273,0.18673558
6519,0,0.18833356,1,0.16700067,0.18833356,0.19715920,0.17596273,0.18673558
6521,1,0.17719923,0,0.16700067,0.17719923,0.18662769,0.17561498,0.18609278
6525,0,0.21722044,1,0.16700067,0.21722044,0.22423867,0.21008114,0.25816508
6533,0,0.21249869,1,0.16700067,0.21249869,0.21983408,0.16025304,0.15938215
6546,0,0.18833356,1,0.16700067,0.18833356,0.19715920,0.17596273,0.18673558
6553,0,0.18833356,1,0.16700067,0.18833356,0.19715920,0.17596273,0.18673558
6582,0,0.19076180,1,0.16700067,0.19076180,0.19944851,0.17985987,0.19405650
6583,0,0.18833356,1,0.16700067,0.18833356,0.19715920,0.17596273,0.18673558
6589,1,0.17168475,0,0.16700067,0.17168475,0.18138983,0.17096291,0.17765734
6597,0,0.18833356,1,0.16700067,0.18833356,0.19715920,0.17596273,0.18673558
6605,1,0.09941488,0,0.16700067,0.09941488,0.11096739,0.16330226,0.16442460
6607,0,0.39862097,1,0.16700067,0.39862097,0.38985910,0.17679763,0.18828586
6613,0,0.18833356,1,0.16700067,0.18833356,0.19715920,0.17596273,0.18673558
6647,0,0.26210335,1,0.16700067,0.26210335,0.26576198,0.18161447,0.19742298
6664,0,0.18833356,1,0.16700067,0.18833356,0.19715920,0.17596273,0.18673558
6668,0,0.62659758,1,0.16700067,0.62659758,0.59827643,0.43793958,0.84833627
6683,1,0.08086553,0,0.16700067,0.08086553,0.09215471,0.15020626,0.14365207
6697,0,0.30049515,1,0.16700067,0.30049515,0.30089713,0.25671032,0.38055080
6702,0,0.18774183,1,0.16700067,0.18774183,0.19660093,0.17445030,0.18395231
6706,0,0.21249869,1,0.16700067,0.21249869,0.21983408,0.16025304,0.15938215
6711,0,0.21473234,1,0.16700067,0.21473234,0.22191868,0.14950161,0.14259880
6718,1,0.06402565,0,0.16700067,0.06402565,0.07468417,0.14805703,0.14045967
6722,0,0.31917085,1,0.16700067,0.31917085,0.31789815,0.20443908,0.24521585
6732,1,0.15981029,0,0.16700067,0.15981029,0.17005745,0.17388536,0.18292096
6733,0,0.21637336,1,0.16700067,0.21637336,0.22344906,0.16526621,0.16773969
6736,0,0.28038207,1,0.16700067,0.28038207,0.28252586,0.18351719,0.20112322
6775,0,0.21178701,1,0.16700067,0.21178701,0.21916952,0.17940620,0.19319318
6786,1,0.15952014,0,0.16700067,0.15952014,0.16977958,0.13673797,0.12461508
6788,0,0.19203046,1,0.16700067,0.19203046,0.20064357,0.18174648,0.19767805
6806,1,0.16633602,0,0.16700067,0.16633602,0.17629462,0.17115968,0.17800798
6812,1,0.11160304,0,0.16700067,0.11160304,0.12312867,0.18388811,0.20185057
6819,0,0.23751018,1,0.16700067,0.23751018,0.24308146,0.18348107,0.20105249
6825,0,0.18833356,1,0.16700067,0.18833356,0.19715920,0.17596273,0.18673558
6868,0,0.30554234,1,0.16700067,0.30554234,0.30549666,0.20113407,0.23783710
6879,0,0.18833356,1,0.16700067,0.18833356,0.19715920,0.17596273,0.18673558
6888,0,0.19900568,1,0.16700067,0.19900568,0.20720203,0.17919957,0.19280094
6891,0,0.18833356,1,0.16700067,0.18833356,0.19715920,0.17596273,0.18673558
6901,0,0.19292749,1,0.16700067,0.19292749,0.20148815,0.18342020,0.20093335
6912,1,0.11247317,0,0.16700067,0.11247317,0.12399153,0.15730423,0.15462565
6921,0,0.30510994,1,0.16700067,0.30510994,0.30510276,0.16321545,0.16427929
6926,0,0.35371482,1,0.16700067,0.35371482,0.34923733,0.19545066,0.22550939
6956,0,0.18833356,1,0.16700067,0.18833356,0.19715920,0.17596273,0.18673558
6966,0,0.21249869,1,0.16700067,0.21249869,0.21983408,0.16025304,0.15938215
6978,0,0.21249869,1,0.16700067,0.21249869,0.21983408,0.16025304,0.15938215
6983,0,0.46503920,1,0.16700067,0.46503920,0.44994482,0.22687500,0.29925585
6999,0,0.18113233,1,0.16700067,0.18113233,0.19035444,0.18008164,0.19447958
7023,0,0.42058775,1,0.16700067,0.42058775,0.40971657,0.31473548,0.55477916
7045,0,0.40313799,1,0.16700067,0.40313799,0.39394223,0.22631990,0.29783905
7079,0,0.21249869,1,0.16700067,0.21249869,0.21983408,0.16025304,0.15938215
7107,0,0.18833356,1,0.16700067,0.18833356,0.19715920,0.17596273,0.18673558
7115,0,0.20806811,1,0.16700067,0.20806811,0.21569381,0.18766422,0.20936705
7126,1,0.09816023,0,0.16700067,0.09816023,0.10970713,0.14869861,0.14140639
7129,0,0.37037575,1,0.16700067,0.37037575,0.36431842,0.16943457,0.17495229
7142,0,0.18833356,1,0.16700067,0.18833356,0.19715920,0.17596273,0.18673558
7144,0,0.18833356,1,0.16700067,0.18833356,0.19715920,0.17596273,0.18673558
7159,0,0.18833356,1,0.16700067,0.18833356,0.19715920,0.17596273,0.18673558
7164,1,0.15126940,0,0.16700067,0.15126940,0.16185762,0.16593627,0.16888290
7178,1,0.12839232,0,0.16700067,0.12839232,0.13966447,0.17787069,0.19029284
7180,0,0.18740444,1,0.16700067,0.18740444,0.19628255,0.17164962,0.17888341
7182,0,0.21148142,1,0.16700067,0.21148142,0.21888410,0.17716259,0.18896663
7183,0,0.18833356,1,0.16700067,0.18833356,0.19715920,0.17596273,0.18673558
7184,0,0.21249869,1,0.16700067,0.21249869,0.21983408,0.16025304,0.15938215
7187,0,0.21249869,1,0.16700067,0.21249869,0.21983408,0.16025304,0.15938215
7201,0,0.18833356,1,0.16700067,0.18833356,0.19715920,0.17596273,0.18673558
7226,0,0.21249869,1,0.16700067,0.21249869,0.21983408,0.16025304,0.15938215
7227,1,0.14200157,0,0.16700067,0.14200157,0.15290940,0.15990534,0.15881519
7230,0,0.21249869,1,0.16700067,0.21249869,0.21983408,0.16025304,0.15938215
7236,0,0.21249869,1,0.16700067,0.21249869,0.21983408,0.16025304,0.15938215
7239,0,0.46503920,1,0.16700067,0.46503920,0.44994482,0.22687500,0.29925585
7248,0,0.28589334,1,0.16700067,0.28589334,0.28756704,0.20677963,0.25053401
7256,0,0.23563275,1,0.16700067,0.23563275,0.24134328,0.18040504,0.19509780
7260,0,0.39356648,1,0.16700067,0.39356648,0.38528993,0.21677708,0.27410037
7285,0,0.25398865,1,0.16700067,0.25398865,0.25829559,0.18100456,0.19624780
7296,0,0.18768353,1,0.16700067,0.18768353,0.19654592,0.17545308,0.18579408
7307,0,0.44211379,1,0.16700067,0.44211379,0.42918535,0.20511525,0.24674437
7312,1,0.16268808,0,0.16700067,0.16268808,0.17281087,0.15654309,0.15341691
7322,1,0.16633602,0,0.16700067,0.16633602,0.17629462,0.17115968,0.17800798
7328,0,0.21249869,1,0.16700067,0.21249869,0.21983408,0.16025304,0.15938215
7337,0,0.18833356,1,0.16700067,0.18833356,0.19715920,0.17596273,0.18673558
7344,0,0.23901620,1,0.16700067,0.23901620,0.24447504,0.17799751,0.19053112
7366,0,0.18833356,1,0.16700067,0.18833356,0.19715920,0.17596273,0.18673558
7402,0,0.24550496,1,0.16700067,0.24550496,0.25047200,0.18325206,0.20060452
7418,0,0.19084052,1,0.16700067,0.19084052,0.19952269,0.18525200,0.20454195
7451,0,0.21249869,1,0.16700067,0.21249869,0.21983408,0.16025304,0.15938215
7462,0,0.21249869,1,0.16700067,0.21249869,0.21983408,0.16025304,0.15938215
7464,0,0.18833356,1,0.16700067,0.18833356,0.19715920,0.17596273,0.18673558
7536,0,0.18833356,1,0.16700067,0.18833356,0.19715920,0.17596273,0.18673558
7543,0,0.24109786,1,0.16700067,0.24109786,0.24640022,0.18508602,0.20421300
7552,1,0.16926683,0,0.16700067,0.16926683,0.17908836,0.17596273,0.18673558
7553,0,0.23378279,1,0.16700067,0.23378279,0.23962951,0.17626576,0.18729712
7554,0,0.19422484,1,0.16700067,0.19422484,0.20270903,0.16226043,0.16268749
7562,0,0.21878474,1,0.16700067,0.21878474,0.22569618,0.14985997,0.14313365
7627,0,0.18833356,1,0.16700067,0.18833356,0.19715920,0.17596273,0.18673558
7633,0,0.29648177,1,0.16700067,0.29648177,0.29723686,0.21787369,0.27676772
7651,0,0.21249869,1,0.16700067,0.21249869,0.21983408,0.16025304,0.15938215
7656,0,0.27389078,1,0.16700067,0.27389078,0.27658064,0.15217929,0.14663570
7662,0,0.18113233,1,0.16700067,0.18113233,0.19035444,0.18008164,0.19447958
7672,0,0.23378279,1,0.16700067,0.23378279,0.23962951,0.17626576,0.18729712
7689,0,0.18833356,1,0.16700067,0.18833356,0.19715920,0.17596273,0.18673558
7713,1,0.12687293,0,0.16700067,0.12687293,0.13817738,0.19395220,0.22233562
7717,0,0.26401308,1,0.16700067,0.26401308,0.26751686,0.19472437,0.22396709
7729,0,0.18833356,1,0.16700067,0.18833356,0.19715920,0.17596273,0.18673558
7739,0,0.18833356,1,0.16700067,0.18833356,0.19715920,0.17596273,0.18673558
7796,0,0.18833356,1,0.16700067,0.18833356,0.19715920,0.17596273,0.18673558
7807,0,0.18833356,1,0.16700067,0.18833356,0.19715920,0.17596273,0.18673558
7808,0,0.45126716,1,0.16700067,0.45126716,0.43747001,0.19032130,0.21477818
7816,0,0.21249869,1,0.16700067,0.21249869,0.21983408,0.16025304,0.15938215
7859,0,0.20782312,1,0.16700067,0.20782312,0.21546466,0.16886280,0.17394867
7860,0,0.19655546,1,0.16700067,0.19655546,0.20490050,0.17679763,0.18828586
7868,0,0.23901620,1,0.16700067,0.23901620,0.24447504,0.17799751,0.19053112
7888,1,0.10861405,0,0.16700067,0.10861405,0.12015940,0.15014231,0.14355622
7889,0,0.18833356,1,0.16700067,0.18833356,0.19715920,0.17596273,0.18673558
7900,0,0.37483393,1,0.16700067,0.37483393,0.36835139,0.25855671,0.38586973
7903,0,0.18833356,1,0.16700067,0.18833356,0.19715920,0.17596273,0.18673558
7905,0,0.26189786,1,0.16700067,0.26189786,0.26557310,0.18246204,0.19906489
7912,0,0.18692893,1,0.16700067,0.18692893,0.19583374,0.17576420,0.18636839
7921,0,0.31631637,1,0.16700067,0.31631637,0.31530273,0.14768469,0.13991267
7922,0,0.25171864,1,0.16700067,0.25171864,0.25620405,0.18975010,0.21360643
7933,0,0.18833356,1,0.16700067,0.18833356,0.19715920,0.17596273,0.18673558
7946,0,0.25750892,1,0.16700067,0.25750892,0.26153658,0.22275044,0.28882162
7948,1,0.12393759,0,0.16700067,0.12393759,0.13529938,0.16962521,0.17528793
7967,1,0.12601590,0,0.16700067,0.12601590,0.13733779,0.16690733,0.17055062
7988,1,0.08813795,0,0.16700067,0.08813795,0.09957846,0.16812118,0.17265370
8020,0,0.18833356,1,0.16700067,0.18833356,0.19715920,0.17596273,0.18673558
8038,1,0.15981029,0,0.16700067,0.15981029,0.17005745,0.17388536,0.18292096
8056,0,0.18833356,1,0.16700067,0.18833356,0.19715920,0.17596273,0.18673558
8064,0,0.18833356,1,0.16700067,0.18833356,0.19715920,0.17596273,0.18673558
8124,0,0.23901620,1,0.16700067,0.23901620,0.24447504,0.17799751,0.19053112
8174,0,0.31840565,1,0.16700067,0.31840565,0.31720250,0.17985987,0.19405650
8181,0,0.18833356,1,0.16700067,0.18833356,0.19715920,0.17596273,0.18673558
8187,0,0.20525698,1,0.16700067,0.20525698,0.21306309,0.17709337,0.18883737
8189,0,0.18833356,1,0.16700067,0.18833356,0.19715920,0.17596273,0.18673558
8196,0,0.25095737,1,0.16700067,0.25095737,0.25550232,0.17732091,0.18926253
8197,0,0.57181062,1,0.16700067,0.57181062,0.54740997,0.43475016,0.84326684
8209,1,0.14273387,0,0.16700067,0.14273387,0.15361847,0.16820336,0.17279682
8231,0,0.21620878,1,0.16700067,0.21620878,0.22329563,0.17818471,0.19088325
8258,0,0.24907891,1,0.16700067,0.24907891,0.25377017,0.21724114,0.27522717
8272,0,0.18833356,1,0.16700067,0.18833356,0.19715920,0.17596273,0.18673558
8275,0,0.18833356,1,0.16700067,0.18833356,0.19715920,0.17596273,0.18673558
8276,0,0.23372232,1,0.16700067,0.23372232,0.23957348,0.15832475,0.15625850
8282,0,0.18833356,1,0.16700067,0.18833356,0.19715920,0.17596273,0.18673558
8312,0,0.18833356,1,0.16700067,0.18833356,0.19715920,0.17596273,0.18673558
8313,1,0.13623584,0,0.16700067,0.13623584,0.14731400,0.16082614,0.16032022
8324,0,0.23397321,1,0.16700067,0.23397321,0.23980597,0.17384820,0.18285328
8337,0,0.18833356,1,0.16700067,0.18833356,0.19715920,0.17596273,0.18673558
8346,1,0.09816023,0,0.16700067,0.09816023,0.10970713,0.14869861,0.14140639
8367,1,0.10403565,0,0.16700067,0.10403565,0.11559495,0.15736235,0.15471827
8412,0,0.18833356,1,0.16700067,0.18833356,0.19715920,0.17596273,0.18673558
8434,0,0.24907891,1,0.16700067,0.24907891,0.25377017,0.21724114,0.27522717
8436,0,0.18737112,1,0.16700067,0.18737112,0.19625110,0.13122741,0.11747135
8437,1,0.16633602,0,0.16700067,0.16633602,0.17629462,0.17115968,0.17800798
8453,0,0.18113233,1,0.16700067,0.18113233,0.19035444,0.18008164,0.19447958
8475,0,0.18833356,1,0.16700067,0.18833356,0.19715920,0.17596273,0.18673558
8477,0,0.26975091,1,0.16700067,0.26975091,0.27278447,0.24281990,0.34152461
8479,0,0.30716424,1,0.16700067,0.30716424,0.30697389,0.17076143,0.17729886
8492,0,0.21249869,1,0.16700067,0.21249869,0.21983408,0.16025304,0.15938215
8553,0,0.18833356,1,0.16700067,0.18833356,0.19715920,0.17596273,0.18673558
8566,0,0.31840565,1,0.16700067,0.31840565,0.31720250,0.17985987,0.19405650
8574,0,0.18833356,1,0.16700067,0.18833356,0.19715920,0.17596273,0.18673558
8575,0,0.29210509,1,0.16700067,0.29210509,0.29324224,0.16881126,0.17385843
8593,0,0.50841542,1,0.16700067,0.50841542,0.48934670,0.29659416,0.49972331
8595,0,0.18833356,1,0.16700067,0.18833356,0.19715920,0.17596273,0.18673558
8599,0,0.21249869,1,0.16700067,0.21249869,0.21983408,0.16025304,0.15938215
8606,0,0.57181062,1,0.16700067,0.57181062,0.54740997,0.43475016,0.84326684
8613,0,0.21249869,1,0.16700067,0.21249869,0.21983408,0.16025304,0.15938215
8619,0,0.18425012,1,0.16700067,0.18425012,0.19330348,0.16309784,0.16408258
8628,1,0.15126940,0,0.16700067,0.15126940,0.16185762,0.16593627,0.16888290
8639,0,0.18833356,1,0.16700067,0.18833356,0.19715920,0.17596273,0.18673558
8664,0,0.18753861,1,0.16700067,0.18753861,0.19640917,0.14018068,0.12926486
8665,0,0.25782297,1,0.16700067,0.25782297,0.26182556,0.18374540,0.20157050
8685,0,0.27268034,1,0.16700067,0.27268034,0.27547106,0.19285099,0.22002365
8695,0,0.26754089,1,0.16700067,0.26754089,0.27075643,0.18336174,0.20081899
8700,0,0.21328756,1,0.16700067,0.21328756,0.22057051,0.17390941,0.18296477
8713,0,0.33592333,1,0.16700067,0.33592333,0.33311096,0.17124717,0.17816406
8749,0,0.21249869,1,0.16700067,0.21249869,0.21983408,0.16025304,0.15938215
8760,0,0.18833356,1,0.16700067,0.18833356,0.19715920,0.17596273,0.18673558
8765,0,0.44949268,1,0.16700067,0.44949268,0.43586357,0.18309774,0.20030309
8766,0,0.29912537,1,0.16700067,0.29912537,0.29964816,0.19501762,0.22458890
8776,0,0.27448434,1,0.16700067,0.27448434,0.27712462,0.19738033,0.22964356
8778,0,0.18833356,1,0.16700067,0.18833356,0.19715920,0.17596273,0.18673558
8780,0,0.18833356,1,0.16700067,0.18833356,0.19715920,0.17596273,0.18673558
8804,0,0.26616262,1,0.16700067,0.26616262,0.26949110,0.20278671,0.24150758
8806,1,0.15676798,0,0.16700067,0.15676798,0.16714151,0.17844460,0.19137295
8815,0,0.40313799,1,0.16700067,0.40313799,0.39394223,0.22631990,0.29783905
8831,0,0.26189786,1,0.16700067,0.26189786,0.26557310,0.18246204,0.19906489
8852,0,0.35966314,1,0.16700067,0.35966314,0.35462352,0.24882192,0.35816102
8860,0,0.18833356,1,0.16700067,0.18833356,0.19715920,0.17596273,0.18673558
8862,0,0.18833356,1,0.16700067,0.18833356,0.19715920,0.17596273,0.18673558
8882,0,0.18833356,1,0.16700067,0.18833356,0.19715920,0.17596273,0.18673558
8886,0,0.18833356,1,0.16700067,0.18833356,0.19715920,0.17596273,0.18673558
8909,0,0.18833356,1,0.16700067,0.18833356,0.19715920,0.17596273,0.18673558
8912,0,0.18833356,1,0.16700067,0.18833356,0.19715920,0.17596273,0.18673558
8918,0,0.18833356,1,0.16700067,0.18833356,0.19715920,0.17596273,0.18673558
8947,0,0.40346181,1,0.16700067,0.40346181,0.39423494,0.28273918,0.45760920
8948,0,0.24491546,1,0.16700067,0.24491546,0.24992767,0.16987813,0.17573400
8951,0,0.39745360,1,0.16700067,0.39745360,0.38880384,0.24617121,0.35076876
8983,1,0.10921594,0,0.16700067,0.10921594,0.12075797,0.12933679,0.11510342
8994,0,0.18833356,1,0.16700067,0.18833356,0.19715920,0.17596273,0.18673558
9010,0,0.90200020,1,0.16700067,0.90200020,0.87531701,0.77204912,0.99696268
9024,0,0.21249869,1,0.16700067,0.21249869,0.21983408,0.16025304,0.15938215
9030,0,0.18833356,1,0.16700067,0.18833356,0.19715920,0.17596273,0.18673558
9060,1,0.15126940,0,0.16700067,0.15126940,0.16185762,0.16593627,0.16888290
9077,0,0.23397321,1,0.16700067,0.23397321,0.23980597,0.17384820,0.18285328
9081,0,0.18833356,1,0.16700067,0.18833356,0.19715920,0.17596273,0.18673558
9089,0,0.20380518,1,0.16700067,0.20380518,0.21170328,0.13801589,0.12632409
9098,0,0.22997291,1,0.16700067,0.22997291,0.23609685,0.22796083,0.30203842
9111,0,0.23209186,1,0.16700067,0.23209186,0.23806217,0.17258536,0.18056473
9120,0,0.18833356,1,0.16700067,0.18833356,0.19715920,0.17596273,0.18673558
9127,1,0.10407019,0,0.16700067,0.10407019,0.11562946,0.15734031,0.15468315
9140,0,0.18833356,1,0.16700067,0.18833356,0.19715920,0.17596273,0.18673558
9168,1,0.15981029,0,0.16700067,0.15981029,0.17005745,0.17388536,0.18292096
9176,0,0.18833356,1,0.16700067,0.18833356,0.19715920,0.17596273,0.18673558
9181,0,0.21887794,1,0.16700067,0.21887794,0.22578299,0.17660999,0.18793657
9182,1,0.16633602,0,0.16700067,0.16633602,0.17629462,0.17115968,0.17800798
9186,1,0.16633602,0,0.16700067,0.16633602,0.17629462,0.17115968,0.17800798
9188,0,0.57181062,1,0.16700067,0.57181062,0.54740997,0.43475016,0.84326684
9189,0,0.25149980,1,0.16700067,0.25149980,0.25600234,0.16881931,0.17387252
9206,0,0.21082199,1,0.16700067,0.21082199,0.21826809,0.19356945,0.22153007
9211,0,0.31855656,1,0.16700067,0.31855656,0.31733970,0.20671315,0.25038191
9214,0,0.43258511,1,0.16700067,0.43258511,0.42056531,0.23727592,0.32649571
9221,1,0.11120466,0,0.16700067,0.11120466,0.12273339,0.16206613,0.16236515
9231,1,0.06925868,0,0.16700067,0.06925868,0.08015914,0.12795311,0.11339685
9255,0,0.23097563,1,0.16700067,0.23097563,0.23702704,0.18478000,0.20360754
9263,0,0.23683688,1,0.16700067,0.23683688,0.24245822,0.17899934,0.19242143
9265,0,0.18833356,1,0.16700067,0.18833356,0.19715920,0.17596273,0.18673558
9276,0,0.18833356,1,0.16700067,0.18833356,0.19715920,0.17596273,0.18673558
9281,1,0.10407019,0,0.16700067,0.10407019,0.11562946,0.15734031,0.15468315
9304,0,0.21249869,1,0.16700067,0.21249869,0.21983408,0.16025304,0.15938215
9308,0,0.29210509,1,0.16700067,0.29210509,0.29324224,0.16881126,0.17385843
9312,0,0.46503920,1,0.16700067,0.46503920,0.44994482,0.22687500,0.29925585
9328,0,0.18692893,1,0.16700067,0.18692893,0.19583374,0.17576420,0.18636839
9344,0,0.33657821,1,0.16700067,0.33657821,0.33370505,0.19035847,0.21485459
9372,0,0.28740704,1,0.16700067,0.28740704,0.28895063,0.22617031,0.29745789
9373,0,0.22373622,1,0.16700067,0.22373622,0.23030418,0.16613738,0.16922721
9374,0,0.20806811,1,0.16700067,0.20806811,0.21569381,0.18766422,0.20936705
9383,0,0.33446184,1,0.16700067,0.33446184,0.33178500,0.42884997,0.83352619
9384,0,0.18833356,1,0.16700067,0.18833356,0.19715920,0.17596273,0.18673558
9390,0,0.21249869,1,0.16700067,0.21249869,0.21983408,0.16025304,0.15938215
9399,0,0.18833356,1,0.16700067,0.18833356,0.19715920,0.17596273,0.18673558
9400,0,0.23097563,1,0.16700067,0.23097563,0.23702704,0.18478000,0.20360754
9402,0,0.18406542,1,0.16700067,0.18406542,0.19312890,0.18929565,0.21267750
9417,0,0.18833356,1,0.16700067,0.18833356,0.19715920,0.17596273,0.18673558
9452,0,0.18113233,1,0.16700067,0.18113233,0.19035444,0.18008164,0.19447958
9454,0,0.30049515,1,0.16700067,0.30049515,0.30089713,0.25671032,0.38055080
9521,0,0.32568381,1,0.16700067,0.32568381,0.32381627,0.24678257,0.35246752
9566,0,0.18833356,1,0.16700067,0.18833356,0.19715920,0.17596273,0.18673558
9587,0,0.18833356,1,0.16700067,0.18833356,0.19715920,0.17596273,0.18673558
9593,1,0.10861405,0,0.16700067,0.10861405,0.12015940,0.15014231,0.14355622
9623,0,0.18833356,1,0.16700067,0.18833356,0.19715920,0.17596273,0.18673558
9634,0,0.21249869,1,0.16700067,0.21249869,0.21983408,0.16025304,0.15938215
9647,0,0.18113233,1,0.16700067,0.18113233,0.19035444,0.18008164,0.19447958
9662,0,0.18833356,1,0.16700067,0.18833356,0.19715920,0.17596273,0.18673558
9673,0,0.47071338,1,0.16700067,0.47071338,0.45508861,0.29129956,0.48359657
9688,1,0.10861405,0,0.16700067,0.10861405,0.12015940,0.15014231,0.14355622
9689,1,0.11455168,0,0.16700067,0.11455168,0.12604997,0.14800619,0.14038488
9691,0,0.21473234,1,0.16700067,0.21473234,0.22191868,0.14950161,0.14259880
9703,0,0.19256501,1,0.16700067,0.19256501,0.20114691,0.18525042,0.20453881
9714,0,0.21249869,1,0.16700067,0.21249869,0.21983408,0.16025304,0.15938215
9736,0,0.18833356,1,0.16700067,0.18833356,0.19715920,0.17596273,0.18673558
9745,1,0.16633602,0,0.16700067,0.16633602,0.17629462,0.17115968,0.17800798
9748,0,0.25529528,1,0.16700067,0.25529528,0.25949892,0.19328157,0.22092558
9751,0,0.40424830,1,0.16700067,0.40424830,0.39494588,0.20390463,0.24401225
9762,0,0.21176304,1,0.16700067,0.21176304,0.21914714,0.19065860,0.21547232
9775,0,0.18833356,1,0.16700067,0.18833356,0.19715920,0.17596273,0.18673558
9776,0,0.20460639,1,0.16700067,0.20460639,0.21245382,0.16456016,0.16654181
9795,0,0.18833356,1,0.16700067,0.18833356,0.19715920,0.17596273,0.18673558
9814,0,0.21249869,1,0.16700067,0.21249869,0.21983408,0.16025304,0.15938215
9825,0,0.18833356,1,0.16700067,0.18833356,0.19715920,0.17596273,0.18673558
9830,1,0.10861405,0,0.16700067,0.10861405,0.12015940,0.15014231,0.14355622
9833,1,0.05505097,0,0.16700067,0.05505097,0.06518352,0.14900686,0.14186313
9853,0,0.20522349,1,0.16700067,0.20522349,0.21303173,0.18650729,0.20704250
9858,0,0.19422484,1,0.16700067,0.19422484,0.20270903,0.16226043,0.16268749
9862,0,0.18833356,1,0.16700067,0.18833356,0.19715920,0.17596273,0.18673558
9893,0,0.37598955,1,0.16700067,0.37598955,0.36939666,0.21873441,0.27887248
9896,0,0.23377876,1,0.16700067,0.23377876,0.23962578,0.15635869,0.15312522
9923,0,0.21249869,1,0.16700067,0.21249869,0.21983408,0.16025304,0.15938215
9938,0,0.20910580,1,0.16700067,0.20910580,0.21666416,0.17382422,0.18280962
9957,1,0.17168475,0,0.16700067,0.17168475,0.18138983,0.17096291,0.17765734
9961,0,0.18833356,1,0.16700067,0.18833356,0.19715920,0.17596273,0.18673558
9974,1,0.16633602,0,0.16700067,0.16633602,0.17629462,0.17115968,0.17800798
9983,1,0.16633602,0,0.16700067,0.16633602,0.17629462,0.17115968,0.17800798
9989,0,0.18833356,1,0.16700067,0.18833356,0.19715920,0.17596273,0.18673558
9993,0,0.23097563,1,0.16700067,0.23097563,0.23702704,0.18478000,0.20360754
9996,0,0.24114196,1,0.16700067,0.24114196,0.24644099,0.18789920,0.20984151
10003,0,0.18238207,1,0.16700067,0.18238207,0.19153708,0.14446513,0.13525703
10038,0,0.20462007,1,0.16700067,0.20462007,0.21246663,0.17445030,0.18395231
10068,0,0.26821130,1,0.16700067,0.26821130,0.27137175,0.16905418,0.17428409
10069,0,0.34680913,1,0.16700067,0.34680913,0.34298108,0.15827418,0.15617726
10082,0,0.21249869,1,0.16700067,0.21249869,0.21983408,0.16025304,0.15938215
10085,0,0.18617866,1,0.16700067,0.18617866,0.19512541,0.16304222,0.16398963
10100,0,0.20925546,1,0.16700067,0.20925546,0.21680407,0.17892514,0.19228094
10104,0,0.21249869,1,0.16700067,0.21249869,0.21983408,0.16025304,0.15938215
10110,0,0.21249869,1,0.16700067,0.21249869,0.21983408,0.16025304,0.15938215
10116,0,0.24477253,1,0.16700067,0.24477253,0.24979567,0.18959902,0.21329727
10134,1,0.10861405,0,0.16700067,0.10861405,0.12015940,0.15014231,0.14355622
10138,1,0.15981029,0,0.16700067,0.15981029,0.17005745,0.17388536,0.18292096
10145,1,0.16633602,0,0.16700067,0.16633602,0.17629462,0.17115968,0.17800798
10151,1,0.06925868,0,0.16700067,0.06925868,0.08015914,0.12795311,0.11339685
10155,1,0.16633602,0,0.16700067,0.16633602,0.17629462,0.17115968,0.17800798
10175,0,0.22324560,1,0.16700067,0.22324560,0.22984796,0.17065759,0.17711435
10179,1,0.16633602,0,0.16700067,0.16633602,0.17629462,0.17115968,0.17800798
10193,0,0.18833356,1,0.16700067,0.18833356,0.19715920,0.17596273,0.18673558
10202,0,0.18833356,1,0.16700067,0.18833356,0.19715920,0.17596273,0.18673558
10254,0,0.24730115,1,0.16700067,0.24730115,0.25213001,0.18451328,0.20308093
10255,0,0.18113233,1,0.16700067,0.18113233,0.19035444,0.18008164,0.19447958
10274,0,0.18113233,1,0.16700067,0.18113233,0.19035444,0.18008164,0.19447958
10278,0,0.18833356,1,0.16700067,0.18833356,0.19715920,0.17596273,0.18673558
10287,0,0.18833356,1,0.16700067,0.18833356,0.19715920,0.17596273,0.18673558
10306,0,0.23005409,1,0.16700067,0.23005409,0.23617218,0.17589321,0.18660695
10317,0,0.40346181,1,0.16700067,0.40346181,0.39423494,0.28273918,0.45760920
10318,1,0.10861405,0,0.16700067,0.10861405,0.12015940,0.15014231,0.14355622
10319,0,0.30049515,1,0.16700067,0.30049515,0.30089713,0.25671032,0.38055080
10392,1,0.09331333,0,0.16700067,0.09331333,0.10482279,0.18321265,0.20052751
10418,1,0.06623890,0,0.16700067,0.06623890,0.07700520,0.13337351,0.12021031
10437,0,0.21249869,1,0.16700067,0.21249869,0.21983408,0.16025304,0.15938215
10472,0,0.30052929,1,0.16700067,0.30052929,0.30092825,0.17973909,0.19382637
10474,0,0.18833356,1,0.16700067,0.18833356,0.19715920,0.17596273,0.18673558
10530,0,0.25971243,1,0.16700067,0.25971243,0.26356373,0.19995828,0.23524916
10543,0,0.18833356,1,0.16700067,0.18833356,0.19715920,0.17596273,0.18673558
10550,0,0.28172683,1,0.16700067,0.28172683,0.28375645,0.23665833,0.32484269
10570,0,0.21249869,1,0.16700067,0.21249869,0.21983408,0.16025304,0.15938215
10573,1,0.07098535,0,0.16700067,0.07098535,0.08195608,0.14185450,0.13157848
10580,0,0.18833356,1,0.16700067,0.18833356,0.19715920,0.17596273,0.18673558
10582,0,0.23702997,1,0.16700067,0.23702997,0.24263696,0.19641262,0.22756369
10588,1,0.17168475,0,0.16700067,0.17168475,0.18138983,0.17096291,0.17765734
10596,0,0.18833356,1,0.16700067,0.18833356,0.19715920,0.17596273,0.18673558
10597,0,0.30049515,1,0.16700067,0.30049515,0.30089713,0.25671032,0.38055080
10646,1,0.06925868,0,0.16700067,0.06925868,0.08015914,0.12795311,0.11339685
10652,0,0.25431880,1,0.16700067,0.25431880,0.25859969,0.16526621,0.16773969
10659,0,0.20525698,1,0.16700067,0.20525698,0.21306309,0.17709337,0.18883737
10665,0,0.18833356,1,0.16700067,0.18833356,0.19715920,0.17596273,0.18673558
10688,0,0.21620878,1,0.16700067,0.21620878,0.22329563,0.17818471,0.19088325
10695,0,0.26189786,1,0.16700067,0.26189786,0.26557310,0.18246204,0.19906489
10706,1,0.15824268,0,0.16700067,0.15824268,0.16855561,0.17596273,0.18673558
10715,1,0.10634506,0,0.16700067,0.10634506,0.11789983,0.17147157,0.17856489
10716,0,0.20925546,1,0.16700067,0.20925546,0.21680407,0.17892514,0.19228094
10725,0,0.18833356,1,0.16700067,0.18833356,0.19715920,0.17596273,0.18673558
10731,0,0.21148142,1,0.16700067,0.21148142,0.21888410,0.17716259,0.18896663
10739,0,0.18737112,1,0.16700067,0.18737112,0.19625110,0.13122741,0.11747135
10750,0,0.38279185,1,0.16700067,0.38279185,0.37554838,0.16025304,0.15938215
10753,0,0.27548462,1,0.16700067,0.27548462,0.27804119,0.17925687,0.19290965
10771,0,0.31909064,1,0.16700067,0.31909064,0.31782524,0.20188988,0.23951096
10806,0,0.21787392,1,0.16700067,0.21787392,0.22484764,0.19188967,0.21801952
10811,1,0.17168475,0,0.16700067,0.17168475,0.18138983,0.17096291,0.17765734
10818,1,0.16633602,0,0.16700067,0.16633602,0.17629462,0.17115968,0.17800798
10848,0,0.26409123,1,0.16700067,0.26409123,0.26758865,0.15637407,0.15314953
10851,0,0.25971243,1,0.16700067,0.25971243,0.26356373,0.19995828,0.23524916
10870,0,0.18833356,1,0.16700067,0.18833356,0.19715920,0.17596273,0.18673558
10887,1,0.17676250,0,0.16700067,0.17676250,0.18621342,0.17869374,0.19184329
10898,0,0.22651887,1,0.16700067,0.22651887,0.23289025,0.16223230,0.16264079
10923,0,0.49064789,1,0.16700067,0.49064789,0.47318291,0.21241766,0.26365643
10924,1,0.10332395,0,0.16700067,0.10332395,0.11488360,0.16537945,0.16793247
10941,0,0.20460639,1,0.16700067,0.20460639,0.21245382,0.16456016,0.16654181
10978,0,0.21249869,1,0.16700067,0.21249869,0.21983408,0.16025304,0.15938215
11026,0,0.18833356,1,0.16700067,0.18833356,0.19715920,0.17596273,0.18673558
11037,0,0.21249869,1,0.16700067,0.21249869,0.21983408,0.16025304,0.15938215
11043,0,0.22324560,1,0.16700067,0.22324560,0.22984796,0.17065759,0.17711435
11049,0,0.18833356,1,0.16700067,0.18833356,0.19715920,0.17596273,0.18673558
11051,0,0.18833356,1,0.16700067,0.18833356,0.19715920,0.17596273,0.18673558
11079,0,0.25886716,1,0.16700067,0.25886716,0.26278625,0.17120006,0.17808000
11082,1,0.13212952,0,0.16700067,0.13212952,0.14331484,0.17835538,0.19120472
11090,0,0.29897376,1,0.16700067,0.29897376,0.29950990,0.19399558,0.22242704
11158,0,0.41423196,1,0.16700067,0.41423196,0.40397065,0.18596743,0.20596432
11172,1,0.10861405,0,0.16700067,0.10861405,0.12015940,0.15014231,0.14355622
11178,1,0.10861405,0,0.16700067,0.10861405,0.12015940,0.15014231,0.14355622
11188,1,0.06925868,0,0.16700067,0.06925868,0.08015914,0.12795311,0.11339685
11191,1,0.12844360,0,0.16700067,0.12844360,0.13971463,0.14011992,0.12918154
11214,0,0.21249869,1,0.16700067,0.21249869,0.21983408,0.16025304,0.15938215
11224,0,0.26401308,1,0.16700067,0.26401308,0.26751686,0.19472437,0.22396709
11225,0,0.26821130,1,0.16700067,0.26821130,0.27137175,0.16905418,0.17428409
11231,0,0.31253652,1,0.16700067,0.31253652,0.31186429,0.19772317,0.23038360
11258,0,0.23702997,1,0.16700067,0.23702997,0.24263696,0.19641262,0.22756369
11263,0,0.18833356,1,0.16700067,0.18833356,0.19715920,0.17596273,0.18673558
11268,0,0.18833356,1,0.16700067,0.18833356,0.19715920,0.17596273,0.18673558
11274,0,0.18144088,1,0.16700067,0.18144088,0.19064649,0.19122548,0.21664256
11275,0,0.20806811,1,0.16700067,0.20806811,0.21569381,0.18766422,0.20936705
11286,0,0.21249869,1,0.16700067,0.21249869,0.21983408,0.16025304,0.15938215
11290,0,0.20859323,1,0.16700067,0.20859323,0.21618490,0.18704009,0.20811063
11304,0,0.35965745,1,0.16700067,0.35965745,0.35461837,0.23075252,0.30925924
11315,0,0.21249869,1,0.16700067,0.21249869,0.21983408,0.16025304,0.15938215
11327,0,0.23340704,1,0.16700067,0.23340704,0.23928130,0.15480024,0.15067828
11357,0,0.18763884,1,0.16700067,0.18763884,0.19650375,0.18490446,0.20385363
11364,0,0.36272647,1,0.16700067,0.36272647,0.35739648,0.19678259,0.22835727
11367,1,0.09816023,0,0.16700067,0.09816023,0.10970713,0.14869861,0.14140639
11381,0,0.18833356,1,0.16700067,0.18833356,0.19715920,0.17596273,0.18673558
11386,0,0.24114196,1,0.16700067,0.24114196,0.24644099,0.18789920,0.20984151
11420,0,0.18788567,1,0.16700067,0.18788567,0.19673665,0.16440632,0.16628171
11453,0,0.18833356,1,0.16700067,0.18833356,0.19715920,0.17596273,0.18673558
11487,0,0.21249869,1,0.16700067,0.21249869,0.21983408,0.16025304,0.15938215
11508,0,0.18688836,1,0.16700067,0.18688836,0.19579545,0.16526621,0.16773969
11523,0,0.20516482,1,0.16700067,0.20516482,0.21297679,0.17965504,0.19366634
11540,0,0.21249869,1,0.16700067,0.21249869,0.21983408,0.16025304,0.15938215
11571,1,0.16094184,0,0.16700067,0.16094184,0.17114064,0.15759112,0.15508326
11576,1,0.10861405,0,0.16700067,0.10861405,0.12015940,0.15014231,0.14355622
11582,0,0.21878474,1,0.16700067,0.21878474,0.22569618,0.14985997,0.14313365
11611,0,0.18833356,1,0.16700067,0.18833356,0.19715920,0.17596273,0.18673558
11619,0,0.26978290,1,0.16700067,0.26978290,0.27281383,0.19016498,0.21445705
11621,0,0.18833356,1,0.16700067,0.18833356,0.19715920,0.17596273,0.18673558
11656,1,0.17168475,0,0.16700067,0.17168475,0.18138983,0.17096291,0.17765734
11693,0,0.24639790,1,0.16700067,0.24639790,0.25129637,0.18999671,0.21411175
11702,1,0.12524060,0,0.16700067,0.12524060,0.13657777,0.16470938,0.16679440
11713,0,0.18833356,1,0.16700067,0.18833356,0.19715920,0.17596273,0.18673558
11751,0,0.18833356,1,0.16700067,0.18833356,0.19715920,0.17596273,0.18673558
11797,0,0.18833356,1,0.16700067,0.18833356,0.19715920,0.17596273,0.18673558
11810,0,0.21249869,1,0.16700067,0.21249869,0.21983408,0.16025304,0.15938215
11843,1,0.15748918,0,0.16700067,0.15748918,0.16783324,0.18163058,0.19745410
11846,0,0.46507234,1,0.16700067,0.46507234,0.44997485,0.18048217,0.19524546
11855,0,0.24709955,1,0.16700067,0.24709955,0.25194397,0.18295441,0.20002341
11857,0,0.35371482,1,0.16700067,0.35371482,0.34923733,0.19545066,0.22550939
11873,1,0.06125627,0,0.16700067,0.06125627,0.07176816,0.14627262,0.13785444
11892,0,0.30049515,1,0.16700067,0.30049515,0.30089713,0.25671032,0.38055080
11914,1,0.16875241,0,0.16700067,0.16875241,0.17859833,0.17445030,0.18395231
11921,0,0.34680913,1,0.16700067,0.34680913,0.34298108,0.15827418,0.15617726
11926,0,0.30049515,1,0.16700067,0.30049515,0.30089713,0.25671032,0.38055080
11939,1,0.15255913,0,0.16700067,0.15255913,0.16309862,0.16484600,0.16702594
11955,1,0.09653601,0,0.16700067,0.09653601,0.10807319,0.16472425,0.16681958
11960,0,0.18833356,1,0.16700067,0.18833356,0.19715920,0.17596273,0.18673558
11987,0,0.20910580,1,0.16700067,0.20910580,0.21666416,0.17382422,0.18280962
11993,0,0.18833356,1,0.16700067,0.18833356,0.19715920,0.17596273,0.18673558
12030,0,0.18833356,1,0.16700067,0.18833356,0.19715920,0.17596273,0.18673558
12039,0,0.18833356,1,0.16700067,0.18833356,0.19715920,0.17596273,0.18673558
12053,0,0.18833356,1,0.16700067,0.18833356,0.19715920,0.17596273,0.18673558
12054,1,0.15126940,0,0.16700067,0.15126940,0.16185762,0.16593627,0.16888290
12064,1,0.16633602,0,0.16700067,0.16633602,0.17629462,0.17115968,0.17800798
12086,0,0.21249869,1,0.16700067,0.21249869,0.21983408,0.16025304,0.15938215
12120,0,0.18833356,1,0.16700067,0.18833356,0.19715920,0.17596273,0.18673558
12122,0,0.18833356,1,0.16700067,0.18833356,0.19715920,0.17596273,0.18673558
12130,0,0.27429739,1,0.16700067,0.27429739,0.27695329,0.18361187,0.20130870
12134,0,0.18833356,1,0.16700067,0.18833356,0.19715920,0.17596273,0.18673558
12142,1,0.13847887,0,0.16700067,0.13847887,0.14949348,0.17791990,0.19038527
12153,0,0.46415066,1,0.16700067,0.46415066,0.44913956,0.20439816,0.24512356
12163,0,0.18627127,1,0.16700067,0.18627127,0.19521286,0.17601028,0.18682362
12238,0,0.26189786,1,0.16700067,0.26189786,0.26557310,0.18246204,0.19906489
12275,0,0.24094599,1,0.16700067,0.24094599,0.24625980,0.17708158,0.18881535
12280,0,0.18833356,1,0.16700067,0.18833356,0.19715920,0.17596273,0.18673558
12292,0,0.38167134,1,0.16700067,0.38167134,0.37453515,0.27281230,0.42776884
12320,0,0.18599105,1,0.16700067,0.18599105,0.19494824,0.19034544,0.21482781
12333,1,0.16633602,0,0.16700067,0.16633602,0.17629462,0.17115968,0.17800798
12334,0,0.18833356,1,0.16700067,0.18833356,0.19715920,0.17596273,0.18673558
12355,0,0.20166067,1,0.16700067,0.20166067,0.20969316,0.16285338,0.16367434
12361,0,0.18833356,1,0.16700067,0.18833356,0.19715920,0.17596273,0.18673558
12381,0,0.32568381,1,0.16700067,0.32568381,0.32381627,0.24678257,0.35246752
12401,0,0.18833356,1,0.16700067,0.18833356,0.19715920,0.17596273,0.18673558
12408,0,0.18833356,1,0.16700067,0.18833356,0.19715920,0.17596273,0.18673558
12428,0,0.20525698,1,0.16700067,0.20525698,0.21306309,0.17709337,0.18883737
12432,0,0.18833356,1,0.16700067,0.18833356,0.19715920,0.17596273,0.18673558
12436,0,0.29210509,1,0.16700067,0.29210509,0.29324224,0.16881126,0.17385843
12455,0,0.18833356,1,0.16700067,0.18833356,0.19715920,0.17596273,0.18673558
12459,0,0.23596582,1,0.16700067,0.23596582,0.24165172,0.17445030,0.18395231
12472,0,0.18833356,1,0.16700067,0.18833356,0.19715920,0.17596273,0.18673558
12502,0,0.21249869,1,0.16700067,0.21249869,0.21983408,0.16025304,0.15938215
12510,0,0.31342108,1,0.16700067,0.31342108,0.31266912,0.19895401,0.23305424
12516,1,0.16633602,0,0.16700067,0.16633602,0.17629462,0.17115968,0.17800798
12524,0,0.21249869,1,0.16700067,0.21249869,0.21983408,0.16025304,0.15938215
12538,0,0.26616262,1,0.16700067,0.26616262,0.26949110,0.20278671,0.24150758
12543,0,0.27308877,1,0.16700067,0.27308877,0.27584549,0.17557895,0.18602628
12546,0,0.18833356,1,0.16700067,0.18833356,0.19715920,0.17596273,0.18673558
12564,0,0.23225768,1,0.16700067,0.23225768,0.23821590,0.18280018,0.19972278
12575,0,0.18833356,1,0.16700067,0.18833356,0.19715920,0.17596273,0.18673558
12580,0,0.22052381,1,0.16700067,0.22052381,0.22731555,0.17115968,0.17800798
12590,0,0.18833356,1,0.16700067,0.18833356,0.19715920,0.17596273,0.18673558
12618,0,0.21249869,1,0.16700067,0.21249869,0.21983408,0.16025304,0.15938215
12633,0,0.18833356,1,0.16700067,0.18833356,0.19715920,0.17596273,0.18673558
12655,1,0.09816023,0,0.16700067,0.09816023,0.10970713,0.14869861,0.14140639
12667,0,0.18833356,1,0.16700067,0.18833356,0.19715920,0.17596273,0.18673558
12689,0,0.21249869,1,0.16700067,0.21249869,0.21983408,0.16025304,0.15938215
12697,0,0.18833356,1,0.16700067,0.18833356,0.19715920,0.17596273,0.18673558
12704,0,0.21249869,1,0.16700067,0.21249869,0.21983408,0.16025304,0.15938215
12705,0,0.18833356,1,0.16700067,0.18833356,0.19715920,0.17596273,0.18673558
12707,0,0.18833356,1,0.16700067,0.18833356,0.19715920,0.17596273,0.18673558
12728,0,0.21249869,1,0.16700067,0.21249869,0.21983408,0.16025304,0.15938215
12733,0,0.18833356,1,0.16700067,0.18833356,0.19715920,0.17596273,0.18673558
12744,0,0.21023827,1,0.16700067,0.21023827,0.21772267,0.16663294,0.17007805
12749,0,0.48147045,1,0.16700067,0.48147045,0.46484786,0.36937454,0.70805173
12775,0,0.18833356,1,0.16700067,0.18833356,0.19715920,0.17596273,0.18673558
12782,0,0.18833356,1,0.16700067,0.18833356,0.19715920,0.17596273,0.18673558
12785,0,0.18833356,1,0.16700067,0.18833356,0.19715920,0.17596273,0.18673558
12788,0,0.29259974,1,0.16700067,0.29259974,0.29369388,0.19684176,0.22848438
12797,0,0.18833356,1,0.16700067,0.18833356,0.19715920,0.17596273,0.18673558
12822,0,0.18833356,1,0.16700067,0.18833356,0.19715920,0.17596273,0.18673558
12830,0,0.51519810,1,0.16700067,0.51519810,0.49552777,0.27411580,0.43166211
12845,0,0.46503920,1,0.16700067,0.46503920,0.44994482,0.22687500,0.29925585
12848,0,0.20525698,1,0.16700067,0.20525698,0.21306309,0.17709337,0.18883737
12850,1,0.11120466,0,0.16700067,0.11120466,0.12273339,0.16206613,0.16236515
12861,1,0.10861405,0,0.16700067,0.10861405,0.12015940,0.15014231,0.14355622
12868,0,0.18833356,1,0.16700067,0.18833356,0.19715920,0.17596273,0.18673558
12881,1,0.10861405,0,0.16700067,0.10861405,0.12015940,0.15014231,0.14355622
12885,0,0.21249869,1,0.16700067,0.21249869,0.21983408,0.16025304,0.15938215
12886,0,0.18833356,1,0.16700067,0.18833356,0.19715920,0.17596273,0.18673558
12888,0,0.24530621,1,0.16700067,0.24530621,0.25028850,0.17968937,0.19373169
12900,1,0.16633602,0,0.16700067,0.16633602,0.17629462,0.17115968,0.17800798
12915,0,0.19422484,1,0.16700067,0.19422484,0.20270903,0.16226043,0.16268749
12965,1,0.14538995,0,0.16700067,0.14538995,0.15618729,0.17940045,0.19318225
12975,0,0.21249869,1,0.16700067,0.21249869,0.21983408,0.16025304,0.15938215
12995,0,0.18833356,1,0.16700067,0.18833356,0.19715920,0.17596273,0.18673558
13013,0,0.50841542,1,0.16700067,0.50841542,0.48934670,0.29659416,0.49972331
13031,0,0.21249869,1,0.16700067,0.21249869,0.21983408,0.16025304,0.15938215
13035,0,0.19440548,1,0.16700067,0.19440548,0.20287896,0.17892774,0.19228585
13043,1,0.10634506,0,0.16700067,0.10634506,0.11789983,0.17147157,0.17856489
13055,0,0.24288032,1,0.16700067,0.24288032,0.24804770,0.18438099,0.20282010
13079,0,0.18833356,1,0.16700067,0.18833356,0.19715920,0.17596273,0.18673558
13110,0,0.18833356,1,0.16700067,0.18833356,0.19715920,0.17596273,0.18673558
13111,0,0.27017861,1,0.16700067,0.27017861,0.27317683,0.19585750,0.22637659
13116,1,0.12839232,0,0.16700067,0.12839232,0.13966447,0.17787069,0.19029284
13119,1,0.11790064,0,0.16700067,0.11790064,0.12935868,0.16962111,0.17528071
13122,0,0.18833356,1,0.16700067,0.18833356,0.19715920,0.17596273,0.18673558
13130,0,0.26983038,1,0.16700067,0.26983038,0.27285739,0.19328157,0.22092558
13137,0,0.21328756,1,0.16700067,0.21328756,0.22057051,0.17390941,0.18296477
13177,1,0.14417299,0,0.16700067,0.14417299,0.15501088,0.16346956,0.16470492
13179,0,0.34688489,1,0.16700067,0.34688489,0.34304974,0.18299912,0.20011062
13197,0,0.23510018,1,0.16700067,0.23510018,0.24085002,0.21478047,0.26928522
13201,0,0.18833356,1,0.16700067,0.18833356,0.19715920,0.17596273,0.18673558
13211,0,0.18833356,1,0.16700067,0.18833356,0.19715920,0.17596273,0.18673558
13273,0,0.18833356,1,0.16700067,0.18833356,0.19715920,0.17596273,0.18673558
13279,0,0.18833356,1,0.16700067,0.18833356,0.19715920,0.17596273,0.18673558
13288,0,0.21249869,1,0.16700067,0.21249869,0.21983408,0.16025304,0.15938215
13290,0,0.21249869,1,0.16700067,0.21249869,0.21983408,0.16025304,0.15938215
13291,0,0.21322272,1,0.16700067,0.21322272,0.22051000,0.17445030,0.18395231
13294,0,0.23988638,1,0.16700067,0.23988638,0.24527995,0.17821626,0.19094265
13300,1,0.14417299,0,0.16700067,0.14417299,0.15501088,0.16346956,0.16470492
13303,0,0.20749071,1,0.16700067,0.20749071,0.21515371,0.17540224,0.18570037
13334,0,0.18113233,1,0.16700067,0.18113233,0.19035444,0.18008164,0.19447958
13336,0,0.19440739,1,0.16700067,0.19440739,0.20288076,0.18017737,0.19466242
13337,0,0.18833356,1,0.16700067,0.18833356,0.19715920,0.17596273,0.18673558
13338,0,0.18833356,1,0.16700067,0.18833356,0.19715920,0.17596273,0.18673558
13339,0,0.20643460,1,0.16700067,0.20643460,0.21416549,0.17445030,0.18395231
13352,0,0.21249869,1,0.16700067,0.21249869,0.21983408,0.16025304,0.15938215
13371,1,0.17050610,0,0.16700067,0.17050610,0.18026832,0.18105531,0.19634539
13372,0,0.21249869,1,0.16700067,0.21249869,0.21983408,0.16025304,0.15938215
13403,0,0.18833356,1,0.16700067,0.18833356,0.19715920,0.17596273,0.18673558
13435,0,0.37665778,1,0.16700067,0.37665778,0.37000104,0.19032130,0.21477818
13443,0,0.25886716,1,0.16700067,0.25886716,0.26278625,0.17120006,0.17808000
13457,0,0.18833356,1,0.16700067,0.18833356,0.19715920,0.17596273,0.18673558
13467,0,0.18833356,1,0.16700067,0.18833356,0.19715920,0.17596273,0.18673558
13475,1,0.09816023,0,0.16700067,0.09816023,0.10970713,0.14869861,0.14140639
13478,1,0.11196173,0,0.16700067,0.11196173,0.12348445,0.17835079,0.19119608
13522,0,0.23963852,1,0.16700067,0.23963852,0.24505071,0.18226284,0.19867808
13532,0,0.21249869,1,0.16700067,0.21249869,0.21983408,0.16025304,0.15938215
13535,0,0.26616262,1,0.16700067,0.26616262,0.26949110,0.20278671,0.24150758
13542,0,0.21249869,1,0.16700067,0.21249869,0.21983408,0.16025304,0.15938215
13561,0,0.18113233,1,0.16700067,0.18113233,0.19035444,0.18008164,0.19447958
13565,0,0.26487334,1,0.16700067,0.26487334,0.26830709,0.16842985,0.17319174
13574,0,0.18833356,1,0.16700067,0.18833356,0.19715920,0.17596273,0.18673558
13581,1,0.10861405,0,0.16700067,0.10861405,0.12015940,0.15014231,0.14355622
13604,0,0.29544679,1,0.16700067,0.29544679,0.29629253,0.17596273,0.18673558
13606,0,0.20525698,1,0.16700067,0.20525698,0.21306309,0.17709337,0.18883737
13612,1,0.10407019,0,0.16700067,0.10407019,0.11562946,0.15734031,0.15468315
13615,0,0.21249869,1,0.16700067,0.21249869,0.21983408,0.16025304,0.15938215
13621,1,0.12310298,0,0.16700067,0.12310298,0.13447984,0.15058511,0.14422102
13643,0,0.18833356,1,0.16700067,0.18833356,0.19715920,0.17596273,0.18673558
13653,0,0.18833356,1,0.16700067,0.18833356,0.19715920,0.17596273,0.18673558
13715,1,0.04550515,0,0.16700067,0.04550515,0.05489957,0.13030711,0.11631348
13723,0,0.29436698,1,0.16700067,0.29436698,0.29530709,0.19289927,0.22012466
13730,0,0.22926619,1,0.16700067,0.22926619,0.23544106,0.18560782,0.20524846
13744,1,0.16633602,0,0.16700067,0.16633602,0.17629462,0.17115968,0.17800798
13772,0,0.19076180,1,0.16700067,0.19076180,0.19944851,0.17985987,0.19405650
13774,0,0.19187496,1,0.16700067,0.19187496,0.20049713,0.18064658,0.19556050
13788,1,0.11120466,0,0.16700067,0.11120466,0.12273339,0.16206613,0.16236515
13789,0,0.30049515,1,0.16700067,0.30049515,0.30089713,0.25671032,0.38055080
13792,1,0.09705909,0,0.16700067,0.09705909,0.10859971,0.12777878,0.11318340
13801,1,0.16633602,0,0.16700067,0.16633602,0.17629462,0.17115968,0.17800798
13808,0,0.18833356,1,0.16700067,0.18833356,0.19715920,0.17596273,0.18673558
13816,0,0.18833356,1,0.16700067,0.18833356,0.19715920,0.17596273,0.18673558
13832,0,0.20303631,1,0.16700067,0.20303631,0.21098280,0.14351744,0.13391174
13846,1,0.10861405,0,0.16700067,0.10861405,0.12015940,0.15014231,0.14355622
13854,0,0.18833356,1,0.16700067,0.18833356,0.19715920,0.17596273,0.18673558
13859,0,0.21031806,1,0.16700067,0.21031806,0.21779724,0.18108902,0.19641023
13861,0,0.18833356,1,0.16700067,0.18833356,0.19715920,0.17596273,0.18673558
13870,0,0.21249869,1,0.16700067,0.21249869,0.21983408,0.16025304,0.15938215
13903,0,0.25788950,1,0.16700067,0.25788950,0.26188678,0.16943457,0.17495229
13905,0,0.18833356,1,0.16700067,0.18833356,0.19715920,0.17596273,0.18673558
13924,0,0.23397321,1,0.16700067,0.23397321,0.23980597,0.17384820,0.18285328
13925,0,0.36150285,1,0.16700067,0.36150285,0.35628891,0.18452578,0.20310559
13930,0,0.21249869,1,0.16700067,0.21249869,0.21983408,0.16025304,0.15938215
13940,0,0.18833356,1,0.16700067,0.18833356,0.19715920,0.17596273,0.18673558
13969,0,0.18833356,1,0.16700067,0.18833356,0.19715920,0.17596273,0.18673558
13970,0,0.21651392,1,0.16700067,0.21651392,0.22358010,0.20220468,0.24021050
13999,0,0.18833356,1,0.16700067,0.18833356,0.19715920,0.17596273,0.18673558
14008,0,0.21249869,1,0.16700067,0.21249869,0.21983408,0.16025304,0.15938215
14012,1,0.12411448,0,0.16700067,0.12411448,0.13547300,0.13100286,0.11718792
14053,0,0.20194030,1,0.16700067,0.20194030,0.20995537,0.17193663,0.17939780
14059,0,0.18833356,1,0.16700067,0.18833356,0.19715920,0.17596273,0.18673558
14063,0,0.27240940,1,0.16700067,0.27240940,0.27522266,0.17262808,0.18064178
14078,0,0.21249869,1,0.16700067,0.21249869,0.21983408,0.16025304,0.15938215
14087,0,0.21249869,1,0.16700067,0.21249869,0.21983408,0.16025304,0.15938215
14094,0,0.25213955,1,0.16700067,0.25213955,0.25659196,0.19922751,0.23365057
14102,0,0.42693500,1,0.16700067,0.42693500,0.41545562,0.24995573,0.36134392
14130,1,0.07023449,0,0.16700067,0.07023449,0.08117523,0.15480039,0.15067851
14158,0,0.18833356,1,0.16700067,0.18833356,0.19715920,0.17596273,0.18673558
14169,1,0.16633602,0,0.16700067,0.16633602,0.17629462,0.17115968,0.17800798
14185,0,0.22009938,1,0.16700067,0.22009938,0.22692043,0.17675813,0.18821229
14191,1,0.15981029,0,0.16700067,0.15981029,0.17005745,0.17388536,0.18292096
14195,0,0.25203952,1,0.16700067,0.25203952,0.25649977,0.16526621,0.16773969
14201,1,0.03590926,0,0.16700067,0.03590926,0.04433424,0.13379040,0.12074871
14202,1,0.17168475,0,0.16700067,0.17168475,0.18138983,0.17096291,0.17765734
14207,0,0.18113233,1,0.16700067,0.18113233,0.19035444,0.18008164,0.19447958
14227,1,0.16633602,0,0.16700067,0.16633602,0.17629462,0.17115968,0.17800798
14229,0,0.18833356,1,0.16700067,0.18833356,0.19715920,0.17596273,0.18673558
14230,1,0.12411448,0,0.16700067,0.12411448,0.13547300,0.13100286,0.11718792
14259,0,0.21096067,1,0.16700067,0.21096067,0.21839766,0.18196048,0.19809204
14264,0,0.29202626,1,0.16700067,0.29202626,0.29317027,0.21421393,0.26792869
14275,0,0.18833356,1,0.16700067,0.18833356,0.19715920,0.17596273,0.18673558
14290,1,0.16633602,0,0.16700067,0.16633602,0.17629462,0.17115968,0.17800798
14306,0,0.36296328,1,0.16700067,0.36296328,0.35761082,0.18973099,0.21356730
14323,0,0.18833356,1,0.16700067,0.18833356,0.19715920,0.17596273,0.18673558
14327,1,0.16633602,0,0.16700067,0.16633602,0.17629462,0.17115968,0.17800798
14329,0,0.18833356,1,0.16700067,0.18833356,0.19715920,0.17596273,0.18673558
14351,0,0.33591527,1,0.16700067,0.33591527,0.33310366,0.17865881,0.19177730
14358,0,0.31917085,1,0.16700067,0.31917085,0.31789815,0.20443908,0.24521585
14397,0,0.70345434,1,0.16700067,0.70345434,0.67120383,0.56330095,0.96265571
14415,0,0.23097563,1,0.16700067,0.23097563,0.23702704,0.18478000,0.20360754
14426,1,0.06232785,0,0.16700067,0.06232785,0.07289807,0.12888301,0.11454130
14427,0,0.18833356,1,0.16700067,0.18833356,0.19715920,0.17596273,0.18673558
14434,1,0.10861405,0,0.16700067,0.10861405,0.12015940,0.15014231,0.14355622
14438,1,0.16633602,0,0.16700067,0.16633602,0.17629462,0.17115968,0.17800798
14445,0,0.27170150,1,0.16700067,0.27170150,0.27457357,0.16900062,0.17419016
14448,0,0.18833356,1,0.16700067,0.18833356,0.19715920,0.17596273,0.18673558
14489,0,0.18833356,1,0.16700067,0.18833356,0.19715920,0.17596273,0.18673558
14491,0,0.25131541,1,0.16700067,0.25131541,0.25583237,0.18064658,0.19556050
14496,0,0.20546310,1,0.16700067,0.20546310,0.21325608,0.18416989,0.20240443
14523,1,0.16633602,0,0.16700067,0.16633602,0.17629462,0.17115968,0.17800798
14531,0,0.18833356,1,0.16700067,0.18833356,0.19715920,0.17596273,0.18673558
14551,1,0.06020533,0,0.16700067,0.06020533,0.07065803,0.14296781,0.13313670
14565,0,0.18833356,1,0.16700067,0.18833356,0.19715920,0.17596273,0.18673558
14567,1,0.14417299,0,0.16700067,0.14417299,0.15501088,0.16346956,0.16470492
14572,0,0.21249869,1,0.16700067,0.21249869,0.21983408,0.16025304,0.15938215
14598,0,0.18627127,1,0.16700067,0.18627127,0.19521286,0.17601028,0.18682362
14613,0,0.21249869,1,0.16700067,0.21249869,0.21983408,0.16025304,0.15938215
14620,0,0.18833356,1,0.16700067,0.18833356,0.19715920,0.17596273,0.18673558
14645,0,0.18833356,1,0.16700067,0.18833356,0.19715920,0.17596273,0.18673558
14676,0,0.18833356,1,0.16700067,0.18833356,0.19715920,0.17596273,0.18673558
14689,0,0.24703640,1,0.16700067,0.24703640,0.25188569,0.17445030,0.18395231
14712,0,0.21249869,1,0.16700067,0.21249869,0.21983408,0.16025304,0.15938215
14744,0,0.19900568,1,0.16700067,0.19900568,0.20720203,0.17919957,0.19280094
14748,0,0.20749071,1,0.16700067,0.20749071,0.21515371,0.17540224,0.18570037
14756,0,0.18833356,1,0.16700067,0.18833356,0.19715920,0.17596273,0.18673558
14774,1,0.13829163,0,0.16700067,0.13829163,0.14931168,0.17722938,0.18909141
14781,0,0.18599105,1,0.16700067,0.18599105,0.19494824,0.19034544,0.21482781
14800,0,0.25890721,1,0.16700067,0.25890721,0.26282309,0.18896926,0.21201216
14802,0,0.18833356,1,0.16700067,0.18833356,0.19715920,0.17596273,0.18673558
14850,1,0.15754662,0,0.16700067,0.15754662,0.16788832,0.18007474,0.19446641
14900,0,0.29162271,1,0.16700067,0.29162271,0.29280178,0.16038549,0.15959856
14901,0,0.84545029,1,0.16700067,0.84545029,0.81378926,0.74259677,0.99565672
14907,0,0.38167134,1,0.16700067,0.38167134,0.37453515,0.27281230,0.42776884
14926,0,0.24288032,1,0.16700067,0.24288032,0.24804770,0.18438099,0.20282010
14946,0,0.21258767,1,0.16700067,0.21258767,0.21991716,0.17445030,0.18395231
14947,1,0.16094184,0,0.16700067,0.16094184,0.17114064,0.15759112,0.15508326
14952,0,0.21249869,1,0.16700067,0.21249869,0.21983408,0.16025304,0.15938215
14984,0,0.21249869,1,0.16700067,0.21249869,0.21983408,0.16025304,0.15938215
14999,1,0.06925868,0,0.16700067,0.06925868,0.08015914,0.12795311,0.11339685
15005,0,0.18833356,1,0.16700067,0.18833356,0.19715920,0.17596273,0.18673558
15015,0,0.18833356,1,0.16700067,0.18833356,0.19715920,0.17596273,0.18673558
15018,0,0.18833356,1,0.16700067,0.18833356,0.19715920,0.17596273,0.18673558
15063,0,0.18833356,1,0.16700067,0.18833356,0.19715920,0.17596273,0.18673558
15079,0,0.22504396,1,0.16700067,0.22504396,0.23151985,0.18064658,0.19556050
15094,0,0.18833356,1,0.16700067,0.18833356,0.19715920,0.17596273,0.18673558
15103,1,0.13030702,0,0.16700067,0.13030702,0.14153598,0.16986602,0.17571262
15104,0,0.18833356,1,0.16700067,0.18833356,0.19715920,0.17596273,0.18673558
15109,0,0.40359964,1,0.16700067,0.40359964,0.39435953,0.29778503,0.50335183
15111,1,0.10861405,0,0.16700067,0.10861405,0.12015940,0.15014231,0.14355622
15133,0,0.31840565,1,0.16700067,0.31840565,0.31720250,0.17985987,0.19405650
15140,0,0.21249869,1,0.16700067,0.21249869,0.21983408,0.16025304,0.15938215
15143,0,0.21620878,1,0.16700067,0.21620878,0.22329563,0.17818471,0.19088325
15163,1,0.12126578,0,0.16700067,0.12126578,0.13267384,0.18564361,0.20531962
15171,0,0.27373707,1,0.16700067,0.27373707,0.27643975,0.17983779,0.19401440
15183,0,0.21249869,1,0.16700067,0.21249869,0.21983408,0.16025304,0.15938215
15218,1,0.17168475,0,0.16700067,0.17168475,0.18138983,0.17096291,0.17765734
15231,0,0.21249869,1,0.16700067,0.21249869,0.21983408,0.16025304,0.15938215
15245,0,0.21249869,1,0.16700067,0.21249869,0.21983408,0.16025304,0.15938215
15277,0,0.32568381,1,0.16700067,0.32568381,0.32381627,0.24678257,0.35246752
15282,0,0.36885604,1,0.16700067,0.36885604,0.36294345,0.41541128,0.80954192
15292,0,0.46503920,1,0.16700067,0.46503920,0.44994482,0.22687500,0.29925585
15307,0,0.27600690,1,0.16700067,0.27600690,0.27851967,0.18614180,0.20631210
15319,0,0.18833356,1,0.16700067,0.18833356,0.19715920,0.17596273,0.18673558
15327,0,0.24703640,1,0.16700067,0.24703640,0.25188569,0.17445030,0.18395231
15352,1,0.13982969,0,0.16700067,0.13982969,0.15080435,0.17086035,0.17747480
15401,0,0.18884812,1,0.16700067,0.18884812,0.19764453,0.14567590,0.13699233
15407,0,0.21249869,1,0.16700067,0.21249869,0.21983408,0.16025304,0.15938215
15419,0,0.18893802,1,0.16700067,0.18893802,0.19772931,0.18564361,0.20531962
15444,0,0.21249869,1,0.16700067,0.21249869,0.21983408,0.16025304,0.15938215
15445,1,0.12411448,0,0.16700067,0.12411448,0.13547300,0.13100286,0.11718792
15449,0,0.19076180,1,0.16700067,0.19076180,0.19944851,0.17985987,0.19405650
15465,0,0.31840565,1,0.16700067,0.31840565,0.31720250,0.17985987,0.19405650
15476,0,0.18833356,1,0.16700067,0.18833356,0.19715920,0.17596273,0.18673558
15480,0,0.19440548,1,0.16700067,0.19440548,0.20287896,0.17892774,0.19228585
15488,0,0.29436698,1,0.16700067,0.29436698,0.29530709,0.19289927,0.22012466
15490,0,0.29259974,1,0.16700067,0.29259974,0.29369388,0.19684176,0.22848438
15499,1,0.17168475,0,0.16700067,0.17168475,0.18138983,0.17096291,0.17765734
15522,1,0.12411448,0,0.16700067,0.12411448,0.13547300,0.13100286,0.11718792
15528,0,0.23894869,1,0.16700067,0.23894869,0.24441258,0.18064658,0.19556050
15534,0,0.18833356,1,0.16700067,0.18833356,0.19715920,0.17596273,0.18673558
15547,1,0.10861405,0,0.16700067,0.10861405,0.12015940,0.15014231,0.14355622
15551,0,0.18833356,1,0.16700067,0.18833356,0.19715920,0.17596273,0.18673558
15553,0,0.18833356,1,0.16700067,0.18833356,0.19715920,0.17596273,0.18673558
15573,0,0.21327989,1,0.16700067,0.21327989,0.22056336,0.19496135,0.22446949
15579,0,0.22319555,1,0.16700067,0.22319555,0.22980141,0.17664096,0.18799419
15584,0,0.21322272,1,0.16700067,0.21322272,0.22051000,0.17445030,0.18395231
15626,1,0.14556411,0,0.16700067,0.14556411,0.15635558,0.13363939,0.12055344
15633,0,0.18833356,1,0.16700067,0.18833356,0.19715920,0.17596273,0.18673558
15673,0,0.21249869,1,0.16700067,0.21249869,0.21983408,0.16025304,0.15938215
15676,0,0.22324560,1,0.16700067,0.22324560,0.22984796,0.17065759,0.17711435
15694,0,0.29210509,1,0.16700067,0.29210509,0.29324224,0.16881126,0.17385843
15700,0,0.21651392,1,0.16700067,0.21651392,0.22358010,0.20220468,0.24021050
15706,0,0.26999314,1,0.16700067,0.26999314,0.27300670,0.18133846,0.19689051
15719,0,0.18833356,1,0.16700067,0.18833356,0.19715920,0.17596273,0.18673558
15742,0,0.36150285,1,0.16700067,0.36150285,0.35628891,0.18452578,0.20310559
15743,0,0.18833356,1,0.16700067,0.18833356,0.19715920,0.17596273,0.18673558
15756,0,0.23397321,1,0.16700067,0.23397321,0.23980597,0.17384820,0.18285328
15759,0,0.22997291,1,0.16700067,0.22997291,0.23609685,0.22796083,0.30203842
15766,0,0.24266780,1,0.16700067,0.24266780,0.24785133,0.18535884,0.20475390
15776,1,0.10861405,0,0.16700067,0.10861405,0.12015940,0.15014231,0.14355622
15780,1,0.10861405,0,0.16700067,0.10861405,0.12015940,0.15014231,0.14355622
15791,0,0.23901620,1,0.16700067,0.23901620,0.24447504,0.17799751,0.19053112
15794,0,0.18833356,1,0.16700067,0.18833356,0.19715920,0.17596273,0.18673558
15803,0,0.18833356,1,0.16700067,0.18833356,0.19715920,0.17596273,0.18673558
15838,1,0.10861405,0,0.16700067,0.10861405,0.12015940,0.15014231,0.14355622
15856,0,0.18833356,1,0.16700067,0.18833356,0.19715920,0.17596273,0.18673558
15860,0,0.19981418,1,0.16700067,0.19981418,0.20796092,0.17445030,0.18395231
15861,0,0.70345434,1,0.16700067,0.70345434,0.67120383,0.56330095,0.96265571
15893,0,0.18833356,1,0.16700067,0.18833356,0.19715920,0.17596273,0.18673558
15904,0,0.24477253,1,0.16700067,0.24477253,0.24979567,0.18959902,0.21329727
15926,1,0.10861405,0,0.16700067,0.10861405,0.12015940,0.15014231,0.14355622
15936,1,0.09816023,0,0.16700067,0.09816023,0.10970713,0.14869861,0.14140639
15948,0,0.20433624,1,0.16700067,0.20433624,0.21220079,0.21627841,0.27289274
15951,0,0.24288032,1,0.16700067,0.24288032,0.24804770,0.18438099,0.20282010
15976,0,0.18833356,1,0.16700067,0.18833356,0.19715920,0.17596273,0.18673558
15977,0,0.21249869,1,0.16700067,0.21249869,0.21983408,0.16025304,0.15938215
16000,0,0.24109786,1,0.16700067,0.24109786,0.24640022,0.18508602,0.20421300
16004,0,0.37357405,1,0.16700067,0.37357405,0.36721176,0.18273927,0.19960417
16007,0,0.19440739,1,0.16700067,0.19440739,0.20288076,0.18017737,0.19466242
16021,0,0.18833356,1,0.16700067,0.18833356,0.19715920,0.17596273,0.18673558
16022,0,0.18833356,1,0.16700067,0.18833356,0.19715920,0.17596273,0.18673558
16082,0,0.18113233,1,0.16700067,0.18113233,0.19035444,0.18008164,0.19447958
16095,0,0.18833356,1,0.16700067,0.18833356,0.19715920,0.17596273,0.18673558
16101,0,0.32001661,1,0.16700067,0.32001661,0.31866696,0.18925438,0.21259329
16103,0,0.57181062,1,0.16700067,0.57181062,0.54740997,0.43475016,0.84326684
16121,0,0.18833356,1,0.16700067,0.18833356,0.19715920,0.17596273,0.18673558
16126,0,0.25886716,1,0.16700067,0.25886716,0.26278625,0.17120006,0.17808000
16130,1,0.16891778,0,0.16700067,0.16891778,0.17875587,0.18019521,0.19469651
16214,0,0.22997291,1,0.16700067,0.22997291,0.23609685,0.22796083,0.30203842
16217,0,0.18833356,1,0.16700067,0.18833356,0.19715920,0.17596273,0.18673558
16223,0,0.19440739,1,0.16700067,0.19440739,0.20288076,0.18017737,0.19466242
16270,0,0.26821130,1,0.16700067,0.26821130,0.27137175,0.16905418,0.17428409
16275,0,0.18833356,1,0.16700067,0.18833356,0.19715920,0.17596273,0.18673558
16280,0,0.33269616,1,0.16700067,0.33269616,0.33018276,0.19737533,0.22963278
16328,0,0.54730217,1,0.16700067,0.54730217,0.52487888,0.27142040,0.42362141
16339,1,0.16633602,0,0.16700067,0.16633602,0.17629462,0.17115968,0.17800798
16382,0,0.18113233,1,0.16700067,0.18113233,0.19035444,0.18008164,0.19447958
16399,0,0.21249869,1,0.16700067,0.21249869,0.21983408,0.16025304,0.15938215
16422,0,0.21249869,1,0.16700067,0.21249869,0.21983408,0.16025304,0.15938215
16430,0,0.22139890,1,0.16700067,0.22139890,0.22813002,0.18406010,0.20218851
16451,0,0.20462007,1,0.16700067,0.20462007,0.21246663,0.17445030,0.18395231
16486,0,0.26616262,1,0.16700067,0.26616262,0.26949110,0.20278671,0.24150758
16496,0,0.18833356,1,0.16700067,0.18833356,0.19715920,0.17596273,0.18673558
16502,0,0.21249869,1,0.16700067,0.21249869,0.21983408,0.16025304,0.15938215
16516,0,0.26401308,1,0.16700067,0.26401308,0.26751686,0.19472437,0.22396709
16537,0,0.21822318,1,0.16700067,0.21822318,0.22517305,0.19080664,0.21577749
16555,1,0.08629702,0,0.16700067,0.08629702,0.09770542,0.17310371,0.18150139
16571,0,0.30263977,1,0.16700067,0.30263977,0.30285200,0.21589549,0.27196768
16580,0,0.18833356,1,0.16700067,0.18833356,0.19715920,0.17596273,0.18673558
16616,0,0.84545029,1,0.16700067,0.84545029,0.81378926,0.74259677,0.99565672
16636,0,0.21249869,1,0.16700067,0.21249869,0.21983408,0.16025304,0.15938215
16638,0,0.30049515,1,0.16700067,0.30049515,0.30089713,0.25671032,0.38055080
16644,0,0.27308877,1,0.16700067,0.27308877,0.27584549,0.17557895,0.18602628
16665,0,0.18833356,1,0.16700067,0.18833356,0.19715920,0.17596273,0.18673558
16682,0,0.25171864,1,0.16700067,0.25171864,0.25620405,0.18975010,0.21360643
16696,0,0.18833356,1,0.16700067,0.18833356,0.19715920,0.17596273,0.18673558
16700,1,0.12411448,0,0.16700067,0.12411448,0.13547300,0.13100286,0.11718792
16710,0,0.21524202,1,0.16700067,0.21524202,0.22239410,0.17399204,0.18311538
16718,1,0.10861405,0,0.16700067,0.10861405,0.12015940,0.15014231,0.14355622
16726,0,0.21178701,1,0.16700067,0.21178701,0.21916952,0.17940620,0.19319318
16748,1,0.12524060,0,0.16700067,0.12524060,0.13657777,0.16470938,0.16679440
16754,0,0.32568381,1,0.16700067,0.32568381,0.32381627,0.24678257,0.35246752
16794,1,0.16633602,0,0.16700067,0.16633602,0.17629462,0.17115968,0.17800798
16801,0,0.48147045,1,0.16700067,0.48147045,0.46484786,0.36937454,0.70805173
16810,1,0.12126578,0,0.16700067,0.12126578,0.13267384,0.18564361,0.20531962
16820,0,0.20215785,1,0.16700067,0.20215785,0.21015934,0.18484767,0.20374131
16845,0,0.18833356,1,0.16700067,0.18833356,0.19715920,0.17596273,0.18673558
16876,0,0.21249869,1,0.16700067,0.21249869,0.21983408,0.16025304,0.15938215
16883,0,0.21514165,1,0.16700067,0.21514165,0.22230048,0.15970939,0.15849641
16895,0,0.18833356,1,0.16700067,0.18833356,0.19715920,0.17596273,0.18673558
16906,1,0.16633602,0,0.16700067,0.16633602,0.17629462,0.17115968,0.17800798
16912,1,0.06757191,0,0.16700067,0.06757191,0.07839923,0.16384902,0.16534219
16929,1,0.12839232,0,0.16700067,0.12839232,0.13966447,0.17787069,0.19029284
16938,0,0.21249869,1,0.16700067,0.21249869,0.21983408,0.16025304,0.15938215
16946,1,0.10861405,0,0.16700067,0.10861405,0.12015940,0.15014231,0.14355622
16951,0,0.18197643,1,0.16700067,0.18197643,0.19115330,0.17445030,0.18395231
16953,0,0.27170150,1,0.16700067,0.27170150,0.27457357,0.16900062,0.17419016
16959,1,0.13624828,0,0.16700067,0.13624828,0.14732611,0.15921779,0.15769891
16964,0,0.18833356,1,0.16700067,0.18833356,0.19715920,0.17596273,0.18673558
16988,0,0.38446518,1,0.16700067,0.38446518,0.37706145,0.21745548,0.27574859
16993,0,0.28363418,1,0.16700067,0.28363418,0.28550127,0.18720084,0.20843371
17006,0,0.19187496,1,0.16700067,0.19187496,0.20049713,0.18064658,0.19556050
17012,0,0.33314484,1,0.16700067,0.33314484,0.33058994,0.22513670,0.29483201
17013,1,0.16633602,0,0.16700067,0.16633602,0.17629462,0.17115968,0.17800798
17030,0,0.18833356,1,0.16700067,0.18833356,0.19715920,0.17596273,0.18673558
17037,0,0.18833356,1,0.16700067,0.18833356,0.19715920,0.17596273,0.18673558
17054,0,0.18833356,1,0.16700067,0.18833356,0.19715920,0.17596273,0.18673558
17055,0,0.18113233,1,0.16700067,0.18113233,0.19035444,0.18008164,0.19447958
17118,0,0.20806811,1,0.16700067,0.20806811,0.21569381,0.18766422,0.20936705
17128,0,0.19127235,1,0.16700067,0.19127235,0.19992953,0.17755393,0.18969870
17129,0,0.21249869,1,0.16700067,0.21249869,0.21983408,0.16025304,0.15938215
17136,0,0.30405504,1,0.16700067,0.30405504,0.30414167,0.18376538,0.20160970
17139,0,0.18833356,1,0.16700067,0.18833356,0.19715920,0.17596273,0.18673558
17140,0,0.18833356,1,0.16700067,0.18833356,0.19715920,0.17596273,0.18673558
17141,0,0.18406542,1,0.16700067,0.18406542,0.19312890,0.18929565,0.21267750
17163,0,0.34724270,1,0.16700067,0.34724270,0.34337398,0.20110604,0.23777518
17184,1,0.16633602,0,0.16700067,0.16633602,0.17629462,0.17115968,0.17800798
17195,1,0.16633602,0,0.16700067,0.16633602,0.17629462,0.17115968,0.17800798
17206,0,0.21249869,1,0.16700067,0.21249869,0.21983408,0.16025304,0.15938215
17215,0,0.23097563,1,0.16700067,0.23097563,0.23702704,0.18478000,0.20360754
17247,1,0.17168475,0,0.16700067,0.17168475,0.18138983,0.17096291,0.17765734
17260,0,0.29436698,1,0.16700067,0.29436698,0.29530709,0.19289927,0.22012466
17273,0,0.18833356,1,0.16700067,0.18833356,0.19715920,0.17596273,0.18673558
17284,0,0.18884812,1,0.16700067,0.18884812,0.19764453,0.14567590,0.13699233
17288,1,0.08665713,0,0.16700067,0.08665713,0.09807214,0.15427662,0.14986338
17292,0,0.30382440,1,0.16700067,0.30382440,0.30393152,0.18064658,0.19556050
17304,0,0.30510994,1,0.16700067,0.30510994,0.30510276,0.16321545,0.16427929
17343,1,0.13653640,0,0.16700067,0.13653640,0.14760625,0.17825414,0.19101399
17380,0,0.18833356,1,0.16700067,0.18833356,0.19715920,0.17596273,0.18673558
17386,0,0.19099629,1,0.16700067,0.19099629,0.19966946,0.18064658,0.19556050
17390,0,0.19422484,1,0.16700067,0.19422484,0.20270903,0.16226043,0.16268749
17406,0,0.21620878,1,0.16700067,0.21620878,0.22329563,0.17818471,0.19088325
17409,1,0.04698026,0,0.16700067,0.04698026,0.05650223,0.16062716,0.15999401
17439,1,0.06925868,0,0.16700067,0.06925868,0.08015914,0.12795311,0.11339685
17456,0,0.21249869,1,0.16700067,0.21249869,0.21983408,0.16025304,0.15938215
17462,0,0.21620878,1,0.16700067,0.21620878,0.22329563,0.17818471,0.19088325
17479,1,0.17168475,0,0.16700067,0.17168475,0.18138983,0.17096291,0.17765734
17487,0,0.21249869,1,0.16700067,0.21249869,0.21983408,0.16025304,0.15938215
17488,0,0.18833356,1,0.16700067,0.18833356,0.19715920,0.17596273,0.18673558
17498,0,0.18833356,1,0.16700067,0.18833356,0.19715920,0.17596273,0.18673558
17499,0,0.21249869,1,0.16700067,0.21249869,0.21983408,0.16025304,0.15938215
17501,1,0.09179432,0,0.16700067,0.09179432,0.10328673,0.13625126,0.12396941
17508,0,0.32780502,1,0.16700067,0.32780502,0.32574267,0.16025304,0.15938215
17516,1,0.10861405,0,0.16700067,0.10861405,0.12015940,0.15014231,0.14355622
17524,0,0.21249869,1,0.16700067,0.21249869,0.21983408,0.16025304,0.15938215
17533,0,0.21249869,1,0.16700067,0.21249869,0.21983408,0.16025304,0.15938215
17544,0,0.26401308,1,0.16700067,0.26401308,0.26751686,0.19472437,0.22396709
17547,0,0.21249869,1,0.16700067,0.21249869,0.21983408,0.16025304,0.15938215
17562,0,0.21249869,1,0.16700067,0.21249869,0.21983408,0.16025304,0.15938215
17569,0,0.19505146,1,0.16700067,0.19505146,0.20348656,0.18535884,0.20475390
17574,1,0.12411448,0,0.16700067,0.12411448,0.13547300,0.13100286,0.11718792
17603,0,0.22017114,1,0.16700067,0.22017114,0.22698723,0.18346114,0.20101349
17609,1,0.06925868,0,0.16700067,0.06925868,0.08015914,0.12795311,0.11339685
17613,1,0.15126940,0,0.16700067,0.15126940,0.16185762,0.16593627,0.16888290
17628,0,0.47738648,1,0.16700067,0.47738648,0.46114147,0.22128611,0.28516959
17654,0,0.29544679,1,0.16700067,0.29544679,0.29629253,0.17596273,0.18673558
17657,0,0.18833356,1,0.16700067,0.18833356,0.19715920,0.17596273,0.18673558
17679,0,0.21249869,1,0.16700067,0.21249869,0.21983408,0.16025304,0.15938215
17692,0,0.26401308,1,0.16700067,0.26401308,0.26751686,0.19472437,0.22396709
17703,0,0.23872261,1,0.16700067,0.23872261,0.24420342,0.15659195,0.15349427
17705,0,0.18833356,1,0.16700067,0.18833356,0.19715920,0.17596273,0.18673558
17711,0,0.36947286,1,0.16700067,0.36947286,0.36350153,0.21573055,0.27156983
17744,0,0.45938993,1,0.16700067,0.45938993,0.44482607,0.18342020,0.20093335
17745,0,0.25594050,1,0.16700067,0.25594050,0.26009297,0.18105950,0.19635344
17751,0,0.18833356,1,0.16700067,0.18833356,0.19715920,0.17596273,0.18673558
17798,0,0.18113233,1,0.16700067,0.18113233,0.19035444,0.18008164,0.19447958
17812,0,0.18833356,1,0.16700067,0.18833356,0.19715920,0.17596273,0.18673558
17814,0,0.18768353,1,0.16700067,0.18768353,0.19654592,0.17545308,0.18579408
17843,1,0.14476846,0,0.16700067,0.14476846,0.15558663,0.16260373,0.16325825
17853,0,0.20859323,1,0.16700067,0.20859323,0.21618490,0.18704009,0.20811063
17859,1,0.08829720,0,0.16700067,0.08829720,0.09974030,0.13087734,0.11702974
17861,1,0.16633602,0,0.16700067,0.16633602,0.17629462,0.17115968,0.17800798
17862,0,0.21249869,1,0.16700067,0.21249869,0.21983408,0.16025304,0.15938215
17867,1,0.09941488,0,0.16700067,0.09941488,0.11096739,0.16330226,0.16442460
17870,0,0.20098980,1,0.16700067,0.20098980,0.20906396,0.17445030,0.18395231
17875,0,0.18833356,1,0.16700067,0.18833356,0.19715920,0.17596273,0.18673558
17890,1,0.12411448,0,0.16700067,0.12411448,0.13547300,0.13100286,0.11718792
17894,0,0.18833356,1,0.16700067,0.18833356,0.19715920,0.17596273,0.18673558
17925,0,0.18833356,1,0.16700067,0.18833356,0.19715920,0.17596273,0.18673558
17928,0,0.27170150,1,0.16700067,0.27170150,0.27457357,0.16900062,0.17419016
17945,1,0.17739938,0,0.16700067,0.17739938,0.18681752,0.17679763,0.18828586
17946,0,0.24088009,1,0.16700067,0.24088009,0.24619887,0.16023254,0.15934868
17949,0,0.18833356,1,0.16700067,0.18833356,0.19715920,0.17596273,0.18673558
17950,1,0.15643282,0,0.16700067,0.15643282,0.16681996,0.17193663,0.17939780
17964,0,0.21249869,1,0.16700067,0.21249869,0.21983408,0.16025304,0.15938215
17970,0,0.18833356,1,0.16700067,0.18833356,0.19715920,0.17596273,0.18673558
17995,0,0.20460639,1,0.16700067,0.20460639,0.21245382,0.16456016,0.16654181
18002,0,0.38800791,1,0.16700067,0.38800791,0.38026465,0.19297312,0.22027920
18004,0,0.35282622,1,0.16700067,0.35282622,0.34843249,0.21308358,0.26523516
18009,0,0.18833356,1,0.16700067,0.18833356,0.19715920,0.17596273,0.18673558
18015,1,0.15126940,0,0.16700067,0.15126940,0.16185762,0.16593627,0.16888290
18033,1,0.10861405,0,0.16700067,0.10861405,0.12015940,0.15014231,0.14355622
18034,0,0.18833356,1,0.16700067,0.18833356,0.19715920,0.17596273,0.18673558
18058,0,0.21249869,1,0.16700067,0.21249869,0.21983408,0.16025304,0.15938215
18067,0,0.18833356,1,0.16700067,0.18833356,0.19715920,0.17596273,0.18673558
18081,1,0.16891778,0,0.16700067,0.16891778,0.17875587,0.18019521,0.19469651
18091,0,0.21249869,1,0.16700067,0.21249869,0.21983408,0.16025304,0.15938215
18117,0,0.18833356,1,0.16700067,0.18833356,0.19715920,0.17596273,0.18673558
18120,0,0.19144752,1,0.16700067,0.19144752,0.20009454,0.14018068,0.12926486
18131,0,0.18833356,1,0.16700067,0.18833356,0.19715920,0.17596273,0.18673558
18145,0,0.43992624,1,0.16700067,0.43992624,0.42720605,0.23928341,0.33189866
18151,0,0.19952206,1,0.16700067,0.19952206,0.20768675,0.18270215,0.19953189
18159,0,0.21249869,1,0.16700067,0.21249869,0.21983408,0.16025304,0.15938215
18173,0,0.29210509,1,0.16700067,0.29210509,0.29324224,0.16881126,0.17385843
18176,1,0.18019851,0,0.16700067,0.18019851,0.18947029,0.13501798,0.12234622
18177,0,0.18833356,1,0.16700067,0.18833356,0.19715920,0.17596273,0.18673558
18182,0,0.18833356,1,0.16700067,0.18833356,0.19715920,0.17596273,0.18673558
18190,0,0.21249869,1,0.16700067,0.21249869,0.21983408,0.16025304,0.15938215
18208,0,0.24046351,1,0.16700067,0.24046351,0.24581368,0.21090517,0.26009320
18242,1,0.06925868,0,0.16700067,0.06925868,0.08015914,0.12795311,0.11339685
18253,0,0.18833356,1,0.16700067,0.18833356,0.19715920,0.17596273,0.18673558
18263,0,0.18833356,1,0.16700067,0.18833356,0.19715920,0.17596273,0.18673558
18273,0,0.19200565,1,0.16700067,0.19200565,0.20062021,0.17349194,0.18220539
18294,1,0.11799805,0,0.16700067,0.11799805,0.12945477,0.13913496,0.12783709
18301,0,0.18833356,1,0.16700067,0.18833356,0.19715920,0.17596273,0.18673558
18363,1,0.06925868,0,0.16700067,0.06925868,0.08015914,0.12795311,0.11339685
18430,0,0.21249869,1,0.16700067,0.21249869,0.21983408,0.16025304,0.15938215
18439,0,0.21249869,1,0.16700067,0.21249869,0.21983408,0.16025304,0.15938215
18450,0,0.18833356,1,0.16700067,0.18833356,0.19715920,0.17596273,0.18673558
18459,0,0.18833356,1,0.16700067,0.18833356,0.19715920,0.17596273,0.18673558
18462,0,0.18833356,1,0.16700067,0.18833356,0.19715920,0.17596273,0.18673558
18471,1,0.16633602,0,0.16700067,0.16633602,0.17629462,0.17115968,0.17800798
18520,1,0.14098569,0,0.16700067,0.14098569,0.15192518,0.15621815,0.15290325
18521,1,0.12941977,0,0.16700067,0.12941977,0.14066909,0.17889689,0.19222747
18524,0,0.21061596,1,0.16700067,0.21061596,0.21807560,0.18650446,0.20703683
18536,0,0.23946552,1,0.16700067,0.23946552,0.24489069,0.17601028,0.18682362
18583,0,0.18833356,1,0.16700067,0.18833356,0.19715920,0.17596273,0.18673558
18591,0,0.18833356,1,0.16700067,0.18833356,0.19715920,0.17596273,0.18673558
18604,0,0.23097563,1,0.16700067,0.23097563,0.23702704,0.18478000,0.20360754
18631,0,0.23510018,1,0.16700067,0.23510018,0.24085002,0.21478047,0.26928522
18648,0,0.21249869,1,0.16700067,0.21249869,0.21983408,0.16025304,0.15938215
18668,1,0.15126940,0,0.16700067,0.15126940,0.16185762,0.16593627,0.16888290
18675,1,0.07183134,0,0.16700067,0.07183134,0.08283484,0.13401880,0.12104457
18698,0,0.18833356,1,0.16700067,0.18833356,0.19715920,0.17596273,0.18673558
18705,0,0.18833356,1,0.16700067,0.18833356,0.19715920,0.17596273,0.18673558
18709,1,0.16633602,0,0.16700067,0.16633602,0.17629462,0.17115968,0.17800798
18729,0,0.20525698,1,0.16700067,0.20525698,0.21306309,0.17709337,0.18883737
18732,0,0.21322272,1,0.16700067,0.21322272,0.22051000,0.17445030,0.18395231
18795,0,0.18833356,1,0.16700067,0.18833356,0.19715920,0.17596273,0.18673558
18801,0,0.18113233,1,0.16700067,0.18113233,0.19035444,0.18008164,0.19447958
18806,0,0.18833356,1,0.16700067,0.18833356,0.19715920,0.17596273,0.18673558
18817,0,0.24094599,1,0.16700067,0.24094599,0.24625980,0.17708158,0.18881535
18849,0,0.23510018,1,0.16700067,0.23510018,0.24085002,0.21478047,0.26928522
18873,0,0.21249869,1,0.16700067,0.21249869,0.21983408,0.16025304,0.15938215
18892,0,0.24703640,1,0.16700067,0.24703640,0.25188569,0.17445030,0.18395231
18907,0,0.19256501,1,0.16700067,0.19256501,0.20114691,0.18525042,0.20453881
18918,0,0.24288032,1,0.16700067,0.24288032,0.24804770,0.18438099,0.20282010
18933,0,0.18833356,1,0.16700067,0.18833356,0.19715920,0.17596273,0.18673558
18935,0,0.31917085,1,0.16700067,0.31917085,0.31789815,0.20443908,0.24521585
18963,0,0.18833356,1,0.16700067,0.18833356,0.19715920,0.17596273,0.18673558
18977,0,0.18833356,1,0.16700067,0.18833356,0.19715920,0.17596273,0.18673558
18982,0,0.20806811,1,0.16700067,0.20806811,0.21569381,0.18766422,0.20936705
18986,0,0.19440548,1,0.16700067,0.19440548,0.20287896,0.17892774,0.19228585
19013,0,0.18833356,1,0.16700067,0.18833356,0.19715920,0.17596273,0.18673558
19045,0,0.18833356,1,0.16700067,0.18833356,0.19715920,0.17596273,0.18673558
19074,0,0.29202626,1,0.16700067,0.29202626,0.29317027,0.21421393,0.26792869
19101,0,0.31917085,1,0.16700067,0.31917085,0.31789815,0.20443908,0.24521585
19106,0,0.26466781,1,0.16700067,0.26466781,0.26811830,0.18117867,0.19658274
19127,1,0.06925868,0,0.16700067,0.06925868,0.08015914,0.12795311,0.11339685
19142,0,0.18833356,1,0.16700067,0.18833356,0.19715920,0.17596273,0.18673558
19154,1,0.12761961,0,0.16700067,0.12761961,0.13890841,0.17673912,0.18817689
19166,1,0.15126940,0,0.16700067,0.15126940,0.16185762,0.16593627,0.16888290
19172,1,0.10128061,0,0.16700067,0.10128061,0.11283845,0.16206996,0.16237150
19223,0,0.20910580,1,0.16700067,0.20910580,0.21666416,0.17382422,0.18280962
19236,0,0.18833356,1,0.16700067,0.18833356,0.19715920,0.17596273,0.18673558
19238,0,0.26401308,1,0.16700067,0.26401308,0.26751686,0.19472437,0.22396709
19245,0,0.18833356,1,0.16700067,0.18833356,0.19715920,0.17596273,0.18673558
19249,1,0.16633602,0,0.16700067,0.16633602,0.17629462,0.17115968,0.17800798
19266,1,0.15126940,0,0.16700067,0.15126940,0.16185762,0.16593627,0.16888290
19267,1,0.10407019,0,0.16700067,0.10407019,0.11562946,0.15734031,0.15468315
19287,0,0.18833356,1,0.16700067,0.18833356,0.19715920,0.17596273,0.18673558
19293,0,0.21322272,1,0.16700067,0.21322272,0.22051000,0.17445030,0.18395231
19312,0,0.23963852,1,0.16700067,0.23963852,0.24505071,0.18226284,0.19867808
19329,0,0.26210335,1,0.16700067,0.26210335,0.26576198,0.18161447,0.19742298
19333,0,0.23403527,1,0.16700067,0.23403527,0.23986346,0.19108409,0.21635025
19363,1,0.15126940,0,0.16700067,0.15126940,0.16185762,0.16593627,0.16888290
19373,1,0.12705338,0,0.16700067,0.12705338,0.13835408,0.16546259,0.16807411
19381,1,0.17776999,0,0.16700067,0.17776999,0.18716897,0.15835743,0.15631102
19387,0,0.21249869,1,0.16700067,0.21249869,0.21983408,0.16025304,0.15938215
19393,0,0.18833356,1,0.16700067,0.18833356,0.19715920,0.17596273,0.18673558
19417,0,0.21082199,1,0.16700067,0.21082199,0.21826809,0.19356945,0.22153007
19421,0,0.21249869,1,0.16700067,0.21249869,0.21983408,0.16025304,0.15938215
19448,0,0.18833356,1,0.16700067,0.18833356,0.19715920,0.17596273,0.18673558
19452,0,0.21249869,1,0.16700067,0.21249869,0.21983408,0.16025304,0.15938215
19465,0,0.18833356,1,0.16700067,0.18833356,0.19715920,0.17596273,0.18673558
19474,0,0.20516482,1,0.16700067,0.20516482,0.21297679,0.17965504,0.19366634
19493,0,0.27600690,1,0.16700067,0.27600690,0.27851967,0.18614180,0.20631210
19496,1,0.16598106,0,0.16700067,0.16598106,0.17595595,0.17596273,0.18673558
19504,0,0.21322272,1,0.16700067,0.21322272,0.22051000,0.17445030,0.18395231
19520,1,0.10407019,0,0.16700067,0.10407019,0.11562946,0.15734031,0.15468315
19521,1,0.10861405,0,0.16700067,0.10861405,0.12015940,0.15014231,0.14355622
19522,0,0.19082744,1,0.16700067,0.19082744,0.19951037,0.18058399,0.19544052
19538,0,0.18688836,1,0.16700067,0.18688836,0.19579545,0.16526621,0.16773969
19539,0,0.19490038,1,0.16700067,0.19490038,0.20334447,0.14309170,0.13331108
19540,0,0.27600690,1,0.16700067,0.27600690,0.27851967,0.18614180,0.20631210
19542,1,0.07185535,0,0.16700067,0.07185535,0.08285976,0.14198122,0.13175505
19551,1,0.09816023,0,0.16700067,0.09816023,0.10970713,0.14869861,0.14140639
19553,1,0.12365233,0,0.16700067,0.12365233,0.13501933,0.16068873,0.16009489
19556,0,0.18833356,1,0.16700067,0.18833356,0.19715920,0.17596273,0.18673558
19560,0,0.30382440,1,0.16700067,0.30382440,0.30393152,0.18064658,0.19556050
19570,0,0.18833356,1,0.16700067,0.18833356,0.19715920,0.17596273,0.18673558
19582,1,0.04493240,0,0.16700067,0.04493240,0.05427587,0.14765806,0.13987362
19614,1,0.16633602,0,0.16700067,0.16633602,0.17629462,0.17115968,0.17800798
19620,1,0.10861405,0,0.16700067,0.10861405,0.12015940,0.15014231,0.14355622
19624,1,0.13623584,0,0.16700067,0.13623584,0.14731400,0.16082614,0.16032022
19645,0,0.21515591,1,0.16700067,0.21515591,0.22231378,0.18137046,0.19695219
19649,0,0.21249869,1,0.16700067,0.21249869,0.21983408,0.16025304,0.15938215
19656,0,0.18833356,1,0.16700067,0.18833356,0.19715920,0.17596273,0.18673558
19664,0,0.18833356,1,0.16700067,0.18833356,0.19715920,0.17596273,0.18673558
19676,0,0.18113233,1,0.16700067,0.18113233,0.19035444,0.18008164,0.19447958
19682,0,0.18833356,1,0.16700067,0.18833356,0.19715920,0.17596273,0.18673558
19694,0,0.18833356,1,0.16700067,0.18833356,0.19715920,0.17596273,0.18673558
19696,1,0.16633602,0,0.16700067,0.16633602,0.17629462,0.17115968,0.17800798
19709,0,0.20199910,1,0.16700067,0.20199910,0.21001050,0.15777344,0.15537466
19711,0,0.22373622,1,0.16700067,0.22373622,0.23030418,0.16613738,0.16922721
19717,0,0.25886716,1,0.16700067,0.25886716,0.26278625,0.17120006,0.17808000
19734,0,0.18833356,1,0.16700067,0.18833356,0.19715920,0.17596273,0.18673558
19751,0,0.18113233,1,0.16700067,0.18113233,0.19035444,0.18008164,0.19447958
19756,0,0.22767038,1,0.16700067,0.22767038,0.23395969,0.18789920,0.20984151
19804,1,0.10861405,0,0.16700067,0.10861405,0.12015940,0.15014231,0.14355622
19806,1,0.16633602,0,0.16700067,0.16633602,0.17629462,0.17115968,0.17800798
19819,0,0.21249869,1,0.16700067,0.21249869,0.21983408,0.16025304,0.15938215
19836,0,0.21249869,1,0.16700067,0.21249869,0.21983408,0.16025304,0.15938215
19844,0,0.30311748,1,0.16700067,0.30311748,0.30328736,0.17561498,0.18609278
19857,0,0.31917085,1,0.16700067,0.31917085,0.31789815,0.20443908,0.24521585
19864,0,0.18833356,1,0.16700067,0.18833356,0.19715920,0.17596273,0.18673558
19877,0,0.18833356,1,0.16700067,0.18833356,0.19715920,0.17596273,0.18673558
19889,0,0.21249869,1,0.16700067,0.21249869,0.21983408,0.16025304,0.15938215
19892,0,0.21620878,1,0.16700067,0.21620878,0.22329563,0.17818471,0.19088325
19902,1,0.10599290,0,0.16700067,0.10599290,0.11754868,0.17554140,0.18595698
19914,0,0.26746815,1,0.16700067,0.26746815,0.27068966,0.16526621,0.16773969
19923,0,0.29259974,1,0.16700067,0.29259974,0.29369388,0.19684176,0.22848438
19941,0,0.20806811,1,0.16700067,0.20806811,0.21569381,0.18766422,0.20936705
19944,0,0.18833356,1,0.16700067,0.18833356,0.19715920,0.17596273,0.18673558
19945,0,0.21249869,1,0.16700067,0.21249869,0.21983408,0.16025304,0.15938215
19982,0,0.24491546,1,0.16700067,0.24491546,0.24992767,0.16987813,0.17573400
19987,1,0.17786300,0,0.16700067,0.17786300,0.18725716,0.18148592,0.19717486
19996,0,0.18688836,1,0.16700067,0.18688836,0.19579545,0.16526621,0.16773969
20003,1,0.11207170,0,0.16700067,0.11207170,0.12359350,0.15777344,0.15537466
20009,1,0.15982444,0,0.16700067,0.15982444,0.17007099,0.15777344,0.15537466
20021,0,0.28008737,1,0.16700067,0.28008737,0.28225614,0.17032753,0.17652881
20023,1,0.06232785,0,0.16700067,0.06232785,0.07289807,0.12888301,0.11454130
20031,0,0.20954807,1,0.16700067,0.20954807,0.21707760,0.17750820,0.18961304
20041,0,0.26355490,1,0.16700067,0.26355490,0.26709591,0.17596273,0.18673558
20071,1,0.08985033,0,0.16700067,0.08985033,0.10131708,0.14985997,0.14313365
20076,0,0.22926619,1,0.16700067,0.22926619,0.23544106,0.18560782,0.20524846
20082,0,0.24782913,1,0.16700067,0.24782913,0.25261722,0.22085461,0.28409874
20098,0,0.18113233,1,0.16700067,0.18113233,0.19035444,0.18008164,0.19447958
20112,0,0.18833356,1,0.16700067,0.18833356,0.19715920,0.17596273,0.18673558
20139,1,0.16008963,0,0.16700067,0.16008963,0.17032491,0.18736190,0.20875776
20144,0,0.52370798,1,0.16700067,0.52370798,0.50329205,0.17097761,0.17768353
20146,1,0.10861405,0,0.16700067,0.10861405,0.12015940,0.15014231,0.14355622
20159,0,0.18833356,1,0.16700067,0.18833356,0.19715920,0.17596273,0.18673558
20182,0,0.20910580,1,0.16700067,0.20910580,0.21666416,0.17382422,0.18280962
20183,0,0.27017861,1,0.16700067,0.27017861,0.27317683,0.19585750,0.22637659
20190,0,0.24741207,1,0.16700067,0.24741207,0.25223238,0.16846531,0.17325364
20201,0,0.18833356,1,0.16700067,0.18833356,0.19715920,0.17596273,0.18673558
20205,0,0.29232489,1,0.16700067,0.29232489,0.29344294,0.17172264,0.17901417
20206,1,0.06073690,0,0.16700067,0.06073690,0.07121979,0.14863635,0.14131428
20207,0,0.23209186,1,0.16700067,0.23209186,0.23806217,0.17258536,0.18056473
20214,0,0.25171864,1,0.16700067,0.25171864,0.25620405,0.18975010,0.21360643
20227,1,0.10861405,0,0.16700067,0.10861405,0.12015940,0.15014231,0.14355622
20277,1,0.16633602,0,0.16700067,0.16633602,0.17629462,0.17115968,0.17800798
20280,0,0.22676739,1,0.16700067,0.22676739,0.23312109,0.18064658,0.19556050
20288,1,0.15126940,0,0.16700067,0.15126940,0.16185762,0.16593627,0.16888290
20298,1,0.16633602,0,0.16700067,0.16633602,0.17629462,0.17115968,0.17800798
20299,0,0.18833356,1,0.16700067,0.18833356,0.19715920,0.17596273,0.18673558
20301,0,0.19256501,1,0.16700067,0.19256501,0.20114691,0.18525042,0.20453881
20359,0,0.18833356,1,0.16700067,0.18833356,0.19715920,0.17596273,0.18673558
20362,0,0.19981418,1,0.16700067,0.19981418,0.20796092,0.17445030,0.18395231
20382,1,0.09561381,0,0.16700067,0.09561381,0.10714421,0.16185664,0.16201820
20384,1,0.10861405,0,0.16700067,0.10861405,0.12015940,0.15014231,0.14355622
20387,0,0.26961938,1,0.16700067,0.26961938,0.27266381,0.18282620,0.19977348
20416,0,0.18833356,1,0.16700067,0.18833356,0.19715920,0.17596273,0.18673558
20433,0,0.21249869,1,0.16700067,0.21249869,0.21983408,0.16025304,0.15938215
20434,0,0.33804635,1,0.16700067,0.33804635,0.33503675,0.17536248,0.18562710
20449,0,0.18833356,1,0.16700067,0.18833356,0.19715920,0.17596273,0.18673558
20452,0,0.18833356,1,0.16700067,0.18833356,0.19715920,0.17596273,0.18673558
20458,0,0.21249869,1,0.16700067,0.21249869,0.21983408,0.16025304,0.15938215
20471,0,0.21249869,1,0.16700067,0.21249869,0.21983408,0.16025304,0.15938215
20507,0,0.21355674,1,0.16700067,0.21355674,0.22082175,0.17838308,0.19125694
20509,0,0.26354283,1,0.16700067,0.26354283,0.26708482,0.18934922,0.21278683
20539,0,0.32418223,1,0.16700067,0.32418223,0.32245228,0.19462921,0.22376557
20546,0,0.18833356,1,0.16700067,0.18833356,0.19715920,0.17596273,0.18673558
20555,1,0.16633602,0,0.16700067,0.16633602,0.17629462,0.17115968,0.17800798
20576,0,0.21249869,1,0.16700067,0.21249869,0.21983408,0.16025304,0.15938215
20588,0,0.18306543,1,0.16700067,0.18306543,0.19218344,0.16886336,0.17394965
20608,0,0.28076635,1,0.16700067,0.28076635,0.28287755,0.16526621,0.16773969
20624,0,0.18833356,1,0.16700067,0.18833356,0.19715920,0.17596273,0.18673558
20640,0,0.21249869,1,0.16700067,0.21249869,0.21983408,0.16025304,0.15938215
20666,0,0.20215785,1,0.16700067,0.20215785,0.21015934,0.18484767,0.20374131
20688,1,0.11235682,0,0.16700067,0.11235682,0.12387620,0.13473599,0.12197765
20703,0,0.18721605,1,0.16700067,0.18721605,0.19610475,0.17596273,0.18673558
20707,0,0.26616262,1,0.16700067,0.26616262,0.26949110,0.20278671,0.24150758
20709,0,0.18833356,1,0.16700067,0.18833356,0.19715920,0.17596273,0.18673558
20720,1,0.16703651,0,0.16700067,0.16703651,0.17696276,0.17193663,0.17939780
20730,0,0.21249869,1,0.16700067,0.21249869,0.21983408,0.16025304,0.15938215
20795,0,0.18833356,1,0.16700067,0.18833356,0.19715920,0.17596273,0.18673558
20799,1,0.16633602,0,0.16700067,0.16633602,0.17629462,0.17115968,0.17800798
20804,0,0.21249869,1,0.16700067,0.21249869,0.21983408,0.16025304,0.15938215
20823,0,0.23993516,1,0.16700067,0.23993516,0.24532507,0.14954472,0.14266306
20849,0,0.26025163,1,0.16700067,0.26025163,0.26405959,0.16526621,0.16773969
20851,0,0.25203952,1,0.16700067,0.25203952,0.25649977,0.16526621,0.16773969
20860,0,0.18833356,1,0.16700067,0.18833356,0.19715920,0.17596273,0.18673558
20910,0,0.18833356,1,0.16700067,0.18833356,0.19715920,0.17596273,0.18673558
20928,0,0.20806811,1,0.16700067,0.20806811,0.21569381,0.18766422,0.20936705
20935,1,0.06925868,0,0.16700067,0.06925868,0.08015914,0.12795311,0.11339685
20936,0,0.21249869,1,0.16700067,0.21249869,0.21983408,0.16025304,0.15938215
20941,0,0.20525698,1,0.16700067,0.20525698,0.21306309,0.17709337,0.18883737
20955,0,0.19749008,1,0.16700067,0.19749008,0.20577870,0.16828025,0.17293082
20962,0,0.18833356,1,0.16700067,0.18833356,0.19715920,0.17596273,0.18673558
20964,0,0.18833356,1,0.16700067,0.18833356,0.19715920,0.17596273,0.18673558
20980,0,0.18833356,1,0.16700067,0.18833356,0.19715920,0.17596273,0.18673558
20991,0,0.22375120,1,0.16700067,0.22375120,0.23031811,0.17445030,0.18395231
21006,1,0.15126940,0,0.16700067,0.15126940,0.16185762,0.16593627,0.16888290
21028,0,0.35966314,1,0.16700067,0.35966314,0.35462352,0.24882192,0.35816102
21050,1,0.16633602,0,0.16700067,0.16633602,0.17629462,0.17115968,0.17800798
21068,0,0.18833356,1,0.16700067,0.18833356,0.19715920,0.17596273,0.18673558
21110,0,0.34680913,1,0.16700067,0.34680913,0.34298108,0.15827418,0.15617726
21120,0,0.20525698,1,0.16700067,0.20525698,0.21306309,0.17709337,0.18883737
21141,0,0.30405504,1,0.16700067,0.30405504,0.30414167,0.18376538,0.20160970
21154,1,0.06925868,0,0.16700067,0.06925868,0.08015914,0.12795311,0.11339685
21155,0,0.21249869,1,0.16700067,0.21249869,0.21983408,0.16025304,0.15938215
21162,0,0.21322272,1,0.16700067,0.21322272,0.22051000,0.17445030,0.18395231
21182,1,0.14468321,0,0.16700067,0.14468321,0.15550422,0.17331873,0.18189103
21184,0,0.57181062,1,0.16700067,0.57181062,0.54740997,0.43475016,0.84326684
21199,0,0.18833356,1,0.16700067,0.18833356,0.19715920,0.17596273,0.18673558
21234,0,0.21620878,1,0.16700067,0.21620878,0.22329563,0.17818471,0.19088325
21247,0,0.18833356,1,0.16700067,0.18833356,0.19715920,0.17596273,0.18673558
21259,0,0.24709955,1,0.16700067,0.24709955,0.25194397,0.18295441,0.20002341
21267,0,0.18833356,1,0.16700067,0.18833356,0.19715920,0.17596273,0.18673558
21268,0,0.40527499,1,0.16700067,0.40527499,0.39587394,0.21694924,0.27451806
21271,0,0.20482755,1,0.16700067,0.20482755,0.21266095,0.15329093,0.14833923
21284,0,0.20525698,1,0.16700067,0.20525698,0.21306309,0.17709337,0.18883737
21298,0,0.21249869,1,0.16700067,0.21249869,0.21983408,0.16025304,0.15938215
21322,0,0.21249869,1,0.16700067,0.21249869,0.21983408,0.16025304,0.15938215
21337,1,0.10861405,0,0.16700067,0.10861405,0.12015940,0.15014231,0.14355622
21343,1,0.06925868,0,0.16700067,0.06925868,0.08015914,0.12795311,0.11339685
21361,0,0.29436698,1,0.16700067,0.29436698,0.29530709,0.19289927,0.22012466
21362,0,0.18833356,1,0.16700067,0.18833356,0.19715920,0.17596273,0.18673558
21371,0,0.18833356,1,0.16700067,0.18833356,0.19715920,0.17596273,0.18673558
21387,0,0.36150285,1,0.16700067,0.36150285,0.35628891,0.18452578,0.20310559
21393,0,0.18833356,1,0.16700067,0.18833356,0.19715920,0.17596273,0.18673558
21410,0,0.20303631,1,0.16700067,0.20303631,0.21098280,0.14351744,0.13391174
21412,0,0.21249869,1,0.16700067,0.21249869,0.21983408,0.16025304,0.15938215
21419,0,0.22997291,1,0.16700067,0.22997291,0.23609685,0.22796083,0.30203842
21430,0,0.19704719,1,0.16700067,0.19704719,0.20536259,0.16452997,0.16649073
21440,1,0.17890152,0,0.16700067,0.17890152,0.18824158,0.18124291,0.19670643
21461,1,0.10861405,0,0.16700067,0.10861405,0.12015940,0.15014231,0.14355622
21462,0,0.19076180,1,0.16700067,0.19076180,0.19944851,0.17985987,0.19405650
21510,1,0.12411448,0,0.16700067,0.12411448,0.13547300,0.13100286,0.11718792
21511,1,0.10861405,0,0.16700067,0.10861405,0.12015940,0.15014231,0.14355622
21543,0,0.18833356,1,0.16700067,0.18833356,0.19715920,0.17596273,0.18673558
21548,0,0.21249869,1,0.16700067,0.21249869,0.21983408,0.16025304,0.15938215
21557,1,0.16703651,0,0.16700067,0.16703651,0.17696276,0.17193663,0.17939780
21574,1,0.15126940,0,0.16700067,0.15126940,0.16185762,0.16593627,0.16888290
21617,0,0.18833356,1,0.16700067,0.18833356,0.19715920,0.17596273,0.18673558
21647,0,0.21249869,1,0.16700067,0.21249869,0.21983408,0.16025304,0.15938215
21671,0,0.21249869,1,0.16700067,0.21249869,0.21983408,0.16025304,0.15938215
21685,0,0.28363418,1,0.16700067,0.28363418,0.28550127,0.18720084,0.20843371
21700,0,0.18833356,1,0.16700067,0.18833356,0.19715920,0.17596273,0.18673558
21709,1,0.12411448,0,0.16700067,0.12411448,0.13547300,0.13100286,0.11718792
21722,0,0.18833356,1,0.16700067,0.18833356,0.19715920,0.17596273,0.18673558
21730,0,0.21822318,1,0.16700067,0.21822318,0.22517305,0.19080664,0.21577749
21731,0,0.18833356,1,0.16700067,0.18833356,0.19715920,0.17596273,0.18673558
21749,0,0.29202626,1,0.16700067,0.29202626,0.29317027,0.21421393,0.26792869
21753,0,0.18833356,1,0.16700067,0.18833356,0.19715920,0.17596273,0.18673558
21768,1,0.10861405,0,0.16700067,0.10861405,0.12015940,0.15014231,0.14355622
21792,1,0.12411448,0,0.16700067,0.12411448,0.13547300,0.13100286,0.11718792
21795,0,0.20749071,1,0.16700067,0.20749071,0.21515371,0.17540224,0.18570037
21806,0,0.23101271,1,0.16700067,0.23101271,0.23706143,0.18385914,0.20179370
21812,0,0.20525698,1,0.16700067,0.20525698,0.21306309,0.17709337,0.18883737
21816,1,0.11799805,0,0.16700067,0.11799805,0.12945477,0.13913496,0.12783709
21824,0,0.21061596,1,0.16700067,0.21061596,0.21807560,0.18650446,0.20703683
21862,0,0.39745360,1,0.16700067,0.39745360,0.38880384,0.24617121,0.35076876
21888,0,0.27308877,1,0.16700067,0.27308877,0.27584549,0.17557895,0.18602628
21916,0,0.29813608,1,0.16700067,0.29813608,0.29874594,0.17244815,0.18031742
21942,0,0.27452466,1,0.16700067,0.27452466,0.27716157,0.18889609,0.21186319
21946,0,0.20525698,1,0.16700067,0.20525698,0.21306309,0.17709337,0.18883737
21958,0,0.27939278,1,0.16700067,0.27939278,0.28162033,0.18698512,0.20800024
21961,1,0.10900439,0,0.16700067,0.10900439,0.12054762,0.13548967,0.12296487
21963,0,0.21249869,1,0.16700067,0.21249869,0.21983408,0.16025304,0.15938215
21970,1,0.10861405,0,0.16700067,0.10861405,0.12015940,0.15014231,0.14355622
21996,0,0.21811784,1,0.16700067,0.21811784,0.22507491,0.17905116,0.19251959
21998,1,0.12411448,0,0.16700067,0.12411448,0.13547300,0.13100286,0.11718792
22002,0,0.18833356,1,0.16700067,0.18833356,0.19715920,0.17596273,0.18673558
22005,0,0.23397321,1,0.16700067,0.23397321,0.23980597,0.17384820,0.18285328
22010,0,0.18833356,1,0.16700067,0.18833356,0.19715920,0.17596273,0.18673558
22028,0,0.21249869,1,0.16700067,0.21249869,0.21983408,0.16025304,0.15938215
22040,0,0.20046820,1,0.16700067,0.20046820,0.20857463,0.17974908,0.19384540
22063,0,0.26210335,1,0.16700067,0.26210335,0.26576198,0.18161447,0.19742298
22066,0,0.18833356,1,0.16700067,0.18833356,0.19715920,0.17596273,0.18673558
22075,1,0.14701046,0,0.16700067,0.14701046,0.15775234,0.15650324,0.15335384
22141,0,0.18833356,1,0.16700067,0.18833356,0.19715920,0.17596273,0.18673558
22161,0,0.31657153,1,0.16700067,0.31657153,0.31553478,0.16025304,0.15938215
22185,0,0.26616262,1,0.16700067,0.26616262,0.26949110,0.20278671,0.24150758
22202,0,0.18833356,1,0.16700067,0.18833356,0.19715920,0.17596273,0.18673558
22207,1,0.10861405,0,0.16700067,0.10861405,0.12015940,0.15014231,0.14355622
22223,0,0.18928340,1,0.16700067,0.18928340,0.19805500,0.13553707,0.12302718
22227,0,0.31253652,1,0.16700067,0.31253652,0.31186429,0.19772317,0.23038360
22240,0,0.34128988,1,0.16700067,0.34128988,0.33797812,0.21185695,0.26233182
22247,0,0.22399163,1,0.16700067,0.22399163,0.23054165,0.17445030,0.18395231
22261,0,0.22997291,1,0.16700067,0.22997291,0.23609685,0.22796083,0.30203842
22273,1,0.16633602,0,0.16700067,0.16633602,0.17629462,0.17115968,0.17800798
22278,0,0.23831926,1,0.16700067,0.23831926,0.24383022,0.15240345,0.14697791
22284,0,0.23563275,1,0.16700067,0.23563275,0.24134328,0.18040504,0.19509780
22314,0,0.18833356,1,0.16700067,0.18833356,0.19715920,0.17596273,0.18673558
22330,0,0.18833356,1,0.16700067,0.18833356,0.19715920,0.17596273,0.18673558
22337,0,0.18833356,1,0.16700067,0.18833356,0.19715920,0.17596273,0.18673558
22341,0,0.19725495,1,0.16700067,0.19725495,0.20555780,0.22243705,0.28803768
22342,0,0.18833356,1,0.16700067,0.18833356,0.19715920,0.17596273,0.18673558
22350,1,0.15981029,0,0.16700067,0.15981029,0.17005745,0.17388536,0.18292096
22356,0,0.21322272,1,0.16700067,0.21322272,0.22051000,0.17445030,0.18395231
22357,1,0.16633602,0,0.16700067,0.16633602,0.17629462,0.17115968,0.17800798
22385,1,0.10861405,0,0.16700067,0.10861405,0.12015940,0.15014231,0.14355622
22427,0,0.18768353,1,0.16700067,0.18768353,0.19654592,0.17545308,0.18579408
22433,0,0.18833356,1,0.16700067,0.18833356,0.19715920,0.17596273,0.18673558
22479,1,0.14683204,0,0.16700067,0.14683204,0.15758011,0.17042088,0.17669426
22502,1,0.09816023,0,0.16700067,0.09816023,0.10970713,0.14869861,0.14140639
22532,0,0.21249869,1,0.16700067,0.21249869,0.21983408,0.16025304,0.15938215
22546,1,0.07783854,0,0.16700067,0.07783854,0.08904465,0.14949337,0.14258652
22565,1,0.17042428,0,0.16700067,0.17042428,0.18019044,0.16558816,0.16828820
22566,0,0.18833356,1,0.16700067,0.18833356,0.19715920,0.17596273,0.18673558
22579,1,0.15126940,0,0.16700067,0.15126940,0.16185762,0.16593627,0.16888290
22610,0,0.40293788,1,0.16700067,0.40293788,0.39376134,0.16593627,0.16888290
22642,1,0.17970168,0,0.16700067,0.17970168,0.18899971,0.16160904,0.16160890
22652,0,0.29232489,1,0.16700067,0.29232489,0.29344294,0.17172264,0.17901417
22664,0,0.23127555,1,0.16700067,0.23127555,0.23730521,0.16526621,0.16773969
22677,0,0.18833356,1,0.16700067,0.18833356,0.19715920,0.17596273,0.18673558
22683,0,0.19422484,1,0.16700067,0.19422484,0.20270903,0.16226043,0.16268749
22697,0,0.21249869,1,0.16700067,0.21249869,0.21983408,0.16025304,0.15938215
22723,0,0.26331923,1,0.16700067,0.26331923,0.26687937,0.22793451,0.30197080
22728,0,0.18833356,1,0.16700067,0.18833356,0.19715920,0.17596273,0.18673558
22741,0,0.28271600,1,0.16700067,0.28271600,0.28466142,0.19016498,0.21445705
22745,0,0.18833356,1,0.16700067,0.18833356,0.19715920,0.17596273,0.18673558
22749,0,0.18833356,1,0.16700067,0.18833356,0.19715920,0.17596273,0.18673558
22765,0,0.21249869,1,0.16700067,0.21249869,0.21983408,0.16025304,0.15938215
22784,0,0.19814014,1,0.16700067,0.19814014,0.20638929,0.16087325,0.16039753
22790,0,0.22926619,1,0.16700067,0.22926619,0.23544106,0.18560782,0.20524846
22804,0,0.18833356,1,0.16700067,0.18833356,0.19715920,0.17596273,0.18673558
22810,0,0.25050775,1,0.16700067,0.25050775,0.25508781,0.15306483,0.14799143
22814,0,0.25065455,1,0.16700067,0.25065455,0.25522315,0.19939055,0.23400656
22819,0,0.20525698,1,0.16700067,0.20525698,0.21306309,0.17709337,0.18883737
22852,0,0.26616262,1,0.16700067,0.26616262,0.26949110,0.20278671,0.24150758
22856,0,0.21716964,1,0.16700067,0.21716964,0.22419132,0.13552618,0.12301287
22857,1,0.13623584,0,0.16700067,0.13623584,0.14731400,0.16082614,0.16032022
22878,1,0.10861405,0,0.16700067,0.10861405,0.12015940,0.15014231,0.14355622
22887,0,0.18833356,1,0.16700067,0.18833356,0.19715920,0.17596273,0.18673558
22902,0,0.18833356,1,0.16700067,0.18833356,0.19715920,0.17596273,0.18673558
22907,0,0.34688489,1,0.16700067,0.34688489,0.34304974,0.18299912,0.20011062
22910,0,0.23377216,1,0.16700067,0.23377216,0.23961966,0.17713894,0.18892246
22915,0,0.18833356,1,0.16700067,0.18833356,0.19715920,0.17596273,0.18673558
22939,0,0.18833356,1,0.16700067,0.18833356,0.19715920,0.17596273,0.18673558
22946,1,0.12737172,0,0.16700067,0.12737172,0.13866576,0.16956854,0.17518810
22949,0,0.24709955,1,0.16700067,0.24709955,0.25194397,0.18295441,0.20002341
23007,0,0.20433624,1,0.16700067,0.20433624,0.21220079,0.21627841,0.27289274
23012,0,0.29185433,1,0.16700067,0.29185433,0.29301328,0.14592818,0.13735626
23027,1,0.12411448,0,0.16700067,0.12411448,0.13547300,0.13100286,0.11718792
23058,0,0.26189786,1,0.16700067,0.26189786,0.26557310,0.18246204,0.19906489
23075,0,0.26746815,1,0.16700067,0.26746815,0.27068966,0.16526621,0.16773969
23091,0,0.26616262,1,0.16700067,0.26616262,0.26949110,0.20278671,0.24150758
23096,0,0.18894965,1,0.16700067,0.18894965,0.19774029,0.14159079,0.13121165
23104,0,0.29210509,1,0.16700067,0.29210509,0.29324224,0.16881126,0.17385843
23116,0,0.20516482,1,0.16700067,0.20516482,0.21297679,0.17965504,0.19366634
23120,0,0.31917085,1,0.16700067,0.31917085,0.31789815,0.20443908,0.24521585
23122,0,0.18833356,1,0.16700067,0.18833356,0.19715920,0.17596273,0.18673558
23134,1,0.12411448,0,0.16700067,0.12411448,0.13547300,0.13100286,0.11718792
23136,0,0.24173762,1,0.16700067,0.24173762,0.24699163,0.16994896,0.17585909
23140,0,0.46503920,1,0.16700067,0.46503920,0.44994482,0.22687500,0.29925585
23165,0,0.43410039,1,0.16700067,0.43410039,0.42193584,0.24870420,0.35783125
23168,0,0.18833356,1,0.16700067,0.18833356,0.19715920,0.17596273,0.18673558
23189,0,0.21249869,1,0.16700067,0.21249869,0.21983408,0.16025304,0.15938215
23212,0,0.21996658,1,0.16700067,0.21996658,0.22679679,0.21045163,0.25903082
23230,0,0.18113233,1,0.16700067,0.18113233,0.19035444,0.18008164,0.19447958
23231,0,0.44829696,1,0.16700067,0.44829696,0.43478119,0.31261685,0.54839249
23255,0,0.18833356,1,0.16700067,0.18833356,0.19715920,0.17596273,0.18673558
23318,0,0.21249869,1,0.16700067,0.21249869,0.21983408,0.16025304,0.15938215
23329,0,0.18238207,1,0.16700067,0.18238207,0.19153708,0.14446513,0.13525703
23344,0,0.21249869,1,0.16700067,0.21249869,0.21983408,0.16025304,0.15938215
23382,0,0.18833356,1,0.16700067,0.18833356,0.19715920,0.17596273,0.18673558
23390,0,0.30464598,1,0.16700067,0.30464598,0.30468009,0.18244937,0.19904027
23401,0,0.21082199,1,0.16700067,0.21082199,0.21826809,0.19356945,0.22153007
23408,0,0.18833356,1,0.16700067,0.18833356,0.19715920,0.17596273,0.18673558
23409,0,0.21249869,1,0.16700067,0.21249869,0.21983408,0.16025304,0.15938215
23422,0,0.19422484,1,0.16700067,0.19422484,0.20270903,0.16226043,0.16268749
23427,0,0.21249869,1,0.16700067,0.21249869,0.21983408,0.16025304,0.15938215
23429,1,0.16633602,0,0.16700067,0.16633602,0.17629462,0.17115968,0.17800798
23431,0,0.18833356,1,0.16700067,0.18833356,0.19715920,0.17596273,0.18673558
23434,0,0.21082199,1,0.16700067,0.21082199,0.21826809,0.19356945,0.22153007
23454,1,0.15981029,0,0.16700067,0.15981029,0.17005745,0.17388536,0.18292096
23456,1,0.11247317,0,0.16700067,0.11247317,0.12399153,0.15730423,0.15462565
23491,1,0.16633602,0,0.16700067,0.16633602,0.17629462,0.17115968,0.17800798
23520,0,0.23807877,1,0.16700067,0.23807877,0.24360768,0.16473001,0.16682934
23531,0,0.35371482,1,0.16700067,0.35371482,0.34923733,0.19545066,0.22550939
23539,0,0.18833356,1,0.16700067,0.18833356,0.19715920,0.17596273,0.18673558
23540,0,0.18833356,1,0.16700067,0.18833356,0.19715920,0.17596273,0.18673558
23544,0,0.23751018,1,0.16700067,0.23751018,0.24308146,0.18348107,0.20105249
23552,0,0.21249869,1,0.16700067,0.21249869,0.21983408,0.16025304,0.15938215
23554,1,0.09816023,0,0.16700067,0.09816023,0.10970713,0.14869861,0.14140639
23558,0,0.18768353,1,0.16700067,0.18768353,0.19654592,0.17545308,0.18579408
23581,0,0.36150285,1,0.16700067,0.36150285,0.35628891,0.18452578,0.20310559
23591,0,0.30049515,1,0.16700067,0.30049515,0.30089713,0.25671032,0.38055080
23593,0,0.29210509,1,0.16700067,0.29210509,0.29324224,0.16881126,0.17385843
23602,0,0.20622882,1,0.16700067,0.20622882,0.21397290,0.19016498,0.21445705
23619,0,0.24823828,1,0.16700067,0.24823828,0.25299471,0.17129553,0.17825038
23627,0,0.20173663,1,0.16700067,0.20173663,0.20976439,0.16452997,0.16649073
23670,0,0.30730529,1,0.16700067,0.30730529,0.30710234,0.17049142,0.17681936
23691,0,0.18833356,1,0.16700067,0.18833356,0.19715920,0.17596273,0.18673558
23695,0,0.20433624,1,0.16700067,0.20433624,0.21220079,0.21627841,0.27289274
23696,0,0.21249869,1,0.16700067,0.21249869,0.21983408,0.16025304,0.15938215
23704,0,0.18833356,1,0.16700067,0.18833356,0.19715920,0.17596273,0.18673558
23715,1,0.10216605,0,0.16700067,0.10216605,0.11372519,0.13804558,0.12636403
23725,0,0.25436809,1,0.16700067,0.25436809,0.25864508,0.18443674,0.20293000
23750,0,0.46415066,1,0.16700067,0.46415066,0.44913956,0.20439816,0.24512356
23752,0,0.27389078,1,0.16700067,0.27389078,0.27658064,0.15217929,0.14663570
23759,0,0.21249869,1,0.16700067,0.21249869,0.21983408,0.16025304,0.15938215
23784,0,0.18774183,1,0.16700067,0.18774183,0.19660093,0.17445030,0.18395231
23790,1,0.14935427,0,0.16700067,0.14935427,0.16001298,0.17572148,0.18628946
23804,0,0.24228642,1,0.16700067,0.24228642,0.24749888,0.17693215,0.18853655
23810,0,0.18833356,1,0.16700067,0.18833356,0.19715920,0.17596273,0.18673558
23824,0,0.18833356,1,0.16700067,0.18833356,0.19715920,0.17596273,0.18673558
23833,0,0.32440344,1,0.16700067,0.32440344,0.32265323,0.20325700,0.24255911
23870,0,0.29037863,1,0.16700067,0.29037863,0.29166560,0.17586214,0.18654947
23883,0,0.20910580,1,0.16700067,0.20910580,0.21666416,0.17382422,0.18280962
23920,0,0.18833356,1,0.16700067,0.18833356,0.19715920,0.17596273,0.18673558
23927,1,0.14526297,0,0.16700067,0.14526297,0.15606459,0.17445030,0.18395231
23928,0,0.19471459,1,0.16700067,0.19471459,0.20316973,0.14673494,0.13852550
23934,1,0.11923949,0,0.16700067,0.11923949,0.13067877,0.14954472,0.14266306
23974,0,0.18833356,1,0.16700067,0.18833356,0.19715920,0.17596273,0.18673558
23984,0,0.18768353,1,0.16700067,0.18768353,0.19654592,0.17545308,0.18579408
23998,1,0.09816023,0,0.16700067,0.09816023,0.10970713,0.14869861,0.14140639
24005,1,0.15788747,0,0.16700067,0.15788747,0.16821512,0.18477619,0.20360000
24018,1,0.09938776,0,0.16700067,0.09938776,0.11094017,0.15246535,0.14707252
24023,0,0.33927218,1,0.16700067,0.33927218,0.33614850,0.19705785,0.22894898
24069,0,0.27170150,1,0.16700067,0.27170150,0.27457357,0.16900062,0.17419016
24077,0,0.26466781,1,0.16700067,0.26466781,0.26811830,0.18117867,0.19658274
24116,0,0.18833356,1,0.16700067,0.18833356,0.19715920,0.17596273,0.18673558
24177,0,0.40322431,1,0.16700067,0.40322431,0.39402026,0.18387309,0.20182107
24180,0,0.38167134,1,0.16700067,0.38167134,0.37453515,0.27281230,0.42776884
24187,0,0.23901620,1,0.16700067,0.23901620,0.24447504,0.17799751,0.19053112
24205,0,0.18113233,1,0.16700067,0.18113233,0.19035444,0.18008164,0.19447958
24266,1,0.16864318,0,0.16700067,0.16864318,0.17849426,0.17859396,0.19165482
24308,0,0.21249869,1,0.16700067,0.21249869,0.21983408,0.16025304,0.15938215
24320,0,0.23510018,1,0.16700067,0.23510018,0.24085002,0.21478047,0.26928522
24322,1,0.16633602,0,0.16700067,0.16633602,0.17629462,0.17115968,0.17800798
24327,0,0.18833356,1,0.16700067,0.18833356,0.19715920,0.17596273,0.18673558
24361,0,0.18833356,1,0.16700067,0.18833356,0.19715920,0.17596273,0.18673558
24372,0,0.20525698,1,0.16700067,0.20525698,0.21306309,0.17709337,0.18883737
24397,0,0.30049515,1,0.16700067,0.30049515,0.30089713,0.25671032,0.38055080
24405,0,0.19063097,1,0.16700067,0.19063097,0.19932523,0.15281021,0.14760055
24411,0,0.21913935,1,0.16700067,0.21913935,0.22602647,0.16686658,0.17048038
24416,0,0.18833356,1,0.16700067,0.18833356,0.19715920,0.17596273,0.18673558
24457,0,0.26616262,1,0.16700067,0.26616262,0.26949110,0.20278671,0.24150758
24469,0,0.42693500,1,0.16700067,0.42693500,0.41545562,0.24995573,0.36134392
24482,1,0.15126940,0,0.16700067,0.15126940,0.16185762,0.16593627,0.16888290
24483,1,0.06512222,0,0.16700067,0.06512222,0.07583517,0.16297366,0.16387510
24495,0,0.23581592,1,0.16700067,0.23581592,0.24151291,0.17427513,0.18363205
24503,0,0.20782312,1,0.16700067,0.20782312,0.21546466,0.16886280,0.17394867
24529,0,0.18833356,1,0.16700067,0.18833356,0.19715920,0.17596273,0.18673558
24539,0,0.20460639,1,0.16700067,0.20460639,0.21245382,0.16456016,0.16654181
24540,0,0.18833356,1,0.16700067,0.18833356,0.19715920,0.17596273,0.18673558
24564,1,0.14273387,0,0.16700067,0.14273387,0.15361847,0.16820336,0.17279682
24574,0,0.26728143,1,0.16700067,0.26728143,0.27051826,0.17679763,0.18828586
24601,0,0.23378279,1,0.16700067,0.23378279,0.23962951,0.17626576,0.18729712
24605,0,0.19562811,1,0.16700067,0.19562811,0.20402879,0.18400640,0.20208294
24606,0,0.22504396,1,0.16700067,0.22504396,0.23151985,0.18064658,0.19556050
24612,0,0.25398865,1,0.16700067,0.25398865,0.25829559,0.18100456,0.19624780
24621,0,0.30405504,1,0.16700067,0.30405504,0.30414167,0.18376538,0.20160970
24656,0,0.20121473,1,0.16700067,0.20121473,0.20927494,0.18500711,0.20405674
24694,1,0.17184889,0,0.16700067,0.17184889,0.18154596,0.17273146,0.18082835
24698,0,0.20525698,1,0.16700067,0.20525698,0.21306309,0.17709337,0.18883737
24700,0,0.18833356,1,0.16700067,0.18833356,0.19715920,0.17596273,0.18673558
24710,0,0.18833356,1,0.16700067,0.18833356,0.19715920,0.17596273,0.18673558
24714,0,0.19624643,1,0.16700067,0.19624643,0.20461005,0.18083598,0.19592392
24726,1,0.12941977,0,0.16700067,0.12941977,0.14066909,0.17889689,0.19222747
24731,1,0.13623584,0,0.16700067,0.13623584,0.14731400,0.16082614,0.16032022
24747,0,0.26210335,1,0.16700067,0.26210335,0.26576198,0.18161447,0.19742298
24755,1,0.09435565,0,0.16700067,0.09435565,0.10587532,0.16630877,0.16952109
24763,1,0.08143133,0,0.16700067,0.08143133,0.09273469,0.16936712,0.17483366
24790,1,0.15981029,0,0.16700067,0.15981029,0.17005745,0.17388536,0.18292096
24809,0,0.48147045,1,0.16700067,0.48147045,0.46484786,0.36937454,0.70805173
24812,0,0.21249869,1,0.16700067,0.21249869,0.21983408,0.16025304,0.15938215
24814,0,0.20460639,1,0.16700067,0.20460639,0.21245382,0.16456016,0.16654181
24825,0,0.21249869,1,0.16700067,0.21249869,0.21983408,0.16025304,0.15938215
24843,0,0.38279185,1,0.16700067,0.38279185,0.37554838,0.16025304,0.15938215
24845,0,0.18833356,1,0.16700067,0.18833356,0.19715920,0.17596273,0.18673558
24857,0,0.18833356,1,0.16700067,0.18833356,0.19715920,0.17596273,0.18673558
24861,0,0.20465363,1,0.16700067,0.20465363,0.21249807,0.14332864,0.13364508
24865,0,0.21249869,1,0.16700067,0.21249869,0.21983408,0.16025304,0.15938215
24889,0,0.22997291,1,0.16700067,0.22997291,0.23609685,0.22796083,0.30203842
24907,0,0.24741207,1,0.16700067,0.24741207,0.25223238,0.16846531,0.17325364
24915,0,0.24688383,1,0.16700067,0.24688383,0.25174488,0.17994551,0.19421980
24920,0,0.18833356,1,0.16700067,0.18833356,0.19715920,0.17596273,0.18673558
24940,0,0.20806811,1,0.16700067,0.20806811,0.21569381,0.18766422,0.20936705
24951,0,0.25119642,1,0.16700067,0.25119642,0.25572269,0.19412870,0.22270779
24954,0,0.21249869,1,0.16700067,0.21249869,0.21983408,0.16025304,0.15938215
24968,0,0.18833356,1,0.16700067,0.18833356,0.19715920,0.17596273,0.18673558
24985,0,0.21249869,1,0.16700067,0.21249869,0.21983408,0.16025304,0.15938215
24992,0,0.18833356,1,0.16700067,0.18833356,0.19715920,0.17596273,0.18673558
25075,0,0.18833356,1,0.16700067,0.18833356,0.19715920,0.17596273,0.18673558
25078,1,0.06925868,0,0.16700067,0.06925868,0.08015914,0.12795311,0.11339685
25100,0,0.23963852,1,0.16700067,0.23963852,0.24505071,0.18226284,0.19867808
25106,0,0.28363418,1,0.16700067,0.28363418,0.28550127,0.18720084,0.20843371
25109,0,0.18833356,1,0.16700067,0.18833356,0.19715920,0.17596273,0.18673558
25115,0,0.21249869,1,0.16700067,0.21249869,0.21983408,0.16025304,0.15938215
25138,0,0.18833356,1,0.16700067,0.18833356,0.19715920,0.17596273,0.18673558
25141,1,0.16633602,0,0.16700067,0.16633602,0.17629462,0.17115968,0.17800798
25158,0,0.29232489,1,0.16700067,0.29232489,0.29344294,0.17172264,0.17901417
25163,0,0.19256501,1,0.16700067,0.19256501,0.20114691,0.18525042,0.20453881
25177,0,0.18833356,1,0.16700067,0.18833356,0.19715920,0.17596273,0.18673558
25188,1,0.06925868,0,0.16700067,0.06925868,0.08015914,0.12795311,0.11339685
25193,0,0.26754089,1,0.16700067,0.26754089,0.27075643,0.18336174,0.20081899
25214,0,0.18833356,1,0.16700067,0.18833356,0.19715920,0.17596273,0.18673558
25231,0,0.18833356,1,0.16700067,0.18833356,0.19715920,0.17596273,0.18673558
25235,1,0.11235682,0,0.16700067,0.11235682,0.12387620,0.13473599,0.12197765
25237,0,0.21249869,1,0.16700067,0.21249869,0.21983408,0.16025304,0.15938215
25241,0,0.25702028,1,0.16700067,0.25702028,0.26108689,0.17401854,0.18316369
25248,0,0.24977822,1,0.16700067,0.24977822,0.25441512,0.16669380,0.17018278
25254,1,0.16633602,0,0.16700067,0.16633602,0.17629462,0.17115968,0.17800798
25256,1,0.10861405,0,0.16700067,0.10861405,0.12015940,0.15014231,0.14355622
25267,1,0.10861405,0,0.16700067,0.10861405,0.12015940,0.15014231,0.14355622
25279,0,0.27170150,1,0.16700067,0.27170150,0.27457357,0.16900062,0.17419016
25283,0,0.34680913,1,0.16700067,0.34680913,0.34298108,0.15827418,0.15617726
25299,0,0.20462007,1,0.16700067,0.20462007,0.21246663,0.17445030,0.18395231
25330,0,0.18833356,1,0.16700067,0.18833356,0.19715920,0.17596273,0.18673558
25389,0,0.18833356,1,0.16700067,0.18833356,0.19715920,0.17596273,0.18673558
25390,0,0.24741207,1,0.16700067,0.24741207,0.25223238,0.16846531,0.17325364
25402,0,0.18833356,1,0.16700067,0.18833356,0.19715920,0.17596273,0.18673558
25407,0,0.22052381,1,0.16700067,0.22052381,0.22731555,0.17115968,0.17800798
25427,0,0.35371482,1,0.16700067,0.35371482,0.34923733,0.19545066,0.22550939
25444,1,0.16633602,0,0.16700067,0.16633602,0.17629462,0.17115968,0.17800798
25467,0,0.18833356,1,0.16700067,0.18833356,0.19715920,0.17596273,0.18673558
25566,0,0.29202626,1,0.16700067,0.29202626,0.29317027,0.21421393,0.26792869
25592,0,0.26189786,1,0.16700067,0.26189786,0.26557310,0.18246204,0.19906489
25596,0,0.20643460,1,0.16700067,0.20643460,0.21416549,0.17445030,0.18395231
25599,1,0.13148718,0,0.16700067,0.13148718,0.14268816,0.17822784,0.19096447
25610,1,0.16676620,0,0.16700067,0.16676620,0.17670496,0.17953942,0.19344638
25642,0,0.18833356,1,0.16700067,0.18833356,0.19715920,0.17596273,0.18673558
25707,1,0.15126940,0,0.16700067,0.15126940,0.16185762,0.16593627,0.16888290
25750,1,0.15126940,0,0.16700067,0.15126940,0.16185762,0.16593627,0.16888290
25752,0,0.18833356,1,0.16700067,0.18833356,0.19715920,0.17596273,0.18673558
25761,0,0.39745360,1,0.16700067,0.39745360,0.38880384,0.24617121,0.35076876
25781,0,0.18833356,1,0.16700067,0.18833356,0.19715920,0.17596273,0.18673558
25812,0,0.21322272,1,0.16700067,0.21322272,0.22051000,0.17445030,0.18395231
25841,0,0.30049515,1,0.16700067,0.30049515,0.30089713,0.25671032,0.38055080
25854,0,0.20525698,1,0.16700067,0.20525698,0.21306309,0.17709337,0.18883737
25865,1,0.16502531,0,0.16700067,0.16502531,0.17504373,0.18064658,0.19556050
25872,0,0.18833356,1,0.16700067,0.18833356,0.19715920,0.17596273,0.18673558
25877,1,0.10861405,0,0.16700067,0.10861405,0.12015940,0.15014231,0.14355622
25892,0,0.31342108,1,0.16700067,0.31342108,0.31266912,0.19895401,0.23305424
25896,0,0.26210335,1,0.16700067,0.26210335,0.26576198,0.18161447,0.19742298
25934,1,0.10861405,0,0.16700067,0.10861405,0.12015940,0.15014231,0.14355622
25936,1,0.15126940,0,0.16700067,0.15126940,0.16185762,0.16593627,0.16888290
25952,0,0.19981418,1,0.16700067,0.19981418,0.20796092,0.17445030,0.18395231
25984,0,0.21249869,1,0.16700067,0.21249869,0.21983408,0.16025304,0.15938215
25993,0,0.21249869,1,0.16700067,0.21249869,0.21983408,0.16025304,0.15938215
26000,1,0.14476846,0,0.16700067,0.14476846,0.15558663,0.16260373,0.16325825
26011,1,0.10861405,0,0.16700067,0.10861405,0.12015940,0.15014231,0.14355622
26016,1,0.15126940,0,0.16700067,0.15126940,0.16185762,0.16593627,0.16888290
26025,0,0.20139460,1,0.16700067,0.20139460,0.20944364,0.17445030,0.18395231
26028,0,0.20460639,1,0.16700067,0.20460639,0.21245382,0.16456016,0.16654181
26040,1,0.12709979,0,0.16700067,0.12709979,0.13839953,0.22085461,0.28409874
26043,0,0.20525698,1,0.16700067,0.20525698,0.21306309,0.17709337,0.18883737
26044,0,0.21249869,1,0.16700067,0.21249869,0.21983408,0.16025304,0.15938215
26050,0,0.23963852,1,0.16700067,0.23963852,0.24505071,0.18226284,0.19867808
26055,0,0.26189786,1,0.16700067,0.26189786,0.26557310,0.18246204,0.19906489
26070,0,0.21249869,1,0.16700067,0.21249869,0.21983408,0.16025304,0.15938215
26084,0,0.21249869,1,0.16700067,0.21249869,0.21983408,0.16025304,0.15938215
26099,0,0.21515591,1,0.16700067,0.21515591,0.22231378,0.18137046,0.19695219
26102,0,0.18833356,1,0.16700067,0.18833356,0.19715920,0.17596273,0.18673558
26116,0,0.26616262,1,0.16700067,0.26616262,0.26949110,0.20278671,0.24150758
26125,0,0.21061596,1,0.16700067,0.21061596,0.21807560,0.18650446,0.20703683
26140,0,0.38167134,1,0.16700067,0.38167134,0.37453515,0.27281230,0.42776884
26188,0,0.27939278,1,0.16700067,0.27939278,0.28162033,0.18698512,0.20800024
26189,1,0.09816023,0,0.16700067,0.09816023,0.10970713,0.14869861,0.14140639
26192,0,0.21249869,1,0.16700067,0.21249869,0.21983408,0.16025304,0.15938215
26194,0,0.35371482,1,0.16700067,0.35371482,0.34923733,0.19545066,0.22550939
26196,0,0.22776877,1,0.16700067,0.22776877,0.23405105,0.20324167,0.24252479
26198,1,0.06925868,0,0.16700067,0.06925868,0.08015914,0.12795311,0.11339685
26199,1,0.12411448,0,0.16700067,0.12411448,0.13547300,0.13100286,0.11718792
26200,0,0.48147045,1,0.16700067,0.48147045,0.46484786,0.36937454,0.70805173
26214,0,0.18833356,1,0.16700067,0.18833356,0.19715920,0.17596273,0.18673558
26232,0,0.20525698,1,0.16700067,0.20525698,0.21306309,0.17709337,0.18883737
26270,0,0.19422764,1,0.16700067,0.19422764,0.20271166,0.17147157,0.17856489
26284,0,0.32666177,1,0.16700067,0.32666177,0.32470448,0.17534370,0.18559250
26294,1,0.16633602,0,0.16700067,0.16633602,0.17629462,0.17115968,0.17800798
26299,0,0.18833356,1,0.16700067,0.18833356,0.19715920,0.17596273,0.18673558
26314,0,0.26616262,1,0.16700067,0.26616262,0.26949110,0.20278671,0.24150758
26315,0,0.18833356,1,0.16700067,0.18833356,0.19715920,0.17596273,0.18673558
26325,0,0.18833356,1,0.16700067,0.18833356,0.19715920,0.17596273,0.18673558
26332,0,0.18833356,1,0.16700067,0.18833356,0.19715920,0.17596273,0.18673558
26333,0,0.19440548,1,0.16700067,0.19440548,0.20287896,0.17892774,0.19228585
26340,0,0.21249869,1,0.16700067,0.21249869,0.21983408,0.16025304,0.15938215
26351,0,0.31917085,1,0.16700067,0.31917085,0.31789815,0.20443908,0.24521585
26352,0,0.19228061,1,0.16700067,0.19228061,0.20087913,0.20769187,0.25262745
26368,0,0.18833356,1,0.16700067,0.18833356,0.19715920,0.17596273,0.18673558
26370,0,0.18833356,1,0.16700067,0.18833356,0.19715920,0.17596273,0.18673558
26398,1,0.10861405,0,0.16700067,0.10861405,0.12015940,0.15014231,0.14355622
26412,0,0.35371482,1,0.16700067,0.35371482,0.34923733,0.19545066,0.22550939
26422,0,0.31890460,1,0.16700067,0.31890460,0.31765611,0.19636854,0.22746926
26427,0,0.18833356,1,0.16700067,0.18833356,0.19715920,0.17596273,0.18673558
26453,0,0.21249869,1,0.16700067,0.21249869,0.21983408,0.16025304,0.15938215
26457,0,0.21249869,1,0.16700067,0.21249869,0.21983408,0.16025304,0.15938215
26463,0,0.25171864,1,0.16700067,0.25171864,0.25620405,0.18975010,0.21360643
26465,0,0.29232489,1,0.16700067,0.29232489,0.29344294,0.17172264,0.17901417
26473,0,0.18833356,1,0.16700067,0.18833356,0.19715920,0.17596273,0.18673558
26491,1,0.16633602,0,0.16700067,0.16633602,0.17629462,0.17115968,0.17800798
26494,1,0.07340726,0,0.16700067,0.07340726,0.08446895,0.15770520,0.15526555
26501,0,0.21249869,1,0.16700067,0.21249869,0.21983408,0.16025304,0.15938215
26525,0,0.21249869,1,0.16700067,0.21249869,0.21983408,0.16025304,0.15938215
26527,0,0.18833356,1,0.16700067,0.18833356,0.19715920,0.17596273,0.18673558
26528,1,0.13148718,0,0.16700067,0.13148718,0.14268816,0.17822784,0.19096447
26538,0,0.18113233,1,0.16700067,0.18113233,0.19035444,0.18008164,0.19447958
26562,0,0.32001661,1,0.16700067,0.32001661,0.31866696,0.18925438,0.21259329
26578,0,0.21249869,1,0.16700067,0.21249869,0.21983408,0.16025304,0.15938215
26581,1,0.11675352,0,0.16700067,0.11675352,0.12822643,0.17673911,0.18817687
26585,0,0.23097563,1,0.16700067,0.23097563,0.23702704,0.18478000,0.20360754
26632,0,0.18113233,1,0.16700067,0.18113233,0.19035444,0.18008164,0.19447958
26638,0,0.18833356,1,0.16700067,0.18833356,0.19715920,0.17596273,0.18673558
26658,0,0.34688489,1,0.16700067,0.34688489,0.34304974,0.18299912,0.20011062
26661,0,0.18833356,1,0.16700067,0.18833356,0.19715920,0.17596273,0.18673558
26685,0,0.18833356,1,0.16700067,0.18833356,0.19715920,0.17596273,0.18673558
26689,0,0.18833356,1,0.16700067,0.18833356,0.19715920,0.17596273,0.18673558
26711,0,0.40346181,1,0.16700067,0.40346181,0.39423494,0.28273918,0.45760920
26722,0,0.21249869,1,0.16700067,0.21249869,0.21983408,0.16025304,0.15938215
26724,1,0.10407019,0,0.16700067,0.10407019,0.11562946,0.15734031,0.15468315
26736,0,0.21249869,1,0.16700067,0.21249869,0.21983408,0.16025304,0.15938215
26739,0,0.18833356,1,0.16700067,0.18833356,0.19715920,0.17596273,0.18673558
26763,0,0.18833356,1,0.16700067,0.18833356,0.19715920,0.17596273,0.18673558
26778,1,0.08458531,0,0.16700067,0.08458531,0.09596015,0.15088091,0.14466655
26797,0,0.22373622,1,0.16700067,0.22373622,0.23030418,0.16613738,0.16922721
26811,0,0.29202626,1,0.16700067,0.29202626,0.29317027,0.21421393,0.26792869
26812,1,0.16633602,0,0.16700067,0.16633602,0.17629462,0.17115968,0.17800798
26826,0,0.24636362,1,0.16700067,0.24636362,0.25126472,0.18363187,0.20134790
26863,0,0.26210335,1,0.16700067,0.26210335,0.26576198,0.18161447,0.19742298
26881,1,0.12411448,0,0.16700067,0.12411448,0.13547300,0.13100286,0.11718792
26897,1,0.15126940,0,0.16700067,0.15126940,0.16185762,0.16593627,0.16888290
26907,0,0.21249869,1,0.16700067,0.21249869,0.21983408,0.16025304,0.15938215
26919,0,0.18833356,1,0.16700067,0.18833356,0.19715920,0.17596273,0.18673558
26984,1,0.14278207,0,0.16700067,0.14278207,0.15366512,0.17019120,0.17628739
26988,0,0.18833356,1,0.16700067,0.18833356,0.19715920,0.17596273,0.18673558
26990,0,0.21096067,1,0.16700067,0.21096067,0.21839766,0.18196048,0.19809204
27006,0,0.18833356,1,0.16700067,0.18833356,0.19715920,0.17596273,0.18673558
27019,0,0.32440344,1,0.16700067,0.32440344,0.32265323,0.20325700,0.24255911
27031,0,0.19440739,1,0.16700067,0.19440739,0.20288076,0.18017737,0.19466242
27038,0,0.30049515,1,0.16700067,0.30049515,0.30089713,0.25671032,0.38055080
27039,0,0.21249869,1,0.16700067,0.21249869,0.21983408,0.16025304,0.15938215
27080,0,0.21822318,1,0.16700067,0.21822318,0.22517305,0.19080664,0.21577749
27089,0,0.18833356,1,0.16700067,0.18833356,0.19715920,0.17596273,0.18673558
27095,1,0.16633602,0,0.16700067,0.16633602,0.17629462,0.17115968,0.17800798
27102,1,0.10861405,0,0.16700067,0.10861405,0.12015940,0.15014231,0.14355622
27110,0,0.22767038,1,0.16700067,0.22767038,0.23395969,0.18789920,0.20984151
27116,1,0.12737172,0,0.16700067,0.12737172,0.13866576,0.16956854,0.17518810
27117,0,0.18833356,1,0.16700067,0.18833356,0.19715920,0.17596273,0.18673558
27125,0,0.38167134,1,0.16700067,0.38167134,0.37453515,0.27281230,0.42776884
27129,1,0.10861405,0,0.16700067,0.10861405,0.12015940,0.15014231,0.14355622
27130,0,0.18833356,1,0.16700067,0.18833356,0.19715920,0.17596273,0.18673558
27133,1,0.09816023,0,0.16700067,0.09816023,0.10970713,0.14869861,0.14140639
27151,0,0.20925546,1,0.16700067,0.20925546,0.21680407,0.17892514,0.19228094
27156,0,0.27775167,1,0.16700067,0.27775167,0.28011776,0.18107765,0.19638836
27171,0,0.21249869,1,0.16700067,0.21249869,0.21983408,0.16025304,0.15938215
27176,0,0.21249869,1,0.16700067,0.21249869,0.21983408,0.16025304,0.15938215
27201,0,0.19099629,1,0.16700067,0.19099629,0.19966946,0.18064658,0.19556050
27208,0,0.18113233,1,0.16700067,0.18113233,0.19035444,0.18008164,0.19447958
27228,1,0.10861405,0,0.16700067,0.10861405,0.12015940,0.15014231,0.14355622
27231,0,0.32408924,1,0.16700067,0.32408924,0.32236780,0.18379831,0.20167430
27245,0,0.18833356,1,0.16700067,0.18833356,0.19715920,0.17596273,0.18673558
27269,0,0.21249869,1,0.16700067,0.21249869,0.21983408,0.16025304,0.15938215
27278,0,0.18833356,1,0.16700067,0.18833356,0.19715920,0.17596273,0.18673558
27285,0,0.18833356,1,0.16700067,0.18833356,0.19715920,0.17596273,0.18673558
27295,0,0.18113233,1,0.16700067,0.18113233,0.19035444,0.18008164,0.19447958
27323,0,0.18833356,1,0.16700067,0.18833356,0.19715920,0.17596273,0.18673558
27325,0,0.20525698,1,0.16700067,0.20525698,0.21306309,0.17709337,0.18883737
27332,0,0.24907891,1,0.16700067,0.24907891,0.25377017,0.21724114,0.27522717
27363,0,0.18833356,1,0.16700067,0.18833356,0.19715920,0.17596273,0.18673558
27368,0,0.18833356,1,0.16700067,0.18833356,0.19715920,0.17596273,0.18673558
27370,1,0.16633602,0,0.16700067,0.16633602,0.17629462,0.17115968,0.17800798
27379,0,0.21249869,1,0.16700067,0.21249869,0.21983408,0.16025304,0.15938215
27407,0,0.24616136,1,0.16700067,0.24616136,0.25107801,0.18107853,0.19639004
27426,1,0.14564094,0,0.16700067,0.14564094,0.15642981,0.16485955,0.16704892
27429,0,0.25782297,1,0.16700067,0.25782297,0.26182556,0.18374540,0.20157050
27433,0,0.25398865,1,0.16700067,0.25398865,0.25829559,0.18100456,0.19624780
27443,0,0.24550496,1,0.16700067,0.24550496,0.25047200,0.18325206,0.20060452
27462,0,0.22466063,1,0.16700067,0.22466063,0.23116357,0.18064658,0.19556050
27480,1,0.10861405,0,0.16700067,0.10861405,0.12015940,0.15014231,0.14355622
27487,0,0.18833356,1,0.16700067,0.18833356,0.19715920,0.17596273,0.18673558
27493,1,0.10634506,0,0.16700067,0.10634506,0.11789983,0.17147157,0.17856489
27497,0,0.21249869,1,0.16700067,0.21249869,0.21983408,0.16025304,0.15938215
27501,0,0.18833356,1,0.16700067,0.18833356,0.19715920,0.17596273,0.18673558
27519,0,0.21249869,1,0.16700067,0.21249869,0.21983408,0.16025304,0.15938215
27525,0,0.24288032,1,0.16700067,0.24288032,0.24804770,0.18438099,0.20282010
27542,0,0.20253030,1,0.16700067,0.20253030,0.21050851,0.18049727,0.19527438
27560,0,0.18833356,1,0.16700067,0.18833356,0.19715920,0.17596273,0.18673558
27571,0,0.18833356,1,0.16700067,0.18833356,0.19715920,0.17596273,0.18673558
27605,1,0.03736701,0,0.16700067,0.03736701,0.04595620,0.16069582,0.16010651
27630,0,0.21249869,1,0.16700067,0.21249869,0.21983408,0.16025304,0.15938215
27633,0,0.32568381,1,0.16700067,0.32568381,0.32381627,0.24678257,0.35246752
27683,1,0.04328833,0,0.16700067,0.04328833,0.05248097,0.14942446,0.14248388
27699,0,0.20910580,1,0.16700067,0.20910580,0.21666416,0.17382422,0.18280962
27705,0,0.29424160,1,0.16700067,0.29424160,0.29519265,0.16229329,0.16274204
27720,0,0.21249869,1,0.16700067,0.21249869,0.21983408,0.16025304,0.15938215
27731,0,0.20525698,1,0.16700067,0.20525698,0.21306309,0.17709337,0.18883737
27736,0,0.18833356,1,0.16700067,0.18833356,0.19715920,0.17596273,0.18673558
27745,0,0.25886716,1,0.16700067,0.25886716,0.26278625,0.17120006,0.17808000
27774,0,0.43992624,1,0.16700067,0.43992624,0.42720605,0.23928341,0.33189866
27789,0,0.21249869,1,0.16700067,0.21249869,0.21983408,0.16025304,0.15938215
27848,0,0.19981418,1,0.16700067,0.19981418,0.20796092,0.17445030,0.18395231
27861,0,0.20460639,1,0.16700067,0.20460639,0.21245382,0.16456016,0.16654181
27863,0,0.21844515,1,0.16700067,0.21844515,0.22537984,0.19140858,0.21702153
27866,0,0.18833356,1,0.16700067,0.18833356,0.19715920,0.17596273,0.18673558
27885,0,0.18833356,1,0.16700067,0.18833356,0.19715920,0.17596273,0.18673558
27902,0,0.38446518,1,0.16700067,0.38446518,0.37706145,0.21745548,0.27574859
27914,0,0.21249869,1,0.16700067,0.21249869,0.21983408,0.16025304,0.15938215
27942,0,0.20806811,1,0.16700067,0.20806811,0.21569381,0.18766422,0.20936705
27951,1,0.15126940,0,0.16700067,0.15126940,0.16185762,0.16593627,0.16888290
27952,0,0.20224826,1,0.16700067,0.20224826,0.21024410,0.18983358,0.21377738
27966,0,0.24173762,1,0.16700067,0.24173762,0.24699163,0.16994896,0.17585909
27967,1,0.15981029,0,0.16700067,0.15981029,0.17005745,0.17388536,0.18292096
27982,0,0.26821130,1,0.16700067,0.26821130,0.27137175,0.16905418,0.17428409
28021,0,0.18130559,1,0.16700067,0.18130559,0.19051845,0.18495857,0.20396068
28034,1,0.10861405,0,0.16700067,0.10861405,0.12015940,0.15014231,0.14355622
28037,0,0.22997291,1,0.16700067,0.22997291,0.23609685,0.22796083,0.30203842
28062,0,0.18833356,1,0.16700067,0.18833356,0.19715920,0.17596273,0.18673558
28063,0,0.21249869,1,0.16700067,0.21249869,0.21983408,0.16025304,0.15938215
28066,0,0.18833356,1,0.16700067,0.18833356,0.19715920,0.17596273,0.18673558
28071,0,0.26189786,1,0.16700067,0.26189786,0.26557310,0.18246204,0.19906489
28099,0,0.18833356,1,0.16700067,0.18833356,0.19715920,0.17596273,0.18673558
28103,0,0.18928340,1,0.16700067,0.18928340,0.19805500,0.13553707,0.12302718
28114,0,0.24288032,1,0.16700067,0.24288032,0.24804770,0.18438099,0.20282010
28120,0,0.21249869,1,0.16700067,0.21249869,0.21983408,0.16025304,0.15938215
28122,0,0.18833356,1,0.16700067,0.18833356,0.19715920,0.17596273,0.18673558
28133,0,0.26401308,1,0.16700067,0.26401308,0.26751686,0.19472437,0.22396709
28135,0,0.18833356,1,0.16700067,0.18833356,0.19715920,0.17596273,0.18673558
28140,0,0.20525698,1,0.16700067,0.20525698,0.21306309,0.17709337,0.18883737
28155,0,0.18833356,1,0.16700067,0.18833356,0.19715920,0.17596273,0.18673558
28187,0,0.18833356,1,0.16700067,0.18833356,0.19715920,0.17596273,0.18673558
28198,0,0.21249869,1,0.16700067,0.21249869,0.21983408,0.16025304,0.15938215
28201,1,0.17168475,0,0.16700067,0.17168475,0.18138983,0.17096291,0.17765734
28206,0,0.18833356,1,0.16700067,0.18833356,0.19715920,0.17596273,0.18673558
28209,0,0.26125459,1,0.16700067,0.26125459,0.26498176,0.17006883,0.17607092
28226,0,0.40313799,1,0.16700067,0.40313799,0.39394223,0.22631990,0.29783905
28229,0,0.21249869,1,0.16700067,0.21249869,0.21983408,0.16025304,0.15938215
28243,0,0.40313799,1,0.16700067,0.40313799,0.39394223,0.22631990,0.29783905
28250,0,0.21249869,1,0.16700067,0.21249869,0.21983408,0.16025304,0.15938215
28258,0,0.18833356,1,0.16700067,0.18833356,0.19715920,0.17596273,0.18673558
28267,0,0.24228642,1,0.16700067,0.24228642,0.24749888,0.17693215,0.18853655
28287,0,0.18794224,1,0.16700067,0.18794224,0.19679002,0.16025304,0.15938215
28299,0,0.18833356,1,0.16700067,0.18833356,0.19715920,0.17596273,0.18673558
28315,0,0.18833356,1,0.16700067,0.18833356,0.19715920,0.17596273,0.18673558
28383,0,0.21178701,1,0.16700067,0.21178701,0.21916952,0.17940620,0.19319318
28384,1,0.16633602,0,0.16700067,0.16633602,0.17629462,0.17115968,0.17800798
28388,1,0.10861405,0,0.16700067,0.10861405,0.12015940,0.15014231,0.14355622
28397,0,0.22257188,1,0.16700067,0.22257188,0.22922135,0.18901665,0.21210867
28419,1,0.16502531,0,0.16700067,0.16502531,0.17504373,0.18064658,0.19556050
28424,0,0.40346181,1,0.16700067,0.40346181,0.39423494,0.28273918,0.45760920
28434,0,0.18833356,1,0.16700067,0.18833356,0.19715920,0.17596273,0.18673558
28437,0,0.18113233,1,0.16700067,0.18113233,0.19035444,0.18008164,0.19447958
28457,1,0.10861405,0,0.16700067,0.10861405,0.12015940,0.15014231,0.14355622
28478,0,0.23397321,1,0.16700067,0.23397321,0.23980597,0.17384820,0.18285328
28519,0,0.23378279,1,0.16700067,0.23378279,0.23962951,0.17626576,0.18729712
28521,0,0.21249869,1,0.16700067,0.21249869,0.21983408,0.16025304,0.15938215
28525,0,0.24741207,1,0.16700067,0.24741207,0.25223238,0.16846531,0.17325364
28529,1,0.10861405,0,0.16700067,0.10861405,0.12015940,0.15014231,0.14355622
28537,0,0.23963852,1,0.16700067,0.23963852,0.24505071,0.18226284,0.19867808
28539,1,0.14224418,0,0.16700067,0.14224418,0.15314436,0.15310017,0.14804574
28540,1,0.13623584,0,0.16700067,0.13623584,0.14731400,0.16082614,0.16032022
28551,0,0.21249869,1,0.16700067,0.21249869,0.21983408,0.16025304,0.15938215
28576,1,0.15991753,0,0.16700067,0.15991753,0.17016013,0.18125581,0.19673127
28585,0,0.29640264,1,0.16700067,0.29640264,0.29716467,0.17642434,0.18759149
28592,0,0.21249869,1,0.16700067,0.21249869,0.21983408,0.16025304,0.15938215
28593,0,0.35282622,1,0.16700067,0.35282622,0.34843249,0.21308358,0.26523516
28608,0,0.22674823,1,0.16700067,0.22674823,0.23310330,0.18686893,0.20776706
28625,0,0.24288032,1,0.16700067,0.24288032,0.24804770,0.18438099,0.20282010
28635,0,0.23099442,1,0.16700067,0.23099442,0.23704447,0.18555047,0.20513446
28679,0,0.18833356,1,0.16700067,0.18833356,0.19715920,0.17596273,0.18673558
28681,0,0.19981418,1,0.16700067,0.19981418,0.20796092,0.17445030,0.18395231
28691,0,0.29232489,1,0.16700067,0.29232489,0.29344294,0.17172264,0.17901417
28715,0,0.18833356,1,0.16700067,0.18833356,0.19715920,0.17596273,0.18673558
28719,0,0.53385720,1,0.16700067,0.53385720,0.51256645,0.16533159,0.16785097
28720,0,0.84545029,1,0.16700067,0.84545029,0.81378926,0.74259677,0.99565672
28732,0,0.20525698,1,0.16700067,0.20525698,0.21306309,0.17709337,0.18883737
28749,0,0.19076180,1,0.16700067,0.19076180,0.19944851,0.17985987,0.19405650
28756,0,0.18788567,1,0.16700067,0.18788567,0.19673665,0.16440632,0.16628171
28777,0,0.21249869,1,0.16700067,0.21249869,0.21983408,0.16025304,0.15938215
28779,0,0.18833356,1,0.16700067,0.18833356,0.19715920,0.17596273,0.18673558
28792,0,0.55274225,1,0.16700067,0.55274225,0.52986989,0.25418934,0.37333484
28823,0,0.18833356,1,0.16700067,0.18833356,0.19715920,0.17596273,0.18673558
28829,0,0.21249869,1,0.16700067,0.21249869,0.21983408,0.16025304,0.15938215
28835,0,0.20175391,1,0.16700067,0.20175391,0.20978059,0.21784502,0.27669778
28840,0,0.18833356,1,0.16700067,0.18833356,0.19715920,0.17596273,0.18673558
28863,0,0.23378279,1,0.16700067,0.23378279,0.23962951,0.17626576,0.18729712
28896,0,0.18833356,1,0.16700067,0.18833356,0.19715920,0.17596273,0.18673558
28920,0,0.18768353,1,0.16700067,0.18768353,0.19654592,0.17545308,0.18579408
28924,0,0.21249869,1,0.16700067,0.21249869,0.21983408,0.16025304,0.15938215
28938,0,0.21828722,1,0.16700067,0.21828722,0.22523272,0.21547650,0.27095775
28959,0,0.18833356,1,0.16700067,0.18833356,0.19715920,0.17596273,0.18673558
28987,1,0.16381546,0,0.16700067,0.16381546,0.17388828,0.14518248,0.13628290
28989,0,0.39047573,1,0.16700067,0.39047573,0.38249577,0.24766397,0.35492321
29037,0,0.26427569,1,0.16700067,0.26427569,0.26775810,0.19487101,0.22427787
29041,0,0.18833356,1,0.16700067,0.18833356,0.19715920,0.17596273,0.18673558
29044,0,0.34597024,1,0.16700067,0.34597024,0.34222083,0.19679920,0.22839295
29046,0,0.18833356,1,0.16700067,0.18833356,0.19715920,0.17596273,0.18673558
29085,0,0.18833356,1,0.16700067,0.18833356,0.19715920,0.17596273,0.18673558
29126,0,0.18833356,1,0.16700067,0.18833356,0.19715920,0.17596273,0.18673558
29128,1,0.12411448,0,0.16700067,0.12411448,0.13547300,0.13100286,0.11718792
29150,0,0.18833356,1,0.16700067,0.18833356,0.19715920,0.17596273,0.18673558
29180,0,0.18833356,1,0.16700067,0.18833356,0.19715920,0.17596273,0.18673558
29195,0,0.18833356,1,0.16700067,0.18833356,0.19715920,0.17596273,0.18673558
29201,0,0.21249869,1,0.16700067,0.21249869,0.21983408,0.16025304,0.15938215
29209,0,0.18833356,1,0.16700067,0.18833356,0.19715920,0.17596273,0.18673558
29244,1,0.10861405,0,0.16700067,0.10861405,0.12015940,0.15014231,0.14355622
29248,0,0.22767038,1,0.16700067,0.22767038,0.23395969,0.18789920,0.20984151
29266,1,0.10861405,0,0.16700067,0.10861405,0.12015940,0.15014231,0.14355622
29298,0,0.21249869,1,0.16700067,0.21249869,0.21983408,0.16025304,0.15938215
29318,0,0.19082744,1,0.16700067,0.19082744,0.19951037,0.18058399,0.19544052
29319,0,0.29232489,1,0.16700067,0.29232489,0.29344294,0.17172264,0.17901417
29330,0,0.18833356,1,0.16700067,0.18833356,0.19715920,0.17596273,0.18673558
29338,0,0.18833356,1,0.16700067,0.18833356,0.19715920,0.17596273,0.18673558
29345,1,0.16633602,0,0.16700067,0.16633602,0.17629462,0.17115968,0.17800798
29367,0,0.21249869,1,0.16700067,0.21249869,0.21983408,0.16025304,0.15938215
29376,1,0.13826613,0,0.16700067,0.13826613,0.14928692,0.16661587,0.17004869
29392,0,0.84545029,1,0.16700067,0.84545029,0.81378926,0.74259677,0.99565672
29401,1,0.12411448,0,0.16700067,0.12411448,0.13547300,0.13100286,0.11718792
29406,0,0.21249869,1,0.16700067,0.21249869,0.21983408,0.16025304,0.15938215
29411,0,0.26591793,1,0.16700067,0.26591793,0.26926642,0.18967735,0.21345751
29430,0,0.21620878,1,0.16700067,0.21620878,0.22329563,0.17818471,0.19088325
29436,0,0.18833356,1,0.16700067,0.18833356,0.19715920,0.17596273,0.18673558
29443,0,0.24228642,1,0.16700067,0.24228642,0.24749888,0.17693215,0.18853655
29453,0,0.20525698,1,0.16700067,0.20525698,0.21306309,0.17709337,0.18883737
29459,0,0.18833356,1,0.16700067,0.18833356,0.19715920,0.17596273,0.18673558
29493,0,0.21249869,1,0.16700067,0.21249869,0.21983408,0.16025304,0.15938215
29517,0,0.26616262,1,0.16700067,0.26616262,0.26949110,0.20278671,0.24150758
29529,0,0.20622882,1,0.16700067,0.20622882,0.21397290,0.19016498,0.21445705
29554,0,0.18833356,1,0.16700067,0.18833356,0.19715920,0.17596273,0.18673558
29559,0,0.18788567,1,0.16700067,0.18788567,0.19673665,0.16440632,0.16628171
29580,1,0.15126940,0,0.16700067,0.15126940,0.16185762,0.16593627,0.16888290
29587,1,0.16633602,0,0.16700067,0.16633602,0.17629462,0.17115968,0.17800798
29594,0,0.18833356,1,0.16700067,0.18833356,0.19715920,0.17596273,0.18673558
29616,0,0.18833356,1,0.16700067,0.18833356,0.19715920,0.17596273,0.18673558
29625,0,0.24709955,1,0.16700067,0.24709955,0.25194397,0.18295441,0.20002341
29629,1,0.15706508,0,0.16700067,0.15706508,0.16742651,0.15958890,0.15830064
29640,0,0.18125078,1,0.16700067,0.18125078,0.19046657,0.18329517,0.20068880
29642,0,0.18833356,1,0.16700067,0.18833356,0.19715920,0.17596273,0.18673558
29654,1,0.11956091,0,0.16700067,0.11956091,0.13099546,0.15324070,0.14826189
29668,0,0.28217904,1,0.16700067,0.28217904,0.28417019,0.22243705,0.28803768
29679,0,0.23516401,1,0.16700067,0.23516401,0.24090915,0.18064658,0.19556050
29705,0,0.18833356,1,0.16700067,0.18833356,0.19715920,0.17596273,0.18673558
29730,0,0.18833356,1,0.16700067,0.18833356,0.19715920,0.17596273,0.18673558
29743,1,0.08458531,0,0.16700067,0.08458531,0.09596015,0.15088091,0.14466655
29746,0,0.18833356,1,0.16700067,0.18833356,0.19715920,0.17596273,0.18673558
29751,0,0.18833356,1,0.16700067,0.18833356,0.19715920,0.17596273,0.18673558
29756,0,0.21914144,1,0.16700067,0.21914144,0.22602842,0.16180521,0.16193311
29834,0,0.18833356,1,0.16700067,0.18833356,0.19715920,0.17596273,0.18673558
29843,0,0.21648819,1,0.16700067,0.21648819,0.22355612,0.17445030,0.18395231
29872,0,0.18833356,1,0.16700067,0.18833356,0.19715920,0.17596273,0.18673558
29938,0,0.21249869,1,0.16700067,0.21249869,0.21983408,0.16025304,0.15938215
29952,0,0.18833356,1,0.16700067,0.18833356,0.19715920,0.17596273,0.18673558
29970,0,0.18833356,1,0.16700067,0.18833356,0.19715920,0.17596273,0.18673558
29987,0,0.28226461,1,0.16700067,0.28226461,0.28424848,0.17679763,0.18828586
30001,0,0.18833356,1,0.16700067,0.18833356,0.19715920,0.17596273,0.18673558
30006,0,0.20522349,1,0.16700067,0.20522349,0.21303173,0.18650729,0.20704250
30021,0,0.21249869,1,0.16700067,0.21249869,0.21983408,0.16025304,0.15938215
30058,1,0.13623584,0,0.16700067,0.13623584,0.14731400,0.16082614,0.16032022
30077,0,0.18833356,1,0.16700067,0.18833356,0.19715920,0.17596273,0.18673558
30085,0,0.18833356,1,0.16700067,0.18833356,0.19715920,0.17596273,0.18673558
30103,0,0.21249869,1,0.16700067,0.21249869,0.21983408,0.16025304,0.15938215
30106,0,0.18833356,1,0.16700067,0.18833356,0.19715920,0.17596273,0.18673558
30117,1,0.14095950,0,0.16700067,0.14095950,0.15189979,0.14175753,0.13144349
30132,0,0.18833356,1,0.16700067,0.18833356,0.19715920,0.17596273,0.18673558
30159,0,0.22416197,1,0.16700067,0.22416197,0.23070002,0.18286446,0.19984804
30167,1,0.09816023,0,0.16700067,0.09816023,0.10970713,0.14869861,0.14140639
30174,1,0.12126578,0,0.16700067,0.12126578,0.13267384,0.18564361,0.20531962
30213,0,0.18833356,1,0.16700067,0.18833356,0.19715920,0.17596273,0.18673558
30224,1,0.14538995,0,0.16700067,0.14538995,0.15618729,0.17940045,0.19318225
30240,0,0.21249869,1,0.16700067,0.21249869,0.21983408,0.16025304,0.15938215
30244,0,0.21249869,1,0.16700067,0.21249869,0.21983408,0.16025304,0.15938215
30253,1,0.09816023,0,0.16700067,0.09816023,0.10970713,0.14869861,0.14140639
30266,1,0.13623584,0,0.16700067,0.13623584,0.14731400,0.16082614,0.16032022
30268,0,0.18833356,1,0.16700067,0.18833356,0.19715920,0.17596273,0.18673558
30271,0,0.21249869,1,0.16700067,0.21249869,0.21983408,0.16025304,0.15938215
30291,0,0.26975091,1,0.16700067,0.26975091,0.27278447,0.24281990,0.34152461
30302,0,0.19981418,1,0.16700067,0.19981418,0.20796092,0.17445030,0.18395231
30307,0,0.20525698,1,0.16700067,0.20525698,0.21306309,0.17709337,0.18883737
30308,1,0.10407019,0,0.16700067,0.10407019,0.11562946,0.15734031,0.15468315
30319,0,0.18833356,1,0.16700067,0.18833356,0.19715920,0.17596273,0.18673558
30320,1,0.16633602,0,0.16700067,0.16633602,0.17629462,0.17115968,0.17800798
30338,0,0.23963852,1,0.16700067,0.23963852,0.24505071,0.18226284,0.19867808
30366,0,0.28363418,1,0.16700067,0.28363418,0.28550127,0.18720084,0.20843371
30375,1,0.13847887,0,0.16700067,0.13847887,0.14949348,0.17791990,0.19038527
30378,0,0.34361061,1,0.16700067,0.34361061,0.34008207,0.20332556,0.24271265
30383,0,0.43992624,1,0.16700067,0.43992624,0.42720605,0.23928341,0.33189866
30400,0,0.18833356,1,0.16700067,0.18833356,0.19715920,0.17596273,0.18673558
30419,0,0.18833356,1,0.16700067,0.18833356,0.19715920,0.17596273,0.18673558
30439,1,0.10861405,0,0.16700067,0.10861405,0.12015940,0.15014231,0.14355622
30448,0,0.24379008,1,0.16700067,0.24379008,0.24888824,0.19395220,0.22233562
30464,0,0.32860625,1,0.16700067,0.32860625,0.32647020,0.19328507,0.22093293
30470,0,0.18833356,1,0.16700067,0.18833356,0.19715920,0.17596273,0.18673558
30478,0,0.21249869,1,0.16700067,0.21249869,0.21983408,0.16025304,0.15938215
30491,0,0.18833356,1,0.16700067,0.18833356,0.19715920,0.17596273,0.18673558
30493,1,0.16633602,0,0.16700067,0.16633602,0.17629462,0.17115968,0.17800798
30512,0,0.29210509,1,0.16700067,0.29210509,0.29324224,0.16881126,0.17385843
30536,0,0.20442594,1,0.16700067,0.20442594,0.21228481,0.17561498,0.18609278
30556,0,0.18833356,1,0.16700067,0.18833356,0.19715920,0.17596273,0.18673558
30569,1,0.12411448,0,0.16700067,0.12411448,0.13547300,0.13100286,0.11718792
30582,0,0.18833356,1,0.16700067,0.18833356,0.19715920,0.17596273,0.18673558
30606,1,0.12839232,0,0.16700067,0.12839232,0.13966447,0.17787069,0.19029284
30609,1,0.15126940,0,0.16700067,0.15126940,0.16185762,0.16593627,0.16888290
30615,0,0.18599105,1,0.16700067,0.18599105,0.19494824,0.19034544,0.21482781
30619,0,0.18833356,1,0.16700067,0.18833356,0.19715920,0.17596273,0.18673558
30627,0,0.19812002,1,0.16700067,0.19812002,0.20637039,0.17543650,0.18576352
30639,0,0.38446518,1,0.16700067,0.38446518,0.37706145,0.21745548,0.27574859
30652,0,0.18833356,1,0.16700067,0.18833356,0.19715920,0.17596273,0.18673558
30657,0,0.24848273,1,0.16700067,0.24848273,0.25322023,0.17981512,0.19397120
30660,1,0.10610182,0,0.16700067,0.10610182,0.11765731,0.17281022,0.18097059
30680,1,0.16633602,0,0.16700067,0.16633602,0.17629462,0.17115968,0.17800798
30693,0,0.26909984,1,0.16700067,0.26909984,0.27218713,0.21294453,0.26490499
30728,0,0.20525698,1,0.16700067,0.20525698,0.21306309,0.17709337,0.18883737
30737,0,0.18833356,1,0.16700067,0.18833356,0.19715920,0.17596273,0.18673558
30751,0,0.19256501,1,0.16700067,0.19256501,0.20114691,0.18525042,0.20453881
30752,0,0.21258767,1,0.16700067,0.21258767,0.21991716,0.17445030,0.18395231
30783,0,0.23716234,1,0.16700067,0.23716234,0.24275950,0.16526621,0.16773969
30803,1,0.16633602,0,0.16700067,0.16633602,0.17629462,0.17115968,0.17800798
30816,0,0.18833356,1,0.16700067,0.18833356,0.19715920,0.17596273,0.18673558
30851,0,0.18833356,1,0.16700067,0.18833356,0.19715920,0.17596273,0.18673558
30862,0,0.18833356,1,0.16700067,0.18833356,0.19715920,0.17596273,0.18673558
30866,0,0.19422484,1,0.16700067,0.19422484,0.20270903,0.16226043,0.16268749
30867,0,0.18833356,1,0.16700067,0.18833356,0.19715920,0.17596273,0.18673558
30887,0,0.19422484,1,0.16700067,0.19422484,0.20270903,0.16226043,0.16268749
30894,1,0.08146308,0,0.16700067,0.08146308,0.09276722,0.15651801,0.15337720
30906,1,0.13982969,0,0.16700067,0.13982969,0.15080435,0.17086035,0.17747480
30918,0,0.21249869,1,0.16700067,0.21249869,0.21983408,0.16025304,0.15938215
30923,1,0.13826613,0,0.16700067,0.13826613,0.14928692,0.16661587,0.17004869
30957,0,0.18833356,1,0.16700067,0.18833356,0.19715920,0.17596273,0.18673558
30966,0,0.18833356,1,0.16700067,0.18833356,0.19715920,0.17596273,0.18673558
30990,0,0.20910580,1,0.16700067,0.20910580,0.21666416,0.17382422,0.18280962
31004,0,0.31909064,1,0.16700067,0.31909064,0.31782524,0.20188988,0.23951096
31011,0,0.19063097,1,0.16700067,0.19063097,0.19932523,0.15281021,0.14760055
31031,0,0.43992624,1,0.16700067,0.43992624,0.42720605,0.23928341,0.33189866
31039,1,0.12411448,0,0.16700067,0.12411448,0.13547300,0.13100286,0.11718792
31041,0,0.18113233,1,0.16700067,0.18113233,0.19035444,0.18008164,0.19447958
31051,0,0.18833356,1,0.16700067,0.18833356,0.19715920,0.17596273,0.18673558
31066,0,0.18833356,1,0.16700067,0.18833356,0.19715920,0.17596273,0.18673558
31068,1,0.12411448,0,0.16700067,0.12411448,0.13547300,0.13100286,0.11718792
31073,0,0.25886716,1,0.16700067,0.25886716,0.26278625,0.17120006,0.17808000
31091,0,0.18833356,1,0.16700067,0.18833356,0.19715920,0.17596273,0.18673558
31094,0,0.26401308,1,0.16700067,0.26401308,0.26751686,0.19472437,0.22396709
31101,1,0.16633602,0,0.16700067,0.16633602,0.17629462,0.17115968,0.17800798
31110,0,0.18833356,1,0.16700067,0.18833356,0.19715920,0.17596273,0.18673558
31139,0,0.18833356,1,0.16700067,0.18833356,0.19715920,0.17596273,0.18673558
31146,1,0.16707648,0,0.16700067,0.16707648,0.17700087,0.18230795,0.19876562
31154,0,0.33269616,1,0.16700067,0.33269616,0.33018276,0.19737533,0.22963278
31156,1,0.10861405,0,0.16700067,0.10861405,0.12015940,0.15014231,0.14355622
31161,0,0.18833356,1,0.16700067,0.18833356,0.19715920,0.17596273,0.18673558
31169,0,0.18833356,1,0.16700067,0.18833356,0.19715920,0.17596273,0.18673558
31186,0,0.22997291,1,0.16700067,0.22997291,0.23609685,0.22796083,0.30203842
31210,0,0.47071338,1,0.16700067,0.47071338,0.45508861,0.29129956,0.48359657
31228,0,0.18833356,1,0.16700067,0.18833356,0.19715920,0.17596273,0.18673558
31256,0,0.19063097,1,0.16700067,0.19063097,0.19932523,0.15281021,0.14760055
31257,0,0.20303631,1,0.16700067,0.20303631,0.21098280,0.14351744,0.13391174
31295,1,0.09816023,0,0.16700067,0.09816023,0.10970713,0.14869861,0.14140639
31304,0,0.26210335,1,0.16700067,0.26210335,0.26576198,0.18161447,0.19742298
31305,0,0.18833356,1,0.16700067,0.18833356,0.19715920,0.17596273,0.18673558
31315,0,0.21249869,1,0.16700067,0.21249869,0.21983408,0.16025304,0.15938215
31331,0,0.19749008,1,0.16700067,0.19749008,0.20577870,0.16828025,0.17293082
31340,0,0.25782297,1,0.16700067,0.25782297,0.26182556,0.18374540,0.20157050
31359,0,0.23848269,1,0.16700067,0.23848269,0.24398144,0.14817501,0.14063336
31365,0,0.30513610,1,0.16700067,0.30513610,0.30512659,0.19421603,0.22289210
31367,0,0.21082199,1,0.16700067,0.21082199,0.21826809,0.19356945,0.22153007
31374,0,0.18833356,1,0.16700067,0.18833356,0.19715920,0.17596273,0.18673558
31397,0,0.21249869,1,0.16700067,0.21249869,0.21983408,0.16025304,0.15938215
31411,0,0.18833356,1,0.16700067,0.18833356,0.19715920,0.17596273,0.18673558
31419,0,0.18833356,1,0.16700067,0.18833356,0.19715920,0.17596273,0.18673558
31428,0,0.25171864,1,0.16700067,0.25171864,0.25620405,0.18975010,0.21360643
31437,0,0.21258767,1,0.16700067,0.21258767,0.21991716,0.17445030,0.18395231
31453,0,0.19316641,1,0.16700067,0.19316641,0.20171304,0.14920601,0.14215888
31464,0,0.18833356,1,0.16700067,0.18833356,0.19715920,0.17596273,0.18673558
31466,0,0.21249869,1,0.16700067,0.21249869,0.21983408,0.16025304,0.15938215
31504,0,0.18833356,1,0.16700067,0.18833356,0.19715920,0.17596273,0.18673558
31506,0,0.23378279,1,0.16700067,0.23378279,0.23962951,0.17626576,0.18729712
31508,0,0.18133390,1,0.16700067,0.18133390,0.19054524,0.17025028,0.17639198
31520,0,0.23963852,1,0.16700067,0.23963852,0.24505071,0.18226284,0.19867808
31535,0,0.21249869,1,0.16700067,0.21249869,0.21983408,0.16025304,0.15938215
31537,0,0.28722507,1,0.16700067,0.28722507,0.28878432,0.19649396,0.22773799
31539,1,0.17168475,0,0.16700067,0.17168475,0.18138983,0.17096291,0.17765734
31541,0,0.21249869,1,0.16700067,0.21249869,0.21983408,0.16025304,0.15938215
31554,0,0.19505146,1,0.16700067,0.19505146,0.20348656,0.18535884,0.20475390
31555,1,0.06925868,0,0.16700067,0.06925868,0.08015914,0.12795311,0.11339685
31556,0,0.18833356,1,0.16700067,0.18833356,0.19715920,0.17596273,0.18673558
31560,0,0.21249869,1,0.16700067,0.21249869,0.21983408,0.16025304,0.15938215
31604,0,0.18833356,1,0.16700067,0.18833356,0.19715920,0.17596273,0.18673558
31609,0,0.21249869,1,0.16700067,0.21249869,0.21983408,0.16025304,0.15938215
31614,0,0.35282622,1,0.16700067,0.35282622,0.34843249,0.21308358,0.26523516
31636,0,0.19267374,1,0.16700067,0.19267374,0.20124927,0.16944891,0.17497753
31661,0,0.18833356,1,0.16700067,0.18833356,0.19715920,0.17596273,0.18673558
31662,0,0.21249869,1,0.16700067,0.21249869,0.21983408,0.16025304,0.15938215
31666,0,0.21249869,1,0.16700067,0.21249869,0.21983408,0.16025304,0.15938215
31672,0,0.18833356,1,0.16700067,0.18833356,0.19715920,0.17596273,0.18673558
31689,0,0.18833356,1,0.16700067,0.18833356,0.19715920,0.17596273,0.18673558
31695,0,0.21178701,1,0.16700067,0.21178701,0.21916952,0.17940620,0.19319318
31698,0,0.18833356,1,0.16700067,0.18833356,0.19715920,0.17596273,0.18673558
31701,0,0.23516401,1,0.16700067,0.23516401,0.24090915,0.18064658,0.19556050
31715,0,0.25004581,1,0.16700067,0.25004581,0.25466188,0.17142601,0.17848344
31717,0,0.18833356,1,0.16700067,0.18833356,0.19715920,0.17596273,0.18673558
31733,0,0.18833356,1,0.16700067,0.18833356,0.19715920,0.17596273,0.18673558
31737,0,0.21620878,1,0.16700067,0.21620878,0.22329563,0.17818471,0.19088325
31741,0,0.18113233,1,0.16700067,0.18113233,0.19035444,0.18008164,0.19447958
31751,0,0.27147281,1,0.16700067,0.27147281,0.27436386,0.17502994,0.18501519
31755,0,0.21249869,1,0.16700067,0.21249869,0.21983408,0.16025304,0.15938215
31765,0,0.26975091,1,0.16700067,0.26975091,0.27278447,0.24281990,0.34152461
31775,0,0.18833356,1,0.16700067,0.18833356,0.19715920,0.17596273,0.18673558
31777,1,0.15720584,0,0.16700067,0.15720584,0.16756151,0.16495495,0.16721077
31811,0,0.18833356,1,0.16700067,0.18833356,0.19715920,0.17596273,0.18673558
31822,0,0.21249869,1,0.16700067,0.21249869,0.21983408,0.16025304,0.15938215
31826,0,0.24288032,1,0.16700067,0.24288032,0.24804770,0.18438099,0.20282010
31831,0,0.18833356,1,0.16700067,0.18833356,0.19715920,0.17596273,0.18673558
31833,0,0.21322272,1,0.16700067,0.21322272,0.22051000,0.17445030,0.18395231
31834,0,0.18833356,1,0.16700067,0.18833356,0.19715920,0.17596273,0.18673558
31836,1,0.15676798,0,0.16700067,0.15676798,0.16714151,0.17844460,0.19137295
31845,0,0.23097563,1,0.16700067,0.23097563,0.23702704,0.18478000,0.20360754
31855,0,0.48147045,1,0.16700067,0.48147045,0.46484786,0.36937454,0.70805173
31864,1,0.16633602,0,0.16700067,0.16633602,0.17629462,0.17115968,0.17800798
31876,0,0.21249869,1,0.16700067,0.21249869,0.21983408,0.16025304,0.15938215
31880,0,0.18833356,1,0.16700067,0.18833356,0.19715920,0.17596273,0.18673558
31921,0,0.23963852,1,0.16700067,0.23963852,0.24505071,0.18226284,0.19867808
31936,0,0.26754089,1,0.16700067,0.26754089,0.27075643,0.18336174,0.20081899
31942,0,0.21249869,1,0.16700067,0.21249869,0.21983408,0.16025304,0.15938215
31962,0,0.18833356,1,0.16700067,0.18833356,0.19715920,0.17596273,0.18673558
31999,0,0.21215875,1,0.16700067,0.21215875,0.21951668,0.15565494,0.15201625
32024,0,0.20525698,1,0.16700067,0.20525698,0.21306309,0.17709337,0.18883737
32032,0,0.21620878,1,0.16700067,0.21620878,0.22329563,0.17818471,0.19088325
32043,0,0.23397321,1,0.16700067,0.23397321,0.23980597,0.17384820,0.18285328
32068,0,0.18833356,1,0.16700067,0.18833356,0.19715920,0.17596273,0.18673558
32079,0,0.57181062,1,0.16700067,0.57181062,0.54740997,0.43475016,0.84326684
32112,1,0.09180981,0,0.16700067,0.09180981,0.10330240,0.14423769,0.13493314
32124,0,0.20525698,1,0.16700067,0.20525698,0.21306309,0.17709337,0.18883737
32172,0,0.21249869,1,0.16700067,0.21249869,0.21983408,0.16025304,0.15938215
32185,0,0.31917085,1,0.16700067,0.31917085,0.31789815,0.20443908,0.24521585
32239,0,0.27079723,1,0.16700067,0.27079723,0.27374427,0.22529010,0.29522086
32250,0,0.20525698,1,0.16700067,0.20525698,0.21306309,0.17709337,0.18883737
32252,0,0.28363418,1,0.16700067,0.28363418,0.28550127,0.18720084,0.20843371
32255,0,0.21249869,1,0.16700067,0.21249869,0.21983408,0.16025304,0.15938215
32280,0,0.18833356,1,0.16700067,0.18833356,0.19715920,0.17596273,0.18673558
32294,1,0.16633602,0,0.16700067,0.16633602,0.17629462,0.17115968,0.17800798
32328,0,0.21249869,1,0.16700067,0.21249869,0.21983408,0.16025304,0.15938215
32346,0,0.18833356,1,0.16700067,0.18833356,0.19715920,0.17596273,0.18673558
32360,1,0.17970168,0,0.16700067,0.17970168,0.18899971,0.16160904,0.16160890
32378,0,0.18833356,1,0.16700067,0.18833356,0.19715920,0.17596273,0.18673558
32379,0,0.18768353,1,0.16700067,0.18768353,0.19654592,0.17545308,0.18579408
32406,0,0.18833356,1,0.16700067,0.18833356,0.19715920,0.17596273,0.18673558
32432,0,0.21249869,1,0.16700067,0.21249869,0.21983408,0.16025304,0.15938215
32444,1,0.16633602,0,0.16700067,0.16633602,0.17629462,0.17115968,0.17800798
32454,1,0.16633602,0,0.16700067,0.16633602,0.17629462,0.17115968,0.17800798
32482,0,0.30007065,1,0.16700067,0.30007065,0.30051010,0.19117905,0.21654654
32485,0,0.21249869,1,0.16700067,0.21249869,0.21983408,0.16025304,0.15938215
32502,1,0.12411448,0,0.16700067,0.12411448,0.13547300,0.13100286,0.11718792
32519,0,0.21249869,1,0.16700067,0.21249869,0.21983408,0.16025304,0.15938215
32522,0,0.51519810,1,0.16700067,0.51519810,0.49552777,0.27411580,0.43166211
32530,0,0.23097563,1,0.16700067,0.23097563,0.23702704,0.18478000,0.20360754
32538,1,0.11500028,0,0.16700067,0.11500028,0.12649374,0.15130112,0.14530143
32545,1,0.12411448,0,0.16700067,0.12411448,0.13547300,0.13100286,0.11718792
32555,1,0.13117377,0,0.16700067,0.13117377,0.14238228,0.17160550,0.17880443
32560,0,0.20433624,1,0.16700067,0.20433624,0.21220079,0.21627841,0.27289274
32573,0,0.23127555,1,0.16700067,0.23127555,0.23730521,0.16526621,0.16773969
32574,0,0.25882777,1,0.16700067,0.25882777,0.26275001,0.18454012,0.20313388
32590,0,0.21249869,1,0.16700067,0.21249869,0.21983408,0.16025304,0.15938215
32600,0,0.27939278,1,0.16700067,0.27939278,0.28162033,0.18698512,0.20800024
32609,0,0.23963852,1,0.16700067,0.23963852,0.24505071,0.18226284,0.19867808
32613,0,0.18425012,1,0.16700067,0.18425012,0.19330348,0.16309784,0.16408258
32614,0,0.18833356,1,0.16700067,0.18833356,0.19715920,0.17596273,0.18673558
32661,0,0.18833356,1,0.16700067,0.18833356,0.19715920,0.17596273,0.18673558
32667,0,0.18833356,1,0.16700067,0.18833356,0.19715920,0.17596273,0.18673558
32673,0,0.21249869,1,0.16700067,0.21249869,0.21983408,0.16025304,0.15938215
32677,0,0.18833356,1,0.16700067,0.18833356,0.19715920,0.17596273,0.18673558
32683,0,0.38167134,1,0.16700067,0.38167134,0.37453515,0.27281230,0.42776884
32687,0,0.21249869,1,0.16700067,0.21249869,0.21983408,0.16025304,0.15938215
32709,0,0.21249869,1,0.16700067,0.21249869,0.21983408,0.16025304,0.15938215
32713,0,0.18833356,1,0.16700067,0.18833356,0.19715920,0.17596273,0.18673558
32718,0,0.18833356,1,0.16700067,0.18833356,0.19715920,0.17596273,0.18673558
32736,0,0.23264366,1,0.16700067,0.23264366,0.23857373,0.18444677,0.20294978
32740,0,0.18833356,1,0.16700067,0.18833356,0.19715920,0.17596273,0.18673558
32741,0,0.31147487,1,0.16700067,0.31147487,0.31089819,0.19422976,0.22292107
32781,1,0.10861405,0,0.16700067,0.10861405,0.12015940,0.15014231,0.14355622
32784,1,0.17732549,0,0.16700067,0.17732549,0.18674745,0.17445030,0.18395231
32804,0,0.18833356,1,0.16700067,0.18833356,0.19715920,0.17596273,0.18673558
32835,1,0.10861405,0,0.16700067,0.10861405,0.12015940,0.15014231,0.14355622
32840,0,0.18833356,1,0.16700067,0.18833356,0.19715920,0.17596273,0.18673558
32853,0,0.29896113,1,0.16700067,0.29896113,0.29949838,0.19383580,0.22209042
32868,1,0.06925868,0,0.16700067,0.06925868,0.08015914,0.12795311,0.11339685
32875,0,0.18833356,1,0.16700067,0.18833356,0.19715920,0.17596273,0.18673558
32897,0,0.18373776,1,0.16700067,0.18373776,0.19281916,0.17373722,0.18265125
32898,0,0.18833356,1,0.16700067,0.18833356,0.19715920,0.17596273,0.18673558
32904,0,0.18113233,1,0.16700067,0.18113233,0.19035444,0.18008164,0.19447958
32909,1,0.10407019,0,0.16700067,0.10407019,0.11562946,0.15734031,0.15468315
32923,0,0.21712784,1,0.16700067,0.21712784,0.22415237,0.19049185,0.21512896
32939,0,0.26189786,1,0.16700067,0.26189786,0.26557310,0.18246204,0.19906489
32966,1,0.13623584,0,0.16700067,0.13623584,0.14731400,0.16082614,0.16032022
32968,1,0.16085683,0,0.16700067,0.16085683,0.17105929,0.17616464,0.18710958
32981,1,0.06925868,0,0.16700067,0.06925868,0.08015914,0.12795311,0.11339685
32986,0,0.26401308,1,0.16700067,0.26401308,0.26751686,0.19472437,0.22396709
32999,0,0.21651392,1,0.16700067,0.21651392,0.22358010,0.20220468,0.24021050
33036,1,0.16633602,0,0.16700067,0.16633602,0.17629462,0.17115968,0.17800798
33046,1,0.17825411,0,0.16700067,0.17825411,0.18762795,0.14964899,0.14281857
33076,0,0.40346181,1,0.16700067,0.40346181,0.39423494,0.28273918,0.45760920
33099,0,0.20553243,1,0.16700067,0.20553243,0.21332099,0.18064658,0.19556050
33112,0,0.18833356,1,0.16700067,0.18833356,0.19715920,0.17596273,0.18673558
33118,1,0.16633602,0,0.16700067,0.16633602,0.17629462,0.17115968,0.17800798
33120,0,0.19324753,1,0.16700067,0.19324753,0.20178939,0.18650729,0.20704250
33161,0,0.22324560,1,0.16700067,0.22324560,0.22984796,0.17065759,0.17711435
33194,0,0.23377216,1,0.16700067,0.23377216,0.23961966,0.17713894,0.18892246
33219,0,0.21249869,1,0.16700067,0.21249869,0.21983408,0.16025304,0.15938215
33221,0,0.18833356,1,0.16700067,0.18833356,0.19715920,0.17596273,0.18673558
33231,0,0.18833356,1,0.16700067,0.18833356,0.19715920,0.17596273,0.18673558
33245,0,0.21249869,1,0.16700067,0.21249869,0.21983408,0.16025304,0.15938215
33247,0,0.18833356,1,0.16700067,0.18833356,0.19715920,0.17596273,0.18673558
33301,1,0.14935427,0,0.16700067,0.14935427,0.16001298,0.17572148,0.18628946
33307,0,0.21620878,1,0.16700067,0.21620878,0.22329563,0.17818471,0.19088325
33316,0,0.18833356,1,0.16700067,0.18833356,0.19715920,0.17596273,0.18673558
33345,0,0.61531378,1,0.16700067,0.61531378,0.58773559,0.23542099,0.32154396
33353,0,0.25787166,1,0.16700067,0.25787166,0.26187036,0.18208949,0.19834194
33390,0,0.23510018,1,0.16700067,0.23510018,0.24085002,0.21478047,0.26928522
33405,1,0.16633602,0,0.16700067,0.16633602,0.17629462,0.17115968,0.17800798
33413,0,0.18833356,1,0.16700067,0.18833356,0.19715920,0.17596273,0.18673558
33420,0,0.18833356,1,0.16700067,0.18833356,0.19715920,0.17596273,0.18673558
33421,1,0.12411448,0,0.16700067,0.12411448,0.13547300,0.13100286,0.11718792
33436,0,0.20749071,1,0.16700067,0.20749071,0.21515371,0.17540224,0.18570037
33444,0,0.23702997,1,0.16700067,0.23702997,0.24263696,0.19641262,0.22756369
33459,0,0.18833356,1,0.16700067,0.18833356,0.19715920,0.17596273,0.18673558
33464,1,0.10861405,0,0.16700067,0.10861405,0.12015940,0.15014231,0.14355622
33466,0,0.18833356,1,0.16700067,0.18833356,0.19715920,0.17596273,0.18673558
33477,0,0.27833024,1,0.16700067,0.27833024,0.28064755,0.18359448,0.20127462
33492,0,0.26210335,1,0.16700067,0.26210335,0.26576198,0.18161447,0.19742298
33505,0,0.21249869,1,0.16700067,0.21249869,0.21983408,0.16025304,0.15938215
33513,0,0.20460639,1,0.16700067,0.20460639,0.21245382,0.16456016,0.16654181
33564,0,0.18833356,1,0.16700067,0.18833356,0.19715920,0.17596273,0.18673558
33593,0,0.21249869,1,0.16700067,0.21249869,0.21983408,0.16025304,0.15938215
33601,0,0.38279185,1,0.16700067,0.38279185,0.37554838,0.16025304,0.15938215
33611,1,0.10861405,0,0.16700067,0.10861405,0.12015940,0.15014231,0.14355622
33628,0,0.21249869,1,0.16700067,0.21249869,0.21983408,0.16025304,0.15938215
33635,0,0.21648819,1,0.16700067,0.21648819,0.22355612,0.17445030,0.18395231
33688,0,0.18833356,1,0.16700067,0.18833356,0.19715920,0.17596273,0.18673558
33698,1,0.16633602,0,0.16700067,0.16633602,0.17629462,0.17115968,0.17800798
33703,1,0.16252152,0,0.16700067,0.16252152,0.17265163,0.16484600,0.16702594
33724,0,0.18833356,1,0.16700067,0.18833356,0.19715920,0.17596273,0.18673558
33728,0,0.18833356,1,0.16700067,0.18833356,0.19715920,0.17596273,0.18673558
33739,0,0.24577549,1,0.16700067,0.24577549,0.25072179,0.18212295,0.19840678
33762,0,0.18833356,1,0.16700067,0.18833356,0.19715920,0.17596273,0.18673558
33764,1,0.17970168,0,0.16700067,0.17970168,0.18899971,0.16160904,0.16160890
33765,1,0.10861405,0,0.16700067,0.10861405,0.12015940,0.15014231,0.14355622
33793,1,0.16633602,0,0.16700067,0.16633602,0.17629462,0.17115968,0.17800798
33797,1,0.10861405,0,0.16700067,0.10861405,0.12015940,0.15014231,0.14355622
33800,0,0.18833356,1,0.16700067,0.18833356,0.19715920,0.17596273,0.18673558
33817,0,0.24114578,1,0.16700067,0.24114578,0.24644452,0.19621940,0.22715001
33826,0,0.19900568,1,0.16700067,0.19900568,0.20720203,0.17919957,0.19280094
33829,0,0.21249869,1,0.16700067,0.21249869,0.21983408,0.16025304,0.15938215
33840,1,0.16434828,0,0.16700067,0.16434828,0.17439724,0.18279538,0.19971344
33844,0,0.18833356,1,0.16700067,0.18833356,0.19715920,0.17596273,0.18673558
33845,0,0.35282622,1,0.16700067,0.35282622,0.34843249,0.21308358,0.26523516
33855,0,0.18833356,1,0.16700067,0.18833356,0.19715920,0.17596273,0.18673558
33863,0,0.19256501,1,0.16700067,0.19256501,0.20114691,0.18525042,0.20453881
33873,0,0.18833356,1,0.16700067,0.18833356,0.19715920,0.17596273,0.18673558
33879,0,0.25105514,1,0.16700067,0.25105514,0.25559246,0.18064658,0.19556050
33915,0,0.18833356,1,0.16700067,0.18833356,0.19715920,0.17596273,0.18673558
33927,0,0.32568381,1,0.16700067,0.32568381,0.32381627,0.24678257,0.35246752
33940,0,0.21061596,1,0.16700067,0.21061596,0.21807560,0.18650446,0.20703683
33960,0,0.21249869,1,0.16700067,0.21249869,0.21983408,0.16025304,0.15938215
33966,0,0.23963852,1,0.16700067,0.23963852,0.24505071,0.18226284,0.19867808
33976,1,0.12411448,0,0.16700067,0.12411448,0.13547300,0.13100286,0.11718792
33988,0,0.21490444,1,0.16700067,0.21490444,0.22207922,0.17193663,0.17939780
33992,1,0.15126940,0,0.16700067,0.15126940,0.16185762,0.16593627,0.16888290
34045,1,0.10861405,0,0.16700067,0.10861405,0.12015940,0.15014231,0.14355622
34052,1,0.06925868,0,0.16700067,0.06925868,0.08015914,0.12795311,0.11339685
34074,0,0.26616262,1,0.16700067,0.26616262,0.26949110,0.20278671,0.24150758
34081,1,0.14357560,0,0.16700067,0.14357560,0.15443304,0.16779216,0.17208163
34089,0,0.25787166,1,0.16700067,0.25787166,0.26187036,0.18208949,0.19834194
34094,0,0.26025163,1,0.16700067,0.26025163,0.26405959,0.16526621,0.16773969
34097,0,0.18833356,1,0.16700067,0.18833356,0.19715920,0.17596273,0.18673558
34098,0,0.19020343,1,0.16700067,0.19020343,0.19892232,0.22529287,0.29522790
34107,0,0.18114795,1,0.16700067,0.18114795,0.19036923,0.14230804,0.13221139
34122,0,0.24288032,1,0.16700067,0.24288032,0.24804770,0.18438099,0.20282010
34150,1,0.10407019,0,0.16700067,0.10407019,0.11562946,0.15734031,0.15468315
34161,0,0.57181062,1,0.16700067,0.57181062,0.54740997,0.43475016,0.84326684
34174,1,0.16633602,0,0.16700067,0.16633602,0.17629462,0.17115968,0.17800798
34178,0,0.20782312,1,0.16700067,0.20782312,0.21546466,0.16886280,0.17394867
34236,0,0.24318350,1,0.16700067,0.24318350,0.24832784,0.18064658,0.19556050
34261,1,0.14962889,0,0.16700067,0.14962889,0.16027763,0.17892514,0.19228094
34283,0,0.21249869,1,0.16700067,0.21249869,0.21983408,0.16025304,0.15938215
34284,0,0.21176304,1,0.16700067,0.21176304,0.21914714,0.19065860,0.21547232
34286,0,0.27600690,1,0.16700067,0.27600690,0.27851967,0.18614180,0.20631210
34306,1,0.15126940,0,0.16700067,0.15126940,0.16185762,0.16593627,0.16888290
34373,0,0.18833356,1,0.16700067,0.18833356,0.19715920,0.17596273,0.18673558
34415,0,0.26821130,1,0.16700067,0.26821130,0.27137175,0.16905418,0.17428409
34419,0,0.21082199,1,0.16700067,0.21082199,0.21826809,0.19356945,0.22153007
34431,0,0.28930396,1,0.16700067,0.28930396,0.29068392,0.18282046,0.19976229
34432,0,0.21249869,1,0.16700067,0.21249869,0.21983408,0.16025304,0.15938215
34470,0,0.31253652,1,0.16700067,0.31253652,0.31186429,0.19772317,0.23038360
34471,0,0.20525698,1,0.16700067,0.20525698,0.21306309,0.17709337,0.18883737
34482,0,0.19976890,1,0.16700067,0.19976890,0.20791843,0.23328357,0.31588749
34487,0,0.18833356,1,0.16700067,0.18833356,0.19715920,0.17596273,0.18673558
34495,1,0.17719923,0,0.16700067,0.17719923,0.18662769,0.17561498,0.18609278
34505,0,0.24636362,1,0.16700067,0.24636362,0.25126472,0.18363187,0.20134790
34580,1,0.16633602,0,0.16700067,0.16633602,0.17629462,0.17115968,0.17800798
34595,0,0.18788567,1,0.16700067,0.18788567,0.19673665,0.16440632,0.16628171
34638,0,0.22767038,1,0.16700067,0.22767038,0.23395969,0.18789920,0.20984151
34665,0,0.26210335,1,0.16700067,0.26210335,0.26576198,0.18161447,0.19742298
34670,0,0.18833356,1,0.16700067,0.18833356,0.19715920,0.17596273,0.18673558
34674,0,0.19063097,1,0.16700067,0.19063097,0.19932523,0.15281021,0.14760055
34675,0,0.21249869,1,0.16700067,0.21249869,0.21983408,0.16025304,0.15938215
34703,0,0.18833356,1,0.16700067,0.18833356,0.19715920,0.17596273,0.18673558
34709,0,0.25886716,1,0.16700067,0.25886716,0.26278625,0.17120006,0.17808000
34713,0,0.18833356,1,0.16700067,0.18833356,0.19715920,0.17596273,0.18673558
34714,0,0.23963852,1,0.16700067,0.23963852,0.24505071,0.18226284,0.19867808
34743,0,0.18238207,1,0.16700067,0.18238207,0.19153708,0.14446513,0.13525703
34762,0,0.22137586,1,0.16700067,0.22137586,0.22810858,0.17430215,0.18368142
34765,0,0.21249869,1,0.16700067,0.21249869,0.21983408,0.16025304,0.15938215
34774,0,0.18833356,1,0.16700067,0.18833356,0.19715920,0.17596273,0.18673558
34778,0,0.24228642,1,0.16700067,0.24228642,0.24749888,0.17693215,0.18853655
34780,1,0.14095950,0,0.16700067,0.14095950,0.15189979,0.14175753,0.13144349
34802,0,0.21009851,1,0.16700067,0.21009851,0.21759207,0.16903059,0.17424271
34830,0,0.39597673,1,0.16700067,0.39597673,0.38746879,0.22522437,0.29505421
34845,0,0.18833356,1,0.16700067,0.18833356,0.19715920,0.17596273,0.18673558
34847,0,0.18113233,1,0.16700067,0.18113233,0.19035444,0.18008164,0.19447958
34852,0,0.21249869,1,0.16700067,0.21249869,0.21983408,0.16025304,0.15938215
34866,0,0.18833356,1,0.16700067,0.18833356,0.19715920,0.17596273,0.18673558
34868,1,0.12575875,0,0.16700067,0.12575875,0.13708575,0.18225247,0.19865795
34872,0,0.21249869,1,0.16700067,0.21249869,0.21983408,0.16025304,0.15938215
34894,0,0.18833356,1,0.16700067,0.18833356,0.19715920,0.17596273,0.18673558
34908,0,0.20199910,1,0.16700067,0.20199910,0.21001050,0.15777344,0.15537466
34915,0,0.18833356,1,0.16700067,0.18833356,0.19715920,0.17596273,0.18673558
34919,0,0.26401308,1,0.16700067,0.26401308,0.26751686,0.19472437,0.22396709
34949,0,0.18833356,1,0.16700067,0.18833356,0.19715920,0.17596273,0.18673558
34994,0,0.28589334,1,0.16700067,0.28589334,0.28756704,0.20677963,0.25053401
35004,0,0.29640264,1,0.16700067,0.29640264,0.29716467,0.17642434,0.18759149
35021,0,0.18833356,1,0.16700067,0.18833356,0.19715920,0.17596273,0.18673558
35031,1,0.16884982,0,0.16700067,0.16884982,0.17869112,0.18825601,0.21056349
35056,0,0.18833356,1,0.16700067,0.18833356,0.19715920,0.17596273,0.18673558
35080,0,0.21913935,1,0.16700067,0.21913935,0.22602647,0.16686658,0.17048038
35089,0,0.30007065,1,0.16700067,0.30007065,0.30051010,0.19117905,0.21654654
35105,1,0.10196023,0,0.16700067,0.10196023,0.11351914,0.13207254,0.11854344
35115,0,0.27600690,1,0.16700067,0.27600690,0.27851967,0.18614180,0.20631210
35118,0,0.18833356,1,0.16700067,0.18833356,0.19715920,0.17596273,0.18673558
35119,0,0.18833356,1,0.16700067,0.18833356,0.19715920,0.17596273,0.18673558
35122,0,0.23099442,1,0.16700067,0.23099442,0.23704447,0.18555047,0.20513446
35140,1,0.10861405,0,0.16700067,0.10861405,0.12015940,0.15014231,0.14355622
35142,0,0.32001661,1,0.16700067,0.32001661,0.31866696,0.18925438,0.21259329
35153,1,0.12411448,0,0.16700067,0.12411448,0.13547300,0.13100286,0.11718792
35157,0,0.21249869,1,0.16700067,0.21249869,0.21983408,0.16025304,0.15938215
35183,0,0.29259974,1,0.16700067,0.29259974,0.29369388,0.19684176,0.22848438
35193,0,0.18833356,1,0.16700067,0.18833356,0.19715920,0.17596273,0.18673558
35202,0,0.25095737,1,0.16700067,0.25095737,0.25550232,0.17732091,0.18926253
35209,0,0.18113233,1,0.16700067,0.18113233,0.19035444,0.18008164,0.19447958
35232,0,0.23097563,1,0.16700067,0.23097563,0.23702704,0.18478000,0.20360754
35247,0,0.23510018,1,0.16700067,0.23510018,0.24085002,0.21478047,0.26928522
35276,1,0.15126940,0,0.16700067,0.15126940,0.16185762,0.16593627,0.16888290
35293,0,0.21082199,1,0.16700067,0.21082199,0.21826809,0.19356945,0.22153007
35301,0,0.42007925,1,0.16700067,0.42007925,0.40925683,0.18039745,0.19508328
35314,0,0.20806811,1,0.16700067,0.20806811,0.21569381,0.18766422,0.20936705
35343,0,0.18833356,1,0.16700067,0.18833356,0.19715920,0.17596273,0.18673558
35392,1,0.16633602,0,0.16700067,0.16633602,0.17629462,0.17115968,0.17800798
35418,0,0.24688383,1,0.16700067,0.24688383,0.25174488,0.17994551,0.19421980
35432,0,0.25540637,1,0.16700067,0.25540637,0.25960120,0.16922098,0.17457684
35441,0,0.26821130,1,0.16700067,0.26821130,0.27137175,0.16905418,0.17428409
35459,0,0.18833356,1,0.16700067,0.18833356,0.19715920,0.17596273,0.18673558
35465,0,0.23225768,1,0.16700067,0.23225768,0.23821590,0.18280018,0.19972278
35477,1,0.10484376,0,0.16700067,0.10484376,0.11640206,0.14985997,0.14313365
35484,0,0.44484925,1,0.16700067,0.44484925,0.43166072,0.22529010,0.29522086
35486,0,0.18833356,1,0.16700067,0.18833356,0.19715920,0.17596273,0.18673558
35492,0,0.29202626,1,0.16700067,0.29202626,0.29317027,0.21421393,0.26792869
35507,1,0.15126940,0,0.16700067,0.15126940,0.16185762,0.16593627,0.16888290
35518,1,0.11334252,0,0.16700067,0.11334252,0.12485296,0.17044356,0.17673447
35519,0,0.23510018,1,0.16700067,0.23510018,0.24085002,0.21478047,0.26928522
35520,0,0.48147045,1,0.16700067,0.48147045,0.46484786,0.36937454,0.70805173
35538,0,0.25431880,1,0.16700067,0.25431880,0.25859969,0.16526621,0.16773969
35546,0,0.43944517,1,0.16700067,0.43944517,0.42677081,0.18786560,0.20977363
35573,1,0.13117377,0,0.16700067,0.13117377,0.14238228,0.17160550,0.17880443
35593,0,0.25971243,1,0.16700067,0.25971243,0.26356373,0.19995828,0.23524916
35598,0,0.18833356,1,0.16700067,0.18833356,0.19715920,0.17596273,0.18673558
35615,0,0.21249869,1,0.16700067,0.21249869,0.21983408,0.16025304,0.15938215
35623,0,0.21878474,1,0.16700067,0.21878474,0.22569618,0.14985997,0.14313365
35636,0,0.18113233,1,0.16700067,0.18113233,0.19035444,0.18008164,0.19447958
35642,0,0.21249869,1,0.16700067,0.21249869,0.21983408,0.16025304,0.15938215
35644,1,0.15843349,0,0.16700067,0.15843349,0.16873849,0.16372818,0.16513904
35648,0,0.34680913,1,0.16700067,0.34680913,0.34298108,0.15827418,0.15617726
35657,0,0.19228061,1,0.16700067,0.19228061,0.20087913,0.20769187,0.25262745
35659,0,0.21249869,1,0.16700067,0.21249869,0.21983408,0.16025304,0.15938215
35663,0,0.24288032,1,0.16700067,0.24288032,0.24804770,0.18438099,0.20282010
35693,1,0.10475302,0,0.16700067,0.10475302,0.11631146,0.17391846,0.18298127
35763,0,0.35282622,1,0.16700067,0.35282622,0.34843249,0.21308358,0.26523516
35769,0,0.24477253,1,0.16700067,0.24477253,0.24979567,0.18959902,0.21329727
35774,0,0.21249869,1,0.16700067,0.21249869,0.21983408,0.16025304,0.15938215
35785,0,0.18113233,1,0.16700067,0.18113233,0.19035444,0.18008164,0.19447958
35809,0,0.18833356,1,0.16700067,0.18833356,0.19715920,0.17596273,0.18673558
35833,0,0.28038207,1,0.16700067,0.28038207,0.28252586,0.18351719,0.20112322
35834,0,0.21249869,1,0.16700067,0.21249869,0.21983408,0.16025304,0.15938215
35858,0,0.24109786,1,0.16700067,0.24109786,0.24640022,0.18508602,0.20421300
35864,1,0.16633602,0,0.16700067,0.16633602,0.17629462,0.17115968,0.17800798
35865,0,0.29640264,1,0.16700067,0.29640264,0.29716467,0.17642434,0.18759149
35902,0,0.18833356,1,0.16700067,0.18833356,0.19715920,0.17596273,0.18673558
35908,0,0.24109786,1,0.16700067,0.24109786,0.24640022,0.18508602,0.20421300
35973,0,0.21249869,1,0.16700067,0.21249869,0.21983408,0.16025304,0.15938215
35984,0,0.18833356,1,0.16700067,0.18833356,0.19715920,0.17596273,0.18673558
36029,1,0.15126940,0,0.16700067,0.15126940,0.16185762,0.16593627,0.16888290
36042,1,0.09178583,0,0.16700067,0.09178583,0.10327814,0.15766624,0.15520327
36052,0,0.18833356,1,0.16700067,0.18833356,0.19715920,0.17596273,0.18673558
36068,0,0.26843024,1,0.16700067,0.26843024,0.27157268,0.28176001,0.45464865
36082,0,0.24703640,1,0.16700067,0.24703640,0.25188569,0.17445030,0.18395231
36103,0,0.20525698,1,0.16700067,0.20525698,0.21306309,0.17709337,0.18883737
36111,0,0.26616262,1,0.16700067,0.26616262,0.26949110,0.20278671,0.24150758
36117,0,0.20433624,1,0.16700067,0.20433624,0.21220079,0.21627841,0.27289274
36125,0,0.21620878,1,0.16700067,0.21620878,0.22329563,0.17818471,0.19088325
36127,0,0.18768353,1,0.16700067,0.18768353,0.19654592,0.17545308,0.18579408
36146,0,0.18833356,1,0.16700067,0.18833356,0.19715920,0.17596273,0.18673558
36155,0,0.18833356,1,0.16700067,0.18833356,0.19715920,0.17596273,0.18673558
36158,0,0.39047573,1,0.16700067,0.39047573,0.38249577,0.24766397,0.35492321
36186,1,0.16633602,0,0.16700067,0.16633602,0.17629462,0.17115968,0.17800798
36206,0,0.18833356,1,0.16700067,0.18833356,0.19715920,0.17596273,0.18673558
36215,0,0.18833356,1,0.16700067,0.18833356,0.19715920,0.17596273,0.18673558
36283,0,0.20925546,1,0.16700067,0.20925546,0.21680407,0.17892514,0.19228094
36330,1,0.16633602,0,0.16700067,0.16633602,0.17629462,0.17115968,0.17800798
36331,1,0.10861405,0,0.16700067,0.10861405,0.12015940,0.15014231,0.14355622
36337,0,0.18833356,1,0.16700067,0.18833356,0.19715920,0.17596273,0.18673558
36343,0,0.18833356,1,0.16700067,0.18833356,0.19715920,0.17596273,0.18673558
36345,0,0.58768008,1,0.16700067,0.58768008,0.56206689,0.31767846,0.56362047
36349,1,0.15126940,0,0.16700067,0.15126940,0.16185762,0.16593627,0.16888290
36362,0,0.21249869,1,0.16700067,0.21249869,0.21983408,0.16025304,0.15938215
36368,0,0.22997291,1,0.16700067,0.22997291,0.23609685,0.22796083,0.30203842
36429,0,0.18113233,1,0.16700067,0.18113233,0.19035444,0.18008164,0.19447958
36482,1,0.16633602,0,0.16700067,0.16633602,0.17629462,0.17115968,0.17800798
36484,0,0.29648177,1,0.16700067,0.29648177,0.29723686,0.21787369,0.27676772
36506,0,0.18833356,1,0.16700067,0.18833356,0.19715920,0.17596273,0.18673558
36522,0,0.19704719,1,0.16700067,0.19704719,0.20536259,0.16452997,0.16649073
36529,0,0.25787166,1,0.16700067,0.25787166,0.26187036,0.18208949,0.19834194
36545,0,0.18833356,1,0.16700067,0.18833356,0.19715920,0.17596273,0.18673558
36561,0,0.30160766,1,0.16700067,0.30160766,0.30191130,0.16023254,0.15934868
36565,1,0.06925868,0,0.16700067,0.06925868,0.08015914,0.12795311,0.11339685
36571,0,0.18833356,1,0.16700067,0.18833356,0.19715920,0.17596273,0.18673558
36590,0,0.18833356,1,0.16700067,0.18833356,0.19715920,0.17596273,0.18673558
36599,0,0.21249869,1,0.16700067,0.21249869,0.21983408,0.16025304,0.15938215
36601,0,0.25313253,1,0.16700067,0.25313253,0.25750693,0.18508602,0.20421300
36612,0,0.20460639,1,0.16700067,0.20460639,0.21245382,0.16456016,0.16654181
36630,0,0.21249869,1,0.16700067,0.21249869,0.21983408,0.16025304,0.15938215
36632,1,0.06925868,0,0.16700067,0.06925868,0.08015914,0.12795311,0.11339685
36636,0,0.18833356,1,0.16700067,0.18833356,0.19715920,0.17596273,0.18673558
36654,0,0.18833356,1,0.16700067,0.18833356,0.19715920,0.17596273,0.18673558
36681,0,0.19187496,1,0.16700067,0.19187496,0.20049713,0.18064658,0.19556050
36687,1,0.15981029,0,0.16700067,0.15981029,0.17005745,0.17388536,0.18292096
36694,0,0.21249869,1,0.16700067,0.21249869,0.21983408,0.16025304,0.15938215
36704,0,0.18833356,1,0.16700067,0.18833356,0.19715920,0.17596273,0.18673558
36706,1,0.06925868,0,0.16700067,0.06925868,0.08015914,0.12795311,0.11339685
36738,0,0.28005702,1,0.16700067,0.28005702,0.28222835,0.20564807,0.24795334
36760,0,0.46503920,1,0.16700067,0.46503920,0.44994482,0.22687500,0.29925585
36776,0,0.18833356,1,0.16700067,0.18833356,0.19715920,0.17596273,0.18673558
36786,0,0.18833356,1,0.16700067,0.18833356,0.19715920,0.17596273,0.18673558
36798,0,0.18833356,1,0.16700067,0.18833356,0.19715920,0.17596273,0.18673558
36833,0,0.26210335,1,0.16700067,0.26210335,0.26576198,0.18161447,0.19742298
36834,0,0.21249869,1,0.16700067,0.21249869,0.21983408,0.16025304,0.15938215
36840,1,0.17168475,0,0.16700067,0.17168475,0.18138983,0.17096291,0.17765734
36885,0,0.18833356,1,0.16700067,0.18833356,0.19715920,0.17596273,0.18673558
36896,0,0.21249869,1,0.16700067,0.21249869,0.21983408,0.16025304,0.15938215
36912,1,0.16008963,0,0.16700067,0.16008963,0.17032491,0.18736190,0.20875776
36967,0,0.18833356,1,0.16700067,0.18833356,0.19715920,0.17596273,0.18673558
36970,1,0.06925868,0,0.16700067,0.06925868,0.08015914,0.12795311,0.11339685
36974,0,0.21249869,1,0.16700067,0.21249869,0.21983408,0.16025304,0.15938215
36988,0,0.18113233,1,0.16700067,0.18113233,0.19035444,0.18008164,0.19447958
37012,0,0.51519810,1,0.16700067,0.51519810,0.49552777,0.27411580,0.43166211
37025,0,0.18833356,1,0.16700067,0.18833356,0.19715920,0.17596273,0.18673558
37029,0,0.18833356,1,0.16700067,0.18833356,0.19715920,0.17596273,0.18673558
37058,0,0.25131541,1,0.16700067,0.25131541,0.25583237,0.18064658,0.19556050
37063,0,0.29232489,1,0.16700067,0.29232489,0.29344294,0.17172264,0.17901417
37067,0,0.23901620,1,0.16700067,0.23901620,0.24447504,0.17799751,0.19053112
37070,1,0.15126940,0,0.16700067,0.15126940,0.16185762,0.16593627,0.16888290
37074,0,0.46503920,1,0.16700067,0.46503920,0.44994482,0.22687500,0.29925585
37093,0,0.19900568,1,0.16700067,0.19900568,0.20720203,0.17919957,0.19280094
37112,0,0.24000129,1,0.16700067,0.24000129,0.24538623,0.18385427,0.20178414
37121,0,0.21082199,1,0.16700067,0.21082199,0.21826809,0.19356945,0.22153007
37125,1,0.15126940,0,0.16700067,0.15126940,0.16185762,0.16593627,0.16888290
37129,0,0.29199546,1,0.16700067,0.29199546,0.29314215,0.17540819,0.18571133
37150,1,0.10861405,0,0.16700067,0.10861405,0.12015940,0.15014231,0.14355622
37166,0,0.21249869,1,0.16700067,0.21249869,0.21983408,0.16025304,0.15938215
37182,1,0.10861405,0,0.16700067,0.10861405,0.12015940,0.15014231,0.14355622
37183,0,0.20806811,1,0.16700067,0.20806811,0.21569381,0.18766422,0.20936705
37186,0,0.18833356,1,0.16700067,0.18833356,0.19715920,0.17596273,0.18673558
37191,1,0.15126940,0,0.16700067,0.15126940,0.16185762,0.16593627,0.16888290
37192,1,0.09141824,0,0.16700067,0.09141824,0.10290602,0.17162670,0.17884238
37204,0,0.18833356,1,0.16700067,0.18833356,0.19715920,0.17596273,0.18673558
37205,0,0.25787166,1,0.16700067,0.25787166,0.26187036,0.18208949,0.19834194
37211,0,0.40293788,1,0.16700067,0.40293788,0.39376134,0.16593627,0.16888290
37225,0,0.34680913,1,0.16700067,0.34680913,0.34298108,0.15827418,0.15617726
37244,0,0.70345434,1,0.16700067,0.70345434,0.67120383,0.56330095,0.96265571
37264,0,0.31430192,1,0.16700067,0.31430192,0.31347047,0.17973909,0.19382637
37270,0,0.18833356,1,0.16700067,0.18833356,0.19715920,0.17596273,0.18673558
37274,0,0.18833356,1,0.16700067,0.18833356,0.19715920,0.17596273,0.18673558
37278,0,0.21322272,1,0.16700067,0.21322272,0.22051000,0.17445030,0.18395231
37279,1,0.15981029,0,0.16700067,0.15981029,0.17005745,0.17388536,0.18292096
37282,0,0.21249869,1,0.16700067,0.21249869,0.21983408,0.16025304,0.15938215
37283,0,0.18833356,1,0.16700067,0.18833356,0.19715920,0.17596273,0.18673558
37284,1,0.12844360,0,0.16700067,0.12844360,0.13971463,0.14011992,0.12918154
37286,0,0.18833356,1,0.16700067,0.18833356,0.19715920,0.17596273,0.18673558
37292,0,0.24520757,1,0.16700067,0.24520757,0.25019742,0.19246389,0.21921505
37298,0,0.18833356,1,0.16700067,0.18833356,0.19715920,0.17596273,0.18673558
37326,0,0.24491546,1,0.16700067,0.24491546,0.24992767,0.16987813,0.17573400
37330,0,0.18833356,1,0.16700067,0.18833356,0.19715920,0.17596273,0.18673558
37334,1,0.10861405,0,0.16700067,0.10861405,0.12015940,0.15014231,0.14355622
37348,0,0.18833356,1,0.16700067,0.18833356,0.19715920,0.17596273,0.18673558
37381,0,0.27657458,1,0.16700067,0.27657458,0.27903969,0.17103673,0.17778882
37386,0,0.21249869,1,0.16700067,0.21249869,0.21983408,0.16025304,0.15938215
37390,0,0.26754089,1,0.16700067,0.26754089,0.27075643,0.18336174,0.20081899
37413,0,0.18833356,1,0.16700067,0.18833356,0.19715920,0.17596273,0.18673558
37439,0,0.18617866,1,0.16700067,0.18617866,0.19512541,0.16304222,0.16398963
37442,0,0.20525698,1,0.16700067,0.20525698,0.21306309,0.17709337,0.18883737
37458,0,0.26189786,1,0.16700067,0.26189786,0.26557310,0.18246204,0.19906489
37463,0,0.19981418,1,0.16700067,0.19981418,0.20796092,0.17445030,0.18395231
37472,0,0.23702997,1,0.16700067,0.23702997,0.24263696,0.19641262,0.22756369
37501,0,0.23225768,1,0.16700067,0.23225768,0.23821590,0.18280018,0.19972278
37516,0,0.21822318,1,0.16700067,0.21822318,0.22517305,0.19080664,0.21577749
37532,0,0.22399163,1,0.16700067,0.22399163,0.23054165,0.17445030,0.18395231
37541,0,0.21249869,1,0.16700067,0.21249869,0.21983408,0.16025304,0.15938215
37576,0,0.21249869,1,0.16700067,0.21249869,0.21983408,0.16025304,0.15938215
37579,0,0.23894869,1,0.16700067,0.23894869,0.24441258,0.18064658,0.19556050
37595,0,0.18833356,1,0.16700067,0.18833356,0.19715920,0.17596273,0.18673558
37607,0,0.21249869,1,0.16700067,0.21249869,0.21983408,0.16025304,0.15938215
37646,0,0.18833356,1,0.16700067,0.18833356,0.19715920,0.17596273,0.18673558
37660,0,0.21249869,1,0.16700067,0.21249869,0.21983408,0.16025304,0.15938215
37661,0,0.34724270,1,0.16700067,0.34724270,0.34337398,0.20110604,0.23777518
37670,0,0.20525698,1,0.16700067,0.20525698,0.21306309,0.17709337,0.18883737
37677,1,0.10861405,0,0.16700067,0.10861405,0.12015940,0.15014231,0.14355622
37726,0,0.18833356,1,0.16700067,0.18833356,0.19715920,0.17596273,0.18673558
37741,0,0.18833356,1,0.16700067,0.18833356,0.19715920,0.17596273,0.18673558
37744,0,0.18833356,1,0.16700067,0.18833356,0.19715920,0.17596273,0.18673558
37758,0,0.19532052,1,0.16700067,0.19532052,0.20373957,0.17596273,0.18673558
37759,0,0.32525077,1,0.16700067,0.32525077,0.32342293,0.18064658,0.19556050
37773,1,0.17168475,0,0.16700067,0.17168475,0.18138983,0.17096291,0.17765734
37784,1,0.10861405,0,0.16700067,0.10861405,0.12015940,0.15014231,0.14355622
37791,0,0.21249869,1,0.16700067,0.21249869,0.21983408,0.16025304,0.15938215
37813,0,0.31917085,1,0.16700067,0.31917085,0.31789815,0.20443908,0.24521585
37817,0,0.18434240,1,0.16700067,0.18434240,0.19339069,0.15801716,0.15576488
37828,0,0.31917085,1,0.16700067,0.31917085,0.31789815,0.20443908,0.24521585
37856,0,0.18624201,1,0.16700067,0.18624201,0.19518523,0.18481497,0.20367665
37874,1,0.11568538,0,0.16700067,0.11568538,0.12717112,0.16189694,0.16208490
37920,0,0.18833356,1,0.16700067,0.18833356,0.19715920,0.17596273,0.18673558
37935,0,0.21914144,1,0.16700067,0.21914144,0.22602842,0.16180521,0.16193311
37954,0,0.27613935,1,0.16700067,0.27613935,0.27864101,0.18587179,0.20577375
37957,0,0.21914144,1,0.16700067,0.21914144,0.22602842,0.16180521,0.16193311
37959,0,0.20525698,1,0.16700067,0.20525698,0.21306309,0.17709337,0.18883737
37965,0,0.18768172,1,0.16700067,0.18768172,0.19654421,0.17654074,0.18780779
37998,0,0.18833356,1,0.16700067,0.18833356,0.19715920,0.17596273,0.18673558
38031,0,0.21249869,1,0.16700067,0.21249869,0.21983408,0.16025304,0.15938215
38032,0,0.18833356,1,0.16700067,0.18833356,0.19715920,0.17596273,0.18673558
38041,1,0.10861405,0,0.16700067,0.10861405,0.12015940,0.15014231,0.14355622
38046,0,0.30629780,1,0.16700067,0.30629780,0.30618478,0.19086157,0.21589079
38049,0,0.26401308,1,0.16700067,0.26401308,0.26751686,0.19472437,0.22396709
38053,0,0.20253030,1,0.16700067,0.20253030,0.21050851,0.18049727,0.19527438
38060,0,0.20910580,1,0.16700067,0.20910580,0.21666416,0.17382422,0.18280962
38117,0,0.22651887,1,0.16700067,0.22651887,0.23289025,0.16223230,0.16264079
38124,1,0.15910627,0,0.16700067,0.15910627,0.16938314,0.16294595,0.16382883
38138,0,0.21515591,1,0.16700067,0.21515591,0.22231378,0.18137046,0.19695219
38152,0,0.35282622,1,0.16700067,0.35282622,0.34843249,0.21308358,0.26523516
38161,0,0.18833356,1,0.16700067,0.18833356,0.19715920,0.17596273,0.18673558
38168,0,0.29202626,1,0.16700067,0.29202626,0.29317027,0.21421393,0.26792869
38175,0,0.19267374,1,0.16700067,0.19267374,0.20124927,0.16944891,0.17497753
38188,1,0.16633602,0,0.16700067,0.16633602,0.17629462,0.17115968,0.17800798
38210,0,0.18833356,1,0.16700067,0.18833356,0.19715920,0.17596273,0.18673558
38212,1,0.06925868,0,0.16700067,0.06925868,0.08015914,0.12795311,0.11339685
38241,0,0.36947286,1,0.16700067,0.36947286,0.36350153,0.21573055,0.27156983
38254,1,0.11960561,0,0.16700067,0.11960561,0.13103950,0.15476517,0.15062359
38255,0,0.29813608,1,0.16700067,0.29813608,0.29874594,0.17244815,0.18031742
38262,0,0.18833356,1,0.16700067,0.18833356,0.19715920,0.17596273,0.18673558
38266,1,0.10861405,0,0.16700067,0.10861405,0.12015940,0.15014231,0.14355622
38271,1,0.16633602,0,0.16700067,0.16633602,0.17629462,0.17115968,0.17800798
38272,0,0.26975091,1,0.16700067,0.26975091,0.27278447,0.24281990,0.34152461
38287,0,0.19076180,1,0.16700067,0.19076180,0.19944851,0.17985987,0.19405650
38298,0,0.23101271,1,0.16700067,0.23101271,0.23706143,0.18385914,0.20179370
38320,0,0.19082744,1,0.16700067,0.19082744,0.19951037,0.18058399,0.19544052
38325,0,0.18833356,1,0.16700067,0.18833356,0.19715920,0.17596273,0.18673558
38342,0,0.24288032,1,0.16700067,0.24288032,0.24804770,0.18438099,0.20282010
38345,0,0.23097563,1,0.16700067,0.23097563,0.23702704,0.18478000,0.20360754
38359,0,0.28038207,1,0.16700067,0.28038207,0.28252586,0.18351719,0.20112322
38394,0,0.21249869,1,0.16700067,0.21249869,0.21983408,0.16025304,0.15938215
38397,0,0.29813608,1,0.16700067,0.29813608,0.29874594,0.17244815,0.18031742
38401,0,0.38167134,1,0.16700067,0.38167134,0.37453515,0.27281230,0.42776884
38435,0,0.48147045,1,0.16700067,0.48147045,0.46484786,0.36937454,0.70805173
38455,0,0.19626419,1,0.16700067,0.19626419,0.20462675,0.23481699,0.31994014
38487,1,0.12411448,0,0.16700067,0.12411448,0.13547300,0.13100286,0.11718792
38490,0,0.18833356,1,0.16700067,0.18833356,0.19715920,0.17596273,0.18673558
38497,1,0.12839232,0,0.16700067,0.12839232,0.13966447,0.17787069,0.19029284
38502,0,0.26978290,1,0.16700067,0.26978290,0.27281383,0.19016498,0.21445705
38508,0,0.26189786,1,0.16700067,0.26189786,0.26557310,0.18246204,0.19906489
38510,0,0.21712784,1,0.16700067,0.21712784,0.22415237,0.19049185,0.21512896
38513,0,0.18833356,1,0.16700067,0.18833356,0.19715920,0.17596273,0.18673558
38525,0,0.18833356,1,0.16700067,0.18833356,0.19715920,0.17596273,0.18673558
38531,1,0.13231855,0,0.16700067,0.13231855,0.14349920,0.15777344,0.15537466
38551,0,0.25171864,1,0.16700067,0.25171864,0.25620405,0.18975010,0.21360643
38554,0,0.21082199,1,0.16700067,0.21082199,0.21826809,0.19356945,0.22153007
38559,1,0.16633602,0,0.16700067,0.16633602,0.17629462,0.17115968,0.17800798
38562,0,0.19952206,1,0.16700067,0.19952206,0.20768675,0.18270215,0.19953189
38566,0,0.18833356,1,0.16700067,0.18833356,0.19715920,0.17596273,0.18673558
38584,1,0.15502011,0,0.16700067,0.15502011,0.16546384,0.16347215,0.16470927
38585,0,0.39745360,1,0.16700067,0.39745360,0.38880384,0.24617121,0.35076876
38643,0,0.25131541,1,0.16700067,0.25131541,0.25583237,0.18064658,0.19556050
38702,0,0.23963852,1,0.16700067,0.23963852,0.24505071,0.18226284,0.19867808
38723,0,0.37388315,1,0.16700067,0.37388315,0.36749136,0.18167748,0.19754469
38724,0,0.18833356,1,0.16700067,0.18833356,0.19715920,0.17596273,0.18673558
38727,1,0.09816023,0,0.16700067,0.09816023,0.10970713,0.14869861,0.14140639
38781,0,0.18113233,1,0.16700067,0.18113233,0.19035444,0.18008164,0.19447958
38791,0,0.18135963,1,0.16700067,0.18135963,0.19056959,0.18386010,0.20179558
38793,0,0.19505146,1,0.16700067,0.19505146,0.20348656,0.18535884,0.20475390
38795,1,0.17212981,0,0.16700067,0.17212981,0.18181313,0.16432770,0.16614891
38803,0,0.23097563,1,0.16700067,0.23097563,0.23702704,0.18478000,0.20360754
38807,0,0.18833356,1,0.16700067,0.18833356,0.19715920,0.17596273,0.18673558
38840,0,0.18833356,1,0.16700067,0.18833356,0.19715920,0.17596273,0.18673558
38846,1,0.15981029,0,0.16700067,0.15981029,0.17005745,0.17388536,0.18292096
38871,0,0.27308877,1,0.16700067,0.27308877,0.27584549,0.17557895,0.18602628
38875,0,0.24741207,1,0.16700067,0.24741207,0.25223238,0.16846531,0.17325364
38881,0,0.33690523,1,0.16700067,0.33690523,0.33400170,0.16838501,0.17311351
38904,1,0.14417299,0,0.16700067,0.14417299,0.15501088,0.16346956,0.16470492
38925,0,0.18833356,1,0.16700067,0.18833356,0.19715920,0.17596273,0.18673558
38936,1,0.15720584,0,0.16700067,0.15720584,0.16756151,0.16495495,0.16721077
38940,0,0.20460639,1,0.16700067,0.20460639,0.21245382,0.16456016,0.16654181
38963,0,0.18113233,1,0.16700067,0.18113233,0.19035444,0.18008164,0.19447958
38966,1,0.09816023,0,0.16700067,0.09816023,0.10970713,0.14869861,0.14140639
39017,0,0.25787166,1,0.16700067,0.25787166,0.26187036,0.18208949,0.19834194
39018,0,0.22009938,1,0.16700067,0.22009938,0.22692043,0.17675813,0.18821229
39035,0,0.18833356,1,0.16700067,0.18833356,0.19715920,0.17596273,0.18673558
39036,0,0.18833356,1,0.16700067,0.18833356,0.19715920,0.17596273,0.18673558
39047,1,0.12411448,0,0.16700067,0.12411448,0.13547300,0.13100286,0.11718792
39051,0,0.18833356,1,0.16700067,0.18833356,0.19715920,0.17596273,0.18673558
39079,0,0.24741207,1,0.16700067,0.24741207,0.25223238,0.16846531,0.17325364
39082,0,0.21249869,1,0.16700067,0.21249869,0.21983408,0.16025304,0.15938215
39094,0,0.20525698,1,0.16700067,0.20525698,0.21306309,0.17709337,0.18883737
39099,0,0.21249869,1,0.16700067,0.21249869,0.21983408,0.16025304,0.15938215
39120,0,0.26189786,1,0.16700067,0.26189786,0.26557310,0.18246204,0.19906489
39184,0,0.18833356,1,0.16700067,0.18833356,0.19715920,0.17596273,0.18673558
39191,0,0.18833356,1,0.16700067,0.18833356,0.19715920,0.17596273,0.18673558
39247,0,0.18238207,1,0.16700067,0.18238207,0.19153708,0.14446513,0.13525703
39251,0,0.20525698,1,0.16700067,0.20525698,0.21306309,0.17709337,0.18883737
39252,0,0.20806811,1,0.16700067,0.20806811,0.21569381,0.18766422,0.20936705
39260,0,0.21322272,1,0.16700067,0.21322272,0.22051000,0.17445030,0.18395231
39267,0,0.21322272,1,0.16700067,0.21322272,0.22051000,0.17445030,0.18395231
39275,0,0.27775167,1,0.16700067,0.27775167,0.28011776,0.18107765,0.19638836
39280,0,0.26189786,1,0.16700067,0.26189786,0.26557310,0.18246204,0.19906489
39302,0,0.20525698,1,0.16700067,0.20525698,0.21306309,0.17709337,0.18883737
39309,0,0.18833356,1,0.16700067,0.18833356,0.19715920,0.17596273,0.18673558
39313,0,0.18833356,1,0.16700067,0.18833356,0.19715920,0.17596273,0.18673558
39316,0,0.18114795,1,0.16700067,0.18114795,0.19036923,0.14230804,0.13221139
39318,0,0.21249869,1,0.16700067,0.21249869,0.21983408,0.16025304,0.15938215
39319,0,0.32568381,1,0.16700067,0.32568381,0.32381627,0.24678257,0.35246752
39344,1,0.14544393,0,0.16700067,0.14544393,0.15623945,0.15685747,0.15391523
39358,0,0.40313799,1,0.16700067,0.40313799,0.39394223,0.22631990,0.29783905
39367,0,0.18833356,1,0.16700067,0.18833356,0.19715920,0.17596273,0.18673558
39381,1,0.10861405,0,0.16700067,0.10861405,0.12015940,0.15014231,0.14355622
39395,0,0.23011681,1,0.16700067,0.23011681,0.23623036,0.16664319,0.17009569
39398,0,0.18893802,1,0.16700067,0.18893802,0.19772931,0.18564361,0.20531962
39426,1,0.10861405,0,0.16700067,0.10861405,0.12015940,0.15014231,0.14355622
39430,0,0.30629780,1,0.16700067,0.30629780,0.30618478,0.19086157,0.21589079
39468,0,0.18833356,1,0.16700067,0.18833356,0.19715920,0.17596273,0.18673558
39502,0,0.18833356,1,0.16700067,0.18833356,0.19715920,0.17596273,0.18673558
39506,0,0.19946277,1,0.16700067,0.19946277,0.20763110,0.17445030,0.18395231
39510,1,0.13621168,0,0.16700067,0.13621168,0.14729051,0.16397065,0.16554687
39528,0,0.21249869,1,0.16700067,0.21249869,0.21983408,0.16025304,0.15938215
39529,0,0.18410597,1,0.16700067,0.18410597,0.19316723,0.18384028,0.20175667
39534,0,0.18833356,1,0.16700067,0.18833356,0.19715920,0.17596273,0.18673558
39549,0,0.25928031,1,0.16700067,0.25928031,0.26316628,0.17662417,0.18796297
39565,0,0.21249869,1,0.16700067,0.21249869,0.21983408,0.16025304,0.15938215
39612,0,0.31917085,1,0.16700067,0.31917085,0.31789815,0.20443908,0.24521585
39614,0,0.18833356,1,0.16700067,0.18833356,0.19715920,0.17596273,0.18673558
39639,1,0.09653601,0,0.16700067,0.09653601,0.10807319,0.16472425,0.16681958
39650,0,0.21913935,1,0.16700067,0.21913935,0.22602647,0.16686658,0.17048038
39723,0,0.18768353,1,0.16700067,0.18768353,0.19654592,0.17545308,0.18579408
39726,0,0.18833356,1,0.16700067,0.18833356,0.19715920,0.17596273,0.18673558
39735,0,0.26401308,1,0.16700067,0.26401308,0.26751686,0.19472437,0.22396709
39736,0,0.18833356,1,0.16700067,0.18833356,0.19715920,0.17596273,0.18673558
39773,0,0.29232489,1,0.16700067,0.29232489,0.29344294,0.17172264,0.17901417
39787,0,0.27308877,1,0.16700067,0.27308877,0.27584549,0.17557895,0.18602628
39791,0,0.22504396,1,0.16700067,0.22504396,0.23151985,0.18064658,0.19556050
39822,0,0.24379008,1,0.16700067,0.24379008,0.24888824,0.19395220,0.22233562
39838,1,0.05198631,0,0.16700067,0.05198631,0.06190359,0.16250817,0.16309921
39853,0,0.23340704,1,0.16700067,0.23340704,0.23928130,0.15480024,0.15067828
39913,1,0.07599395,0,0.16700067,0.07599395,0.08714331,0.17449859,0.18404069
39914,1,0.10861405,0,0.16700067,0.10861405,0.12015940,0.15014231,0.14355622
39916,0,0.19324753,1,0.16700067,0.19324753,0.20178939,0.18650729,0.20704250
39923,0,0.18833356,1,0.16700067,0.18833356,0.19715920,0.17596273,0.18673558
