row_id,actual,selected_score,predicted,baseline_score,logistic_regression_score,logistic_regression_sigmoid_score,random_forest_score,random_forest_sigmoid_score
5,1,0.18833356,1,0.16700067,0.18833356,0.19715920,0.17596273,0.18673558
6,0,0.10861405,0,0.16700067,0.10861405,0.12015940,0.15014231,0.14355622
8,0,0.12411448,0,0.16700067,0.12411448,0.13547300,0.13100286,0.11718792
15,0,0.15126940,0,0.16700067,0.15126940,0.16185762,0.16593627,0.16888290
16,0,0.09508911,0,0.16700067,0.09508911,0.10661525,0.14660854,0.13834176
29,0,0.13623584,0,0.16700067,0.13623584,0.14731400,0.16082614,0.16032022
31,0,0.20910580,1,0.16700067,0.20910580,0.21666416,0.17382422,0.18280962
35,0,0.21249869,1,0.16700067,0.21249869,0.21983408,0.16025304,0.15938215
44,1,0.17544814,0,0.16700067,0.17544814,0.18496608,0.17170939,0.17899043
58,0,0.16633602,0,0.16700067,0.16633602,0.17629462,0.17115968,0.17800798
73,0,0.08500961,0,0.16700067,0.08500961,0.09639310,0.13931913,0.12808756
78,0,0.16633602,0,0.16700067,0.16633602,0.17629462,0.17115968,0.17800798
88,0,0.10891445,0,0.16700067,0.10891445,0.12045819,0.13907352,0.12775361
90,0,0.16633602,0,0.16700067,0.16633602,0.17629462,0.17115968,0.17800798
92,0,0.10861405,0,0.16700067,0.10861405,0.12015940,0.15014231,0.14355622
110,0,0.21620878,1,0.16700067,0.21620878,0.22329563,0.17818471,0.19088325
114,1,0.12365233,0,0.16700067,0.12365233,0.13501933,0.16068873,0.16009489
115,0,0.00598061,0,0.16700067,0.00598061,0.00873674,0.04072806,0.04230586
117,1,0.21249869,1,0.16700067,0.21249869,0.21983408,0.16025304,0.15938215
118,1,0.16696409,0,0.16700067,0.16696409,0.17689370,0.13947290,0.12829702
123,0,0.08629702,0,0.16700067,0.08629702,0.09770542,0.17310371,0.18150139
132,0,0.10407019,0,0.16700067,0.10407019,0.11562946,0.15734031,0.15468315
142,0,0.20460639,1,0.16700067,0.20460639,0.21245382,0.16456016,0.16654181
152,0,0.12977324,0,0.16700067,0.12977324,0.14101452,0.19918792,0.23356418
158,0,0.15431356,0,0.16700067,0.15431356,0.16478515,0.16017979,0.15926257
159,0,0.06925868,0,0.16700067,0.06925868,0.08015914,0.12795311,0.11339685
167,0,0.19076180,1,0.16700067,0.19076180,0.19944851,0.17985987,0.19405650
168,1,0.18833356,1,0.16700067,0.18833356,0.19715920,0.17596273,0.18673558
175,0,0.09527484,0,0.16700067,0.09527484,0.10680252,0.17445030,0.18395231
179,0,0.16633602,0,0.16700067,0.16633602,0.17629462,0.17115968,0.17800798
183,0,0.09402897,0,0.16700067,0.09402897,0.10554557,0.15621143,0.15289263
193,1,0.18373776,1,0.16700067,0.18373776,0.19281916,0.17373722,0.18265125
195,0,0.11247317,0,0.16700067,0.11247317,0.12399153,0.15730423,0.15462565
204,0,0.15981029,0,0.16700067,0.15981029,0.17005745,0.17388536,0.18292096
206,0,0.12411448,0,0.16700067,0.12411448,0.13547300,0.13100286,0.11718792
218,0,0.10861405,0,0.16700067,0.10861405,0.12015940,0.15014231,0.14355622
219,0,0.10861405,0,0.16700067,0.10861405,0.12015940,0.15014231,0.14355622
224,0,0.19422764,1,0.16700067,0.19422764,0.20271166,0.17147157,0.17856489
229,0,0.24477253,1,0.16700067,0.24477253,0.24979567,0.18959902,0.21329727
231,0,0.18833356,1,0.16700067,0.18833356,0.19715920,0.17596273,0.18673558
238,0,0.12411448,0,0.16700067,0.12411448,0.13547300,0.13100286,0.11718792
243,0,0.16633602,0,0.16700067,0.16633602,0.17629462,0.17115968,0.17800798
255,0,0.03811008,0,0.16700067,0.03811008,0.04678048,0.12258683,0.10698563
256,0,0.06925868,0,0.16700067,0.06925868,0.08015914,0.12795311,0.11339685
258,0,0.15126940,0,0.16700067,0.15126940,0.16185762,0.16593627,0.16888290
260,0,0.19092473,1,0.16700067,0.19092473,0.19960203,0.20979837,0.25750560
261,0,0.09816023,0,0.16700067,0.09816023,0.10970713,0.14869861,0.14140639
262,0,0.08894564,0,0.16700067,0.08894564,0.10039896,0.15380969,0.14913977
276,0,0.12411448,0,0.16700067,0.12411448,0.13547300,0.13100286,0.11718792
289,0,0.10610182,0,0.16700067,0.10610182,0.11765731,0.17281022,0.18097059
294,0,0.06925868,0,0.16700067,0.06925868,0.08015914,0.12795311,0.11339685
299,0,0.15720584,0,0.16700067,0.15720584,0.16756151,0.16495495,0.16721077
300,0,0.24477253,1,0.16700067,0.24477253,0.24979567,0.18959902,0.21329727
307,0,0.16633602,0,0.16700067,0.16633602,0.17629462,0.17115968,0.17800798
312,0,0.18833356,1,0.16700067,0.18833356,0.19715920,0.17596273,0.18673558
314,0,0.16633602,0,0.16700067,0.16633602,0.17629462,0.17115968,0.17800798
316,0,0.12000372,0,0.16700067,0.12000372,0.13143161,0.17115968,0.17800798
320,0,0.70345434,1,0.16700067,0.70345434,0.67120383,0.56330095,0.96265571
323,0,0.21249869,1,0.16700067,0.21249869,0.21983408,0.16025304,0.15938215
327,0,0.10861405,0,0.16700067,0.10861405,0.12015940,0.15014231,0.14355622
330,1,0.21249869,1,0.16700067,0.21249869,0.21983408,0.16025304,0.15938215
331,0,0.57181062,1,0.16700067,0.57181062,0.54740997,0.43475016,0.84326684
332,1,0.23097563,1,0.16700067,0.23097563,0.23702704,0.18478000,0.20360754
340,0,0.06925868,0,0.16700067,0.06925868,0.08015914,0.12795311,0.11339685
345,0,0.16633602,0,0.16700067,0.16633602,0.17629462,0.17115968,0.17800798
352,0,0.16633602,0,0.16700067,0.16633602,0.17629462,0.17115968,0.17800798
353,0,0.10026187,0,0.16700067,0.10026187,0.11181725,0.13648591,0.12428034
355,0,0.15824268,0,0.16700067,0.15824268,0.16855561,0.17596273,0.18673558
356,0,0.15126940,0,0.16700067,0.15126940,0.16185762,0.16593627,0.16888290
357,0,0.05677582,0,0.16700067,0.05677582,0.06702117,0.16176165,0.16186108
361,0,0.16633602,0,0.16700067,0.16633602,0.17629462,0.17115968,0.17800798
362,0,0.13206625,0,0.16700067,0.13206625,0.14325313,0.15777344,0.15537466
365,0,0.06865300,0,0.16700067,0.06865300,0.07952771,0.15685747,0.15391523
366,0,0.17184889,0,0.16700067,0.17184889,0.18154596,0.17273146,0.18082835
370,1,0.16633602,0,0.16700067,0.16633602,0.17629462,0.17115968,0.17800798
375,0,0.16633602,0,0.16700067,0.16633602,0.17629462,0.17115968,0.17800798
396,1,0.15063020,0,0.16700067,0.15063020,0.16124221,0.14018068,0.12926486
398,0,0.45975809,1,0.16700067,0.45975809,0.44515959,0.18736190,0.20875776
408,0,0.17003238,0,0.16700067,0.17003238,0.17981737,0.15044433,0.14400938
416,0,0.12737172,0,0.16700067,0.12737172,0.13866576,0.16956854,0.17518810
420,0,0.18833356,1,0.16700067,0.18833356,0.19715920,0.17596273,0.18673558
424,1,0.18125078,1,0.16700067,0.18125078,0.19046657,0.18329517,0.20068880
437,0,0.17732549,0,0.16700067,0.17732549,0.18674745,0.17445030,0.18395231
438,0,0.12411448,0,0.16700067,0.12411448,0.13547300,0.13100286,0.11718792
439,0,0.06232785,0,0.16700067,0.06232785,0.07289807,0.12888301,0.11454130
441,1,0.20910580,1,0.16700067,0.20910580,0.21666416,0.17382422,0.18280962
450,1,0.10861405,0,0.16700067,0.10861405,0.12015940,0.15014231,0.14355622
452,1,0.11334252,0,0.16700067,0.11334252,0.12485296,0.17044356,0.17673447
453,0,0.18833356,1,0.16700067,0.18833356,0.19715920,0.17596273,0.18673558
454,0,0.15981029,0,0.16700067,0.15981029,0.17005745,0.17388536,0.18292096
459,0,0.19766284,1,0.16700067,0.19766284,0.20594098,0.17596273,0.18673558
462,0,0.40313799,1,0.16700067,0.40313799,0.39394223,0.22631990,0.29783905
466,0,0.10861405,0,0.16700067,0.10861405,0.12015940,0.15014231,0.14355622
468,1,0.10861405,0,0.16700067,0.10861405,0.12015940,0.15014231,0.14355622
469,0,0.06925868,0,0.16700067,0.06925868,0.08015914,0.12795311,0.11339685
481,0,0.32408924,1,0.16700067,0.32408924,0.32236780,0.18379831,0.20167430
486,0,0.06925868,0,0.16700067,0.06925868,0.08015914,0.12795311,0.11339685
503,0,0.16633602,0,0.16700067,0.16633602,0.17629462,0.17115968,0.17800798
504,0,0.10705249,0,0.16700067,0.10705249,0.11860484,0.17115968,0.17800798
506,1,0.16633602,0,0.16700067,0.16633602,0.17629462,0.17115968,0.17800798
509,0,0.17168475,0,0.16700067,0.17168475,0.18138983,0.17096291,0.17765734
517,0,0.10407019,0,0.16700067,0.10407019,0.11562946,0.15734031,0.15468315
522,1,0.21249869,1,0.16700067,0.21249869,0.21983408,0.16025304,0.15938215
524,0,0.31840565,1,0.16700067,0.31840565,0.31720250,0.17985987,0.19405650
527,0,0.10861405,0,0.16700067,0.10861405,0.12015940,0.15014231,0.14355622
538,0,0.12116231,0,0.16700067,0.12116231,0.13257204,0.16458433,0.16658269
539,0,0.16633602,0,0.16700067,0.16633602,0.17629462,0.17115968,0.17800798
544,1,0.18833356,1,0.16700067,0.18833356,0.19715920,0.17596273,0.18673558
553,1,0.11900873,0,0.16700067,0.11900873,0.13045134,0.13959368,0.12846174
557,0,0.10861405,0,0.16700067,0.10861405,0.12015940,0.15014231,0.14355622
561,0,0.36150285,1,0.16700067,0.36150285,0.35628891,0.18452578,0.20310559
573,0,0.40359964,1,0.16700067,0.40359964,0.39435953,0.29778503,0.50335183
581,0,0.19440548,1,0.16700067,0.19440548,0.20287896,0.17892774,0.19228585
591,0,0.10470236,0,0.16700067,0.10470236,0.11626087,0.15789013,0.15556140
593,0,0.21249869,1,0.16700067,0.21249869,0.21983408,0.16025304,0.15938215
596,0,0.06402565,0,0.16700067,0.06402565,0.07468417,0.14805703,0.14045967
601,0,0.09816023,0,0.16700067,0.09816023,0.10970713,0.14869861,0.14140639
603,0,0.10861405,0,0.16700067,0.10861405,0.12015940,0.15014231,0.14355622
607,0,0.18833356,1,0.16700067,0.18833356,0.19715920,0.17596273,0.18673558
613,0,0.10861405,0,0.16700067,0.10861405,0.12015940,0.15014231,0.14355622
614,0,0.18833356,1,0.16700067,0.18833356,0.19715920,0.17596273,0.18673558
622,0,0.17970168,0,0.16700067,0.17970168,0.18899971,0.16160904,0.16160890
628,1,0.57181062,1,0.16700067,0.57181062,0.54740997,0.43475016,0.84326684
629,0,0.18833356,1,0.16700067,0.18833356,0.19715920,0.17596273,0.18673558
633,0,0.02975355,0,0.16700067,0.02975355,0.03740747,0.14712563,0.13909472
637,0,0.10861405,0,0.16700067,0.10861405,0.12015940,0.15014231,0.14355622
641,0,0.06933465,0,0.16700067,0.06933465,0.08023830,0.12331431,0.10783569
643,0,0.06232785,0,0.16700067,0.06232785,0.07289807,0.12888301,0.11454130
644,0,0.16633602,0,0.16700067,0.16633602,0.17629462,0.17115968,0.17800798
646,0,0.15126940,0,0.16700067,0.15126940,0.16185762,0.16593627,0.16888290
648,1,0.16252152,0,0.16700067,0.16252152,0.17265163,0.16484600,0.16702594
651,0,0.09510621,0,0.16700067,0.09510621,0.10663249,0.15617414,0.15283378
653,1,0.12411448,0,0.16700067,0.12411448,0.13547300,0.13100286,0.11718792
656,0,0.07331955,0,0.16700067,0.07331955,0.08437810,0.16983119,0.17565115
660,0,0.27017861,1,0.16700067,0.27017861,0.27317683,0.19585750,0.22637659
663,0,0.14544393,0,0.16700067,0.14544393,0.15623945,0.15685747,0.15391523
667,0,0.15818894,0,0.16700067,0.15818894,0.16850411,0.17544535,0.18577983
672,0,0.16633602,0,0.16700067,0.16633602,0.17629462,0.17115968,0.17800798
675,1,0.37665778,1,0.16700067,0.37665778,0.37000104,0.19032130,0.21477818
680,0,0.10861405,0,0.16700067,0.10861405,0.12015940,0.15014231,0.14355622
681,0,0.12411448,0,0.16700067,0.12411448,0.13547300,0.13100286,0.11718792
685,0,0.20460639,1,0.16700067,0.20460639,0.21245382,0.16456016,0.16654181
692,1,0.21249869,1,0.16700067,0.21249869,0.21983408,0.16025304,0.15938215
694,0,0.18833356,1,0.16700067,0.18833356,0.19715920,0.17596273,0.18673558
696,0,0.18373776,1,0.16700067,0.18373776,0.19281916,0.17373722,0.18265125
698,0,0.10861405,0,0.16700067,0.10861405,0.12015940,0.15014231,0.14355622
705,1,0.16633602,0,0.16700067,0.16633602,0.17629462,0.17115968,0.17800798
713,0,0.15126940,0,0.16700067,0.15126940,0.16185762,0.16593627,0.16888290
715,0,0.21249869,1,0.16700067,0.21249869,0.21983408,0.16025304,0.15938215
723,0,0.06925868,0,0.16700067,0.06925868,0.08015914,0.12795311,0.11339685
729,1,0.33314484,1,0.16700067,0.33314484,0.33058994,0.22513670,0.29483201
733,1,0.18833356,1,0.16700067,0.18833356,0.19715920,0.17596273,0.18673558
736,0,0.08084375,0,0.16700067,0.08084375,0.09213238,0.14985997,0.14313365
738,1,0.27407855,1,0.16700067,0.27407855,0.27675273,0.17892514,0.19228094
739,0,0.21249869,1,0.16700067,0.21249869,0.21983408,0.16025304,0.15938215
746,0,0.10861405,0,0.16700067,0.10861405,0.12015940,0.15014231,0.14355622
749,0,0.11207170,0,0.16700067,0.11207170,0.12359350,0.15777344,0.15537466
752,0,0.25433064,1,0.16700067,0.25433064,0.25861059,0.17601028,0.18682362
756,0,0.18833356,1,0.16700067,0.18833356,0.19715920,0.17596273,0.18673558
759,1,0.16633602,0,0.16700067,0.16633602,0.17629462,0.17115968,0.17800798
764,0,0.16633602,0,0.16700067,0.16633602,0.17629462,0.17115968,0.17800798
776,0,0.16633602,0,0.16700067,0.16633602,0.17629462,0.17115968,0.17800798
780,0,0.18833356,1,0.16700067,0.18833356,0.19715920,0.17596273,0.18673558
781,0,0.18833356,1,0.16700067,0.18833356,0.19715920,0.17596273,0.18673558
783,0,0.21249869,1,0.16700067,0.21249869,0.21983408,0.16025304,0.15938215
784,0,0.17184889,0,0.16700067,0.17184889,0.18154596,0.17273146,0.18082835
785,0,0.15706508,0,0.16700067,0.15706508,0.16742651,0.15958890,0.15830064
793,0,0.18619001,1,0.16700067,0.18619001,0.19513612,0.17922518,0.19284952
797,0,0.08259258,0,0.16700067,0.08259258,0.09392373,0.17961609,0.19359223
810,0,0.10861405,0,0.16700067,0.10861405,0.12015940,0.15014231,0.14355622
816,0,0.20746393,1,0.16700067,0.20746393,0.21512866,0.17925018,0.19289696
823,0,0.10861405,0,0.16700067,0.10861405,0.12015940,0.15014231,0.14355622
830,0,0.16633602,0,0.16700067,0.16633602,0.17629462,0.17115968,0.17800798
841,0,0.29202626,1,0.16700067,0.29202626,0.29317027,0.21421393,0.26792869
844,0,0.18833356,1,0.16700067,0.18833356,0.19715920,0.17596273,0.18673558
853,0,0.15126940,0,0.16700067,0.15126940,0.16185762,0.16593627,0.16888290
854,0,0.10407019,0,0.16700067,0.10407019,0.11562946,0.15734031,0.15468315
855,0,0.06031411,0,0.16700067,0.06031411,0.07077303,0.13297239,0.11969423
858,0,0.12411448,0,0.16700067,0.12411448,0.13547300,0.13100286,0.11718792
860,1,0.17732549,0,0.16700067,0.17732549,0.18674745,0.17445030,0.18395231
865,0,0.13623584,0,0.16700067,0.13623584,0.14731400,0.16082614,0.16032022
867,0,0.26754089,1,0.16700067,0.26754089,0.27075643,0.18336174,0.20081899
872,0,0.18439156,1,0.16700067,0.18439156,0.19343716,0.17155839,0.17872014
880,0,0.23901620,1,0.16700067,0.23901620,0.24447504,0.17799751,0.19053112
882,1,0.20094736,1,0.16700067,0.20094736,0.20902415,0.15589620,0.15239569
886,0,0.06925868,0,0.16700067,0.06925868,0.08015914,0.12795311,0.11339685
896,0,0.08785842,0,0.16700067,0.08785842,0.09929432,0.14014809,0.12922017
903,0,0.16633602,0,0.16700067,0.16633602,0.17629462,0.17115968,0.17800798
904,1,0.31767702,1,0.16700067,0.31767702,0.31654002,0.18288227,0.19988276
917,0,0.16633602,0,0.16700067,0.16633602,0.17629462,0.17115968,0.17800798
918,0,0.12411448,0,0.16700067,0.12411448,0.13547300,0.13100286,0.11718792
927,0,0.16577277,0,0.16700067,0.16577277,0.17575719,0.16552425,0.16817922
928,0,0.12411448,0,0.16700067,0.12411448,0.13547300,0.13100286,0.11718792
931,0,0.16633602,0,0.16700067,0.16633602,0.17629462,0.17115968,0.17800798
933,0,0.13117377,0,0.16700067,0.13117377,0.14238228,0.17160550,0.17880443
934,0,0.10407019,0,0.16700067,0.10407019,0.11562946,0.15734031,0.15468315
936,1,0.09925586,0,0.16700067,0.09925586,0.11080775,0.17596273,0.18673558
938,0,0.17736847,0,0.16700067,0.17736847,0.18678821,0.17951941,0.19340834
943,0,0.16633602,0,0.16700067,0.16633602,0.17629462,0.17115968,0.17800798
947,0,0.17970168,0,0.16700067,0.17970168,0.18899971,0.16160904,0.16160890
957,1,0.18113233,1,0.16700067,0.18113233,0.19035444,0.18008164,0.19447958
960,0,0.21249869,1,0.16700067,0.21249869,0.21983408,0.16025304,0.15938215
965,0,0.16633602,0,0.16700067,0.16633602,0.17629462,0.17115968,0.17800798
973,0,0.18113233,1,0.16700067,0.18113233,0.19035444,0.18008164,0.19447958
982,0,0.05068182,0,0.16700067,0.05068182,0.06050147,0.14950231,0.14259985
990,0,0.10861405,0,0.16700067,0.10861405,0.12015940,0.15014231,0.14355622
994,0,0.32666177,1,0.16700067,0.32666177,0.32470448,0.17534370,0.18559250
995,0,0.04950029,0,0.16700067,0.04950029,0.05922829,0.17505173,0.18505524
998,1,0.66118813,1,0.16700067,0.66118813,0.63083488,0.44042103,0.85218664
1008,0,0.08785842,0,0.16700067,0.08785842,0.09929432,0.14014809,0.12922017
1009,0,0.15126940,0,0.16700067,0.15126940,0.16185762,0.16593627,0.16888290
1012,1,0.18833356,1,0.16700067,0.18833356,0.19715920,0.17596273,0.18673558
1015,0,0.18833356,1,0.16700067,0.18833356,0.19715920,0.17596273,0.18673558
1017,1,0.10861405,0,0.16700067,0.10861405,0.12015940,0.15014231,0.14355622
1020,0,0.22769792,1,0.16700067,0.22769792,0.23398527,0.18273927,0.19960417
1027,0,0.23378279,1,0.16700067,0.23378279,0.23962951,0.17626576,0.18729712
1033,0,0.18720313,1,0.16700067,0.18720313,0.19609256,0.17193663,0.17939780
1039,1,0.18833356,1,0.16700067,0.18833356,0.19715920,0.17596273,0.18673558
1041,0,0.10332401,0,0.16700067,0.10332401,0.11488366,0.17887347,0.19218314
1042,0,0.10861405,0,0.16700067,0.10861405,0.12015940,0.15014231,0.14355622
1048,1,0.18833356,1,0.16700067,0.18833356,0.19715920,0.17596273,0.18673558
1049,0,0.11900873,0,0.16700067,0.11900873,0.13045134,0.13959368,0.12846174
1058,0,0.18833356,1,0.16700067,0.18833356,0.19715920,0.17596273,0.18673558
1061,0,0.18737112,1,0.16700067,0.18737112,0.19625110,0.13122741,0.11747135
1065,0,0.18833356,1,0.16700067,0.18833356,0.19715920,0.17596273,0.18673558
1072,0,0.06925868,0,0.16700067,0.06925868,0.08015914,0.12795311,0.11339685
1075,0,0.16633602,0,0.16700067,0.16633602,0.17629462,0.17115968,0.17800798
1079,1,0.10861405,0,0.16700067,0.10861405,0.12015940,0.15014231,0.14355622
1099,0,0.14558228,0,0.16700067,0.14558228,0.15637314,0.17131525,0.17828560
1100,0,0.21249869,1,0.16700067,0.21249869,0.21983408,0.16025304,0.15938215
1106,0,0.33620506,1,0.16700067,0.33620506,0.33336655,0.17970833,0.19376780
1108,0,0.12411448,0,0.16700067,0.12411448,0.13547300,0.13100286,0.11718792
1111,0,0.10861405,0,0.16700067,0.10861405,0.12015940,0.15014231,0.14355622
1115,0,0.32860625,1,0.16700067,0.32860625,0.32647020,0.19328507,0.22093293
1118,0,0.15581620,0,0.16700067,0.15581620,0.16622818,0.15417069,0.14969896
1125,0,0.13784872,0,0.16700067,0.13784872,0.14888153,0.14869912,0.14140714
1135,0,0.15982444,0,0.16700067,0.15982444,0.17007099,0.15777344,0.15537466
1141,0,0.10407019,0,0.16700067,0.10407019,0.11562946,0.15734031,0.15468315
1145,1,0.20525698,1,0.16700067,0.20525698,0.21306309,0.17709337,0.18883737
1149,0,0.16676620,0,0.16700067,0.16676620,0.17670496,0.17953942,0.19344638
1154,0,0.10861405,0,0.16700067,0.10861405,0.12015940,0.15014231,0.14355622
1159,0,0.16633602,0,0.16700067,0.16633602,0.17629462,0.17115968,0.17800798
1171,0,0.15126940,0,0.16700067,0.15126940,0.16185762,0.16593627,0.16888290
1172,0,0.18833356,1,0.16700067,0.18833356,0.19715920,0.17596273,0.18673558
1176,1,0.10861405,0,0.16700067,0.10861405,0.12015940,0.15014231,0.14355622
1177,0,0.24741207,1,0.16700067,0.24741207,0.25223238,0.16846531,0.17325364
1179,0,0.05266408,0,0.16700067,0.05266408,0.06263065,0.17201100,0.17953127
1191,0,0.09816023,0,0.16700067,0.09816023,0.10970713,0.14869861,0.14140639
1198,0,0.12411448,0,0.16700067,0.12411448,0.13547300,0.13100286,0.11718792
1203,0,0.16633602,0,0.16700067,0.16633602,0.17629462,0.17115968,0.17800798
1204,0,0.21249869,1,0.16700067,0.21249869,0.21983408,0.16025304,0.15938215
1210,1,0.10861405,0,0.16700067,0.10861405,0.12015940,0.15014231,0.14355622
1214,0,0.18833356,1,0.16700067,0.18833356,0.19715920,0.17596273,0.18673558
1215,0,0.21249869,1,0.16700067,0.21249869,0.21983408,0.16025304,0.15938215
1216,0,0.09816023,0,0.16700067,0.09816023,0.10970713,0.14869861,0.14140639
1218,0,0.18833356,1,0.16700067,0.18833356,0.19715920,0.17596273,0.18673558
1235,1,0.32418223,1,0.16700067,0.32418223,0.32245228,0.19462921,0.22376557
1236,0,0.17970168,0,0.16700067,0.17970168,0.18899971,0.16160904,0.16160890
1238,0,0.26331923,1,0.16700067,0.26331923,0.26687937,0.22793451,0.30197080
1248,1,0.18833356,1,0.16700067,0.18833356,0.19715920,0.17596273,0.18673558
1254,0,0.06232785,0,0.16700067,0.06232785,0.07289807,0.12888301,0.11454130
1257,0,0.16376327,0,0.16700067,0.16376327,0.17383842,0.17831198,0.19112295
1258,0,0.04151716,0,0.16700067,0.04151716,0.05053946,0.13128091,0.11753896
1263,0,0.11799805,0,0.16700067,0.11799805,0.12945477,0.13913496,0.12783709
1264,0,0.16598121,0,0.16700067,0.16598121,0.17595610,0.17893897,0.19230711
1265,0,0.12411448,0,0.16700067,0.12411448,0.13547300,0.13100286,0.11718792
1268,0,0.06925868,0,0.16700067,0.06925868,0.08015914,0.12795311,0.11339685
1272,1,0.06925868,0,0.16700067,0.06925868,0.08015914,0.12795311,0.11339685
1280,1,0.16633602,0,0.16700067,0.16633602,0.17629462,0.17115968,0.17800798
1283,0,0.10861405,0,0.16700067,0.10861405,0.12015940,0.15014231,0.14355622
1298,1,0.43258511,1,0.16700067,0.43258511,0.42056531,0.23727592,0.32649571
1299,0,0.13621168,0,0.16700067,0.13621168,0.14729051,0.16397065,0.16554687
1306,0,0.07109208,0,0.16700067,0.07109208,0.08206700,0.14985997,0.14313365
1308,0,0.18833356,1,0.16700067,0.18833356,0.19715920,0.17596273,0.18673558
1322,0,0.16633602,0,0.16700067,0.16633602,0.17629462,0.17115968,0.17800798
1330,1,0.26189786,1,0.16700067,0.26189786,0.26557310,0.18246204,0.19906489
1333,0,0.16633602,0,0.16700067,0.16633602,0.17629462,0.17115968,0.17800798
1342,0,0.10861405,0,0.16700067,0.10861405,0.12015940,0.15014231,0.14355622
1347,0,0.19562811,1,0.16700067,0.19562811,0.20402879,0.18400640,0.20208294
1352,0,0.21249869,1,0.16700067,0.21249869,0.21983408,0.16025304,0.15938215
1362,0,0.10861405,0,0.16700067,0.10861405,0.12015940,0.15014231,0.14355622
1363,0,0.03509680,0,0.16700067,0.03509680,0.04342738,0.15505172,0.15107094
1364,1,0.28722507,1,0.16700067,0.28722507,0.28878432,0.19649396,0.22773799
1366,0,0.21249869,1,0.16700067,0.21249869,0.21983408,0.16025304,0.15938215
1367,0,0.15126940,0,0.16700067,0.15126940,0.16185762,0.16593627,0.16888290
1375,0,0.19422484,1,0.16700067,0.19422484,0.20270903,0.16226043,0.16268749
1384,0,0.07098535,0,0.16700067,0.07098535,0.08195608,0.14185450,0.13157848
1385,0,0.10861405,0,0.16700067,0.10861405,0.12015940,0.15014231,0.14355622
1391,0,0.18833356,1,0.16700067,0.18833356,0.19715920,0.17596273,0.18673558
1396,0,0.18833356,1,0.16700067,0.18833356,0.19715920,0.17596273,0.18673558
1402,0,0.10861405,0,0.16700067,0.10861405,0.12015940,0.15014231,0.14355622
1403,0,0.10555975,0,0.16700067,0.10555975,0.11711663,0.18207217,0.19830837
1407,0,0.12941977,0,0.16700067,0.12941977,0.14066909,0.17889689,0.19222747
1419,0,0.21249869,1,0.16700067,0.21249869,0.21983408,0.16025304,0.15938215
1421,1,0.16633602,0,0.16700067,0.16633602,0.17629462,0.17115968,0.17800798
1436,0,0.06036175,0,0.16700067,0.06036175,0.07082338,0.14985997,0.14313365
1449,0,0.09402897,0,0.16700067,0.09402897,0.10554557,0.15621143,0.15289263
1450,0,0.20910580,1,0.16700067,0.20910580,0.21666416,0.17382422,0.18280962
1454,0,0.10861405,0,0.16700067,0.10861405,0.12015940,0.15014231,0.14355622
1458,0,0.10861405,0,0.16700067,0.10861405,0.12015940,0.15014231,0.14355622
1459,1,0.16633602,0,0.16700067,0.16633602,0.17629462,0.17115968,0.17800798
1471,0,0.05458302,0,0.16700067,0.05458302,0.06468394,0.14881549,0.14157943
1472,0,0.10861405,0,0.16700067,0.10861405,0.12015940,0.15014231,0.14355622
1474,0,0.18833356,1,0.16700067,0.18833356,0.19715920,0.17596273,0.18673558
1477,0,0.26210335,1,0.16700067,0.26210335,0.26576198,0.18161447,0.19742298
1487,0,0.25171864,1,0.16700067,0.25171864,0.25620405,0.18975010,0.21360643
1488,0,0.15676798,0,0.16700067,0.15676798,0.16714151,0.17844460,0.19137295
1490,0,0.10861405,0,0.16700067,0.10861405,0.12015940,0.15014231,0.14355622
1492,0,0.22632604,1,0.16700067,0.22632604,0.23271113,0.18064658,0.19556050
1496,0,0.18833356,1,0.16700067,0.18833356,0.19715920,0.17596273,0.18673558
1497,0,0.24491546,1,0.16700067,0.24491546,0.24992767,0.16987813,0.17573400
1499,0,0.05458302,0,0.16700067,0.05458302,0.06468394,0.14881549,0.14157943
1500,0,0.21249869,1,0.16700067,0.21249869,0.21983408,0.16025304,0.15938215
1504,0,0.10861405,0,0.16700067,0.10861405,0.12015940,0.15014231,0.14355622
1513,0,0.10861405,0,0.16700067,0.10861405,0.12015940,0.15014231,0.14355622
1515,0,0.10861405,0,0.16700067,0.10861405,0.12015940,0.15014231,0.14355622
1517,0,0.16633602,0,0.16700067,0.16633602,0.17629462,0.17115968,0.17800798
1519,0,0.03774975,0,0.16700067,0.03774975,0.04638098,0.12782760,0.11324313
1526,0,0.18113233,1,0.16700067,0.18113233,0.19035444,0.18008164,0.19447958
1527,0,0.06675221,0,0.16700067,0.06675221,0.07754236,0.12782760,0.11324313
1528,1,0.05779014,0,0.16700067,0.05779014,0.06809913,0.15731050,0.15463564
1533,0,0.13853129,0,0.16700067,0.13853129,0.14954437,0.17445030,0.18395231
1538,0,0.00901535,0,0.16700067,0.00901535,0.01268238,0.04833172,0.04622401
1541,1,0.18410597,1,0.16700067,0.18410597,0.19316723,0.18384028,0.20175667
1542,0,0.18833356,1,0.16700067,0.18833356,0.19715920,0.17596273,0.18673558
1556,0,0.28076635,1,0.16700067,0.28076635,0.28287755,0.16526621,0.16773969
1558,1,0.16633602,0,0.16700067,0.16633602,0.17629462,0.17115968,0.17800798
1560,0,0.22324560,1,0.16700067,0.22324560,0.22984796,0.17065759,0.17711435
1566,0,0.19749008,1,0.16700067,0.19749008,0.20577870,0.16828025,0.17293082
1576,0,0.10861405,0,0.16700067,0.10861405,0.12015940,0.15014231,0.14355622
1583,0,0.13623584,0,0.16700067,0.13623584,0.14731400,0.16082614,0.16032022
1585,0,0.18833356,1,0.16700067,0.18833356,0.19715920,0.17596273,0.18673558
1593,0,0.18833356,1,0.16700067,0.18833356,0.19715920,0.17596273,0.18673558
1599,0,0.15126940,0,0.16700067,0.15126940,0.16185762,0.16593627,0.16888290
1602,0,0.17924075,0,0.16700067,0.17924075,0.18856303,0.17674352,0.18818509
1608,0,0.23963852,1,0.16700067,0.23963852,0.24505071,0.18226284,0.19867808
1609,0,0.26210335,1,0.16700067,0.26210335,0.26576198,0.18161447,0.19742298
1611,0,0.10384380,0,0.16700067,0.10384380,0.11540324,0.16083333,0.16033201
1612,0,0.18833356,1,0.16700067,0.18833356,0.19715920,0.17596273,0.18673558
1614,0,0.18113233,1,0.16700067,0.18113233,0.19035444,0.18008164,0.19447958
1624,0,0.34245513,1,0.16700067,0.34245513,0.33903459,0.32869189,0.59630688
1629,0,0.14461064,0,0.16700067,0.14461064,0.15543406,0.12927531,0.11502713
1631,0,0.15532727,0,0.16700067,0.15532727,0.16575879,0.16254445,0.16315958
1644,0,0.10861405,0,0.16700067,0.10861405,0.12015940,0.15014231,0.14355622
1648,0,0.18833356,1,0.16700067,0.18833356,0.19715920,0.17596273,0.18673558
1654,1,0.11799805,0,0.16700067,0.11799805,0.12945477,0.13913496,0.12783709
1662,0,0.66118813,1,0.16700067,0.66118813,0.63083488,0.44042103,0.85218664
1664,0,0.12411448,0,0.16700067,0.12411448,0.13547300,0.13100286,0.11718792
1669,0,0.26210335,1,0.16700067,0.26210335,0.26576198,0.18161447,0.19742298
1671,0,0.23901620,1,0.16700067,0.23901620,0.24447504,0.17799751,0.19053112
1676,1,0.16633602,0,0.16700067,0.16633602,0.17629462,0.17115968,0.17800798
1678,1,0.18833356,1,0.16700067,0.18833356,0.19715920,0.17596273,0.18673558
1684,0,0.12310520,0,0.16700067,0.12310520,0.13448201,0.15777344,0.15537466
1687,1,0.10861405,0,0.16700067,0.10861405,0.12015940,0.15014231,0.14355622
1692,0,0.06232785,0,0.16700067,0.06232785,0.07289807,0.12888301,0.11454130
1697,0,0.25221047,1,0.16700067,0.25221047,0.25665732,0.22529010,0.29522086
1699,0,0.16633602,0,0.16700067,0.16633602,0.17629462,0.17115968,0.17800798
1703,0,0.21249869,1,0.16700067,0.21249869,0.21983408,0.16025304,0.15938215
1711,1,0.18833356,1,0.16700067,0.18833356,0.19715920,0.17596273,0.18673558
1716,0,0.17289711,0,0.16700067,0.17289711,0.18254268,0.16268090,0.16338677
1717,0,0.10861405,0,0.16700067,0.10861405,0.12015940,0.15014231,0.14355622
1722,0,0.30049515,1,0.16700067,0.30049515,0.30089713,0.25671032,0.38055080
1725,0,0.17671022,0,0.16700067,0.17671022,0.18616382,0.14186946,0.13159931
1732,0,0.18833356,1,0.16700067,0.18833356,0.19715920,0.17596273,0.18673558
1741,1,0.18833356,1,0.16700067,0.18833356,0.19715920,0.17596273,0.18673558
1749,0,0.12737172,0,0.16700067,0.12737172,0.13866576,0.16956854,0.17518810
1753,0,0.10408001,0,0.16700067,0.10408001,0.11563927,0.13620691,0.12391073
1769,0,0.16633602,0,0.16700067,0.16633602,0.17629462,0.17115968,0.17800798
1780,0,0.06925868,0,0.16700067,0.06925868,0.08015914,0.12795311,0.11339685
1785,0,0.19020343,1,0.16700067,0.19020343,0.19892232,0.22529287,0.29522790
1799,0,0.17799891,0,0.16700067,0.17799891,0.18738602,0.17426328,0.18361039
1810,0,0.17544814,0,0.16700067,0.17544814,0.18496608,0.17170939,0.17899043
1812,0,0.18833356,1,0.16700067,0.18833356,0.19715920,0.17596273,0.18673558
1814,0,0.18113233,1,0.16700067,0.18113233,0.19035444,0.18008164,0.19447958
1819,0,0.09816023,0,0.16700067,0.09816023,0.10970713,0.14869861,0.14140639
1823,0,0.27783793,1,0.16700067,0.27783793,0.28019675,0.16570669,0.16849051
1830,1,0.29259974,1,0.16700067,0.29259974,0.29369388,0.19684176,0.22848438
1832,0,0.16056928,0,0.16700067,0.16056928,0.17078409,0.19252634,0.21934536
1834,0,0.06925868,0,0.16700067,0.06925868,0.08015914,0.12795311,0.11339685
1835,0,0.12411448,0,0.16700067,0.12411448,0.13547300,0.13100286,0.11718792
1844,0,0.23894869,1,0.16700067,0.23894869,0.24441258,0.18064658,0.19556050
1847,0,0.12411448,0,0.16700067,0.12411448,0.13547300,0.13100286,0.11718792
1853,0,0.18833356,1,0.16700067,0.18833356,0.19715920,0.17596273,0.18673558
1856,0,0.36947286,1,0.16700067,0.36947286,0.36350153,0.21573055,0.27156983
1862,0,0.09279360,0,0.16700067,0.09279360,0.10429752,0.13087734,0.11702974
1865,0,0.21249869,1,0.16700067,0.21249869,0.21983408,0.16025304,0.15938215
1869,0,0.20028824,1,0.16700067,0.20028824,0.20840578,0.17865881,0.19177730
1872,0,0.18833356,1,0.16700067,0.18833356,0.19715920,0.17596273,0.18673558
1877,1,0.10861405,0,0.16700067,0.10861405,0.12015940,0.15014231,0.14355622
1880,0,0.10407019,0,0.16700067,0.10407019,0.11562946,0.15734031,0.15468315
1885,0,0.12310298,0,0.16700067,0.12310298,0.13447984,0.15058511,0.14422102
1887,1,0.36150285,1,0.16700067,0.36150285,0.35628891,0.18452578,0.20310559
1900,0,0.18833356,1,0.16700067,0.18833356,0.19715920,0.17596273,0.18673558
1914,0,0.10407019,0,0.16700067,0.10407019,0.11562946,0.15734031,0.15468315
1915,0,0.00693580,0,0.16700067,0.00693580,0.00999543,0.02172607,0.03385592
1918,0,0.09816023,0,0.16700067,0.09816023,0.10970713,0.14869861,0.14140639
1922,0,0.36947286,1,0.16700067,0.36947286,0.36350153,0.21573055,0.27156983
1925,1,0.18113233,1,0.16700067,0.18113233,0.19035444,0.18008164,0.19447958
1931,0,0.21249869,1,0.16700067,0.21249869,0.21983408,0.16025304,0.15938215
1939,0,0.10861405,0,0.16700067,0.10861405,0.12015940,0.15014231,0.14355622
1942,0,0.10861405,0,0.16700067,0.10861405,0.12015940,0.15014231,0.14355622
1945,0,0.22997291,1,0.16700067,0.22997291,0.23609685,0.22796083,0.30203842
1946,0,0.16633602,0,0.16700067,0.16633602,0.17629462,0.17115968,0.17800798
1947,0,0.18833356,1,0.16700067,0.18833356,0.19715920,0.17596273,0.18673558
1950,1,0.16633602,0,0.16700067,0.16633602,0.17629462,0.17115968,0.17800798
1963,0,0.15126940,0,0.16700067,0.15126940,0.16185762,0.16593627,0.16888290
1969,0,0.08160738,0,0.16700067,0.08160738,0.09291507,0.13196352,0.11840465
1973,0,0.24709955,1,0.16700067,0.24709955,0.25194397,0.18295441,0.20002341
1983,0,0.12931798,0,0.16700067,0.12931798,0.14056960,0.13929840,0.12805935
1997,1,0.21722044,1,0.16700067,0.21722044,0.22423867,0.21008114,0.25816508
2002,0,0.23702997,1,0.16700067,0.23702997,0.24263696,0.19641262,0.22756369
2007,0,0.18833356,1,0.16700067,0.18833356,0.19715920,0.17596273,0.18673558
2008,0,0.10861405,0,0.16700067,0.10861405,0.12015940,0.15014231,0.14355622
2014,0,0.06925868,0,0.16700067,0.06925868,0.08015914,0.12795311,0.11339685
2016,0,0.10861405,0,0.16700067,0.10861405,0.12015940,0.15014231,0.14355622
2017,1,0.21620878,1,0.16700067,0.21620878,0.22329563,0.17818471,0.19088325
2020,0,0.21126097,1,0.16700067,0.21126097,0.21867818,0.17679763,0.18828586
2022,1,0.21322272,1,0.16700067,0.21322272,0.22051000,0.17445030,0.18395231
2027,0,0.09816023,0,0.16700067,0.09816023,0.10970713,0.14869861,0.14140639
2031,1,0.06925868,0,0.16700067,0.06925868,0.08015914,0.12795311,0.11339685
2032,0,0.10861405,0,0.16700067,0.10861405,0.12015940,0.15014231,0.14355622
2036,0,0.16633602,0,0.16700067,0.16633602,0.17629462,0.17115968,0.17800798
2037,0,0.18833356,1,0.16700067,0.18833356,0.19715920,0.17596273,0.18673558
2040,0,0.06574407,0,0.16700067,0.06574407,0.07648698,0.16147134,0.16138163
2052,0,0.26616262,1,0.16700067,0.26616262,0.26949110,0.20278671,0.24150758
2057,0,0.10710135,0,0.16700067,0.10710135,0.11865351,0.15133724,0.14535612
2063,0,0.02918109,0,0.16700067,0.02918109,0.03675634,0.13966475,0.12855874
2071,1,0.10610182,0,0.16700067,0.10610182,0.11765731,0.17281022,0.18097059
2075,1,0.20806811,1,0.16700067,0.20806811,0.21569381,0.18766422,0.20936705
2076,1,0.21316034,1,0.16700067,0.21316034,0.22045176,0.17722938,0.18909141
2082,1,0.16633602,0,0.16700067,0.16633602,0.17629462,0.17115968,0.17800798
2084,0,0.06925868,0,0.16700067,0.06925868,0.08015914,0.12795311,0.11339685
2089,0,0.15981029,0,0.16700067,0.15981029,0.17005745,0.17388536,0.18292096
2091,0,0.09196606,0,0.16700067,0.09196606,0.10346052,0.13107748,0.11728203
2113,1,0.21249869,1,0.16700067,0.21249869,0.21983408,0.16025304,0.15938215
2116,1,0.06295538,0,0.16700067,0.06295538,0.07355882,0.16823331,0.17284900
2121,1,0.18833356,1,0.16700067,0.18833356,0.19715920,0.17596273,0.18673558
2126,0,0.10861405,0,0.16700067,0.10861405,0.12015940,0.15014231,0.14355622
2133,0,0.12411448,0,0.16700067,0.12411448,0.13547300,0.13100286,0.11718792
2155,0,0.06925868,0,0.16700067,0.06925868,0.08015914,0.12795311,0.11339685
2156,0,0.17970168,0,0.16700067,0.17970168,0.18899971,0.16160904,0.16160890
2158,0,0.21020828,1,0.16700067,0.21020828,0.21769465,0.17520512,0.18533734
2159,0,0.21605309,1,0.16700067,0.21605309,0.22315046,0.18033908,0.19497158
2163,1,0.18833356,1,0.16700067,0.18833356,0.19715920,0.17596273,0.18673558
2164,0,0.18833356,1,0.16700067,0.18833356,0.19715920,0.17596273,0.18673558
2166,0,0.14455652,0,0.16700067,0.14455652,0.15538174,0.19266054,0.21962556
2168,0,0.11790064,0,0.16700067,0.11790064,0.12935868,0.16962111,0.17528071
2170,0,0.21249869,1,0.16700067,0.21249869,0.21983408,0.16025304,0.15938215
2179,0,0.18833356,1,0.16700067,0.18833356,0.19715920,0.17596273,0.18673558
2186,0,0.12411448,0,0.16700067,0.12411448,0.13547300,0.13100286,0.11718792
2189,0,0.11590012,0,0.16700067,0.11590012,0.12738336,0.17491585,0.18480561
2192,0,0.13452635,0,0.16700067,0.13452635,0.14565059,0.17466293,0.18434166
2196,0,0.12411448,0,0.16700067,0.12411448,0.13547300,0.13100286,0.11718792
2199,0,0.06161872,0,0.16700067,0.06161872,0.07215057,0.17418933,0.18347533
2211,0,0.12411448,0,0.16700067,0.12411448,0.13547300,0.13100286,0.11718792
2212,1,0.25786236,1,0.16700067,0.25786236,0.26186181,0.24791865,0.35563421
2214,0,0.33314484,1,0.16700067,0.33314484,0.33058994,0.22513670,0.29483201
2225,0,0.15818894,0,0.16700067,0.15818894,0.16850411,0.17544535,0.18577983
2226,0,0.18833356,1,0.16700067,0.18833356,0.19715920,0.17596273,0.18673558
2238,1,0.09776224,0,0.16700067,0.09776224,0.10930702,0.16989975,0.17577217
2239,0,0.06925868,0,0.16700067,0.06925868,0.08015914,0.12795311,0.11339685
2244,0,0.16689495,0,0.16700067,0.16689495,0.17682776,0.15918355,0.15764348
2246,0,0.16633602,0,0.16700067,0.16633602,0.17629462,0.17115968,0.17800798
2248,0,0.12411448,0,0.16700067,0.12411448,0.13547300,0.13100286,0.11718792
2250,0,0.20806811,1,0.16700067,0.20806811,0.21569381,0.18766422,0.20936705
2256,0,0.08081088,0,0.16700067,0.08081088,0.09209867,0.13924879,0.12799185
2261,0,0.18833356,1,0.16700067,0.18833356,0.19715920,0.17596273,0.18673558
2267,1,0.49740728,1,0.16700067,0.49740728,0.47932772,0.19122548,0.21664256
2270,0,0.10861405,0,0.16700067,0.10861405,0.12015940,0.15014231,0.14355622
2273,0,0.15431356,0,0.16700067,0.15431356,0.16478515,0.16017979,0.15926257
2280,1,0.16633602,0,0.16700067,0.16633602,0.17629462,0.17115968,0.17800798
2288,1,0.24376735,1,0.16700067,0.24376735,0.24886724,0.19417689,0.22280947
2294,0,0.17168475,0,0.16700067,0.17168475,0.18138983,0.17096291,0.17765734
2301,0,0.16633602,0,0.16700067,0.16633602,0.17629462,0.17115968,0.17800798
2318,0,0.09462014,0,0.16700067,0.09462014,0.10614221,0.14985997,0.14313365
2327,1,0.21249869,1,0.16700067,0.21249869,0.21983408,0.16025304,0.15938215
2337,1,0.18833356,1,0.16700067,0.18833356,0.19715920,0.17596273,0.18673558
2339,0,0.18833356,1,0.16700067,0.18833356,0.19715920,0.17596273,0.18673558
2342,0,0.17673294,0,0.16700067,0.17673294,0.18618538,0.17307042,0.18144111
2343,0,0.10861405,0,0.16700067,0.10861405,0.12015940,0.15014231,0.14355622
2345,1,0.90200020,1,0.16700067,0.90200020,0.87531701,0.77204912,0.99696268
2360,0,0.23963852,1,0.16700067,0.23963852,0.24505071,0.18226284,0.19867808
2361,1,0.10641789,0,0.16700067,0.10641789,0.11797243,0.15621815,0.15290325
2368,0,0.10694818,0,0.16700067,0.10694818,0.11850092,0.14755871,0.13972801
2374,0,0.17809849,0,0.16700067,0.17809849,0.18748043,0.14414671,0.13480375
2381,0,0.16633602,0,0.16700067,0.16633602,0.17629462,0.17115968,0.17800798
2390,0,0.12411448,0,0.16700067,0.12411448,0.13547300,0.13100286,0.11718792
2394,0,0.13623584,0,0.16700067,0.13623584,0.14731400,0.16082614,0.16032022
2397,0,0.08894564,0,0.16700067,0.08894564,0.10039896,0.15380969,0.14913977
2404,0,0.06042517,0,0.16700067,0.06042517,0.07089042,0.15777344,0.15537466
2406,0,0.16680283,0,0.16700067,0.16680283,0.17673990,0.16326866,0.16436833
2415,0,0.18833356,1,0.16700067,0.18833356,0.19715920,0.17596273,0.18673558
2416,1,0.13623584,0,0.16700067,0.13623584,0.14731400,0.16082614,0.16032022
2418,1,0.20806811,1,0.16700067,0.20806811,0.21569381,0.18766422,0.20936705
2424,0,0.21249869,1,0.16700067,0.21249869,0.21983408,0.16025304,0.15938215
2430,0,0.12411448,0,0.16700067,0.12411448,0.13547300,0.13100286,0.11718792
2434,0,0.16633602,0,0.16700067,0.16633602,0.17629462,0.17115968,0.17800798
2437,0,0.16719777,0,0.16700067,0.16719777,0.17711654,0.14805703,0.14045967
2438,0,0.06574407,0,0.16700067,0.06574407,0.07648698,0.16147134,0.16138163
2440,0,0.26210335,1,0.16700067,0.26210335,0.26576198,0.18161447,0.19742298
2449,0,0.15126940,0,0.16700067,0.15126940,0.16185762,0.16593627,0.16888290
2450,0,0.16633602,0,0.16700067,0.16633602,0.17629462,0.17115968,0.17800798
2459,0,0.10861405,0,0.16700067,0.10861405,0.12015940,0.15014231,0.14355622
2460,0,0.18833356,1,0.16700067,0.18833356,0.19715920,0.17596273,0.18673558
2461,0,0.06623890,0,0.16700067,0.06623890,0.07700520,0.13337351,0.12021031
2466,0,0.10861405,0,0.16700067,0.10861405,0.12015940,0.15014231,0.14355622
2467,0,0.06623890,0,0.16700067,0.06623890,0.07700520,0.13337351,0.12021031
2471,0,0.14461588,0,0.16700067,0.14461588,0.15543913,0.16241143,0.16293834
2472,0,0.18833356,1,0.16700067,0.18833356,0.19715920,0.17596273,0.18673558
2477,0,0.33690523,1,0.16700067,0.33690523,0.33400170,0.16838501,0.17311351
2482,0,0.18833356,1,0.16700067,0.18833356,0.19715920,0.17596273,0.18673558
2484,0,0.10861405,0,0.16700067,0.10861405,0.12015940,0.15014231,0.14355622
2494,0,0.05111881,0,0.16700067,0.05111881,0.06097157,0.13493595,0.12223890
2496,1,0.18833356,1,0.16700067,0.18833356,0.19715920,0.17596273,0.18673558
2506,1,0.19549092,1,0.16700067,0.19549092,0.20389980,0.18382648,0.20172959
2508,0,0.18812094,1,0.16700067,0.18812094,0.19695862,0.15044834,0.14401541
2509,0,0.22776877,1,0.16700067,0.22776877,0.23405105,0.20324167,0.24252479
2510,0,0.21249869,1,0.16700067,0.21249869,0.21983408,0.16025304,0.15938215
2518,0,0.16633602,0,0.16700067,0.16633602,0.17629462,0.17115968,0.17800798
2537,0,0.21061596,1,0.16700067,0.21061596,0.21807560,0.18650446,0.20703683
2539,0,0.04761131,0,0.16700067,0.04761131,0.05718626,0.15132801,0.14534214
2543,0,0.18833356,1,0.16700067,0.18833356,0.19715920,0.17596273,0.18673558
2548,0,0.19440739,1,0.16700067,0.19440739,0.20288076,0.18017737,0.19466242
2554,0,0.00643031,0,0.16700067,0.00643031,0.00933151,0.04937369,0.04678714
2556,0,0.16633602,0,0.16700067,0.16633602,0.17629462,0.17115968,0.17800798
2568,1,0.35371482,1,0.16700067,0.35371482,0.34923733,0.19545066,0.22550939
2572,0,0.19981418,1,0.16700067,0.19981418,0.20796092,0.17445030,0.18395231
2574,1,0.06925868,0,0.16700067,0.06925868,0.08015914,0.12795311,0.11339685
2588,0,0.17825411,0,0.16700067,0.17825411,0.18762795,0.14964899,0.14281857
2590,0,0.19655546,1,0.16700067,0.19655546,0.20490050,0.17679763,0.18828586
2597,0,0.30049515,1,0.16700067,0.30049515,0.30089713,0.25671032,0.38055080
2600,0,0.14683204,0,0.16700067,0.14683204,0.15758011,0.17042088,0.17669426
2609,1,0.18833356,1,0.16700067,0.18833356,0.19715920,0.17596273,0.18673558
2614,0,0.15676798,0,0.16700067,0.15676798,0.16714151,0.17844460,0.19137295
2636,0,0.31794410,1,0.16700067,0.31794410,0.31678286,0.24625680,0.35100638
2640,0,0.10861405,0,0.16700067,0.10861405,0.12015940,0.15014231,0.14355622
2650,0,0.18113233,1,0.16700067,0.18113233,0.19035444,0.18008164,0.19447958
2663,0,0.18833356,1,0.16700067,0.18833356,0.19715920,0.17596273,0.18673558
2666,0,0.19946277,1,0.16700067,0.19946277,0.20763110,0.17445030,0.18395231
2669,0,0.40266823,1,0.16700067,0.40266823,0.39351760,0.18362997,0.20134418
2675,0,0.12411448,0,0.16700067,0.12411448,0.13547300,0.13100286,0.11718792
2677,1,0.34724270,1,0.16700067,0.34724270,0.34337398,0.20110604,0.23777518
2679,0,0.16633602,0,0.16700067,0.16633602,0.17629462,0.17115968,0.17800798
2693,0,0.16577277,0,0.16700067,0.16577277,0.17575719,0.16552425,0.16817922
2708,1,0.28119910,1,0.16700067,0.28119910,0.28327356,0.19300484,0.22034560
2719,1,0.18833356,1,0.16700067,0.18833356,0.19715920,0.17596273,0.18673558
2720,0,0.23403527,1,0.16700067,0.23403527,0.23986346,0.19108409,0.21635025
2730,0,0.13783125,0,0.16700067,0.13783125,0.14886457,0.17258353,0.18056144
2740,0,0.23510018,1,0.16700067,0.23510018,0.24085002,0.21478047,0.26928522
2742,1,0.23397321,1,0.16700067,0.23397321,0.23980597,0.17384820,0.18285328
2744,0,0.16633602,0,0.16700067,0.16633602,0.17629462,0.17115968,0.17800798
2749,1,0.11900873,0,0.16700067,0.11900873,0.13045134,0.13959368,0.12846174
2757,0,0.10861405,0,0.16700067,0.10861405,0.12015940,0.15014231,0.14355622
2758,0,0.16438185,0,0.16700067,0.16438185,0.17442930,0.17842259,0.19133145
2763,0,0.18833356,1,0.16700067,0.18833356,0.19715920,0.17596273,0.18673558
2764,1,0.19267374,1,0.16700067,0.19267374,0.20124927,0.16944891,0.17497753
2767,1,0.16633602,0,0.16700067,0.16633602,0.17629462,0.17115968,0.17800798
2780,0,0.12411448,0,0.16700067,0.12411448,0.13547300,0.13100286,0.11718792
2794,0,0.11334252,0,0.16700067,0.11334252,0.12485296,0.17044356,0.17673447
2805,0,0.16633602,0,0.16700067,0.16633602,0.17629462,0.17115968,0.17800798
2813,0,0.21515591,1,0.16700067,0.21515591,0.22231378,0.18137046,0.19695219
2814,1,0.24376735,1,0.16700067,0.24376735,0.24886724,0.19417689,0.22280947
2821,0,0.18113233,1,0.16700067,0.18113233,0.19035444,0.18008164,0.19447958
2822,0,0.37544365,1,0.16700067,0.37544365,0.36890289,0.17679763,0.18828586
2825,1,0.10861405,0,0.16700067,0.10861405,0.12015940,0.15014231,0.14355622
2831,0,0.21249869,1,0.16700067,0.21249869,0.21983408,0.16025304,0.15938215
2837,0,0.12412336,0,0.16700067,0.12412336,0.13548172,0.18628500,0.20659804
2843,1,0.16633602,0,0.16700067,0.16633602,0.17629462,0.17115968,0.17800798
2869,0,0.16633602,0,0.16700067,0.16633602,0.17629462,0.17115968,0.17800798
2879,0,0.05290080,0,0.16700067,0.05290080,0.06288436,0.15485732,0.15076733
2887,0,0.06925868,0,0.16700067,0.06925868,0.08015914,0.12795311,0.11339685
2888,0,0.12592402,0,0.16700067,0.12592402,0.13724774,0.16455447,0.16653217
2889,0,0.16633602,0,0.16700067,0.16633602,0.17629462,0.17115968,0.17800798
2892,0,0.10861405,0,0.16700067,0.10861405,0.12015940,0.15014231,0.14355622
2898,1,0.19256501,1,0.16700067,0.19256501,0.20114691,0.18525042,0.20453881
2900,0,0.06925868,0,0.16700067,0.06925868,0.08015914,0.12795311,0.11339685
2913,0,0.06232785,0,0.16700067,0.06232785,0.07289807,0.12888301,0.11454130
2916,0,0.18833356,1,0.16700067,0.18833356,0.19715920,0.17596273,0.18673558
2918,0,0.06925868,0,0.16700067,0.06925868,0.08015914,0.12795311,0.11339685
2922,0,0.38279185,1,0.16700067,0.38279185,0.37554838,0.16025304,0.15938215
2923,1,0.13387489,0,0.16700067,0.13387489,0.14501614,0.17445030,0.18395231
2928,1,0.17148618,0,0.16700067,0.17148618,0.18120094,0.16194123,0.16215822
2932,1,0.27287241,1,0.16700067,0.27287241,0.27564715,0.17445030,0.18395231
2944,0,0.18833356,1,0.16700067,0.18833356,0.19715920,0.17596273,0.18673558
2948,1,0.18661396,1,0.16700067,0.18661396,0.19553641,0.16089224,0.16042870
2972,0,0.15126940,0,0.16700067,0.15126940,0.16185762,0.16593627,0.16888290
2975,0,0.18833356,1,0.16700067,0.18833356,0.19715920,0.17596273,0.18673558
2984,0,0.11116391,0,0.16700067,0.11116391,0.12269295,0.14275649,0.13283974
2988,0,0.18833356,1,0.16700067,0.18833356,0.19715920,0.17596273,0.18673558
2997,0,0.10861405,0,0.16700067,0.10861405,0.12015940,0.15014231,0.14355622
2998,0,0.11900873,0,0.16700067,0.11900873,0.13045134,0.13959368,0.12846174
3000,0,0.27719204,1,0.16700067,0.27719204,0.27960524,0.19939055,0.23400656
3006,0,0.18833356,1,0.16700067,0.18833356,0.19715920,0.17596273,0.18673558
3007,0,0.18833356,1,0.16700067,0.18833356,0.19715920,0.17596273,0.18673558
3009,0,0.09152556,0,0.16700067,0.09152556,0.10301468,0.17505173,0.18505524
3010,0,0.16633602,0,0.16700067,0.16633602,0.17629462,0.17115968,0.17800798
3011,1,0.25171864,1,0.16700067,0.25171864,0.25620405,0.18975010,0.21360643
3013,0,0.09791669,0,0.16700067,0.09791669,0.10946231,0.13512228,0.12248278
3014,0,0.11900873,0,0.16700067,0.11900873,0.13045134,0.13959368,0.12846174
3017,0,0.10861405,0,0.16700067,0.10861405,0.12015940,0.15014231,0.14355622
3023,0,0.05060632,0,0.16700067,0.05060632,0.06042021,0.14341748,0.13377051
3030,0,0.06925868,0,0.16700067,0.06925868,0.08015914,0.12795311,0.11339685
3034,0,0.39356648,1,0.16700067,0.39356648,0.38528993,0.21677708,0.27410037
3035,0,0.12412336,0,0.16700067,0.12412336,0.13548172,0.18628500,0.20659804
3041,0,0.10861405,0,0.16700067,0.10861405,0.12015940,0.15014231,0.14355622
3044,0,0.06925868,0,0.16700067,0.06925868,0.08015914,0.12795311,0.11339685
3045,0,0.06623890,0,0.16700067,0.06623890,0.07700520,0.13337351,0.12021031
3054,0,0.09328147,0,0.16700067,0.09328147,0.10479059,0.13908135,0.12776426
3058,1,0.12411448,0,0.16700067,0.12411448,0.13547300,0.13100286,0.11718792
3064,0,0.12411448,0,0.16700067,0.12411448,0.13547300,0.13100286,0.11718792
3066,1,0.16633602,0,0.16700067,0.16633602,0.17629462,0.17115968,0.17800798
3073,0,0.05160747,0,0.16700067,0.05160747,0.06149677,0.14954472,0.14266306
3085,1,0.18794240,1,0.16700067,0.18794240,0.19679018,0.18239511,0.19893485
3086,0,0.10861405,0,0.16700067,0.10861405,0.12015940,0.15014231,0.14355622
3087,0,0.10407019,0,0.16700067,0.10407019,0.11562946,0.15734031,0.15468315
3095,0,0.10861405,0,0.16700067,0.10861405,0.12015940,0.15014231,0.14355622
3103,0,0.21249869,1,0.16700067,0.21249869,0.21983408,0.16025304,0.15938215
3107,1,0.40313799,1,0.16700067,0.40313799,0.39394223,0.22631990,0.29783905
3110,0,0.12126578,0,0.16700067,0.12126578,0.13267384,0.18564361,0.20531962
3112,0,0.10861405,0,0.16700067,0.10861405,0.12015940,0.15014231,0.14355622
3120,0,0.22926619,1,0.16700067,0.22926619,0.23544106,0.18560782,0.20524846
3127,0,0.18833356,1,0.16700067,0.18833356,0.19715920,0.17596273,0.18673558
3128,1,0.17940021,0,0.16700067,0.17940021,0.18871411,0.16025304,0.15938215
3129,0,0.13452635,0,0.16700067,0.13452635,0.14565059,0.17466293,0.18434166
3140,0,0.26746815,1,0.16700067,0.26746815,0.27068966,0.16526621,0.16773969
3155,0,0.12411448,0,0.16700067,0.12411448,0.13547300,0.13100286,0.11718792
3176,0,0.21249869,1,0.16700067,0.21249869,0.21983408,0.16025304,0.15938215
3186,0,0.10861405,0,0.16700067,0.10861405,0.12015940,0.15014231,0.14355622
3192,0,0.18833356,1,0.16700067,0.18833356,0.19715920,0.17596273,0.18673558
3202,0,0.61231654,1,0.16700067,0.61231654,0.58494175,0.23480340,0.31990410
3203,1,0.18833356,1,0.16700067,0.18833356,0.19715920,0.17596273,0.18673558
3211,0,0.10861405,0,0.16700067,0.10861405,0.12015940,0.15014231,0.14355622
3213,0,0.29123263,1,0.16700067,0.29123263,0.29244555,0.19477166,0.22406728
3216,0,0.06925868,0,0.16700067,0.06925868,0.08015914,0.12795311,0.11339685
3218,0,0.21914144,1,0.16700067,0.21914144,0.22602842,0.16180521,0.16193311
3219,0,0.08000220,0,0.16700067,0.08000220,0.09126894,0.14412565,0.13477382
3224,0,0.06925868,0,0.16700067,0.06925868,0.08015914,0.12795311,0.11339685
3229,0,0.06925868,0,0.16700067,0.06925868,0.08015914,0.12795311,0.11339685
3234,0,0.12524060,0,0.16700067,0.12524060,0.13657777,0.16470938,0.16679440
3238,0,0.10407019,0,0.16700067,0.10407019,0.11562946,0.15734031,0.15468315
3242,0,0.18833356,1,0.16700067,0.18833356,0.19715920,0.17596273,0.18673558
3243,0,0.16633602,0,0.16700067,0.16633602,0.17629462,0.17115968,0.17800798
3249,0,0.12411448,0,0.16700067,0.12411448,0.13547300,0.13100286,0.11718792
3258,1,0.30716424,1,0.16700067,0.30716424,0.30697389,0.17076143,0.17729886
3266,0,0.10861405,0,0.16700067,0.10861405,0.12015940,0.15014231,0.14355622
3274,0,0.12411448,0,0.16700067,0.12411448,0.13547300,0.13100286,0.11718792
3278,0,0.16633602,0,0.16700067,0.16633602,0.17629462,0.17115968,0.17800798
3293,1,0.18833356,1,0.16700067,0.18833356,0.19715920,0.17596273,0.18673558
3301,0,0.10861405,0,0.16700067,0.10861405,0.12015940,0.15014231,0.14355622
3319,0,0.09849210,0,0.16700067,0.09849210,0.11004065,0.16457567,0.16656804
3320,1,0.16633602,0,0.16700067,0.16633602,0.17629462,0.17115968,0.17800798
3321,0,0.08181443,0,0.16700067,0.08181443,0.09312715,0.17193663,0.17939780
3329,0,0.04700615,0,0.16700067,0.04700615,0.05653031,0.14532747,0.13649105
3334,0,0.08576850,0,0.16700067,0.08576850,0.09716692,0.13581619,0.12339470
3338,1,0.11120466,0,0.16700067,0.11120466,0.12273339,0.16206613,0.16236515
3340,0,0.20806811,1,0.16700067,0.20806811,0.21569381,0.18766422,0.20936705
3341,0,0.16633602,0,0.16700067,0.16633602,0.17629462,0.17115968,0.17800798
3343,0,0.10861405,0,0.16700067,0.10861405,0.12015940,0.15014231,0.14355622
3357,1,0.18113233,1,0.16700067,0.18113233,0.19035444,0.18008164,0.19447958
3358,0,0.06925868,0,0.16700067,0.06925868,0.08015914,0.12795311,0.11339685
3365,1,0.31527759,1,0.16700067,0.31527759,0.31435796,0.17182047,0.17918948
3376,0,0.10861405,0,0.16700067,0.10861405,0.12015940,0.15014231,0.14355622
3378,0,0.15126940,0,0.16700067,0.15126940,0.16185762,0.16593627,0.16888290
3379,0,0.08625213,0,0.16700067,0.08625213,0.09765970,0.15891790,0.15721401
3382,0,0.20806811,1,0.16700067,0.20806811,0.21569381,0.18766422,0.20936705
3387,0,0.17719923,0,0.16700067,0.17719923,0.18662769,0.17561498,0.18609278
3396,0,0.16633602,0,0.16700067,0.16633602,0.17629462,0.17115968,0.17800798
3399,0,0.18833356,1,0.16700067,0.18833356,0.19715920,0.17596273,0.18673558
3401,0,0.12687293,0,0.16700067,0.12687293,0.13817738,0.19395220,0.22233562
3407,0,0.25095737,1,0.16700067,0.25095737,0.25550232,0.17732091,0.18926253
3413,1,0.17091908,0,0.16700067,0.17091908,0.18066136,0.16612943,0.16921359
3424,0,0.06925868,0,0.16700067,0.06925868,0.08015914,0.12795311,0.11339685
3426,0,0.13117377,0,0.16700067,0.13117377,0.14238228,0.17160550,0.17880443
3428,0,0.19565512,1,0.16700067,0.19565512,0.20405418,0.13087734,0.11702974
3446,0,0.08785842,0,0.16700067,0.08785842,0.09929432,0.14014809,0.12922017
3452,0,0.16633602,0,0.16700067,0.16633602,0.17629462,0.17115968,0.17800798
3453,1,0.30007065,1,0.16700067,0.30007065,0.30051010,0.19117905,0.21654654
3463,0,0.11305546,0,0.16700067,0.11305546,0.12456858,0.14985997,0.14313365
3464,0,0.09363129,0,0.16700067,0.09363129,0.10514399,0.15777344,0.15537466
3466,0,0.35371482,1,0.16700067,0.35371482,0.34923733,0.19545066,0.22550939
3468,0,0.18833356,1,0.16700067,0.18833356,0.19715920,0.17596273,0.18673558
3471,0,0.26754089,1,0.16700067,0.26754089,0.27075643,0.18336174,0.20081899
3477,0,0.12411448,0,0.16700067,0.12411448,0.13547300,0.13100286,0.11718792
3480,1,0.12411448,0,0.16700067,0.12411448,0.13547300,0.13100286,0.11718792
3500,0,0.18833356,1,0.16700067,0.18833356,0.19715920,0.17596273,0.18673558
3501,0,0.16633602,0,0.16700067,0.16633602,0.17629462,0.17115968,0.17800798
3502,0,0.26616262,1,0.16700067,0.26616262,0.26949110,0.20278671,0.24150758
3505,0,0.18833356,1,0.16700067,0.18833356,0.19715920,0.17596273,0.18673558
3509,0,0.21249869,1,0.16700067,0.21249869,0.21983408,0.16025304,0.15938215
3512,0,0.18833356,1,0.16700067,0.18833356,0.19715920,0.17596273,0.18673558
3514,0,0.12411448,0,0.16700067,0.12411448,0.13547300,0.13100286,0.11718792
3515,1,0.17168475,0,0.16700067,0.17168475,0.18138983,0.17096291,0.17765734
3516,0,0.10407019,0,0.16700067,0.10407019,0.11562946,0.15734031,0.15468315
3524,0,0.19220847,1,0.16700067,0.19220847,0.20081120,0.14018068,0.12926486
3528,0,0.15126940,0,0.16700067,0.15126940,0.16185762,0.16593627,0.16888290
3534,0,0.18833356,1,0.16700067,0.18833356,0.19715920,0.17596273,0.18673558
3536,0,0.14435675,0,0.16700067,0.14435675,0.15518858,0.17193663,0.17939780
3538,0,0.12411448,0,0.16700067,0.12411448,0.13547300,0.13100286,0.11718792
3541,0,0.10861405,0,0.16700067,0.10861405,0.12015940,0.15014231,0.14355622
3545,0,0.06925868,0,0.16700067,0.06925868,0.08015914,0.12795311,0.11339685
3546,0,0.44530707,1,0.16700067,0.44530707,0.43207506,0.16980495,0.17560484
3547,0,0.09816023,0,0.16700067,0.09816023,0.10970713,0.14869861,0.14140639
3549,0,0.18833356,1,0.16700067,0.18833356,0.19715920,0.17596273,0.18673558
3550,1,0.18833356,1,0.16700067,0.18833356,0.19715920,0.17596273,0.18673558
3554,0,0.09816023,0,0.16700067,0.09816023,0.10970713,0.14869861,0.14140639
3566,0,0.12411448,0,0.16700067,0.12411448,0.13547300,0.13100286,0.11718792
3568,0,0.11235682,0,0.16700067,0.11235682,0.12387620,0.13473599,0.12197765
3575,0,0.13623584,0,0.16700067,0.13623584,0.14731400,0.16082614,0.16032022
3576,0,0.18833356,1,0.16700067,0.18833356,0.19715920,0.17596273,0.18673558
3577,0,0.16633602,0,0.16700067,0.16633602,0.17629462,0.17115968,0.17800798
3592,0,0.10861405,0,0.16700067,0.10861405,0.12015940,0.15014231,0.14355622
3598,0,0.17898386,0,0.16700067,0.17898386,0.18831961,0.18597000,0.20596944
3602,0,0.23807877,1,0.16700067,0.23807877,0.24360768,0.16473001,0.16682934
3608,0,0.06625208,0,0.16700067,0.06625208,0.07701900,0.15127260,0.14525827
3609,0,0.08974236,0,0.16700067,0.08974236,0.10120756,0.16074529,0.16018760
3614,0,0.05111881,0,0.16700067,0.05111881,0.06097157,0.13493595,0.12223890
3615,0,0.72692570,1,0.16700067,0.72692570,0.69395047,0.44355584,0.85693491
3624,0,0.11235682,0,0.16700067,0.11235682,0.12387620,0.13473599,0.12197765
3635,0,0.21249869,1,0.16700067,0.21249869,0.21983408,0.16025304,0.15938215
3637,1,0.16633602,0,0.16700067,0.16633602,0.17629462,0.17115968,0.17800798
3651,0,0.26425288,1,0.16700067,0.26425288,0.26773715,0.18064658,0.19556050
3652,0,0.13452635,0,0.16700067,0.13452635,0.14565059,0.17466293,0.18434166
3653,1,0.17398997,0,0.16700067,0.17398997,0.18358126,0.17927950,0.19295260
3654,0,0.16633602,0,0.16700067,0.16633602,0.17629462,0.17115968,0.17800798
3658,0,0.40424830,1,0.16700067,0.40424830,0.39494588,0.20390463,0.24401225
3665,0,0.10861405,0,0.16700067,0.10861405,0.12015940,0.15014231,0.14355622
3677,0,0.18833356,1,0.16700067,0.18833356,0.19715920,0.17596273,0.18673558
3684,0,0.03745053,0,0.16700067,0.03745053,0.04604893,0.15061200,0.14426148
3691,0,0.10485632,0,0.16700067,0.10485632,0.11641460,0.13854633,0.12703932
3694,1,0.12345399,0,0.16700067,0.12345399,0.13482458,0.15400711,0.14944536
3697,1,0.17970168,0,0.16700067,0.17970168,0.18899971,0.16160904,0.16160890
3698,0,0.19763097,1,0.16700067,0.19763097,0.20591105,0.17991291,0.19415762
3700,0,0.12411448,0,0.16700067,0.12411448,0.13547300,0.13100286,0.11718792
3702,1,0.12411448,0,0.16700067,0.12411448,0.13547300,0.13100286,0.11718792
3705,1,0.10861405,0,0.16700067,0.10861405,0.12015940,0.15014231,0.14355622
3707,0,0.11675352,0,0.16700067,0.11675352,0.12822643,0.17673911,0.18817687
3709,0,0.10861405,0,0.16700067,0.10861405,0.12015940,0.15014231,0.14355622
3718,0,0.10861405,0,0.16700067,0.10861405,0.12015940,0.15014231,0.14355622
3720,0,0.03745053,0,0.16700067,0.03745053,0.04604893,0.15061200,0.14426148
3722,0,0.16633602,0,0.16700067,0.16633602,0.17629462,0.17115968,0.17800798
3730,0,0.10861405,0,0.16700067,0.10861405,0.12015940,0.15014231,0.14355622
3732,0,0.18833356,1,0.16700067,0.18833356,0.19715920,0.17596273,0.18673558
3734,0,0.17890152,0,0.16700067,0.17890152,0.18824158,0.18124291,0.19670643
3737,0,0.18833356,1,0.16700067,0.18833356,0.19715920,0.17596273,0.18673558
3747,0,0.21249869,1,0.16700067,0.21249869,0.21983408,0.16025304,0.15938215
3749,0,0.15643282,0,0.16700067,0.15643282,0.16681996,0.17193663,0.17939780
3753,1,0.21249869,1,0.16700067,0.21249869,0.21983408,0.16025304,0.15938215
3755,0,0.08458531,0,0.16700067,0.08458531,0.09596015,0.15088091,0.14466655
3767,0,0.08625213,0,0.16700067,0.08625213,0.09765970,0.15891790,0.15721401
3779,0,0.11694917,0,0.16700067,0.11694917,0.12841961,0.17979221,0.19392755
3780,0,0.09816023,0,0.16700067,0.09816023,0.10970713,0.14869861,0.14140639
3781,0,0.16633602,0,0.16700067,0.16633602,0.17629462,0.17115968,0.17800798
3785,0,0.10861405,0,0.16700067,0.10861405,0.12015940,0.15014231,0.14355622
3791,0,0.17544814,0,0.16700067,0.17544814,0.18496608,0.17170939,0.17899043
3796,0,0.18113233,1,0.16700067,0.18113233,0.19035444,0.18008164,0.19447958
3797,0,0.12411448,0,0.16700067,0.12411448,0.13547300,0.13100286,0.11718792
3799,0,0.21913935,1,0.16700067,0.21913935,0.22602647,0.16686658,0.17048038
3801,0,0.16633602,0,0.16700067,0.16633602,0.17629462,0.17115968,0.17800798
3802,0,0.06232785,0,0.16700067,0.06232785,0.07289807,0.12888301,0.11454130
3807,0,0.10861405,0,0.16700067,0.10861405,0.12015940,0.15014231,0.14355622
3809,0,0.11334252,0,0.16700067,0.11334252,0.12485296,0.17044356,0.17673447
3812,0,0.18833356,1,0.16700067,0.18833356,0.19715920,0.17596273,0.18673558
3822,1,0.57181062,1,0.16700067,0.57181062,0.54740997,0.43475016,0.84326684
3823,0,0.18833356,1,0.16700067,0.18833356,0.19715920,0.17596273,0.18673558
3825,0,0.10861405,0,0.16700067,0.10861405,0.12015940,0.15014231,0.14355622
3830,0,0.10861405,0,0.16700067,0.10861405,0.12015940,0.15014231,0.14355622
3833,0,0.12411448,0,0.16700067,0.12411448,0.13547300,0.13100286,0.11718792
3835,0,0.10459741,0,0.16700067,0.10459741,0.11615608,0.16240077,0.16292062
3839,0,0.03097286,0,0.16700067,0.03097286,0.03879018,0.11771930,0.10144842
3846,0,0.12365233,0,0.16700067,0.12365233,0.13501933,0.16068873,0.16009489
3859,1,0.12411448,0,0.16700067,0.12411448,0.13547300,0.13100286,0.11718792
3862,0,0.15126940,0,0.16700067,0.15126940,0.16185762,0.16593627,0.16888290
3872,1,0.07687934,0,0.16700067,0.07687934,0.08805653,0.13009533,0.11604844
3881,0,0.15593859,0,0.16700067,0.15593859,0.16634566,0.14018068,0.12926486
3885,1,0.10861405,0,0.16700067,0.10861405,0.12015940,0.15014231,0.14355622
3893,1,0.21878474,1,0.16700067,0.21878474,0.22569618,0.14985997,0.14313365
3895,1,0.16633602,0,0.16700067,0.16633602,0.17629462,0.17115968,0.17800798
3899,0,0.16633602,0,0.16700067,0.16633602,0.17629462,0.17115968,0.17800798
3907,0,0.10407019,0,0.16700067,0.10407019,0.11562946,0.15734031,0.15468315
3918,0,0.10861405,0,0.16700067,0.10861405,0.12015940,0.15014231,0.14355622
3927,0,0.08629702,0,0.16700067,0.08629702,0.09770542,0.17310371,0.18150139
3935,0,0.12411448,0,0.16700067,0.12411448,0.13547300,0.13100286,0.11718792
3944,0,0.21249869,1,0.16700067,0.21249869,0.21983408,0.16025304,0.15938215
3949,1,0.18833356,1,0.16700067,0.18833356,0.19715920,0.17596273,0.18673558
3952,0,0.10861405,0,0.16700067,0.10861405,0.12015940,0.15014231,0.14355622
3955,0,0.06925868,0,0.16700067,0.06925868,0.08015914,0.12795311,0.11339685
3956,1,0.18833356,1,0.16700067,0.18833356,0.19715920,0.17596273,0.18673558
3962,0,0.15771259,0,0.16700067,0.15771259,0.16804745,0.15551741,0.15180030
3967,0,0.04688550,0,0.16700067,0.04688550,0.05639944,0.13755048,0.12569937
3968,0,0.16633602,0,0.16700067,0.16633602,0.17629462,0.17115968,0.17800798
3970,0,0.10861405,0,0.16700067,0.10861405,0.12015940,0.15014231,0.14355622
3972,0,0.16633602,0,0.16700067,0.16633602,0.17629462,0.17115968,0.17800798
3976,0,0.21249869,1,0.16700067,0.21249869,0.21983408,0.16025304,0.15938215
3977,1,0.31909064,1,0.16700067,0.31909064,0.31782524,0.20188988,0.23951096
3989,0,0.18833356,1,0.16700067,0.18833356,0.19715920,0.17596273,0.18673558
3990,0,0.15126940,0,0.16700067,0.15126940,0.16185762,0.16593627,0.16888290
3992,1,0.16633602,0,0.16700067,0.16633602,0.17629462,0.17115968,0.17800798
4000,0,0.09510621,0,0.16700067,0.09510621,0.10663249,0.15617414,0.15283378
4016,0,0.10861405,0,0.16700067,0.10861405,0.12015940,0.15014231,0.14355622
4021,0,0.18113233,1,0.16700067,0.18113233,0.19035444,0.18008164,0.19447958
4028,1,0.14273387,0,0.16700067,0.14273387,0.15361847,0.16820336,0.17279682
4033,1,0.09583183,0,0.16700067,0.09583183,0.10736392,0.14985997,0.14313365
4042,0,0.05151352,0,0.16700067,0.05151352,0.06139584,0.14985997,0.14313365
4046,0,0.16633602,0,0.16700067,0.16633602,0.17629462,0.17115968,0.17800798
4049,1,0.10910461,0,0.16700067,0.10910461,0.12064729,0.17803670,0.19060480
4065,1,0.18833356,1,0.16700067,0.18833356,0.19715920,0.17596273,0.18673558
4069,0,0.08181443,0,0.16700067,0.08181443,0.09312715,0.17193663,0.17939780
4074,0,0.17650455,0,0.16700067,0.17650455,0.18596869,0.18108902,0.19641023
4079,1,0.20806811,1,0.16700067,0.20806811,0.21569381,0.18766422,0.20936705
4086,0,0.29640264,1,0.16700067,0.29640264,0.29716467,0.17642434,0.18759149
4089,1,0.15720584,0,0.16700067,0.15720584,0.16756151,0.16495495,0.16721077
4096,0,0.21249869,1,0.16700067,0.21249869,0.21983408,0.16025304,0.15938215
4110,0,0.16633602,0,0.16700067,0.16633602,0.17629462,0.17115968,0.17800798
4111,0,0.08811711,0,0.16700067,0.08811711,0.09955728,0.16477132,0.16689934
4114,0,0.10861405,0,0.16700067,0.10861405,0.12015940,0.15014231,0.14355622
4116,0,0.14417299,0,0.16700067,0.14417299,0.15501088,0.16346956,0.16470492
4118,0,0.31840565,1,0.16700067,0.31840565,0.31720250,0.17985987,0.19405650
4123,0,0.22466063,1,0.16700067,0.22466063,0.23116357,0.18064658,0.19556050
4126,1,0.18833356,1,0.16700067,0.18833356,0.19715920,0.17596273,0.18673558
4145,0,0.16633602,0,0.16700067,0.16633602,0.17629462,0.17115968,0.17800798
4148,0,0.10861405,0,0.16700067,0.10861405,0.12015940,0.15014231,0.14355622
4151,0,0.18833356,1,0.16700067,0.18833356,0.19715920,0.17596273,0.18673558
4160,0,0.21249869,1,0.16700067,0.21249869,0.21983408,0.16025304,0.15938215
4167,0,0.18833356,1,0.16700067,0.18833356,0.19715920,0.17596273,0.18673558
4169,0,0.21249869,1,0.16700067,0.21249869,0.21983408,0.16025304,0.15938215
4170,0,0.12411448,0,0.16700067,0.12411448,0.13547300,0.13100286,0.11718792
4173,0,0.18833356,1,0.16700067,0.18833356,0.19715920,0.17596273,0.18673558
4176,0,0.06925868,0,0.16700067,0.06925868,0.08015914,0.12795311,0.11339685
4180,0,0.06925868,0,0.16700067,0.06925868,0.08015914,0.12795311,0.11339685
4186,0,0.12411448,0,0.16700067,0.12411448,0.13547300,0.13100286,0.11718792
4194,0,0.18833356,1,0.16700067,0.18833356,0.19715920,0.17596273,0.18673558
4199,1,0.18841960,1,0.16700067,0.18841960,0.19724036,0.14644992,0.13811148
4201,0,0.00484643,0,0.16700067,0.00484643,0.00721718,0.05599818,0.05052261
4210,0,0.10861405,0,0.16700067,0.10861405,0.12015940,0.15014231,0.14355622
4214,0,0.20806811,1,0.16700067,0.20806811,0.21569381,0.18766422,0.20936705
4219,1,0.18833356,1,0.16700067,0.18833356,0.19715920,0.17596273,0.18673558
4228,0,0.48147045,1,0.16700067,0.48147045,0.46484786,0.36937454,0.70805173
4238,0,0.12411448,0,0.16700067,0.12411448,0.13547300,0.13100286,0.11718792
4244,0,0.25095737,1,0.16700067,0.25095737,0.25550232,0.17732091,0.18926253
4255,0,0.18685696,1,0.16700067,0.18685696,0.19576580,0.17326822,0.18179945
4256,1,0.20199910,1,0.16700067,0.20199910,0.21001050,0.15777344,0.15537466
4282,0,0.06925868,0,0.16700067,0.06925868,0.08015914,0.12795311,0.11339685
4284,0,0.17184889,0,0.16700067,0.17184889,0.18154596,0.17273146,0.18082835
4292,0,0.18661396,1,0.16700067,0.18661396,0.19553641,0.16089224,0.16042870
4297,0,0.12411448,0,0.16700067,0.12411448,0.13547300,0.13100286,0.11718792
4304,0,0.18833356,1,0.16700067,0.18833356,0.19715920,0.17596273,0.18673558
4306,1,0.18833356,1,0.16700067,0.18833356,0.19715920,0.17596273,0.18673558
4325,1,0.23225768,1,0.16700067,0.23225768,0.23821590,0.18280018,0.19972278
4330,0,0.11334248,0,0.16700067,0.11334248,0.12485291,0.16108794,0.16075022
4331,0,0.12411448,0,0.16700067,0.12411448,0.13547300,0.13100286,0.11718792
4332,1,0.17184889,0,0.16700067,0.17184889,0.18154596,0.17273146,0.18082835
4335,0,0.10836626,0,0.16700067,0.10836626,0.11991287,0.13087734,0.11702974
4348,1,0.30263977,1,0.16700067,0.30263977,0.30285200,0.21589549,0.27196768
4351,1,0.10861405,0,0.16700067,0.10861405,0.12015940,0.15014231,0.14355622
4356,0,0.41621505,1,0.16700067,0.41621505,0.40576337,0.21287695,0.26474464
4359,0,0.10408001,0,0.16700067,0.10408001,0.11563927,0.13620691,0.12391073
4364,0,0.13643456,0,0.16700067,0.13643456,0.14750724,0.13830649,0.12671550
4366,0,0.21031806,1,0.16700067,0.21031806,0.21779724,0.18108902,0.19641023
4370,0,0.12411448,0,0.16700067,0.12411448,0.13547300,0.13100286,0.11718792
4372,0,0.09653601,0,0.16700067,0.09653601,0.10807319,0.16472425,0.16681958
4376,0,0.10861405,0,0.16700067,0.10861405,0.12015940,0.15014231,0.14355622
4377,0,0.21249869,1,0.16700067,0.21249869,0.21983408,0.16025304,0.15938215
4384,0,0.00694671,0,0.16700067,0.00694671,0.01000971,0.05410564,0.04942753
4386,0,0.13853129,0,0.16700067,0.13853129,0.14954437,0.17445030,0.18395231
4390,0,0.24288032,1,0.16700067,0.24288032,0.24804770,0.18438099,0.20282010
4396,0,0.10861405,0,0.16700067,0.10861405,0.12015940,0.15014231,0.14355622
4424,0,0.12705338,0,0.16700067,0.12705338,0.13835408,0.16546259,0.16807411
4427,0,0.12411448,0,0.16700067,0.12411448,0.13547300,0.13100286,0.11718792
4431,1,0.18833356,1,0.16700067,0.18833356,0.19715920,0.17596273,0.18673558
4437,1,0.16633602,0,0.16700067,0.16633602,0.17629462,0.17115968,0.17800798
4452,0,0.10861405,0,0.16700067,0.10861405,0.12015940,0.15014231,0.14355622
4453,0,0.03129789,0,0.16700067,0.03129789,0.03915783,0.12337437,0.10790613
4455,1,0.10861405,0,0.16700067,0.10861405,0.12015940,0.15014231,0.14355622
4456,0,0.12716486,0,0.16700067,0.12716486,0.13846324,0.17030809,0.17649436
4473,0,0.11900873,0,0.16700067,0.11900873,0.13045134,0.13959368,0.12846174
4476,1,0.18833356,1,0.16700067,0.18833356,0.19715920,0.17596273,0.18673558
4485,0,0.08322953,0,0.16700067,0.08322953,0.09457519,0.13640824,0.12417734
4486,0,0.26754089,1,0.16700067,0.26754089,0.27075643,0.18336174,0.20081899
4502,0,0.16985305,0,0.16700067,0.16985305,0.17964663,0.16064405,0.16002168
4508,0,0.21249869,1,0.16700067,0.21249869,0.21983408,0.16025304,0.15938215
4510,0,0.09402897,0,0.16700067,0.09402897,0.10554557,0.15621143,0.15289263
4529,0,0.16633602,0,0.16700067,0.16633602,0.17629462,0.17115968,0.17800798
4538,0,0.12216804,0,0.16700067,0.12216804,0.13356112,0.14954472,0.14266306
4547,0,0.10861405,0,0.16700067,0.10861405,0.12015940,0.15014231,0.14355622
4550,1,0.10861405,0,0.16700067,0.10861405,0.12015940,0.15014231,0.14355622
4555,1,0.56928600,1,0.16700067,0.56928600,0.54508341,0.22770990,0.30139408
4556,0,0.18833356,1,0.16700067,0.18833356,0.19715920,0.17596273,0.18673558
4568,0,0.06925868,0,0.16700067,0.06925868,0.08015914,0.12795311,0.11339685
4576,0,0.18833356,1,0.16700067,0.18833356,0.19715920,0.17596273,0.18673558
4581,0,0.12245023,0,0.16700067,0.12245023,0.13383848,0.15974953,0.15856167
4583,1,0.30510994,1,0.16700067,0.30510994,0.30510276,0.16321545,0.16427929
4584,0,0.18833356,1,0.16700067,0.18833356,0.19715920,0.17596273,0.18673558
4588,0,0.14967137,0,0.16700067,0.14967137,0.16031857,0.14636839,0.13799323
4591,0,0.18833356,1,0.16700067,0.18833356,0.19715920,0.17596273,0.18673558
4606,0,0.16633602,0,0.16700067,0.16633602,0.17629462,0.17115968,0.17800798
4613,0,0.43992624,1,0.16700067,0.43992624,0.42720605,0.23928341,0.33189866
4615,1,0.16633602,0,0.16700067,0.16633602,0.17629462,0.17115968,0.17800798
4616,0,0.23702997,1,0.16700067,0.23702997,0.24263696,0.19641262,0.22756369
4621,0,0.26821130,1,0.16700067,0.26821130,0.27137175,0.16905418,0.17428409
4632,0,0.10861405,0,0.16700067,0.10861405,0.12015940,0.15014231,0.14355622
4633,0,0.06757191,0,0.16700067,0.06757191,0.07839923,0.16384902,0.16534219
4634,0,0.20529758,1,0.16700067,0.20529758,0.21310111,0.21105191,0.26043752
4642,1,0.61231654,1,0.16700067,0.61231654,0.58494175,0.23480340,0.31990410
4646,0,0.16094184,0,0.16700067,0.16094184,0.17114064,0.15759112,0.15508326
4653,0,0.10861405,0,0.16700067,0.10861405,0.12015940,0.15014231,0.14355622
4655,0,0.17776999,0,0.16700067,0.17776999,0.18716897,0.15835743,0.15631102
4659,1,0.20516482,1,0.16700067,0.20516482,0.21297679,0.17965504,0.19366634
4662,0,0.10861405,0,0.16700067,0.10861405,0.12015940,0.15014231,0.14355622
4665,0,0.16633602,0,0.16700067,0.16633602,0.17629462,0.17115968,0.17800798
4667,0,0.17732549,0,0.16700067,0.17732549,0.18674745,0.17445030,0.18395231
4674,0,0.09816023,0,0.16700067,0.09816023,0.10970713,0.14869861,0.14140639
4693,0,0.21249869,1,0.16700067,0.21249869,0.21983408,0.16025304,0.15938215
4704,0,0.13621168,0,0.16700067,0.13621168,0.14729051,0.16397065,0.16554687
4711,0,0.16546308,0,0.16700067,0.16546308,0.17546162,0.15088091,0.14466655
4712,0,0.12702211,0,0.16700067,0.12702211,0.13832347,0.16398819,0.16557642
4716,0,0.18833356,1,0.16700067,0.18833356,0.19715920,0.17596273,0.18673558
4718,0,0.11799805,0,0.16700067,0.11799805,0.12945477,0.13913496,0.12783709
4722,1,0.18833356,1,0.16700067,0.18833356,0.19715920,0.17596273,0.18673558
4732,0,0.13901682,0,0.16700067,0.13901682,0.15001566,0.15777344,0.15537466
4744,0,0.10426419,0,0.16700067,0.10426419,0.11582326,0.15899092,0.15733197
4745,0,0.08985033,0,0.16700067,0.08985033,0.10131708,0.14985997,0.14313365
4752,0,0.10407019,0,0.16700067,0.10407019,0.11562946,0.15734031,0.15468315
4761,1,0.10861405,0,0.16700067,0.10861405,0.12015940,0.15014231,0.14355622
4767,1,0.15126940,0,0.16700067,0.15126940,0.16185762,0.16593627,0.16888290
4770,0,0.19534162,1,0.16700067,0.19534162,0.20375941,0.17679763,0.18828586
4786,0,0.08665785,0,0.16700067,0.08665785,0.09807287,0.14049300,0.12969391
4788,0,0.15981029,0,0.16700067,0.15981029,0.17005745,0.17388536,0.18292096
4796,0,0.18833356,1,0.16700067,0.18833356,0.19715920,0.17596273,0.18673558
4797,0,0.29813608,1,0.16700067,0.29813608,0.29874594,0.17244815,0.18031742
4803,0,0.26821130,1,0.16700067,0.26821130,0.27137175,0.16905418,0.17428409
4811,0,0.26616262,1,0.16700067,0.26616262,0.26949110,0.20278671,0.24150758
4815,0,0.10861405,0,0.16700067,0.10861405,0.12015940,0.15014231,0.14355622
4826,0,0.21249869,1,0.16700067,0.21249869,0.21983408,0.16025304,0.15938215
4833,0,0.12732528,0,0.16700067,0.12732528,0.13862030,0.17596273,0.18673558
4837,0,0.17045135,0,0.16700067,0.17045135,0.18021621,0.18064658,0.19556050
4843,1,0.06623890,0,0.16700067,0.06623890,0.07700520,0.13337351,0.12021031
4844,0,0.18833356,1,0.16700067,0.18833356,0.19715920,0.17596273,0.18673558
4846,1,0.15503344,0,0.16700067,0.15503344,0.16547663,0.17596273,0.18673558
4849,0,0.23516401,1,0.16700067,0.23516401,0.24090915,0.18064658,0.19556050
4858,0,0.13708576,0,0.16700067,0.13708576,0.14814026,0.15992704,0.15885053
4863,1,0.14278207,0,0.16700067,0.14278207,0.15366512,0.17019120,0.17628739
4870,0,0.13912513,0,0.16700067,0.13912513,0.15012078,0.13111300,0.11732686
4878,0,0.18833356,1,0.16700067,0.18833356,0.19715920,0.17596273,0.18673558
4879,1,0.54730217,1,0.16700067,0.54730217,0.52487888,0.27142040,0.42362141
4882,0,0.14417299,0,0.16700067,0.14417299,0.15501088,0.16346956,0.16470492
4886,0,0.16633602,0,0.16700067,0.16633602,0.17629462,0.17115968,0.17800798
4887,0,0.29232489,1,0.16700067,0.29232489,0.29344294,0.17172264,0.17901417
4891,0,0.07399355,0,0.16700067,0.07399355,0.08507596,0.12493912,0.10975574
4893,0,0.18133390,1,0.16700067,0.18133390,0.19054524,0.17025028,0.17639198
4894,0,0.13527933,0,0.16700067,0.13527933,0.14638354,0.15955453,0.15824483
4896,0,0.19626419,1,0.16700067,0.19626419,0.20462675,0.23481699,0.31994014
4897,1,0.15126940,0,0.16700067,0.15126940,0.16185762,0.16593627,0.16888290
4899,0,0.13077515,0,0.16700067,0.13077515,0.14199313,0.12918695,0.11491754
4900,0,0.17898386,0,0.16700067,0.17898386,0.18831961,0.18597000,0.20596944
4903,0,0.09561381,0,0.16700067,0.09561381,0.10714421,0.16185664,0.16201820
4929,0,0.18833356,1,0.16700067,0.18833356,0.19715920,0.17596273,0.18673558
4932,0,0.10861405,0,0.16700067,0.10861405,0.12015940,0.15014231,0.14355622
4937,0,0.10861405,0,0.16700067,0.10861405,0.12015940,0.15014231,0.14355622
4942,0,0.07859513,0,0.16700067,0.07859513,0.08982316,0.12161534,0.10585963
4948,0,0.06925868,0,0.16700067,0.06925868,0.08015914,0.12795311,0.11339685
4949,0,0.21249869,1,0.16700067,0.21249869,0.21983408,0.16025304,0.15938215
4952,0,0.10861405,0,0.16700067,0.10861405,0.12015940,0.15014231,0.14355622
4956,0,0.12466525,0,0.16700067,0.12466525,0.13601345,0.16265633,0.16334584
4959,0,0.21249869,1,0.16700067,0.21249869,0.21983408,0.16025304,0.15938215
4963,0,0.30311748,1,0.16700067,0.30311748,0.30328736,0.17561498,0.18609278
4971,0,0.09816023,0,0.16700067,0.09816023,0.10970713,0.14869861,0.14140639
5016,0,0.03662637,0,0.16700067,0.03662637,0.04513295,0.13246993,0.11905046
5017,1,0.10216605,0,0.16700067,0.10216605,0.11372519,0.13804558,0.12636403
5019,0,0.36047231,1,0.16700067,0.36047231,0.35535604,0.18917211,0.21242547
5020,0,0.15981029,0,0.16700067,0.15981029,0.17005745,0.17388536,0.18292096
5022,0,0.18833356,1,0.16700067,0.18833356,0.19715920,0.17596273,0.18673558
5023,0,0.10861405,0,0.16700067,0.10861405,0.12015940,0.15014231,0.14355622
5024,1,0.23963852,1,0.16700067,0.23963852,0.24505071,0.18226284,0.19867808
5030,1,0.16598121,0,0.16700067,0.16598121,0.17595610,0.17893897,0.19230711
5033,0,0.31917085,1,0.16700067,0.31917085,0.31789815,0.20443908,0.24521585
5041,0,0.06925868,0,0.16700067,0.06925868,0.08015914,0.12795311,0.11339685
5042,0,0.15981029,0,0.16700067,0.15981029,0.17005745,0.17388536,0.18292096
5044,0,0.11334252,0,0.16700067,0.11334252,0.12485296,0.17044356,0.17673447
5045,0,0.16438185,0,0.16700067,0.16438185,0.17442930,0.17842259,0.19133145
5046,0,0.15431356,0,0.16700067,0.15431356,0.16478515,0.16017979,0.15926257
5048,0,0.07126984,0,0.16700067,0.07126984,0.08225171,0.13087734,0.11702974
5049,0,0.21249869,1,0.16700067,0.21249869,0.21983408,0.16025304,0.15938215
5052,0,0.12411448,0,0.16700067,0.12411448,0.13547300,0.13100286,0.11718792
5053,0,0.15981029,0,0.16700067,0.15981029,0.17005745,0.17388536,0.18292096
5055,0,0.21249869,1,0.16700067,0.21249869,0.21983408,0.16025304,0.15938215
5068,1,0.57181062,1,0.16700067,0.57181062,0.54740997,0.43475016,0.84326684
5069,0,0.16633602,0,0.16700067,0.16633602,0.17629462,0.17115968,0.17800798
5070,0,0.06925868,0,0.16700067,0.06925868,0.08015914,0.12795311,0.11339685
5071,0,0.18833356,1,0.16700067,0.18833356,0.19715920,0.17596273,0.18673558
5077,0,0.06925868,0,0.16700067,0.06925868,0.08015914,0.12795311,0.11339685
5078,0,0.21249869,1,0.16700067,0.21249869,0.21983408,0.16025304,0.15938215
5081,0,0.06232785,0,0.16700067,0.06232785,0.07289807,0.12888301,0.11454130
5082,0,0.21249869,1,0.16700067,0.21249869,0.21983408,0.16025304,0.15938215
5085,1,0.71721400,1,0.16700067,0.71721400,0.68450744,0.18924657,0.21257735
5086,0,0.19220847,1,0.16700067,0.19220847,0.20081120,0.14018068,0.12926486
5087,0,0.18833356,1,0.16700067,0.18833356,0.19715920,0.17596273,0.18673558
5090,1,0.39371641,1,0.16700067,0.39371641,0.38542547,0.19157801,0.21737262
5092,1,0.39597673,1,0.16700067,0.39597673,0.38746879,0.22522437,0.29505421
5099,1,0.16633602,0,0.16700067,0.16633602,0.17629462,0.17115968,0.17800798
5110,0,0.16633602,0,0.16700067,0.16633602,0.17629462,0.17115968,0.17800798
5115,0,0.10861405,0,0.16700067,0.10861405,0.12015940,0.15014231,0.14355622
5124,0,0.16633602,0,0.16700067,0.16633602,0.17629462,0.17115968,0.17800798
5129,0,0.23702997,1,0.16700067,0.23702997,0.24263696,0.19641262,0.22756369
5135,0,0.13947541,0,0.16700067,0.13947541,0.15046067,0.18095694,0.19615628
5138,0,0.12471300,0,0.16700067,0.12471300,0.13606030,0.16333612,0.16448130
5140,0,0.19422484,1,0.16700067,0.19422484,0.20270903,0.16226043,0.16268749
5150,0,0.18833356,1,0.16700067,0.18833356,0.19715920,0.17596273,0.18673558
5159,0,0.16633602,0,0.16700067,0.16633602,0.17629462,0.17115968,0.17800798
5162,0,0.14200157,0,0.16700067,0.14200157,0.15290940,0.15990534,0.15881519
5166,1,0.39315313,1,0.16700067,0.39315313,0.38491625,0.20053571,0.23651765
5167,0,0.12217756,0,0.16700067,0.12217756,0.13357047,0.17193663,0.17939780
5179,0,0.21249869,1,0.16700067,0.21249869,0.21983408,0.16025304,0.15938215
5180,0,0.21249869,1,0.16700067,0.21249869,0.21983408,0.16025304,0.15938215
5182,0,0.16719777,0,0.16700067,0.16719777,0.17711654,0.14805703,0.14045967
5188,0,0.09087185,0,0.16700067,0.09087185,0.10235262,0.15834528,0.15629151
5194,0,0.01374936,0,0.16700067,0.01374936,0.01859822,0.04373040,0.04381353
5195,0,0.16633602,0,0.16700067,0.16633602,0.17629462,0.17115968,0.17800798
5197,0,0.30007065,1,0.16700067,0.30007065,0.30051010,0.19117905,0.21654654
5199,0,0.12411448,0,0.16700067,0.12411448,0.13547300,0.13100286,0.11718792
5201,0,0.10861405,0,0.16700067,0.10861405,0.12015940,0.15014231,0.14355622
5210,0,0.07241301,0,0.16700067,0.07241301,0.08343842,0.15400100,0.14943589
5222,0,0.18113233,1,0.16700067,0.18113233,0.19035444,0.18008164,0.19447958
5230,1,0.19076180,1,0.16700067,0.19076180,0.19944851,0.17985987,0.19405650
5239,1,0.18833356,1,0.16700067,0.18833356,0.19715920,0.17596273,0.18673558
5247,1,0.16891778,0,0.16700067,0.16891778,0.17875587,0.18019521,0.19469651
5258,0,0.18113233,1,0.16700067,0.18113233,0.19035444,0.18008164,0.19447958
5261,0,0.13826613,0,0.16700067,0.13826613,0.14928692,0.16661587,0.17004869
5268,0,0.14273387,0,0.16700067,0.14273387,0.15361847,0.16820336,0.17279682
5280,0,0.17184889,0,0.16700067,0.17184889,0.18154596,0.17273146,0.18082835
5287,0,0.10861405,0,0.16700067,0.10861405,0.12015940,0.15014231,0.14355622
5298,0,0.15873274,0,0.16700067,0.15873274,0.16902526,0.17601028,0.18682362
5304,0,0.16633602,0,0.16700067,0.16633602,0.17629462,0.17115968,0.17800798
5321,0,0.30361964,1,0.16700067,0.30361964,0.30374495,0.18415333,0.20237186
5322,0,0.16633602,0,0.16700067,0.16633602,0.17629462,0.17115968,0.17800798
5328,1,0.37720543,1,0.16700067,0.37720543,0.37049637,0.29261967,0.48761557
5335,0,0.10861405,0,0.16700067,0.10861405,0.12015940,0.15014231,0.14355622
5341,0,0.16633602,0,0.16700067,0.16633602,0.17629462,0.17115968,0.17800798
5358,0,0.12309252,0,0.16700067,0.12309252,0.13446956,0.17958478,0.19353265
5365,1,0.57181062,1,0.16700067,0.57181062,0.54740997,0.43475016,0.84326684
5366,0,0.10861405,0,0.16700067,0.10861405,0.12015940,0.15014231,0.14355622
5368,0,0.16633602,0,0.16700067,0.16633602,0.17629462,0.17115968,0.17800798
5374,0,0.16633602,0,0.16700067,0.16633602,0.17629462,0.17115968,0.17800798
5375,0,0.18833356,1,0.16700067,0.18833356,0.19715920,0.17596273,0.18673558
5385,0,0.21362911,1,0.16700067,0.21362911,0.22088929,0.16410307,0.16576995
5386,0,0.34781431,1,0.16700067,0.34781431,0.34389196,0.17596273,0.18673558
5398,0,0.06925868,0,0.16700067,0.06925868,0.08015914,0.12795311,0.11339685
5405,0,0.23516401,1,0.16700067,0.23516401,0.24090915,0.18064658,0.19556050
5407,0,0.12720666,0,0.16700067,0.12720666,0.13850417,0.15045137,0.14401996
5410,0,0.13623584,0,0.16700067,0.13623584,0.14731400,0.16082614,0.16032022
5413,1,0.16633602,0,0.16700067,0.16633602,0.17629462,0.17115968,0.17800798
5414,0,0.21258767,1,0.16700067,0.21258767,0.21991716,0.17445030,0.18395231
5419,1,0.23600522,1,0.16700067,0.23600522,0.24168821,0.14135805,0.13088862
5420,0,0.16633602,0,0.16700067,0.16633602,0.17629462,0.17115968,0.17800798
5426,0,0.12411448,0,0.16700067,0.12411448,0.13547300,0.13100286,0.11718792
5427,0,0.18833356,1,0.16700067,0.18833356,0.19715920,0.17596273,0.18673558
5437,1,0.18833356,1,0.16700067,0.18833356,0.19715920,0.17596273,0.18673558
5440,0,0.26616262,1,0.16700067,0.26616262,0.26949110,0.20278671,0.24150758
5444,0,0.16546308,0,0.16700067,0.16546308,0.17546162,0.15088091,0.14466655
5445,0,0.19400631,1,0.16700067,0.19400631,0.20250343,0.14920601,0.14215888
5458,1,0.18833356,1,0.16700067,0.18833356,0.19715920,0.17596273,0.18673558
5464,1,0.18833356,1,0.16700067,0.18833356,0.19715920,0.17596273,0.18673558
5466,0,0.18833356,1,0.16700067,0.18833356,0.19715920,0.17596273,0.18673558
5471,0,0.18833356,1,0.16700067,0.18833356,0.19715920,0.17596273,0.18673558
5482,0,0.27389078,1,0.16700067,0.27389078,0.27658064,0.15217929,0.14663570
5489,0,0.01020308,0,0.16700067,0.01020308,0.01418982,0.07060625,0.05977973
5492,0,0.09816023,0,0.16700067,0.09816023,0.10970713,0.14869861,0.14140639
5497,0,0.05826133,0,0.16700067,0.05826133,0.06859921,0.12360758,0.10818005
5501,0,0.13826613,0,0.16700067,0.13826613,0.14928692,0.16661587,0.17004869
5503,0,0.33169681,1,0.16700067,0.33169681,0.32927578,0.18719780,0.20842759
5505,0,0.21249869,1,0.16700067,0.21249869,0.21983408,0.16025304,0.15938215
5507,0,0.11799805,0,0.16700067,0.11799805,0.12945477,0.13913496,0.12783709
5517,0,0.08894564,0,0.16700067,0.08894564,0.10039896,0.15380969,0.14913977
5518,0,0.16633602,0,0.16700067,0.16633602,0.17629462,0.17115968,0.17800798
5538,1,0.16633602,0,0.16700067,0.16633602,0.17629462,0.17115968,0.17800798
5544,0,0.10407019,0,0.16700067,0.10407019,0.11562946,0.15734031,0.15468315
5559,0,0.05694705,0,0.16700067,0.05694705,0.06720329,0.12782760,0.11324313
5561,0,0.09762312,0,0.16700067,0.09762312,0.10916711,0.17554252,0.18595904
5566,0,0.24550496,1,0.16700067,0.24550496,0.25047200,0.18325206,0.20060452
5567,0,0.15126940,0,0.16700067,0.15126940,0.16185762,0.16593627,0.16888290
5569,0,0.16633602,0,0.16700067,0.16633602,0.17629462,0.17115968,0.17800798
5571,1,0.11088101,0,0.16700067,0.11088101,0.12241215,0.13791686,0.12619093
5573,0,0.06925868,0,0.16700067,0.06925868,0.08015914,0.12795311,0.11339685
5575,1,0.23397321,1,0.16700067,0.23397321,0.23980597,0.17384820,0.18285328
5578,0,0.01046887,0,0.16700067,0.01046887,0.01452480,0.03105388,0.03777824
5581,1,0.31840565,1,0.16700067,0.31840565,0.31720250,0.17985987,0.19405650
5588,0,0.21061571,1,0.16700067,0.21061571,0.21807536,0.14329948,0.13360394
5590,0,0.16633602,0,0.16700067,0.16633602,0.17629462,0.17115968,0.17800798
5596,0,0.07851356,0,0.16700067,0.07851356,0.08973927,0.17645033,0.18763978
5602,0,0.12411448,0,0.16700067,0.12411448,0.13547300,0.13100286,0.11718792
5622,0,0.03994136,0,0.16700067,0.03994136,0.04880498,0.14595360,0.13739298
5626,0,0.16577213,0,0.16700067,0.16577213,0.17575658,0.19184111,0.21791864
5638,0,0.21249869,1,0.16700067,0.21249869,0.21983408,0.16025304,0.15938215
5640,0,0.16633602,0,0.16700067,0.16633602,0.17629462,0.17115968,0.17800798
5642,0,0.18833356,1,0.16700067,0.18833356,0.19715920,0.17596273,0.18673558
5654,0,0.14985855,0,0.16700067,0.14985855,0.16049892,0.15777344,0.15537466
5656,0,0.06623890,0,0.16700067,0.06623890,0.07700520,0.13337351,0.12021031
5666,0,0.22676739,1,0.16700067,0.22676739,0.23312109,0.18064658,0.19556050
5673,0,0.16633602,0,0.16700067,0.16633602,0.17629462,0.17115968,0.17800798
5674,0,0.39814201,1,0.16700067,0.39814201,0.38942614,0.20552751,0.24767945
5677,0,0.00553563,0,0.16700067,0.00553563,0.00814408,0.03843002,0.04118550
5680,0,0.21328756,1,0.16700067,0.21328756,0.22057051,0.17390941,0.18296477
5687,0,0.18833356,1,0.16700067,0.18833356,0.19715920,0.17596273,0.18673558
5697,0,0.11960561,0,0.16700067,0.11960561,0.13103950,0.15476517,0.15062359
5700,0,0.10861405,0,0.16700067,0.10861405,0.12015940,0.15014231,0.14355622
5701,0,0.15981029,0,0.16700067,0.15981029,0.17005745,0.17388536,0.18292096
5703,0,0.10861405,0,0.16700067,0.10861405,0.12015940,0.15014231,0.14355622
5717,0,0.13003180,0,0.16700067,0.13003180,0.14126714,0.18238744,0.19891996
5719,0,0.13117377,0,0.16700067,0.13117377,0.14238228,0.17160550,0.17880443
5723,0,0.08894564,0,0.16700067,0.08894564,0.10039896,0.15380969,0.14913977
5728,0,0.21249869,1,0.16700067,0.21249869,0.21983408,0.16025304,0.15938215
5730,0,0.16633602,0,0.16700067,0.16633602,0.17629462,0.17115968,0.17800798
5738,0,0.02706303,0,0.16700067,0.02706303,0.03433583,0.11023019,0.09342533
5742,0,0.13982969,0,0.16700067,0.13982969,0.15080435,0.17086035,0.17747480
5744,0,0.16633602,0,0.16700067,0.16633602,0.17629462,0.17115968,0.17800798
5747,0,0.10861405,0,0.16700067,0.10861405,0.12015940,0.15014231,0.14355622
5748,0,0.12411448,0,0.16700067,0.12411448,0.13547300,0.13100286,0.11718792
5749,0,0.16633602,0,0.16700067,0.16633602,0.17629462,0.17115968,0.17800798
5752,0,0.12411448,0,0.16700067,0.12411448,0.13547300,0.13100286,0.11718792
5757,0,0.10407019,0,0.16700067,0.10407019,0.11562946,0.15734031,0.15468315
5774,0,0.26401308,1,0.16700067,0.26401308,0.26751686,0.19472437,0.22396709
5778,0,0.06833793,0,0.16700067,0.06833793,0.07919903,0.15899092,0.15733197
5781,0,0.10861405,0,0.16700067,0.10861405,0.12015940,0.15014231,0.14355622
5782,0,0.23097563,1,0.16700067,0.23097563,0.23702704,0.18478000,0.20360754
5783,1,0.43258511,1,0.16700067,0.43258511,0.42056531,0.23727592,0.32649571
5787,0,0.18261136,1,0.16700067,0.18261136,0.19175398,0.18508602,0.20421300
5789,0,0.19440548,1,0.16700067,0.19440548,0.20287896,0.17892774,0.19228585
5804,0,0.07183134,0,0.16700067,0.07183134,0.08283484,0.13401880,0.12104457
5808,0,0.18833356,1,0.16700067,0.18833356,0.19715920,0.17596273,0.18673558
5816,1,0.10658595,0,0.16700067,0.10658595,0.11813995,0.16712994,0.17093478
5819,0,0.15126940,0,0.16700067,0.15126940,0.16185762,0.16593627,0.16888290
5821,0,0.16008963,0,0.16700067,0.16008963,0.17032491,0.18736190,0.20875776
5837,1,0.18833356,1,0.16700067,0.18833356,0.19715920,0.17596273,0.18673558
5839,0,0.12411448,0,0.16700067,0.12411448,0.13547300,0.13100286,0.11718792
5845,0,0.15981029,0,0.16700067,0.15981029,0.17005745,0.17388536,0.18292096
5847,1,0.18833356,1,0.16700067,0.18833356,0.19715920,0.17596273,0.18673558
5849,1,0.29259974,1,0.16700067,0.29259974,0.29369388,0.19684176,0.22848438
5850,0,0.10861405,0,0.16700067,0.10861405,0.12015940,0.15014231,0.14355622
5856,0,0.10861405,0,0.16700067,0.10861405,0.12015940,0.15014231,0.14355622
5867,0,0.15581620,0,0.16700067,0.15581620,0.16622818,0.15417069,0.14969896
5868,1,0.72692570,1,0.16700067,0.72692570,0.69395047,0.44355584,0.85693491
5869,0,0.18833356,1,0.16700067,0.18833356,0.19715920,0.17596273,0.18673558
5872,1,0.13623584,0,0.16700067,0.13623584,0.14731400,0.16082614,0.16032022
5878,0,0.10861405,0,0.16700067,0.10861405,0.12015940,0.15014231,0.14355622
5882,0,0.12601590,0,0.16700067,0.12601590,0.13733779,0.16690733,0.17055062
5887,0,0.05895590,0,0.16700067,0.05895590,0.06933561,0.14873651,0.14146249
5889,1,0.50052247,1,0.16700067,0.50052247,0.48216147,0.22257258,0.28837655
5892,0,0.15126940,0,0.16700067,0.15126940,0.16185762,0.16593627,0.16888290
5893,0,0.10196023,0,0.16700067,0.10196023,0.11351914,0.13207254,0.11854344
5897,0,0.14122919,0,0.16700067,0.14122919,0.15216116,0.14047075,0.12966332
5898,0,0.30730529,1,0.16700067,0.30730529,0.30710234,0.17049142,0.17681936
5899,0,0.10861405,0,0.16700067,0.10861405,0.12015940,0.15014231,0.14355622
5906,0,0.08844107,0,0.16700067,0.08844107,0.09988647,0.14776839,0.14003549
5907,0,0.13947541,0,0.16700067,0.13947541,0.15046067,0.18095694,0.19615628
5908,0,0.21096067,1,0.16700067,0.21096067,0.21839766,0.18196048,0.19809204
5911,0,0.15981029,0,0.16700067,0.15981029,0.17005745,0.17388536,0.18292096
5920,0,0.16633602,0,0.16700067,0.16633602,0.17629462,0.17115968,0.17800798
5926,0,0.18408981,1,0.16700067,0.18408981,0.19315196,0.14920601,0.14215888
5930,0,0.16633602,0,0.16700067,0.16633602,0.17629462,0.17115968,0.17800798
5944,0,0.16633602,0,0.16700067,0.16633602,0.17629462,0.17115968,0.17800798
5949,0,0.16633602,0,0.16700067,0.16633602,0.17629462,0.17115968,0.17800798
5952,0,0.19626419,1,0.16700067,0.19626419,0.20462675,0.23481699,0.31994014
5963,0,0.00693580,0,0.16700067,0.00693580,0.00999543,0.02172607,0.03385592
5964,0,0.30161147,1,0.16700067,0.30161147,0.30191477,0.23665833,0.32484269
5969,0,0.10861405,0,0.16700067,0.10861405,0.12015940,0.15014231,0.14355622
5971,0,0.12584310,0,0.16700067,0.12584310,0.13716843,0.16472691,0.16682410
5974,1,0.35817575,1,0.16700067,0.35817575,0.35327691,0.23990896,0.33359143
5984,0,0.26846749,1,0.16700067,0.26846749,0.27160686,0.19177398,0.21777923
5986,0,0.13616935,0,0.16700067,0.13616935,0.14724935,0.15338340,0.14848166
5991,0,0.18833356,1,0.16700067,0.18833356,0.19715920,0.17596273,0.18673558
5997,0,0.18833356,1,0.16700067,0.18833356,0.19715920,0.17596273,0.18673558
6002,0,0.05024704,0,0.16700067,0.05024704,0.06003332,0.14610723,0.13761504
6007,0,0.10861405,0,0.16700067,0.10861405,0.12015940,0.15014231,0.14355622
6016,0,0.07241301,0,0.16700067,0.07241301,0.08343842,0.15400100,0.14943589
6020,0,0.12310298,0,0.16700067,0.12310298,0.13447984,0.15058511,0.14422102
6025,0,0.05960499,0,0.16700067,0.05960499,0.07002298,0.13407955,0.12112337
6027,0,0.30075362,1,0.16700067,0.30075362,0.30113277,0.18771486,0.20946923
6030,0,0.10861405,0,0.16700067,0.10861405,0.12015940,0.15014231,0.14355622
6059,0,0.16633602,0,0.16700067,0.16633602,0.17629462,0.17115968,0.17800798
6066,0,0.15981029,0,0.16700067,0.15981029,0.17005745,0.17388536,0.18292096
6069,0,0.18833356,1,0.16700067,0.18833356,0.19715920,0.17596273,0.18673558
6070,0,0.16633602,0,0.16700067,0.16633602,0.17629462,0.17115968,0.17800798
6075,0,0.02706303,0,0.16700067,0.02706303,0.03433583,0.11023019,0.09342533
6078,0,0.17168475,0,0.16700067,0.17168475,0.18138983,0.17096291,0.17765734
6084,0,0.08013840,0,0.16700067,0.08013840,0.09140875,0.14575704,0.13710929
6086,0,0.12411448,0,0.16700067,0.12411448,0.13547300,0.13100286,0.11718792
6091,0,0.16633602,0,0.16700067,0.16633602,0.17629462,0.17115968,0.17800798
6099,0,0.26754089,1,0.16700067,0.26754089,0.27075643,0.18336174,0.20081899
6103,1,0.25131541,1,0.16700067,0.25131541,0.25583237,0.18064658,0.19556050
6107,1,0.21249869,1,0.16700067,0.21249869,0.21983408,0.16025304,0.15938215
6112,0,0.23718071,1,0.16700067,0.23718071,0.24277651,0.16526621,0.16773969
6118,0,0.16438185,0,0.16700067,0.16438185,0.17442930,0.17842259,0.19133145
6138,0,0.25095737,1,0.16700067,0.25095737,0.25550232,0.17732091,0.18926253
6140,1,0.23624347,1,0.16700067,0.23624347,0.24190882,0.15141823,0.14547879
6145,0,0.19324753,1,0.16700067,0.19324753,0.20178939,0.18650729,0.20704250
6146,0,0.21249869,1,0.16700067,0.21249869,0.21983408,0.16025304,0.15938215
6149,0,0.24321141,1,0.16700067,0.24321141,0.24835363,0.20530025,0.24716370
6153,0,0.26401308,1,0.16700067,0.26401308,0.26751686,0.19472437,0.22396709
6154,0,0.21648819,1,0.16700067,0.21648819,0.22355612,0.17445030,0.18395231
6157,0,0.06925868,0,0.16700067,0.06925868,0.08015914,0.12795311,0.11339685
6161,0,0.10861405,0,0.16700067,0.10861405,0.12015940,0.15014231,0.14355622
6168,0,0.16633602,0,0.16700067,0.16633602,0.17629462,0.17115968,0.17800798
6177,0,0.11247195,0,0.16700067,0.11247195,0.12399032,0.15439347,0.15004491
6182,0,0.34781431,1,0.16700067,0.34781431,0.34389196,0.17596273,0.18673558
6196,0,0.13577651,0,0.16700067,0.13577651,0.14686726,0.15951049,0.15817334
6203,1,0.16633602,0,0.16700067,0.16633602,0.17629462,0.17115968,0.17800798
6204,0,0.10861405,0,0.16700067,0.10861405,0.12015940,0.15014231,0.14355622
6205,0,0.10861405,0,0.16700067,0.10861405,0.12015940,0.15014231,0.14355622
6209,0,0.10861405,0,0.16700067,0.10861405,0.12015940,0.15014231,0.14355622
6219,0,0.18833356,1,0.16700067,0.18833356,0.19715920,0.17596273,0.18673558
6220,0,0.12411448,0,0.16700067,0.12411448,0.13547300,0.13100286,0.11718792
6221,1,0.12411448,0,0.16700067,0.12411448,0.13547300,0.13100286,0.11718792
6222,1,0.09331333,0,0.16700067,0.09331333,0.10482279,0.18321265,0.20052751
6233,1,0.18833356,1,0.16700067,0.18833356,0.19715920,0.17596273,0.18673558
6235,0,0.09997100,0,0.16700067,0.09997100,0.11152547,0.17561498,0.18609278
6239,0,0.21249869,1,0.16700067,0.21249869,0.21983408,0.16025304,0.15938215
6240,0,0.21249869,1,0.16700067,0.21249869,0.21983408,0.16025304,0.15938215
6241,0,0.10861405,0,0.16700067,0.10861405,0.12015940,0.15014231,0.14355622
6250,1,0.18833356,1,0.16700067,0.18833356,0.19715920,0.17596273,0.18673558
6257,1,0.18833356,1,0.16700067,0.18833356,0.19715920,0.17596273,0.18673558
6261,0,0.18833356,1,0.16700067,0.18833356,0.19715920,0.17596273,0.18673558
6263,1,0.18833356,1,0.16700067,0.18833356,0.19715920,0.17596273,0.18673558
6276,1,0.16633602,0,0.16700067,0.16633602,0.17629462,0.17115968,0.17800798
6278,0,0.18833356,1,0.16700067,0.18833356,0.19715920,0.17596273,0.18673558
6279,0,0.21249869,1,0.16700067,0.21249869,0.21983408,0.16025304,0.15938215
6280,0,0.23751018,1,0.16700067,0.23751018,0.24308146,0.18348107,0.20105249
6284,1,0.25213955,1,0.16700067,0.25213955,0.25659196,0.19922751,0.23365057
6290,0,0.11977647,0,0.16700067,0.11977647,0.13120780,0.16534983,0.16788203
6291,1,0.20993335,1,0.16700067,0.20993335,0.21743772,0.19086469,0.21589723
6292,0,0.18833356,1,0.16700067,0.18833356,0.19715920,0.17596273,0.18673558
6293,0,0.16633602,0,0.16700067,0.16633602,0.17629462,0.17115968,0.17800798
6294,0,0.22375120,1,0.16700067,0.22375120,0.23031811,0.17445030,0.18395231
6295,0,0.18833356,1,0.16700067,0.18833356,0.19715920,0.17596273,0.18673558
6299,0,0.12411448,0,0.16700067,0.12411448,0.13547300,0.13100286,0.11718792
6300,0,0.16030834,0,0.16700067,0.16030834,0.17053430,0.16211553,0.16244706
6305,0,0.10469438,0,0.16700067,0.10469438,0.11625292,0.14275298,0.13283481
6306,0,0.22192621,1,0.16700067,0.22192621,0.22862068,0.21582172,0.27178971
6307,0,0.21249869,1,0.16700067,0.21249869,0.21983408,0.16025304,0.15938215
6311,0,0.15126940,0,0.16700067,0.15126940,0.16185762,0.16593627,0.16888290
6318,1,0.13212952,0,0.16700067,0.13212952,0.14331484,0.17835538,0.19120472
6334,0,0.12411448,0,0.16700067,0.12411448,0.13547300,0.13100286,0.11718792
6338,0,0.12411448,0,0.16700067,0.12411448,0.13547300,0.13100286,0.11718792
6343,0,0.10861405,0,0.16700067,0.10861405,0.12015940,0.15014231,0.14355622
6344,0,0.21515591,1,0.16700067,0.21515591,0.22231378,0.18137046,0.19695219
6345,0,0.16633602,0,0.16700067,0.16633602,0.17629462,0.17115968,0.17800798
6346,0,0.15706508,0,0.16700067,0.15706508,0.16742651,0.15958890,0.15830064
6347,0,0.09092961,0,0.16700067,0.09092961,0.10241114,0.13087734,0.11702974
6350,0,0.00693580,0,0.16700067,0.00693580,0.00999543,0.02172607,0.03385592
6354,0,0.11799805,0,0.16700067,0.11799805,0.12945477,0.13913496,0.12783709
6357,1,0.16633602,0,0.16700067,0.16633602,0.17629462,0.17115968,0.17800798
6358,0,0.16598121,0,0.16700067,0.16598121,0.17595610,0.17893897,0.19230711
6365,0,0.05881557,0,0.16700067,0.05881557,0.06918690,0.14691461,0.13878703
6369,0,0.15126940,0,0.16700067,0.15126940,0.16185762,0.16593627,0.16888290
6370,0,0.03857454,0,0.16700067,0.03857454,0.04729487,0.18072020,0.19570170
6387,0,0.14073719,0,0.16700067,0.14073719,0.15168431,0.17596273,0.18673558
6390,1,0.10861405,0,0.16700067,0.10861405,0.12015940,0.15014231,0.14355622
6401,0,0.26401308,1,0.16700067,0.26401308,0.26751686,0.19472437,0.22396709
6405,0,0.14468321,0,0.16700067,0.14468321,0.15550422,0.17331873,0.18189103
6409,0,0.10625165,0,0.16700067,0.10625165,0.11780670,0.17865881,0.19177730
6418,1,0.15126940,0,0.16700067,0.15126940,0.16185762,0.16593627,0.16888290
6431,0,0.18833356,1,0.16700067,0.18833356,0.19715920,0.17596273,0.18673558
6432,0,0.10861405,0,0.16700067,0.10861405,0.12015940,0.15014231,0.14355622
6434,1,0.40346181,1,0.16700067,0.40346181,0.39423494,0.28273918,0.45760920
6455,0,0.10861405,0,0.16700067,0.10861405,0.12015940,0.15014231,0.14355622
6467,0,0.10861405,0,0.16700067,0.10861405,0.12015940,0.15014231,0.14355622
6470,0,0.06925868,0,0.16700067,0.06925868,0.08015914,0.12795311,0.11339685
6471,0,0.08364411,0,0.16700067,0.08364411,0.09499894,0.16017945,0.15926202
6473,0,0.16633602,0,0.16700067,0.16633602,0.17629462,0.17115968,0.17800798
6474,0,0.06925868,0,0.16700067,0.06925868,0.08015914,0.12795311,0.11339685
6482,1,0.10861405,0,0.16700067,0.10861405,0.12015940,0.15014231,0.14355622
6488,1,0.49740728,1,0.16700067,0.49740728,0.47932772,0.19122548,0.21664256
6489,0,0.18833356,1,0.16700067,0.18833356,0.19715920,0.17596273,0.18673558
6491,0,0.16633602,0,0.16700067,0.16633602,0.17629462,0.17115968,0.17800798
6497,0,0.18833356,1,0.16700067,0.18833356,0.19715920,0.17596273,0.18673558
6500,0,0.16633602,0,0.16700067,0.16633602,0.17629462,0.17115968,0.17800798
6501,0,0.12411448,0,0.16700067,0.12411448,0.13547300,0.13100286,0.11718792
6505,0,0.43972131,1,0.16700067,0.43972131,0.42702064,0.17096291,0.17765734
6508,1,0.20525698,1,0.16700067,0.20525698,0.21306309,0.17709337,0.18883737
6509,0,0.18833356,1,0.16700067,0.18833356,0.19715920,0.17596273,0.18673558
6513,0,0.14908724,0,0.16700067,0.14908724,0.15975561,0.17115968,0.17800798
6519,0,0.18833356,1,0.16700067,0.18833356,0.19715920,0.17596273,0.18673558
6520,0,0.17528556,0,0.16700067,0.17528556,0.18481173,0.15820664,0.15606882
6521,1,0.17719923,0,0.16700067,0.17719923,0.18662769,0.17561498,0.18609278
6522,0,0.08013840,0,0.16700067,0.08013840,0.09140875,0.14575704,0.13710929
6525,0,0.21722044,1,0.16700067,0.21722044,0.22423867,0.21008114,0.25816508
6526,0,0.12411448,0,0.16700067,0.12411448,0.13547300,0.13100286,0.11718792
6527,0,0.06790946,0,0.16700067,0.06790946,0.07875178,0.13418213,0.12125652
6531,0,0.10407019,0,0.16700067,0.10407019,0.11562946,0.15734031,0.15468315
6533,0,0.21249869,1,0.16700067,0.21249869,0.21983408,0.16025304,0.15938215
6540,0,0.06925868,0,0.16700067,0.06925868,0.08015914,0.12795311,0.11339685
6546,0,0.18833356,1,0.16700067,0.18833356,0.19715920,0.17596273,0.18673558
6551,0,0.10407019,0,0.16700067,0.10407019,0.11562946,0.15734031,0.15468315
6553,0,0.18833356,1,0.16700067,0.18833356,0.19715920,0.17596273,0.18673558
6554,0,0.10861405,0,0.16700067,0.10861405,0.12015940,0.15014231,0.14355622
6559,0,0.17168475,0,0.16700067,0.17168475,0.18138983,0.17096291,0.17765734
6562,0,0.14154048,0,0.16700067,0.14154048,0.15246276,0.15777344,0.15537466
6565,0,0.12411448,0,0.16700067,0.12411448,0.13547300,0.13100286,0.11718792
6570,0,0.15126940,0,0.16700067,0.15126940,0.16185762,0.16593627,0.16888290
6582,0,0.19076180,1,0.16700067,0.19076180,0.19944851,0.17985987,0.19405650
6583,0,0.18833356,1,0.16700067,0.18833356,0.19715920,0.17596273,0.18673558
6589,1,0.17168475,0,0.16700067,0.17168475,0.18138983,0.17096291,0.17765734
6597,0,0.18833356,1,0.16700067,0.18833356,0.19715920,0.17596273,0.18673558
6605,1,0.09941488,0,0.16700067,0.09941488,0.11096739,0.16330226,0.16442460
6607,0,0.39862097,1,0.16700067,0.39862097,0.38985910,0.17679763,0.18828586
6609,1,0.21249869,1,0.16700067,0.21249869,0.21983408,0.16025304,0.15938215
6613,0,0.18833356,1,0.16700067,0.18833356,0.19715920,0.17596273,0.18673558
6619,1,0.32525077,1,0.16700067,0.32525077,0.32342293,0.18064658,0.19556050
6627,0,0.04513917,0,0.16700067,0.04513917,0.05450113,0.16076113,0.16021357
6633,0,0.06925868,0,0.16700067,0.06925868,0.08015914,0.12795311,0.11339685
6647,0,0.26210335,1,0.16700067,0.26210335,0.26576198,0.18161447,0.19742298
6649,0,0.10861405,0,0.16700067,0.10861405,0.12015940,0.15014231,0.14355622
6653,0,0.10861405,0,0.16700067,0.10861405,0.12015940,0.15014231,0.14355622
6655,0,0.10861405,0,0.16700067,0.10861405,0.12015940,0.15014231,0.14355622
6664,0,0.18833356,1,0.16700067,0.18833356,0.19715920,0.17596273,0.18673558
6668,0,0.62659758,1,0.16700067,0.62659758,0.59827643,0.43793958,0.84833627
6676,0,0.08867857,0,0.16700067,0.08867857,0.10012774,0.17520814,0.18534290
6681,1,0.18833356,1,0.16700067,0.18833356,0.19715920,0.17596273,0.18673558
6683,1,0.08086553,0,0.16700067,0.08086553,0.09215471,0.15020626,0.14365207
6696,0,0.16633602,0,0.16700067,0.16633602,0.17629462,0.17115968,0.17800798
6697,0,0.30049515,1,0.16700067,0.30049515,0.30089713,0.25671032,0.38055080
6702,0,0.18774183,1,0.16700067,0.18774183,0.19660093,0.17445030,0.18395231
6704,0,0.10861405,0,0.16700067,0.10861405,0.12015940,0.15014231,0.14355622
6705,1,0.51519810,1,0.16700067,0.51519810,0.49552777,0.27411580,0.43166211
6706,0,0.21249869,1,0.16700067,0.21249869,0.21983408,0.16025304,0.15938215
6707,0,0.04945968,0,0.16700067,0.04945968,0.05918448,0.15247149,0.14708190
6711,0,0.21473234,1,0.16700067,0.21473234,0.22191868,0.14950161,0.14259880
6715,1,0.18833356,1,0.16700067,0.18833356,0.19715920,0.17596273,0.18673558
6718,1,0.06402565,0,0.16700067,0.06402565,0.07468417,0.14805703,0.14045967
6722,0,0.31917085,1,0.16700067,0.31917085,0.31789815,0.20443908,0.24521585
6725,0,0.11235682,0,0.16700067,0.11235682,0.12387620,0.13473599,0.12197765
6732,1,0.15981029,0,0.16700067,0.15981029,0.17005745,0.17388536,0.18292096
6733,0,0.21637336,1,0.16700067,0.21637336,0.22344906,0.16526621,0.16773969
6736,0,0.28038207,1,0.16700067,0.28038207,0.28252586,0.18351719,0.20112322
6743,0,0.15126940,0,0.16700067,0.15126940,0.16185762,0.16593627,0.16888290
6746,1,0.31076827,1,0.16700067,0.31076827,0.31025509,0.16526621,0.16773969
6752,0,0.17168475,0,0.16700067,0.17168475,0.18138983,0.17096291,0.17765734
6755,0,0.11247195,0,0.16700067,0.11247195,0.12399032,0.15439347,0.15004491
6761,0,0.09816023,0,0.16700067,0.09816023,0.10970713,0.14869861,0.14140639
6768,0,0.09568607,0,0.16700067,0.09568607,0.10721704,0.14985997,0.14313365
6773,1,0.18833356,1,0.16700067,0.18833356,0.19715920,0.17596273,0.18673558
6775,0,0.21178701,1,0.16700067,0.21178701,0.21916952,0.17940620,0.19319318
6786,1,0.15952014,0,0.16700067,0.15952014,0.16977958,0.13673797,0.12461508
6787,0,0.15126940,0,0.16700067,0.15126940,0.16185762,0.16593627,0.16888290
6788,0,0.19203046,1,0.16700067,0.19203046,0.20064357,0.18174648,0.19767805
6791,1,0.18406542,1,0.16700067,0.18406542,0.19312890,0.18929565,0.21267750
6798,0,0.12411448,0,0.16700067,0.12411448,0.13547300,0.13100286,0.11718792
6801,0,0.13826613,0,0.16700067,0.13826613,0.14928692,0.16661587,0.17004869
6806,1,0.16633602,0,0.16700067,0.16633602,0.17629462,0.17115968,0.17800798
6809,1,0.18833356,1,0.16700067,0.18833356,0.19715920,0.17596273,0.18673558
6812,1,0.11160304,0,0.16700067,0.11160304,0.12312867,0.18388811,0.20185057
6819,0,0.23751018,1,0.16700067,0.23751018,0.24308146,0.18348107,0.20105249
6825,0,0.18833356,1,0.16700067,0.18833356,0.19715920,0.17596273,0.18673558
6833,0,0.16633602,0,0.16700067,0.16633602,0.17629462,0.17115968,0.17800798
6845,0,0.06925868,0,0.16700067,0.06925868,0.08015914,0.12795311,0.11339685
6847,0,0.10861405,0,0.16700067,0.10861405,0.12015940,0.15014231,0.14355622
6853,1,0.40346181,1,0.16700067,0.40346181,0.39423494,0.28273918,0.45760920
6855,1,0.21249869,1,0.16700067,0.21249869,0.21983408,0.16025304,0.15938215
6868,0,0.30554234,1,0.16700067,0.30554234,0.30549666,0.20113407,0.23783710
6872,0,0.10861405,0,0.16700067,0.10861405,0.12015940,0.15014231,0.14355622
6873,1,0.18833356,1,0.16700067,0.18833356,0.19715920,0.17596273,0.18673558
6877,0,0.10861405,0,0.16700067,0.10861405,0.12015940,0.15014231,0.14355622
6879,0,0.18833356,1,0.16700067,0.18833356,0.19715920,0.17596273,0.18673558
6886,0,0.06925868,0,0.16700067,0.06925868,0.08015914,0.12795311,0.11339685
6888,0,0.19900568,1,0.16700067,0.19900568,0.20720203,0.17919957,0.19280094
6891,0,0.18833356,1,0.16700067,0.18833356,0.19715920,0.17596273,0.18673558
6897,1,0.18833356,1,0.16700067,0.18833356,0.19715920,0.17596273,0.18673558
6901,0,0.19292749,1,0.16700067,0.19292749,0.20148815,0.18342020,0.20093335
6910,0,0.16438185,0,0.16700067,0.16438185,0.17442930,0.17842259,0.19133145
6912,1,0.11247317,0,0.16700067,0.11247317,0.12399153,0.15730423,0.15462565
6920,0,0.10861405,0,0.16700067,0.10861405,0.12015940,0.15014231,0.14355622
6921,0,0.30510994,1,0.16700067,0.30510994,0.30510276,0.16321545,0.16427929
6926,0,0.35371482,1,0.16700067,0.35371482,0.34923733,0.19545066,0.22550939
6928,0,0.08160738,0,0.16700067,0.08160738,0.09291507,0.13196352,0.11840465
6938,0,0.06346089,0,0.16700067,0.06346089,0.07409059,0.12668466,0.11185180
6945,0,0.16633602,0,0.16700067,0.16633602,0.17629462,0.17115968,0.17800798
6956,0,0.18833356,1,0.16700067,0.18833356,0.19715920,0.17596273,0.18673558
6963,1,0.20525698,1,0.16700067,0.20525698,0.21306309,0.17709337,0.18883737
6966,0,0.21249869,1,0.16700067,0.21249869,0.21983408,0.16025304,0.15938215
6976,0,0.06951370,0,0.16700067,0.06951370,0.08042482,0.14616104,0.13769289
6978,0,0.21249869,1,0.16700067,0.21249869,0.21983408,0.16025304,0.15938215
6983,0,0.46503920,1,0.16700067,0.46503920,0.44994482,0.22687500,0.29925585
6984,1,0.21722044,1,0.16700067,0.21722044,0.22423867,0.21008114,0.25816508
6997,1,0.18833356,1,0.16700067,0.18833356,0.19715920,0.17596273,0.18673558
6998,1,0.21249869,1,0.16700067,0.21249869,0.21983408,0.16025304,0.15938215
6999,0,0.18113233,1,0.16700067,0.18113233,0.19035444,0.18008164,0.19447958
7003,0,0.10861405,0,0.16700067,0.10861405,0.12015940,0.15014231,0.14355622
7015,0,0.10861405,0,0.16700067,0.10861405,0.12015940,0.15014231,0.14355622
7018,0,0.11335398,0,0.16700067,0.11335398,0.12486430,0.17019120,0.17628739
7023,0,0.42058775,1,0.16700067,0.42058775,0.40971657,0.31473548,0.55477916
7025,0,0.10407019,0,0.16700067,0.10407019,0.11562946,0.15734031,0.15468315
7045,0,0.40313799,1,0.16700067,0.40313799,0.39394223,0.22631990,0.29783905
7053,0,0.12411448,0,0.16700067,0.12411448,0.13547300,0.13100286,0.11718792
7054,1,0.18113233,1,0.16700067,0.18113233,0.19035444,0.18008164,0.19447958
7077,0,0.10861405,0,0.16700067,0.10861405,0.12015940,0.15014231,0.14355622
7079,0,0.21249869,1,0.16700067,0.21249869,0.21983408,0.16025304,0.15938215
7080,0,0.16633602,0,0.16700067,0.16633602,0.17629462,0.17115968,0.17800798
7095,1,0.18833356,1,0.16700067,0.18833356,0.19715920,0.17596273,0.18673558
7107,0,0.18833356,1,0.16700067,0.18833356,0.19715920,0.17596273,0.18673558
7115,0,0.20806811,1,0.16700067,0.20806811,0.21569381,0.18766422,0.20936705
7126,1,0.09816023,0,0.16700067,0.09816023,0.10970713,0.14869861,0.14140639
7128,0,0.08212788,0,0.16700067,0.08212788,0.09344812,0.15036222,0.14388607
7129,0,0.37037575,1,0.16700067,0.37037575,0.36431842,0.16943457,0.17495229
7139,0,0.10861405,0,0.16700067,0.10861405,0.12015940,0.15014231,0.14355622
7142,0,0.18833356,1,0.16700067,0.18833356,0.19715920,0.17596273,0.18673558
7144,0,0.18833356,1,0.16700067,0.18833356,0.19715920,0.17596273,0.18673558
7148,0,0.16633602,0,0.16700067,0.16633602,0.17629462,0.17115968,0.17800798
7155,0,0.06232785,0,0.16700067,0.06232785,0.07289807,0.12888301,0.11454130
7159,0,0.18833356,1,0.16700067,0.18833356,0.19715920,0.17596273,0.18673558
7163,0,0.09816023,0,0.16700067,0.09816023,0.10970713,0.14869861,0.14140639
7164,1,0.15126940,0,0.16700067,0.15126940,0.16185762,0.16593627,0.16888290
7165,0,0.12411448,0,0.16700067,0.12411448,0.13547300,0.13100286,0.11718792
7166,0,0.12411448,0,0.16700067,0.12411448,0.13547300,0.13100286,0.11718792
7169,0,0.06925868,0,0.16700067,0.06925868,0.08015914,0.12795311,0.11339685
7178,1,0.12839232,0,0.16700067,0.12839232,0.13966447,0.17787069,0.19029284
7180,0,0.18740444,1,0.16700067,0.18740444,0.19628255,0.17164962,0.17888341
7182,0,0.21148142,1,0.16700067,0.21148142,0.21888410,0.17716259,0.18896663
7183,0,0.18833356,1,0.16700067,0.18833356,0.19715920,0.17596273,0.18673558
7184,0,0.21249869,1,0.16700067,0.21249869,0.21983408,0.16025304,0.15938215
7187,0,0.21249869,1,0.16700067,0.21249869,0.21983408,0.16025304,0.15938215
7200,0,0.10861405,0,0.16700067,0.10861405,0.12015940,0.15014231,0.14355622
7201,0,0.18833356,1,0.16700067,0.18833356,0.19715920,0.17596273,0.18673558
7216,0,0.04606621,0,0.16700067,0.04606621,0.05550977,0.12661351,0.11176569
7226,0,0.21249869,1,0.16700067,0.21249869,0.21983408,0.16025304,0.15938215
7227,1,0.14200157,0,0.16700067,0.14200157,0.15290940,0.15990534,0.15881519
7230,0,0.21249869,1,0.16700067,0.21249869,0.21983408,0.16025304,0.15938215
7233,0,0.09402897,0,0.16700067,0.09402897,0.10554557,0.15621143,0.15289263
7236,0,0.21249869,1,0.16700067,0.21249869,0.21983408,0.16025304,0.15938215
7237,0,0.06925868,0,0.16700067,0.06925868,0.08015914,0.12795311,0.11339685
7239,0,0.46503920,1,0.16700067,0.46503920,0.44994482,0.22687500,0.29925585
7245,0,0.11037100,0,0.16700067,0.11037100,0.12190575,0.16040158,0.15962486
7248,0,0.28589334,1,0.16700067,0.28589334,0.28756704,0.20677963,0.25053401
7252,0,0.17045135,0,0.16700067,0.17045135,0.18021621,0.18064658,0.19556050
7253,0,0.16633602,0,0.16700067,0.16633602,0.17629462,0.17115968,0.17800798
7256,0,0.23563275,1,0.16700067,0.23563275,0.24134328,0.18040504,0.19509780
7260,0,0.39356648,1,0.16700067,0.39356648,0.38528993,0.21677708,0.27410037
7273,0,0.16633602,0,0.16700067,0.16633602,0.17629462,0.17115968,0.17800798
7275,1,0.18833356,1,0.16700067,0.18833356,0.19715920,0.17596273,0.18673558
7278,0,0.17003238,0,0.16700067,0.17003238,0.17981737,0.15044433,0.14400938
7285,0,0.25398865,1,0.16700067,0.25398865,0.25829559,0.18100456,0.19624780
7293,1,0.23097563,1,0.16700067,0.23097563,0.23702704,0.18478000,0.20360754
7294,0,0.06232785,0,0.16700067,0.06232785,0.07289807,0.12888301,0.11454130
7296,0,0.18768353,1,0.16700067,0.18768353,0.19654592,0.17545308,0.18579408
7304,0,0.10975466,0,0.16700067,0.10975466,0.12129345,0.18202723,0.19822130
7307,0,0.44211379,1,0.16700067,0.44211379,0.42918535,0.20511525,0.24674437
7308,0,0.07399355,0,0.16700067,0.07399355,0.08507596,0.12493912,0.10975574
7310,0,0.10861405,0,0.16700067,0.10861405,0.12015940,0.15014231,0.14355622
7312,1,0.16268808,0,0.16700067,0.16268808,0.17281087,0.15654309,0.15341691
7322,1,0.16633602,0,0.16700067,0.16633602,0.17629462,0.17115968,0.17800798
7328,0,0.21249869,1,0.16700067,0.21249869,0.21983408,0.16025304,0.15938215
7337,0,0.18833356,1,0.16700067,0.18833356,0.19715920,0.17596273,0.18673558
7338,0,0.16633602,0,0.16700067,0.16633602,0.17629462,0.17115968,0.17800798
7341,0,0.12411448,0,0.16700067,0.12411448,0.13547300,0.13100286,0.11718792
7344,0,0.23901620,1,0.16700067,0.23901620,0.24447504,0.17799751,0.19053112
7366,0,0.18833356,1,0.16700067,0.18833356,0.19715920,0.17596273,0.18673558
7370,0,0.16633602,0,0.16700067,0.16633602,0.17629462,0.17115968,0.17800798
7372,0,0.06925868,0,0.16700067,0.06925868,0.08015914,0.12795311,0.11339685
7374,0,0.15126940,0,0.16700067,0.15126940,0.16185762,0.16593627,0.16888290
7384,0,0.10861405,0,0.16700067,0.10861405,0.12015940,0.15014231,0.14355622
7401,1,0.18833356,1,0.16700067,0.18833356,0.19715920,0.17596273,0.18673558
7402,0,0.24550496,1,0.16700067,0.24550496,0.25047200,0.18325206,0.20060452
7408,1,0.25787166,1,0.16700067,0.25787166,0.26187036,0.18208949,0.19834194
7414,1,0.21249869,1,0.16700067,0.21249869,0.21983408,0.16025304,0.15938215
7418,0,0.19084052,1,0.16700067,0.19084052,0.19952269,0.18525200,0.20454195
7437,0,0.06232785,0,0.16700067,0.06232785,0.07289807,0.12888301,0.11454130
7451,0,0.21249869,1,0.16700067,0.21249869,0.21983408,0.16025304,0.15938215
7453,0,0.15126940,0,0.16700067,0.15126940,0.16185762,0.16593627,0.16888290
7462,0,0.21249869,1,0.16700067,0.21249869,0.21983408,0.16025304,0.15938215
7463,0,0.10861405,0,0.16700067,0.10861405,0.12015940,0.15014231,0.14355622
7464,0,0.18833356,1,0.16700067,0.18833356,0.19715920,0.17596273,0.18673558
7469,0,0.10407019,0,0.16700067,0.10407019,0.11562946,0.15734031,0.15468315
7470,0,0.16633602,0,0.16700067,0.16633602,0.17629462,0.17115968,0.17800798
7491,1,0.34688489,1,0.16700067,0.34688489,0.34304974,0.18299912,0.20011062
7502,0,0.10861405,0,0.16700067,0.10861405,0.12015940,0.15014231,0.14355622
7512,0,0.07660983,0,0.16700067,0.07660983,0.08777867,0.13364470,0.12056031
7515,0,0.02706303,0,0.16700067,0.02706303,0.03433583,0.11023019,0.09342533
7519,0,0.12411448,0,0.16700067,0.12411448,0.13547300,0.13100286,0.11718792
7522,0,0.16633602,0,0.16700067,0.16633602,0.17629462,0.17115968,0.17800798
7529,0,0.10658595,0,0.16700067,0.10658595,0.11813995,0.16712994,0.17093478
7535,0,0.06925868,0,0.16700067,0.06925868,0.08015914,0.12795311,0.11339685
7536,0,0.18833356,1,0.16700067,0.18833356,0.19715920,0.17596273,0.18673558
7539,0,0.15981029,0,0.16700067,0.15981029,0.17005745,0.17388536,0.18292096
7543,0,0.24109786,1,0.16700067,0.24109786,0.24640022,0.18508602,0.20421300
7552,1,0.16926683,0,0.16700067,0.16926683,0.17908836,0.17596273,0.18673558
7553,0,0.23378279,1,0.16700067,0.23378279,0.23962951,0.17626576,0.18729712
7554,0,0.19422484,1,0.16700067,0.19422484,0.20270903,0.16226043,0.16268749
7562,0,0.21878474,1,0.16700067,0.21878474,0.22569618,0.14985997,0.14313365
7563,0,0.15126940,0,0.16700067,0.15126940,0.16185762,0.16593627,0.16888290
7564,0,0.10861405,0,0.16700067,0.10861405,0.12015940,0.15014231,0.14355622
7565,1,0.18833356,1,0.16700067,0.18833356,0.19715920,0.17596273,0.18673558
7581,1,0.21249869,1,0.16700067,0.21249869,0.21983408,0.16025304,0.15938215
7593,0,0.13616935,0,0.16700067,0.13616935,0.14724935,0.15338340,0.14848166
7601,1,0.29259974,1,0.16700067,0.29259974,0.29369388,0.19684176,0.22848438
7611,0,0.10861405,0,0.16700067,0.10861405,0.12015940,0.15014231,0.14355622
7616,0,0.17243597,0,0.16700067,0.17243597,0.18210426,0.18160510,0.19740488
7625,0,0.10729081,0,0.16700067,0.10729081,0.11884224,0.16090185,0.16044447
7627,0,0.18833356,1,0.16700067,0.18833356,0.19715920,0.17596273,0.18673558
7633,0,0.29648177,1,0.16700067,0.29648177,0.29723686,0.21787369,0.27676772
7636,1,0.29193850,1,0.16700067,0.29193850,0.29309014,0.18004457,0.19440880
7640,0,0.16633602,0,0.16700067,0.16633602,0.17629462,0.17115968,0.17800798
7645,0,0.16633602,0,0.16700067,0.16633602,0.17629462,0.17115968,0.17800798
7651,0,0.21249869,1,0.16700067,0.21249869,0.21983408,0.16025304,0.15938215
7653,0,0.10861405,0,0.16700067,0.10861405,0.12015940,0.15014231,0.14355622
7656,0,0.27389078,1,0.16700067,0.27389078,0.27658064,0.15217929,0.14663570
7661,0,0.16633602,0,0.16700067,0.16633602,0.17629462,0.17115968,0.17800798
7662,0,0.18113233,1,0.16700067,0.18113233,0.19035444,0.18008164,0.19447958
7672,0,0.23378279,1,0.16700067,0.23378279,0.23962951,0.17626576,0.18729712
7676,0,0.09816023,0,0.16700067,0.09816023,0.10970713,0.14869861,0.14140639
7683,0,0.02367715,0,0.16700067,0.02367715,0.03042615,0.12551763,0.11044658
7689,0,0.18833356,1,0.16700067,0.18833356,0.19715920,0.17596273,0.18673558
7691,0,0.13783125,0,0.16700067,0.13783125,0.14886457,0.17258353,0.18056144
7705,0,0.09279360,0,0.16700067,0.09279360,0.10429752,0.13087734,0.11702974
7713,1,0.12687293,0,0.16700067,0.12687293,0.13817738,0.19395220,0.22233562
7717,0,0.26401308,1,0.16700067,0.26401308,0.26751686,0.19472437,0.22396709
7722,0,0.06925868,0,0.16700067,0.06925868,0.08015914,0.12795311,0.11339685
7729,0,0.18833356,1,0.16700067,0.18833356,0.19715920,0.17596273,0.18673558
7734,0,0.06125627,0,0.16700067,0.06125627,0.07176816,0.14627262,0.13785444
7737,0,0.10861405,0,0.16700067,0.10861405,0.12015940,0.15014231,0.14355622
7739,0,0.18833356,1,0.16700067,0.18833356,0.19715920,0.17596273,0.18673558
7752,0,0.12761961,0,0.16700067,0.12761961,0.13890841,0.17673912,0.18817689
7758,1,0.23702997,1,0.16700067,0.23702997,0.24263696,0.19641262,0.22756369
7768,0,0.10861405,0,0.16700067,0.10861405,0.12015940,0.15014231,0.14355622
7769,0,0.10861405,0,0.16700067,0.10861405,0.12015940,0.15014231,0.14355622
7774,0,0.12411448,0,0.16700067,0.12411448,0.13547300,0.13100286,0.11718792
7778,0,0.10861405,0,0.16700067,0.10861405,0.12015940,0.15014231,0.14355622
7782,0,0.08576850,0,0.16700067,0.08576850,0.09716692,0.13581619,0.12339470
7796,0,0.18833356,1,0.16700067,0.18833356,0.19715920,0.17596273,0.18673558
7807,0,0.18833356,1,0.16700067,0.18833356,0.19715920,0.17596273,0.18673558
7808,0,0.45126716,1,0.16700067,0.45126716,0.43747001,0.19032130,0.21477818
7811,0,0.14273387,0,0.16700067,0.14273387,0.15361847,0.16820336,0.17279682
7816,0,0.21249869,1,0.16700067,0.21249869,0.21983408,0.16025304,0.15938215
7826,0,0.10861405,0,0.16700067,0.10861405,0.12015940,0.15014231,0.14355622
7846,0,0.10861405,0,0.16700067,0.10861405,0.12015940,0.15014231,0.14355622
7848,0,0.09816023,0,0.16700067,0.09816023,0.10970713,0.14869861,0.14140639
7859,0,0.20782312,1,0.16700067,0.20782312,0.21546466,0.16886280,0.17394867
7860,0,0.19655546,1,0.16700067,0.19655546,0.20490050,0.17679763,0.18828586
7868,0,0.23901620,1,0.16700067,0.23901620,0.24447504,0.17799751,0.19053112
7870,0,0.12026512,0,0.16700067,0.12026512,0.13168902,0.16132183,0.16113517
7874,0,0.14468321,0,0.16700067,0.14468321,0.15550422,0.17331873,0.18189103
7888,1,0.10861405,0,0.16700067,0.10861405,0.12015940,0.15014231,0.14355622
7889,0,0.18833356,1,0.16700067,0.18833356,0.19715920,0.17596273,0.18673558
7900,0,0.37483393,1,0.16700067,0.37483393,0.36835139,0.25855671,0.38586973
7903,0,0.18833356,1,0.16700067,0.18833356,0.19715920,0.17596273,0.18673558
7905,0,0.26189786,1,0.16700067,0.26189786,0.26557310,0.18246204,0.19906489
7906,1,0.18833356,1,0.16700067,0.18833356,0.19715920,0.17596273,0.18673558
7910,1,0.19422764,1,0.16700067,0.19422764,0.20271166,0.17147157,0.17856489
7912,0,0.18692893,1,0.16700067,0.18692893,0.19583374,0.17576420,0.18636839
7916,0,0.14417299,0,0.16700067,0.14417299,0.15501088,0.16346956,0.16470492
7921,0,0.31631637,1,0.16700067,0.31631637,0.31530273,0.14768469,0.13991267
7922,0,0.25171864,1,0.16700067,0.25171864,0.25620405,0.18975010,0.21360643
7925,0,0.11207170,0,0.16700067,0.11207170,0.12359350,0.15777344,0.15537466
7928,0,0.16089172,0,0.16700067,0.16089172,0.17109268,0.14018068,0.12926486
7929,0,0.10072923,0,0.16700067,0.10072923,0.11228587,0.16846531,0.17325364
7931,0,0.15126940,0,0.16700067,0.15126940,0.16185762,0.16593627,0.16888290
7933,0,0.18833356,1,0.16700067,0.18833356,0.19715920,0.17596273,0.18673558
7934,0,0.10658595,0,0.16700067,0.10658595,0.11813995,0.16712994,0.17093478
7937,0,0.12411448,0,0.16700067,0.12411448,0.13547300,0.13100286,0.11718792
7941,0,0.07472497,0,0.16700067,0.07472497,0.08583252,0.12472344,0.10949916
7946,0,0.25750892,1,0.16700067,0.25750892,0.26153658,0.22275044,0.28882162
7948,1,0.12393759,0,0.16700067,0.12393759,0.13529938,0.16962521,0.17528793
7955,0,0.10861405,0,0.16700067,0.10861405,0.12015940,0.15014231,0.14355622
7960,0,0.12411448,0,0.16700067,0.12411448,0.13547300,0.13100286,0.11718792
7962,0,0.16633602,0,0.16700067,0.16633602,0.17629462,0.17115968,0.17800798
7965,0,0.11900873,0,0.16700067,0.11900873,0.13045134,0.13959368,0.12846174
7967,1,0.12601590,0,0.16700067,0.12601590,0.13733779,0.16690733,0.17055062
7986,0,0.10861405,0,0.16700067,0.10861405,0.12015940,0.15014231,0.14355622
7988,1,0.08813795,0,0.16700067,0.08813795,0.09957846,0.16812118,0.17265370
7990,0,0.10861405,0,0.16700067,0.10861405,0.12015940,0.15014231,0.14355622
8003,1,0.18833356,1,0.16700067,0.18833356,0.19715920,0.17596273,0.18673558
8009,0,0.17184889,0,0.16700067,0.17184889,0.18154596,0.17273146,0.18082835
8020,0,0.18833356,1,0.16700067,0.18833356,0.19715920,0.17596273,0.18673558
8025,0,0.10407019,0,0.16700067,0.10407019,0.11562946,0.15734031,0.15468315
8038,1,0.15981029,0,0.16700067,0.15981029,0.17005745,0.17388536,0.18292096
8044,0,0.06925868,0,0.16700067,0.06925868,0.08015914,0.12795311,0.11339685
8056,0,0.18833356,1,0.16700067,0.18833356,0.19715920,0.17596273,0.18673558
8064,0,0.18833356,1,0.16700067,0.18833356,0.19715920,0.17596273,0.18673558
8068,0,0.15126940,0,0.16700067,0.15126940,0.16185762,0.16593627,0.16888290
8079,1,0.27170150,1,0.16700067,0.27170150,0.27457357,0.16900062,0.17419016
8081,0,0.06700279,0,0.16700067,0.06700279,0.07780441,0.17601028,0.18682362
8091,0,0.16633602,0,0.16700067,0.16633602,0.17629462,0.17115968,0.17800798
8093,0,0.15126940,0,0.16700067,0.15126940,0.16185762,0.16593627,0.16888290
8103,0,0.06232785,0,0.16700067,0.06232785,0.07289807,0.12888301,0.11454130
8105,0,0.16633602,0,0.16700067,0.16633602,0.17629462,0.17115968,0.17800798
8110,0,0.15236411,0,0.16700067,0.15236411,0.16291104,0.17806127,0.19065100
8118,1,0.18833356,1,0.16700067,0.18833356,0.19715920,0.17596273,0.18673558
8119,0,0.10861405,0,0.16700067,0.10861405,0.12015940,0.15014231,0.14355622
8121,0,0.10407019,0,0.16700067,0.10407019,0.11562946,0.15734031,0.15468315
8123,0,0.10407019,0,0.16700067,0.10407019,0.11562946,0.15734031,0.15468315
8124,0,0.23901620,1,0.16700067,0.23901620,0.24447504,0.17799751,0.19053112
8129,0,0.15981029,0,0.16700067,0.15981029,0.17005745,0.17388536,0.18292096
8134,0,0.16633602,0,0.16700067,0.16633602,0.17629462,0.17115968,0.17800798
8143,0,0.10861405,0,0.16700067,0.10861405,0.12015940,0.15014231,0.14355622
8146,1,0.18833356,1,0.16700067,0.18833356,0.19715920,0.17596273,0.18673558
8155,0,0.12411448,0,0.16700067,0.12411448,0.13547300,0.13100286,0.11718792
8157,0,0.14834604,0,0.16700067,0.14834604,0.15904095,0.18799361,0.21003238
8162,0,0.15126940,0,0.16700067,0.15126940,0.16185762,0.16593627,0.16888290
8163,1,0.18833356,1,0.16700067,0.18833356,0.19715920,0.17596273,0.18673558
8174,0,0.31840565,1,0.16700067,0.31840565,0.31720250,0.17985987,0.19405650
8180,1,0.49740728,1,0.16700067,0.49740728,0.47932772,0.19122548,0.21664256
8181,0,0.18833356,1,0.16700067,0.18833356,0.19715920,0.17596273,0.18673558
8185,0,0.00553563,0,0.16700067,0.00553563,0.00814408,0.03843002,0.04118550
8187,0,0.20525698,1,0.16700067,0.20525698,0.21306309,0.17709337,0.18883737
8189,0,0.18833356,1,0.16700067,0.18833356,0.19715920,0.17596273,0.18673558
8196,0,0.25095737,1,0.16700067,0.25095737,0.25550232,0.17732091,0.18926253
8197,0,0.57181062,1,0.16700067,0.57181062,0.54740997,0.43475016,0.84326684
8209,1,0.14273387,0,0.16700067,0.14273387,0.15361847,0.16820336,0.17279682
8210,0,0.12411448,0,0.16700067,0.12411448,0.13547300,0.13100286,0.11718792
8213,0,0.12310298,0,0.16700067,0.12310298,0.13447984,0.15058511,0.14422102
8214,0,0.12411448,0,0.16700067,0.12411448,0.13547300,0.13100286,0.11718792
8231,0,0.21620878,1,0.16700067,0.21620878,0.22329563,0.17818471,0.19088325
8232,0,0.16633602,0,0.16700067,0.16633602,0.17629462,0.17115968,0.17800798
8246,0,0.06925868,0,0.16700067,0.06925868,0.08015914,0.12795311,0.11339685
8255,0,0.10861405,0,0.16700067,0.10861405,0.12015940,0.15014231,0.14355622
8258,0,0.24907891,1,0.16700067,0.24907891,0.25377017,0.21724114,0.27522717
8272,0,0.18833356,1,0.16700067,0.18833356,0.19715920,0.17596273,0.18673558
8275,0,0.18833356,1,0.16700067,0.18833356,0.19715920,0.17596273,0.18673558
8276,0,0.23372232,1,0.16700067,0.23372232,0.23957348,0.15832475,0.15625850
8282,0,0.18833356,1,0.16700067,0.18833356,0.19715920,0.17596273,0.18673558
8285,0,0.00693580,0,0.16700067,0.00693580,0.00999543,0.02172607,0.03385592
8294,0,0.12411448,0,0.16700067,0.12411448,0.13547300,0.13100286,0.11718792
8305,0,0.14703243,0,0.16700067,0.14703243,0.15777355,0.14954472,0.14266306
8312,0,0.18833356,1,0.16700067,0.18833356,0.19715920,0.17596273,0.18673558
8313,1,0.13623584,0,0.16700067,0.13623584,0.14731400,0.16082614,0.16032022
8314,0,0.06925868,0,0.16700067,0.06925868,0.08015914,0.12795311,0.11339685
8324,0,0.23397321,1,0.16700067,0.23397321,0.23980597,0.17384820,0.18285328
8337,0,0.18833356,1,0.16700067,0.18833356,0.19715920,0.17596273,0.18673558
8340,0,0.13387489,0,0.16700067,0.13387489,0.14501614,0.17445030,0.18395231
8345,0,0.09816023,0,0.16700067,0.09816023,0.10970713,0.14869861,0.14140639
8346,1,0.09816023,0,0.16700067,0.09816023,0.10970713,0.14869861,0.14140639
8354,0,0.05458302,0,0.16700067,0.05458302,0.06468394,0.14881549,0.14157943
8355,0,0.12411448,0,0.16700067,0.12411448,0.13547300,0.13100286,0.11718792
8356,0,0.10861405,0,0.16700067,0.10861405,0.12015940,0.15014231,0.14355622
8367,1,0.10403565,0,0.16700067,0.10403565,0.11559495,0.15736235,0.15471827
8370,0,0.16633602,0,0.16700067,0.16633602,0.17629462,0.17115968,0.17800798
8380,0,0.10485632,0,0.16700067,0.10485632,0.11641460,0.13854633,0.12703932
8382,0,0.10861405,0,0.16700067,0.10861405,0.12015940,0.15014231,0.14355622
8383,1,0.36947286,1,0.16700067,0.36947286,0.36350153,0.21573055,0.27156983
8390,0,0.09739293,0,0.16700067,0.09739293,0.10893559,0.15777344,0.15537466
8396,0,0.12411448,0,0.16700067,0.12411448,0.13547300,0.13100286,0.11718792
8401,0,0.10861405,0,0.16700067,0.10861405,0.12015940,0.15014231,0.14355622
8402,0,0.09816023,0,0.16700067,0.09816023,0.10970713,0.14869861,0.14140639
8404,0,0.10861405,0,0.16700067,0.10861405,0.12015940,0.15014231,0.14355622
8412,0,0.18833356,1,0.16700067,0.18833356,0.19715920,0.17596273,0.18673558
8414,1,0.22997291,1,0.16700067,0.22997291,0.23609685,0.22796083,0.30203842
8415,0,0.10216605,0,0.16700067,0.10216605,0.11372519,0.13804558,0.12636403
8427,0,0.15981029,0,0.16700067,0.15981029,0.17005745,0.17388536,0.18292096
8428,0,0.12941977,0,0.16700067,0.12941977,0.14066909,0.17889689,0.19222747
8431,0,0.12411448,0,0.16700067,0.12411448,0.13547300,0.13100286,0.11718792
8433,0,0.16633602,0,0.16700067,0.16633602,0.17629462,0.17115968,0.17800798
8434,0,0.24907891,1,0.16700067,0.24907891,0.25377017,0.21724114,0.27522717
8436,0,0.18737112,1,0.16700067,0.18737112,0.19625110,0.13122741,0.11747135
8437,1,0.16633602,0,0.16700067,0.16633602,0.17629462,0.17115968,0.17800798
8438,0,0.12412336,0,0.16700067,0.12412336,0.13548172,0.18628500,0.20659804
8440,0,0.10861405,0,0.16700067,0.10861405,0.12015940,0.15014231,0.14355622
8442,0,0.14221033,0,0.16700067,0.14221033,0.15311157,0.16783070,0.17214857
8443,0,0.00792726,0,0.16700067,0.00792726,0.01128478,0.05526525,0.05009582
8453,0,0.18113233,1,0.16700067,0.18113233,0.19035444,0.18008164,0.19447958
8456,0,0.12951748,0,0.16700067,0.12951748,0.14076459,0.16526976,0.16774574
8475,0,0.18833356,1,0.16700067,0.18833356,0.19715920,0.17596273,0.18673558
8477,0,0.26975091,1,0.16700067,0.26975091,0.27278447,0.24281990,0.34152461
8479,0,0.30716424,1,0.16700067,0.30716424,0.30697389,0.17076143,0.17729886
8492,0,0.21249869,1,0.16700067,0.21249869,0.21983408,0.16025304,0.15938215
8500,0,0.15126940,0,0.16700067,0.15126940,0.16185762,0.16593627,0.16888290
8506,0,0.10407019,0,0.16700067,0.10407019,0.11562946,0.15734031,0.15468315
8517,0,0.16633602,0,0.16700067,0.16633602,0.17629462,0.17115968,0.17800798
8527,0,0.10861405,0,0.16700067,0.10861405,0.12015940,0.15014231,0.14355622
8529,0,0.15991753,0,0.16700067,0.15991753,0.17016013,0.18125581,0.19673127
8530,0,0.16633602,0,0.16700067,0.16633602,0.17629462,0.17115968,0.17800798
8532,0,0.16633602,0,0.16700067,0.16633602,0.17629462,0.17115968,0.17800798
8536,0,0.03967474,0,0.16700067,0.03967474,0.04851083,0.13233575,0.11887904
8546,0,0.12411448,0,0.16700067,0.12411448,0.13547300,0.13100286,0.11718792
8547,0,0.06925868,0,0.16700067,0.06925868,0.08015914,0.12795311,0.11339685
8553,0,0.18833356,1,0.16700067,0.18833356,0.19715920,0.17596273,0.18673558
8554,0,0.12411448,0,0.16700067,0.12411448,0.13547300,0.13100286,0.11718792
8560,0,0.16633602,0,0.16700067,0.16633602,0.17629462,0.17115968,0.17800798
8566,0,0.31840565,1,0.16700067,0.31840565,0.31720250,0.17985987,0.19405650
8573,0,0.10861405,0,0.16700067,0.10861405,0.12015940,0.15014231,0.14355622
8574,0,0.18833356,1,0.16700067,0.18833356,0.19715920,0.17596273,0.18673558
8575,0,0.29210509,1,0.16700067,0.29210509,0.29324224,0.16881126,0.17385843
8579,0,0.12411448,0,0.16700067,0.12411448,0.13547300,0.13100286,0.11718792
8583,0,0.10861405,0,0.16700067,0.10861405,0.12015940,0.15014231,0.14355622
8588,0,0.06925868,0,0.16700067,0.06925868,0.08015914,0.12795311,0.11339685
8591,0,0.01738788,0,0.16700067,0.01738788,0.02300740,0.06624436,0.05686067
8593,0,0.50841542,1,0.16700067,0.50841542,0.48934670,0.29659416,0.49972331
8595,0,0.18833356,1,0.16700067,0.18833356,0.19715920,0.17596273,0.18673558
8599,0,0.21249869,1,0.16700067,0.21249869,0.21983408,0.16025304,0.15938215
8604,0,0.16633602,0,0.16700067,0.16633602,0.17629462,0.17115968,0.17800798
8606,0,0.57181062,1,0.16700067,0.57181062,0.54740997,0.43475016,0.84326684
8613,0,0.21249869,1,0.16700067,0.21249869,0.21983408,0.16025304,0.15938215
8617,0,0.05737395,0,0.16700067,0.05737395,0.06765706,0.13988308,0.12885716
8619,0,0.18425012,1,0.16700067,0.18425012,0.19330348,0.16309784,0.16408258
8628,1,0.15126940,0,0.16700067,0.15126940,0.16185762,0.16593627,0.16888290
8639,0,0.18833356,1,0.16700067,0.18833356,0.19715920,0.17596273,0.18673558
8644,0,0.12524060,0,0.16700067,0.12524060,0.13657777,0.16470938,0.16679440
8664,0,0.18753861,1,0.16700067,0.18753861,0.19640917,0.14018068,0.12926486
8665,0,0.25782297,1,0.16700067,0.25782297,0.26182556,0.18374540,0.20157050
8667,0,0.16633602,0,0.16700067,0.16633602,0.17629462,0.17115968,0.17800798
8669,0,0.14544393,0,0.16700067,0.14544393,0.15623945,0.15685747,0.15391523
8671,0,0.06925868,0,0.16700067,0.06925868,0.08015914,0.12795311,0.11339685
8681,0,0.10861405,0,0.16700067,0.10861405,0.12015940,0.15014231,0.14355622
8685,0,0.27268034,1,0.16700067,0.27268034,0.27547106,0.19285099,0.22002365
8692,0,0.10861405,0,0.16700067,0.10861405,0.12015940,0.15014231,0.14355622
8695,0,0.26754089,1,0.16700067,0.26754089,0.27075643,0.18336174,0.20081899
8700,0,0.21328756,1,0.16700067,0.21328756,0.22057051,0.17390941,0.18296477
8709,0,0.08150656,0,0.16700067,0.08150656,0.09281177,0.15085070,0.14462099
8713,0,0.33592333,1,0.16700067,0.33592333,0.33311096,0.17124717,0.17816406
8730,0,0.09816023,0,0.16700067,0.09816023,0.10970713,0.14869861,0.14140639
8731,0,0.13784872,0,0.16700067,0.13784872,0.14888153,0.14869912,0.14140714
8742,0,0.10408001,0,0.16700067,0.10408001,0.11563927,0.13620691,0.12391073
8747,0,0.11767269,0,0.16700067,0.11767269,0.12913376,0.15877841,0.15698888
8749,0,0.21249869,1,0.16700067,0.21249869,0.21983408,0.16025304,0.15938215
8751,1,0.23397321,1,0.16700067,0.23397321,0.23980597,0.17384820,0.18285328
8760,0,0.18833356,1,0.16700067,0.18833356,0.19715920,0.17596273,0.18673558
8765,0,0.44949268,1,0.16700067,0.44949268,0.43586357,0.18309774,0.20030309
8766,0,0.29912537,1,0.16700067,0.29912537,0.29964816,0.19501762,0.22458890
8776,0,0.27448434,1,0.16700067,0.27448434,0.27712462,0.19738033,0.22964356
8777,0,0.10861405,0,0.16700067,0.10861405,0.12015940,0.15014231,0.14355622
8778,0,0.18833356,1,0.16700067,0.18833356,0.19715920,0.17596273,0.18673558
8780,0,0.18833356,1,0.16700067,0.18833356,0.19715920,0.17596273,0.18673558
8784,0,0.12411448,0,0.16700067,0.12411448,0.13547300,0.13100286,0.11718792
8798,0,0.15126940,0,0.16700067,0.15126940,0.16185762,0.16593627,0.16888290
8799,0,0.08386960,0,0.16700067,0.08386960,0.09522933,0.13357868,0.12047502
8801,0,0.17168475,0,0.16700067,0.17168475,0.18138983,0.17096291,0.17765734
8804,0,0.26616262,1,0.16700067,0.26616262,0.26949110,0.20278671,0.24150758
8806,1,0.15676798,0,0.16700067,0.15676798,0.16714151,0.17844460,0.19137295
8815,0,0.40313799,1,0.16700067,0.40313799,0.39394223,0.22631990,0.29783905
8818,0,0.05528914,0,0.16700067,0.05528914,0.06543762,0.14547470,0.13670267
8819,0,0.12411448,0,0.16700067,0.12411448,0.13547300,0.13100286,0.11718792
8821,0,0.12309252,0,0.16700067,0.12309252,0.13446956,0.17958478,0.19353265
8822,0,0.15676798,0,0.16700067,0.15676798,0.16714151,0.17844460,0.19137295
8831,0,0.26189786,1,0.16700067,0.26189786,0.26557310,0.18246204,0.19906489
8837,0,0.06925868,0,0.16700067,0.06925868,0.08015914,0.12795311,0.11339685
8838,1,0.36947286,1,0.16700067,0.36947286,0.36350153,0.21573055,0.27156983
8845,0,0.14349709,0,0.16700067,0.14349709,0.15435708,0.16986205,0.17570561
8849,0,0.10325559,0,0.16700067,0.10325559,0.11481524,0.13087734,0.11702974
8852,0,0.35966314,1,0.16700067,0.35966314,0.35462352,0.24882192,0.35816102
8860,0,0.18833356,1,0.16700067,0.18833356,0.19715920,0.17596273,0.18673558
8862,0,0.18833356,1,0.16700067,0.18833356,0.19715920,0.17596273,0.18673558
8882,0,0.18833356,1,0.16700067,0.18833356,0.19715920,0.17596273,0.18673558
8886,0,0.18833356,1,0.16700067,0.18833356,0.19715920,0.17596273,0.18673558
8887,0,0.12411448,0,0.16700067,0.12411448,0.13547300,0.13100286,0.11718792
8894,0,0.00553563,0,0.16700067,0.00553563,0.00814408,0.03843002,0.04118550
8896,0,0.09816023,0,0.16700067,0.09816023,0.10970713,0.14869861,0.14140639
8904,1,0.18833356,1,0.16700067,0.18833356,0.19715920,0.17596273,0.18673558
8909,0,0.18833356,1,0.16700067,0.18833356,0.19715920,0.17596273,0.18673558
8910,1,0.18113233,1,0.16700067,0.18113233,0.19035444,0.18008164,0.19447958
8912,0,0.18833356,1,0.16700067,0.18833356,0.19715920,0.17596273,0.18673558
8918,0,0.18833356,1,0.16700067,0.18833356,0.19715920,0.17596273,0.18673558
8933,0,0.00693580,0,0.16700067,0.00693580,0.00999543,0.02172607,0.03385592
8940,0,0.10861405,0,0.16700067,0.10861405,0.12015940,0.15014231,0.14355622
8947,0,0.40346181,1,0.16700067,0.40346181,0.39423494,0.28273918,0.45760920
8948,0,0.24491546,1,0.16700067,0.24491546,0.24992767,0.16987813,0.17573400
8951,0,0.39745360,1,0.16700067,0.39745360,0.38880384,0.24617121,0.35076876
8952,0,0.16633602,0,0.16700067,0.16633602,0.17629462,0.17115968,0.17800798
8954,0,0.15126940,0,0.16700067,0.15126940,0.16185762,0.16593627,0.16888290
8973,0,0.06665086,0,0.16700067,0.06665086,0.07743633,0.15107932,0.14496604
8982,0,0.12411448,0,0.16700067,0.12411448,0.13547300,0.13100286,0.11718792
8983,1,0.10921594,0,0.16700067,0.10921594,0.12075797,0.12933679,0.11510342
8992,0,0.15189546,0,0.16700067,0.15189546,0.16246015,0.14018068,0.12926486
8994,0,0.18833356,1,0.16700067,0.18833356,0.19715920,0.17596273,0.18673558
9005,0,0.06925868,0,0.16700067,0.06925868,0.08015914,0.12795311,0.11339685
9006,0,0.16633602,0,0.16700067,0.16633602,0.17629462,0.17115968,0.17800798
9008,0,0.16633602,0,0.16700067,0.16633602,0.17629462,0.17115968,0.17800798
9009,0,0.13623584,0,0.16700067,0.13623584,0.14731400,0.16082614,0.16032022
9010,0,0.90200020,1,0.16700067,0.90200020,0.87531701,0.77204912,0.99696268
9012,0,0.05959866,0,0.16700067,0.05959866,0.07001628,0.16679215,0.17035213
9013,0,0.05494257,0,0.16700067,0.05494257,0.06506783,0.13000985,0.11594160
9020,0,0.11418534,0,0.16700067,0.11418534,0.12568744,0.17772880,0.19002653
9024,0,0.21249869,1,0.16700067,0.21249869,0.21983408,0.16025304,0.15938215
9028,0,0.10861405,0,0.16700067,0.10861405,0.12015940,0.15014231,0.14355622
9030,0,0.18833356,1,0.16700067,0.18833356,0.19715920,0.17596273,0.18673558
9031,0,0.10861405,0,0.16700067,0.10861405,0.12015940,0.15014231,0.14355622
9037,0,0.02458865,0,0.16700067,0.02458865,0.03148385,0.14413843,0.13479198
9040,0,0.10861405,0,0.16700067,0.10861405,0.12015940,0.15014231,0.14355622
9048,0,0.13623584,0,0.16700067,0.13623584,0.14731400,0.16082614,0.16032022
9059,1,0.21249869,1,0.16700067,0.21249869,0.21983408,0.16025304,0.15938215
9060,1,0.15126940,0,0.16700067,0.15126940,0.16185762,0.16593627,0.16888290
9068,0,0.10861405,0,0.16700067,0.10861405,0.12015940,0.15014231,0.14355622
9077,0,0.23397321,1,0.16700067,0.23397321,0.23980597,0.17384820,0.18285328
9081,0,0.18833356,1,0.16700067,0.18833356,0.19715920,0.17596273,0.18673558
9082,0,0.09274586,0,0.16700067,0.09274586,0.10424925,0.17561498,0.18609278
9086,0,0.16633602,0,0.16700067,0.16633602,0.17629462,0.17115968,0.17800798
9089,0,0.20380518,1,0.16700067,0.20380518,0.21170328,0.13801589,0.12632409
9090,0,0.16633602,0,0.16700067,0.16633602,0.17629462,0.17115968,0.17800798
9097,0,0.16633602,0,0.16700067,0.16633602,0.17629462,0.17115968,0.17800798
9098,0,0.22997291,1,0.16700067,0.22997291,0.23609685,0.22796083,0.30203842
9099,0,0.15126940,0,0.16700067,0.15126940,0.16185762,0.16593627,0.16888290
9106,1,0.26961938,1,0.16700067,0.26961938,0.27266381,0.18282620,0.19977348
9111,0,0.23209186,1,0.16700067,0.23209186,0.23806217,0.17258536,0.18056473
9113,1,0.23894869,1,0.16700067,0.23894869,0.24441258,0.18064658,0.19556050
9117,0,0.05045936,0,0.16700067,0.05045936,0.06026199,0.12765277,0.11302934
9120,0,0.18833356,1,0.16700067,0.18833356,0.19715920,0.17596273,0.18673558
9121,0,0.10861405,0,0.16700067,0.10861405,0.12015940,0.15014231,0.14355622
9127,1,0.10407019,0,0.16700067,0.10407019,0.11562946,0.15734031,0.15468315
9137,0,0.16633602,0,0.16700067,0.16633602,0.17629462,0.17115968,0.17800798
9140,0,0.18833356,1,0.16700067,0.18833356,0.19715920,0.17596273,0.18673558
9145,0,0.05153544,0,0.16700067,0.05153544,0.06141939,0.12979225,0.11567005
9153,0,0.17650455,0,0.16700067,0.17650455,0.18596869,0.18108902,0.19641023
9161,0,0.15126940,0,0.16700067,0.15126940,0.16185762,0.16593627,0.16888290
9162,1,0.40346181,1,0.16700067,0.40346181,0.39423494,0.28273918,0.45760920
9168,1,0.15981029,0,0.16700067,0.15981029,0.17005745,0.17388536,0.18292096
9171,0,0.10861405,0,0.16700067,0.10861405,0.12015940,0.15014231,0.14355622
9173,0,0.09745800,0,0.16700067,0.09745800,0.10900104,0.16776250,0.17203014
9175,0,0.14417299,0,0.16700067,0.14417299,0.15501088,0.16346956,0.16470492
9176,0,0.18833356,1,0.16700067,0.18833356,0.19715920,0.17596273,0.18673558
9179,0,0.16533277,0,0.16700067,0.16533277,0.17533724,0.14607817,0.13757301
9181,0,0.21887794,1,0.16700067,0.21887794,0.22578299,0.17660999,0.18793657
9182,1,0.16633602,0,0.16700067,0.16633602,0.17629462,0.17115968,0.17800798
9186,1,0.16633602,0,0.16700067,0.16633602,0.17629462,0.17115968,0.17800798
9188,0,0.57181062,1,0.16700067,0.57181062,0.54740997,0.43475016,0.84326684
9189,0,0.25149980,1,0.16700067,0.25149980,0.25600234,0.16881931,0.17387252
9201,0,0.10610182,0,0.16700067,0.10610182,0.11765731,0.17281022,0.18097059
9206,0,0.21082199,1,0.16700067,0.21082199,0.21826809,0.19356945,0.22153007
9209,0,0.06925868,0,0.16700067,0.06925868,0.08015914,0.12795311,0.11339685
9211,0,0.31855656,1,0.16700067,0.31855656,0.31733970,0.20671315,0.25038191
9214,0,0.43258511,1,0.16700067,0.43258511,0.42056531,0.23727592,0.32649571
9217,0,0.14278207,0,0.16700067,0.14278207,0.15366512,0.17019120,0.17628739
9220,0,0.10861405,0,0.16700067,0.10861405,0.12015940,0.15014231,0.14355622
9221,1,0.11120466,0,0.16700067,0.11120466,0.12273339,0.16206613,0.16236515
9231,1,0.06925868,0,0.16700067,0.06925868,0.08015914,0.12795311,0.11339685
9233,0,0.12411448,0,0.16700067,0.12411448,0.13547300,0.13100286,0.11718792
9234,0,0.07929427,0,0.16700067,0.07929427,0.09054187,0.14746592,0.13959212
9242,0,0.16633602,0,0.16700067,0.16633602,0.17629462,0.17115968,0.17800798
9247,0,0.12393759,0,0.16700067,0.12393759,0.13529938,0.16962521,0.17528793
9255,0,0.23097563,1,0.16700067,0.23097563,0.23702704,0.18478000,0.20360754
9261,0,0.04419488,0,0.16700067,0.04419488,0.05347153,0.13589454,0.12349802
9263,0,0.23683688,1,0.16700067,0.23683688,0.24245822,0.17899934,0.19242143
9264,0,0.11120466,0,0.16700067,0.11120466,0.12273339,0.16206613,0.16236515
9265,0,0.18833356,1,0.16700067,0.18833356,0.19715920,0.17596273,0.18673558
9270,0,0.12411448,0,0.16700067,0.12411448,0.13547300,0.13100286,0.11718792
9276,0,0.18833356,1,0.16700067,0.18833356,0.19715920,0.17596273,0.18673558
9281,1,0.10407019,0,0.16700067,0.10407019,0.11562946,0.15734031,0.15468315
9284,0,0.14349709,0,0.16700067,0.14349709,0.15435708,0.16986205,0.17570561
9290,0,0.11799805,0,0.16700067,0.11799805,0.12945477,0.13913496,0.12783709
9293,0,0.10861405,0,0.16700067,0.10861405,0.12015940,0.15014231,0.14355622
9297,0,0.04919296,0,0.16700067,0.04919296,0.05889661,0.12548573,0.11040839
9304,0,0.21249869,1,0.16700067,0.21249869,0.21983408,0.16025304,0.15938215
9308,0,0.29210509,1,0.16700067,0.29210509,0.29324224,0.16881126,0.17385843
9312,0,0.46503920,1,0.16700067,0.46503920,0.44994482,0.22687500,0.29925585
9321,0,0.16633602,0,0.16700067,0.16633602,0.17629462,0.17115968,0.17800798
9325,1,0.24850769,1,0.16700067,0.24850769,0.25324326,0.18949189,0.21307825
9328,0,0.18692893,1,0.16700067,0.18692893,0.19583374,0.17576420,0.18636839
9329,1,0.20651247,1,0.16700067,0.20651247,0.21423838,0.16760551,0.17175777
9330,1,0.29259974,1,0.16700067,0.29259974,0.29369388,0.19684176,0.22848438
9337,0,0.16598121,0,0.16700067,0.16598121,0.17595610,0.17893897,0.19230711
9344,0,0.33657821,1,0.16700067,0.33657821,0.33370505,0.19035847,0.21485459
9347,0,0.10861405,0,0.16700067,0.10861405,0.12015940,0.15014231,0.14355622
9362,1,0.23097563,1,0.16700067,0.23097563,0.23702704,0.18478000,0.20360754
9363,0,0.10861405,0,0.16700067,0.10861405,0.12015940,0.15014231,0.14355622
9372,0,0.28740704,1,0.16700067,0.28740704,0.28895063,0.22617031,0.29745789
9373,0,0.22373622,1,0.16700067,0.22373622,0.23030418,0.16613738,0.16922721
9374,0,0.20806811,1,0.16700067,0.20806811,0.21569381,0.18766422,0.20936705
9375,0,0.16633602,0,0.16700067,0.16633602,0.17629462,0.17115968,0.17800798
9377,0,0.00598061,0,0.16700067,0.00598061,0.00873674,0.04072806,0.04230586
9379,1,0.21249869,1,0.16700067,0.21249869,0.21983408,0.16025304,0.15938215
9383,0,0.33446184,1,0.16700067,0.33446184,0.33178500,0.42884997,0.83352619
9384,0,0.18833356,1,0.16700067,0.18833356,0.19715920,0.17596273,0.18673558
9390,0,0.21249869,1,0.16700067,0.21249869,0.21983408,0.16025304,0.15938215
9394,1,0.18833356,1,0.16700067,0.18833356,0.19715920,0.17596273,0.18673558
9398,0,0.11019562,0,0.16700067,0.11019562,0.12173156,0.15951881,0.15818685
9399,0,0.18833356,1,0.16700067,0.18833356,0.19715920,0.17596273,0.18673558
9400,0,0.23097563,1,0.16700067,0.23097563,0.23702704,0.18478000,0.20360754
9402,0,0.18406542,1,0.16700067,0.18406542,0.19312890,0.18929565,0.21267750
9417,0,0.18833356,1,0.16700067,0.18833356,0.19715920,0.17596273,0.18673558
9441,0,0.12844497,0,0.16700067,0.12844497,0.13971597,0.13552674,0.12301360
9450,0,0.16633602,0,0.16700067,0.16633602,0.17629462,0.17115968,0.17800798
9452,0,0.18113233,1,0.16700067,0.18113233,0.19035444,0.18008164,0.19447958
9454,0,0.30049515,1,0.16700067,0.30049515,0.30089713,0.25671032,0.38055080
9458,0,0.13783125,0,0.16700067,0.13783125,0.14886457,0.17258353,0.18056144
9459,0,0.10861405,0,0.16700067,0.10861405,0.12015940,0.15014231,0.14355622
9464,0,0.10485632,0,0.16700067,0.10485632,0.11641460,0.13854633,0.12703932
9465,1,0.18833356,1,0.16700067,0.18833356,0.19715920,0.17596273,0.18673558
9489,0,0.16633602,0,0.16700067,0.16633602,0.17629462,0.17115968,0.17800798
9492,0,0.10861405,0,0.16700067,0.10861405,0.12015940,0.15014231,0.14355622
9500,0,0.16633602,0,0.16700067,0.16633602,0.17629462,0.17115968,0.17800798
9507,1,0.18833356,1,0.16700067,0.18833356,0.19715920,0.17596273,0.18673558
9516,0,0.09816023,0,0.16700067,0.09816023,0.10970713,0.14869861,0.14140639
9521,0,0.32568381,1,0.16700067,0.32568381,0.32381627,0.24678257,0.35246752
9523,0,0.12411448,0,0.16700067,0.12411448,0.13547300,0.13100286,0.11718792
9525,0,0.11235682,0,0.16700067,0.11235682,0.12387620,0.13473599,0.12197765
9533,1,0.18833356,1,0.16700067,0.18833356,0.19715920,0.17596273,0.18673558
9539,0,0.06925868,0,0.16700067,0.06925868,0.08015914,0.12795311,0.11339685
9542,0,0.11235682,0,0.16700067,0.11235682,0.12387620,0.13473599,0.12197765
9547,0,0.12411448,0,0.16700067,0.12411448,0.13547300,0.13100286,0.11718792
9550,0,0.12411448,0,0.16700067,0.12411448,0.13547300,0.13100286,0.11718792
9557,0,0.10861405,0,0.16700067,0.10861405,0.12015940,0.15014231,0.14355622
9559,0,0.17970168,0,0.16700067,0.17970168,0.18899971,0.16160904,0.16160890
9562,0,0.15126940,0,0.16700067,0.15126940,0.16185762,0.16593627,0.16888290
9563,0,0.10861405,0,0.16700067,0.10861405,0.12015940,0.15014231,0.14355622
9566,0,0.18833356,1,0.16700067,0.18833356,0.19715920,0.17596273,0.18673558
9568,0,0.04489638,0,0.16700067,0.04489638,0.05423662,0.16768683,0.17189881
9581,0,0.06925868,0,0.16700067,0.06925868,0.08015914,0.12795311,0.11339685
9585,0,0.15126940,0,0.16700067,0.15126940,0.16185762,0.16593627,0.16888290
9587,0,0.18833356,1,0.16700067,0.18833356,0.19715920,0.17596273,0.18673558
9593,1,0.10861405,0,0.16700067,0.10861405,0.12015940,0.15014231,0.14355622
9614,0,0.15126940,0,0.16700067,0.15126940,0.16185762,0.16593627,0.16888290
9618,0,0.16913776,0,0.16700067,0.16913776,0.17896542,0.17561498,0.18609278
9621,0,0.16633602,0,0.16700067,0.16633602,0.17629462,0.17115968,0.17800798
9623,0,0.18833356,1,0.16700067,0.18833356,0.19715920,0.17596273,0.18673558
9634,0,0.21249869,1,0.16700067,0.21249869,0.21983408,0.16025304,0.15938215
9644,0,0.09508911,0,0.16700067,0.09508911,0.10661525,0.14660854,0.13834176
9647,0,0.18113233,1,0.16700067,0.18113233,0.19035444,0.18008164,0.19447958
9662,0,0.18833356,1,0.16700067,0.18833356,0.19715920,0.17596273,0.18673558
9668,0,0.15126940,0,0.16700067,0.15126940,0.16185762,0.16593627,0.16888290
9671,1,0.27600690,1,0.16700067,0.27600690,0.27851967,0.18614180,0.20631210
9672,0,0.15418645,0,0.16700067,0.15418645,0.16466302,0.14299718,0.13317802
9673,0,0.47071338,1,0.16700067,0.47071338,0.45508861,0.29129956,0.48359657
9688,1,0.10861405,0,0.16700067,0.10861405,0.12015940,0.15014231,0.14355622
9689,1,0.11455168,0,0.16700067,0.11455168,0.12604997,0.14800619,0.14038488
9690,0,0.12411448,0,0.16700067,0.12411448,0.13547300,0.13100286,0.11718792
9691,0,0.21473234,1,0.16700067,0.21473234,0.22191868,0.14950161,0.14259880
9703,0,0.19256501,1,0.16700067,0.19256501,0.20114691,0.18525042,0.20453881
9704,1,0.26754089,1,0.16700067,0.26754089,0.27075643,0.18336174,0.20081899
9706,0,0.16633602,0,0.16700067,0.16633602,0.17629462,0.17115968,0.17800798
9709,0,0.17799891,0,0.16700067,0.17799891,0.18738602,0.17426328,0.18361039
9714,0,0.21249869,1,0.16700067,0.21249869,0.21983408,0.16025304,0.15938215
9716,0,0.11235682,0,0.16700067,0.11235682,0.12387620,0.13473599,0.12197765
9717,0,0.12575875,0,0.16700067,0.12575875,0.13708575,0.18225247,0.19865795
9721,1,0.27407855,1,0.16700067,0.27407855,0.27675273,0.17892514,0.19228094
9726,0,0.10407019,0,0.16700067,0.10407019,0.11562946,0.15734031,0.15468315
9734,0,0.16633602,0,0.16700067,0.16633602,0.17629462,0.17115968,0.17800798
9736,0,0.18833356,1,0.16700067,0.18833356,0.19715920,0.17596273,0.18673558
9743,1,0.19505146,1,0.16700067,0.19505146,0.20348656,0.18535884,0.20475390
9745,1,0.16633602,0,0.16700067,0.16633602,0.17629462,0.17115968,0.17800798
9748,0,0.25529528,1,0.16700067,0.25529528,0.25949892,0.19328157,0.22092558
9751,0,0.40424830,1,0.16700067,0.40424830,0.39494588,0.20390463,0.24401225
9762,0,0.21176304,1,0.16700067,0.21176304,0.21914714,0.19065860,0.21547232
9772,0,0.03684990,0,0.16700067,0.03684990,0.04538158,0.12808100,0.11355365
9775,0,0.18833356,1,0.16700067,0.18833356,0.19715920,0.17596273,0.18673558
9776,0,0.20460639,1,0.16700067,0.20460639,0.21245382,0.16456016,0.16654181
9786,0,0.11247195,0,0.16700067,0.11247195,0.12399032,0.15439347,0.15004491
9789,0,0.07564566,0,0.16700067,0.07564566,0.08678378,0.14639866,0.13803712
9790,0,0.10861405,0,0.16700067,0.10861405,0.12015940,0.15014231,0.14355622
9795,0,0.18833356,1,0.16700067,0.18833356,0.19715920,0.17596273,0.18673558
9806,1,0.26389367,1,0.16700067,0.26389367,0.26740715,0.18660132,0.20723071
9808,0,0.09215137,0,0.16700067,0.09215137,0.10364801,0.17226881,0.17999458
9814,0,0.21249869,1,0.16700067,0.21249869,0.21983408,0.16025304,0.15938215
9815,1,0.18833356,1,0.16700067,0.18833356,0.19715920,0.17596273,0.18673558
9819,0,0.13059699,0,0.16700067,0.13059699,0.14181917,0.18235027,0.19884779
9823,0,0.10861405,0,0.16700067,0.10861405,0.12015940,0.15014231,0.14355622
9825,0,0.18833356,1,0.16700067,0.18833356,0.19715920,0.17596273,0.18673558
9829,0,0.10861405,0,0.16700067,0.10861405,0.12015940,0.15014231,0.14355622
9830,1,0.10861405,0,0.16700067,0.10861405,0.12015940,0.15014231,0.14355622
9833,1,0.05505097,0,0.16700067,0.05505097,0.06518352,0.14900686,0.14186313
9839,0,0.14468321,0,0.16700067,0.14468321,0.15550422,0.17331873,0.18189103
9846,0,0.08942315,0,0.16700067,0.08942315,0.10088367,0.15777344,0.15537466
9852,0,0.09849210,0,0.16700067,0.09849210,0.11004065,0.16457567,0.16656804
9853,0,0.20522349,1,0.16700067,0.20522349,0.21303173,0.18650729,0.20704250
9855,0,0.16633602,0,0.16700067,0.16633602,0.17629462,0.17115968,0.17800798
9858,0,0.19422484,1,0.16700067,0.19422484,0.20270903,0.16226043,0.16268749
9860,0,0.14417299,0,0.16700067,0.14417299,0.15501088,0.16346956,0.16470492
9862,0,0.18833356,1,0.16700067,0.18833356,0.19715920,0.17596273,0.18673558
9864,0,0.16633602,0,0.16700067,0.16633602,0.17629462,0.17115968,0.17800798
9866,0,0.16633602,0,0.16700067,0.16633602,0.17629462,0.17115968,0.17800798
9881,0,0.10861405,0,0.16700067,0.10861405,0.12015940,0.15014231,0.14355622
9886,0,0.10861405,0,0.16700067,0.10861405,0.12015940,0.15014231,0.14355622
9887,0,0.16633602,0,0.16700067,0.16633602,0.17629462,0.17115968,0.17800798
9889,0,0.06925868,0,0.16700067,0.06925868,0.08015914,0.12795311,0.11339685
9893,0,0.37598955,1,0.16700067,0.37598955,0.36939666,0.21873441,0.27887248
9895,0,0.16633602,0,0.16700067,0.16633602,0.17629462,0.17115968,0.17800798
9896,0,0.23377876,1,0.16700067,0.23377876,0.23962578,0.15635869,0.15312522
9921,0,0.17042428,0,0.16700067,0.17042428,0.18019044,0.16558816,0.16828820
9923,0,0.21249869,1,0.16700067,0.21249869,0.21983408,0.16025304,0.15938215
9926,0,0.15991753,0,0.16700067,0.15991753,0.17016013,0.18125581,0.19673127
9932,0,0.12411448,0,0.16700067,0.12411448,0.13547300,0.13100286,0.11718792
9933,0,0.17970168,0,0.16700067,0.17970168,0.18899971,0.16160904,0.16160890
9938,0,0.20910580,1,0.16700067,0.20910580,0.21666416,0.17382422,0.18280962
9948,1,0.21249869,1,0.16700067,0.21249869,0.21983408,0.16025304,0.15938215
9957,1,0.17168475,0,0.16700067,0.17168475,0.18138983,0.17096291,0.17765734
9960,0,0.15720584,0,0.16700067,0.15720584,0.16756151,0.16495495,0.16721077
9961,0,0.18833356,1,0.16700067,0.18833356,0.19715920,0.17596273,0.18673558
9972,0,0.13561986,0,0.16700067,0.13561986,0.14671487,0.15777931,0.15538405
9974,1,0.16633602,0,0.16700067,0.16633602,0.17629462,0.17115968,0.17800798
9976,0,0.11235682,0,0.16700067,0.11235682,0.12387620,0.13473599,0.12197765
9977,0,0.15803933,0,0.16700067,0.15803933,0.16836070,0.17039906,0.17665556
9983,1,0.16633602,0,0.16700067,0.16633602,0.17629462,0.17115968,0.17800798
9989,0,0.18833356,1,0.16700067,0.18833356,0.19715920,0.17596273,0.18673558
9992,0,0.07783854,0,0.16700067,0.07783854,0.08904465,0.14949337,0.14258652
9993,0,0.23097563,1,0.16700067,0.23097563,0.23702704,0.18478000,0.20360754
9996,0,0.24114196,1,0.16700067,0.24114196,0.24644099,0.18789920,0.20984151
10003,0,0.18238207,1,0.16700067,0.18238207,0.19153708,0.14446513,0.13525703
10004,1,0.26466781,1,0.16700067,0.26466781,0.26811830,0.18117867,0.19658274
10013,0,0.10861405,0,0.16700067,0.10861405,0.12015940,0.15014231,0.14355622
10024,0,0.10811078,0,0.16700067,0.10811078,0.11965863,0.13407955,0.12112337
10029,0,0.10861405,0,0.16700067,0.10861405,0.12015940,0.15014231,0.14355622
10038,0,0.20462007,1,0.16700067,0.20462007,0.21246663,0.17445030,0.18395231
10044,0,0.08998286,0,0.16700067,0.08998286,0.10145150,0.14985997,0.14313365
10052,0,0.12411448,0,0.16700067,0.12411448,0.13547300,0.13100286,0.11718792
10067,0,0.16318640,0,0.16700067,0.16318640,0.17328718,0.17702787,0.18871511
10068,0,0.26821130,1,0.16700067,0.26821130,0.27137175,0.16905418,0.17428409
10069,0,0.34680913,1,0.16700067,0.34680913,0.34298108,0.15827418,0.15617726
10070,0,0.10861405,0,0.16700067,0.10861405,0.12015940,0.15014231,0.14355622
10075,0,0.10861405,0,0.16700067,0.10861405,0.12015940,0.15014231,0.14355622
10078,0,0.00693580,0,0.16700067,0.00693580,0.00999543,0.02172607,0.03385592
10082,0,0.21249869,1,0.16700067,0.21249869,0.21983408,0.16025304,0.15938215
10085,0,0.18617866,1,0.16700067,0.18617866,0.19512541,0.16304222,0.16398963
10095,1,0.48599304,1,0.16700067,0.48599304,0.46895423,0.16667606,0.17015225
10097,0,0.16633602,0,0.16700067,0.16633602,0.17629462,0.17115968,0.17800798
10098,0,0.15126940,0,0.16700067,0.15126940,0.16185762,0.16593627,0.16888290
10100,0,0.20925546,1,0.16700067,0.20925546,0.21680407,0.17892514,0.19228094
10104,0,0.21249869,1,0.16700067,0.21249869,0.21983408,0.16025304,0.15938215
10110,0,0.21249869,1,0.16700067,0.21249869,0.21983408,0.16025304,0.15938215
10116,0,0.24477253,1,0.16700067,0.24477253,0.24979567,0.18959902,0.21329727
10117,0,0.10861405,0,0.16700067,0.10861405,0.12015940,0.15014231,0.14355622
10120,1,0.28217904,1,0.16700067,0.28217904,0.28417019,0.22243705,0.28803768
10131,0,0.09816023,0,0.16700067,0.09816023,0.10970713,0.14869861,0.14140639
10134,1,0.10861405,0,0.16700067,0.10861405,0.12015940,0.15014231,0.14355622
10138,1,0.15981029,0,0.16700067,0.15981029,0.17005745,0.17388536,0.18292096
10143,1,0.24288032,1,0.16700067,0.24288032,0.24804770,0.18438099,0.20282010
10145,1,0.16633602,0,0.16700067,0.16633602,0.17629462,0.17115968,0.17800798
10151,1,0.06925868,0,0.16700067,0.06925868,0.08015914,0.12795311,0.11339685
10155,1,0.16633602,0,0.16700067,0.16633602,0.17629462,0.17115968,0.17800798
10159,0,0.16633602,0,0.16700067,0.16633602,0.17629462,0.17115968,0.17800798
10161,0,0.09816023,0,0.16700067,0.09816023,0.10970713,0.14869861,0.14140639
10164,0,0.12411448,0,0.16700067,0.12411448,0.13547300,0.13100286,0.11718792
10166,0,0.14437645,0,0.16700067,0.14437645,0.15520763,0.15777344,0.15537466
10167,0,0.06925868,0,0.16700067,0.06925868,0.08015914,0.12795311,0.11339685
10175,0,0.22324560,1,0.16700067,0.22324560,0.22984796,0.17065759,0.17711435
10179,1,0.16633602,0,0.16700067,0.16633602,0.17629462,0.17115968,0.17800798
10183,0,0.06925868,0,0.16700067,0.06925868,0.08015914,0.12795311,0.11339685
10184,0,0.16633602,0,0.16700067,0.16633602,0.17629462,0.17115968,0.17800798
10185,0,0.08322953,0,0.16700067,0.08322953,0.09457519,0.13640824,0.12417734
10191,0,0.09279360,0,0.16700067,0.09279360,0.10429752,0.13087734,0.11702974
10193,0,0.18833356,1,0.16700067,0.18833356,0.19715920,0.17596273,0.18673558
10201,0,0.14154048,0,0.16700067,0.14154048,0.15246276,0.15777344,0.15537466
10202,0,0.18833356,1,0.16700067,0.18833356,0.19715920,0.17596273,0.18673558
10204,0,0.07390782,0,0.16700067,0.07390782,0.08498723,0.13981020,0.12875748
10207,0,0.06925868,0,0.16700067,0.06925868,0.08015914,0.12795311,0.11339685
10210,1,0.71234419,1,0.16700067,0.71234419,0.67978918,0.44732841,0.86247997
10212,0,0.15855755,0,0.16700067,0.15855755,0.16885739,0.17679763,0.18828586
10217,0,0.15562375,0,0.16700067,0.15562375,0.16604344,0.17557606,0.18602093
10218,0,0.02781453,0,0.16700067,0.02781453,0.03519675,0.14678019,0.13859133
10241,0,0.06925868,0,0.16700067,0.06925868,0.08015914,0.12795311,0.11339685
10244,0,0.16001607,0,0.16700067,0.16001607,0.17025448,0.18182075,0.19782164
10249,0,0.10861405,0,0.16700067,0.10861405,0.12015940,0.15014231,0.14355622
10254,0,0.24730115,1,0.16700067,0.24730115,0.25213001,0.18451328,0.20308093
10255,0,0.18113233,1,0.16700067,0.18113233,0.19035444,0.18008164,0.19447958
10258,0,0.16633602,0,0.16700067,0.16633602,0.17629462,0.17115968,0.17800798
10265,0,0.05701880,0,0.16700067,0.05701880,0.06727958,0.12782760,0.11324313
10271,0,0.10861405,0,0.16700067,0.10861405,0.12015940,0.15014231,0.14355622
10273,1,0.38182369,1,0.16700067,0.38182369,0.37467291,0.18919540,0.21247298
10274,0,0.18113233,1,0.16700067,0.18113233,0.19035444,0.18008164,0.19447958
10276,1,0.18833356,1,0.16700067,0.18833356,0.19715920,0.17596273,0.18673558
10278,0,0.18833356,1,0.16700067,0.18833356,0.19715920,0.17596273,0.18673558
10281,0,0.10861405,0,0.16700067,0.10861405,0.12015940,0.15014231,0.14355622
10283,0,0.08678916,0,0.16700067,0.08678916,0.09820654,0.16169278,0.16174724
10285,0,0.12411448,0,0.16700067,0.12411448,0.13547300,0.13100286,0.11718792
10287,0,0.18833356,1,0.16700067,0.18833356,0.19715920,0.17596273,0.18673558
10295,0,0.16633602,0,0.16700067,0.16633602,0.17629462,0.17115968,0.17800798
10298,0,0.02408660,0,0.16700067,0.02408660,0.03090176,0.12454847,0.10929139
10306,0,0.23005409,1,0.16700067,0.23005409,0.23617218,0.17589321,0.18660695
10315,0,0.17297264,0,0.16700067,0.17297264,0.18261448,0.14950231,0.14259985
10317,0,0.40346181,1,0.16700067,0.40346181,0.39423494,0.28273918,0.45760920
10318,1,0.10861405,0,0.16700067,0.10861405,0.12015940,0.15014231,0.14355622
10319,0,0.30049515,1,0.16700067,0.30049515,0.30089713,0.25671032,0.38055080
10327,0,0.06925868,0,0.16700067,0.06925868,0.08015914,0.12795311,0.11339685
10330,0,0.08086553,0,0.16700067,0.08086553,0.09215471,0.15020626,0.14365207
10332,0,0.16633602,0,0.16700067,0.16633602,0.17629462,0.17115968,0.17800798
10360,0,0.16633602,0,0.16700067,0.16633602,0.17629462,0.17115968,0.17800798
10361,0,0.01066984,0,0.16700067,0.01066984,0.01477753,0.03175734,0.03809114
10369,0,0.09125796,0,0.16700067,0.09125796,0.10274372,0.13376179,0.12071170
10372,0,0.13212952,0,0.16700067,0.13212952,0.14331484,0.17835538,0.19120472
10379,0,0.13623584,0,0.16700067,0.13623584,0.14731400,0.16082614,0.16032022
10392,1,0.09331333,0,0.16700067,0.09331333,0.10482279,0.18321265,0.20052751
10400,0,0.07433193,0,0.16700067,0.07433193,0.08542606,0.15263468,0.14733158
10406,0,0.08871009,0,0.16700067,0.08871009,0.10015975,0.15333094,0.14840084
10408,0,0.10861405,0,0.16700067,0.10861405,0.12015940,0.15014231,0.14355622
10413,0,0.12584310,0,0.16700067,0.12584310,0.13716843,0.16472691,0.16682410
10414,1,0.36947286,1,0.16700067,0.36947286,0.36350153,0.21573055,0.27156983
10418,1,0.06623890,0,0.16700067,0.06623890,0.07700520,0.13337351,0.12021031
10419,0,0.09527484,0,0.16700067,0.09527484,0.10680252,0.17445030,0.18395231
10431,1,0.21787392,1,0.16700067,0.21787392,0.22484764,0.19188967,0.21801952
10432,0,0.15887746,0,0.16700067,0.15887746,0.16916393,0.15209016,0.14649982
10435,0,0.12411448,0,0.16700067,0.12411448,0.13547300,0.13100286,0.11718792
10436,1,0.46503920,1,0.16700067,0.46503920,0.44994482,0.22687500,0.29925585
10437,0,0.21249869,1,0.16700067,0.21249869,0.21983408,0.16025304,0.15938215
10438,0,0.14936848,0,0.16700067,0.14936848,0.16002668,0.17160932,0.17881128
10458,0,0.04698026,0,0.16700067,0.04698026,0.05650223,0.16062716,0.15999401
10459,0,0.07566585,0,0.16700067,0.07566585,0.08680463,0.17600393,0.18681184
10472,0,0.30052929,1,0.16700067,0.30052929,0.30092825,0.17973909,0.19382637
10473,0,0.16633602,0,0.16700067,0.16633602,0.17629462,0.17115968,0.17800798
10474,0,0.18833356,1,0.16700067,0.18833356,0.19715920,0.17596273,0.18673558
10481,0,0.12411448,0,0.16700067,0.12411448,0.13547300,0.13100286,0.11718792
10483,0,0.08251879,0,0.16700067,0.08251879,0.09384823,0.16110445,0.16077738
10485,0,0.06925868,0,0.16700067,0.06925868,0.08015914,0.12795311,0.11339685
10491,0,0.16633602,0,0.16700067,0.16633602,0.17629462,0.17115968,0.17800798
10492,0,0.10861405,0,0.16700067,0.10861405,0.12015940,0.15014231,0.14355622
10493,0,0.16633602,0,0.16700067,0.16633602,0.17629462,0.17115968,0.17800798
10505,0,0.10861405,0,0.16700067,0.10861405,0.12015940,0.15014231,0.14355622
10528,0,0.12411448,0,0.16700067,0.12411448,0.13547300,0.13100286,0.11718792
10530,0,0.25971243,1,0.16700067,0.25971243,0.26356373,0.19995828,0.23524916
10537,0,0.02790161,0,0.16700067,0.02790161,0.03529635,0.10613835,0.08928616
10543,0,0.18833356,1,0.16700067,0.18833356,0.19715920,0.17596273,0.18673558
10550,0,0.28172683,1,0.16700067,0.28172683,0.28375645,0.23665833,0.32484269
10558,0,0.12411448,0,0.16700067,0.12411448,0.13547300,0.13100286,0.11718792
10570,0,0.21249869,1,0.16700067,0.21249869,0.21983408,0.16025304,0.15938215
10573,1,0.07098535,0,0.16700067,0.07098535,0.08195608,0.14185450,0.13157848
10574,0,0.10861405,0,0.16700067,0.10861405,0.12015940,0.15014231,0.14355622
10576,0,0.10170876,0,0.16700067,0.10170876,0.11326733,0.15777344,0.15537466
10580,0,0.18833356,1,0.16700067,0.18833356,0.19715920,0.17596273,0.18673558
10582,0,0.23702997,1,0.16700067,0.23702997,0.24263696,0.19641262,0.22756369
10584,0,0.16633602,0,0.16700067,0.16633602,0.17629462,0.17115968,0.17800798
10588,1,0.17168475,0,0.16700067,0.17168475,0.18138983,0.17096291,0.17765734
10594,0,0.17970168,0,0.16700067,0.17970168,0.18899971,0.16160904,0.16160890
10596,0,0.18833356,1,0.16700067,0.18833356,0.19715920,0.17596273,0.18673558
10597,0,0.30049515,1,0.16700067,0.30049515,0.30089713,0.25671032,0.38055080
10606,0,0.16633602,0,0.16700067,0.16633602,0.17629462,0.17115968,0.17800798
10618,0,0.15126940,0,0.16700067,0.15126940,0.16185762,0.16593627,0.16888290
10624,0,0.09816023,0,0.16700067,0.09816023,0.10970713,0.14869861,0.14140639
10632,0,0.16633602,0,0.16700067,0.16633602,0.17629462,0.17115968,0.17800798
10639,0,0.16633602,0,0.16700067,0.16633602,0.17629462,0.17115968,0.17800798
10642,0,0.13668372,0,0.16700067,0.13668372,0.14774947,0.17974908,0.19384540
10646,1,0.06925868,0,0.16700067,0.06925868,0.08015914,0.12795311,0.11339685
10651,0,0.06925868,0,0.16700067,0.06925868,0.08015914,0.12795311,0.11339685
10652,0,0.25431880,1,0.16700067,0.25431880,0.25859969,0.16526621,0.16773969
10655,0,0.13036456,0,0.16700067,0.13036456,0.14159218,0.17959030,0.19354316
10659,0,0.20525698,1,0.16700067,0.20525698,0.21306309,0.17709337,0.18883737
10665,0,0.18833356,1,0.16700067,0.18833356,0.19715920,0.17596273,0.18673558
10666,0,0.15126940,0,0.16700067,0.15126940,0.16185762,0.16593627,0.16888290
10669,0,0.16633602,0,0.16700067,0.16633602,0.17629462,0.17115968,0.17800798
10676,0,0.16633602,0,0.16700067,0.16633602,0.17629462,0.17115968,0.17800798
10681,0,0.10861405,0,0.16700067,0.10861405,0.12015940,0.15014231,0.14355622
10684,0,0.03779360,0,0.16700067,0.03779360,0.04642961,0.14003947,0.12907127
10688,0,0.21620878,1,0.16700067,0.21620878,0.22329563,0.17818471,0.19088325
10695,0,0.26189786,1,0.16700067,0.26189786,0.26557310,0.18246204,0.19906489
10702,0,0.12411448,0,0.16700067,0.12411448,0.13547300,0.13100286,0.11718792
10706,1,0.15824268,0,0.16700067,0.15824268,0.16855561,0.17596273,0.18673558
10715,1,0.10634506,0,0.16700067,0.10634506,0.11789983,0.17147157,0.17856489
10716,0,0.20925546,1,0.16700067,0.20925546,0.21680407,0.17892514,0.19228094
10721,0,0.11207170,0,0.16700067,0.11207170,0.12359350,0.15777344,0.15537466
10725,0,0.18833356,1,0.16700067,0.18833356,0.19715920,0.17596273,0.18673558
10731,0,0.21148142,1,0.16700067,0.21148142,0.21888410,0.17716259,0.18896663
10734,0,0.10407019,0,0.16700067,0.10407019,0.11562946,0.15734031,0.15468315
10736,1,0.50841542,1,0.16700067,0.50841542,0.48934670,0.29659416,0.49972331
10739,0,0.18737112,1,0.16700067,0.18737112,0.19625110,0.13122741,0.11747135
10746,1,0.18833356,1,0.16700067,0.18833356,0.19715920,0.17596273,0.18673558
10748,1,0.23702997,1,0.16700067,0.23702997,0.24263696,0.19641262,0.22756369
10750,0,0.38279185,1,0.16700067,0.38279185,0.37554838,0.16025304,0.15938215
10751,0,0.15126940,0,0.16700067,0.15126940,0.16185762,0.16593627,0.16888290
10753,0,0.27548462,1,0.16700067,0.27548462,0.27804119,0.17925687,0.19290965
10755,0,0.06675221,0,0.16700067,0.06675221,0.07754236,0.12782760,0.11324313
10756,0,0.06925868,0,0.16700067,0.06925868,0.08015914,0.12795311,0.11339685
10758,0,0.08504568,0,0.16700067,0.08504568,0.09642990,0.15534552,0.15153076
10771,0,0.31909064,1,0.16700067,0.31909064,0.31782524,0.20188988,0.23951096
10776,0,0.10861405,0,0.16700067,0.10861405,0.12015940,0.15014231,0.14355622
10780,0,0.07331955,0,0.16700067,0.07331955,0.08437810,0.16983119,0.17565115
10781,0,0.08181443,0,0.16700067,0.08181443,0.09312715,0.17193663,0.17939780
10794,0,0.09816023,0,0.16700067,0.09816023,0.10970713,0.14869861,0.14140639
10806,0,0.21787392,1,0.16700067,0.21787392,0.22484764,0.19188967,0.21801952
10809,0,0.08086553,0,0.16700067,0.08086553,0.09215471,0.15020626,0.14365207
10811,1,0.17168475,0,0.16700067,0.17168475,0.18138983,0.17096291,0.17765734
10818,1,0.16633602,0,0.16700067,0.16633602,0.17629462,0.17115968,0.17800798
10821,0,0.14544393,0,0.16700067,0.14544393,0.15623945,0.15685747,0.15391523
10826,0,0.05382465,0,0.16700067,0.05382465,0.06387338,0.15562571,0.15197033
10829,0,0.06925868,0,0.16700067,0.06925868,0.08015914,0.12795311,0.11339685
10833,0,0.15698227,0,0.16700067,0.15698227,0.16734708,0.15725565,0.15454828
10848,0,0.26409123,1,0.16700067,0.26409123,0.26758865,0.15637407,0.15314953
10850,0,0.09583183,0,0.16700067,0.09583183,0.10736392,0.14985997,0.14313365
10851,0,0.25971243,1,0.16700067,0.25971243,0.26356373,0.19995828,0.23524916
10859,0,0.07328037,0,0.16700067,0.07328037,0.08433751,0.14936100,0.14238940
10862,0,0.06925868,0,0.16700067,0.06925868,0.08015914,0.12795311,0.11339685
10870,0,0.18833356,1,0.16700067,0.18833356,0.19715920,0.17596273,0.18673558
10872,0,0.15126940,0,0.16700067,0.15126940,0.16185762,0.16593627,0.16888290
10875,0,0.16633602,0,0.16700067,0.16633602,0.17629462,0.17115968,0.17800798
10879,1,0.21249869,1,0.16700067,0.21249869,0.21983408,0.16025304,0.15938215
10884,0,0.16633602,0,0.16700067,0.16633602,0.17629462,0.17115968,0.17800798
10887,1,0.17676250,0,0.16700067,0.17676250,0.18621342,0.17869374,0.19184329
10892,0,0.08443037,0,0.16700067,0.08443037,0.09580200,0.16876728,0.17378145
10896,1,0.18833356,1,0.16700067,0.18833356,0.19715920,0.17596273,0.18673558
10898,0,0.22651887,1,0.16700067,0.22651887,0.23289025,0.16223230,0.16264079
10922,0,0.09112522,0,0.16700067,0.09112522,0.10260929,0.15133724,0.14535612
10923,0,0.49064789,1,0.16700067,0.49064789,0.47318291,0.21241766,0.26365643
10924,1,0.10332395,0,0.16700067,0.10332395,0.11488360,0.16537945,0.16793247
10931,0,0.16094184,0,0.16700067,0.16094184,0.17114064,0.15759112,0.15508326
10937,0,0.10861405,0,0.16700067,0.10861405,0.12015940,0.15014231,0.14355622
10941,0,0.20460639,1,0.16700067,0.20460639,0.21245382,0.16456016,0.16654181
10942,0,0.16633602,0,0.16700067,0.16633602,0.17629462,0.17115968,0.17800798
10952,0,0.16633602,0,0.16700067,0.16633602,0.17629462,0.17115968,0.17800798
10967,0,0.15126940,0,0.16700067,0.15126940,0.16185762,0.16593627,0.16888290
10968,0,0.16633602,0,0.16700067,0.16633602,0.17629462,0.17115968,0.17800798
10978,0,0.21249869,1,0.16700067,0.21249869,0.21983408,0.16025304,0.15938215
10981,0,0.06925868,0,0.16700067,0.06925868,0.08015914,0.12795311,0.11339685
10999,0,0.16633602,0,0.16700067,0.16633602,0.17629462,0.17115968,0.17800798
11003,0,0.12411448,0,0.16700067,0.12411448,0.13547300,0.13100286,0.11718792
11013,0,0.05206651,0,0.16700067,0.05206651,0.06198968,0.14869354,0.14139888
11026,0,0.18833356,1,0.16700067,0.18833356,0.19715920,0.17596273,0.18673558
11029,0,0.12716486,0,0.16700067,0.12716486,0.13846324,0.17030809,0.17649436
11032,0,0.08146308,0,0.16700067,0.08146308,0.09276722,0.15651801,0.15337720
11037,0,0.21249869,1,0.16700067,0.21249869,0.21983408,0.16025304,0.15938215
11043,0,0.22324560,1,0.16700067,0.22324560,0.22984796,0.17065759,0.17711435
11046,0,0.13982969,0,0.16700067,0.13982969,0.15080435,0.17086035,0.17747480
11049,0,0.18833356,1,0.16700067,0.18833356,0.19715920,0.17596273,0.18673558
11051,0,0.18833356,1,0.16700067,0.18833356,0.19715920,0.17596273,0.18673558
11068,0,0.03745053,0,0.16700067,0.03745053,0.04604893,0.15061200,0.14426148
11073,0,0.10861405,0,0.16700067,0.10861405,0.12015940,0.15014231,0.14355622
11079,0,0.25886716,1,0.16700067,0.25886716,0.26278625,0.17120006,0.17808000
11081,1,0.25245435,1,0.16700067,0.25245435,0.25688205,0.16526621,0.16773969
11082,1,0.13212952,0,0.16700067,0.13212952,0.14331484,0.17835538,0.19120472
11086,0,0.12411448,0,0.16700067,0.12411448,0.13547300,0.13100286,0.11718792
11087,1,0.18833356,1,0.16700067,0.18833356,0.19715920,0.17596273,0.18673558
11089,0,0.09816023,0,0.16700067,0.09816023,0.10970713,0.14869861,0.14140639
11090,0,0.29897376,1,0.16700067,0.29897376,0.29950990,0.19399558,0.22242704
11093,0,0.12411448,0,0.16700067,0.12411448,0.13547300,0.13100286,0.11718792
11105,0,0.12844497,0,0.16700067,0.12844497,0.13971597,0.13552674,0.12301360
11107,0,0.12411448,0,0.16700067,0.12411448,0.13547300,0.13100286,0.11718792
11108,0,0.12411448,0,0.16700067,0.12411448,0.13547300,0.13100286,0.11718792
11114,0,0.15126940,0,0.16700067,0.15126940,0.16185762,0.16593627,0.16888290
11115,0,0.15126940,0,0.16700067,0.15126940,0.16185762,0.16593627,0.16888290
11118,0,0.16633602,0,0.16700067,0.16633602,0.17629462,0.17115968,0.17800798
11122,0,0.06925868,0,0.16700067,0.06925868,0.08015914,0.12795311,0.11339685
11127,1,0.26401308,1,0.16700067,0.26401308,0.26751686,0.19472437,0.22396709
11131,0,0.11190842,0,0.16700067,0.11190842,0.12343158,0.17476075,0.18452099
11136,0,0.06377911,0,0.16700067,0.06377911,0.07442512,0.16340900,0.16460342
11142,0,0.16899843,0,0.16700067,0.16899843,0.17883270,0.18749360,0.20902302
11148,0,0.10072923,0,0.16700067,0.10072923,0.11228587,0.16846531,0.17325364
11158,0,0.41423196,1,0.16700067,0.41423196,0.40397065,0.18596743,0.20596432
11164,0,0.15126940,0,0.16700067,0.15126940,0.16185762,0.16593627,0.16888290
11167,0,0.12411448,0,0.16700067,0.12411448,0.13547300,0.13100286,0.11718792
11172,1,0.10861405,0,0.16700067,0.10861405,0.12015940,0.15014231,0.14355622
11178,1,0.10861405,0,0.16700067,0.10861405,0.12015940,0.15014231,0.14355622
11180,0,0.16056928,0,0.16700067,0.16056928,0.17078409,0.19252634,0.21934536
11188,1,0.06925868,0,0.16700067,0.06925868,0.08015914,0.12795311,0.11339685
11191,1,0.12844360,0,0.16700067,0.12844360,0.13971463,0.14011992,0.12918154
11194,0,0.09561381,0,0.16700067,0.09561381,0.10714421,0.16185664,0.16201820
11200,0,0.15126940,0,0.16700067,0.15126940,0.16185762,0.16593627,0.16888290
11203,0,0.08879671,0,0.16700067,0.08879671,0.10024772,0.14726405,0.13929688
11205,0,0.16633602,0,0.16700067,0.16633602,0.17629462,0.17115968,0.17800798
11206,0,0.16633602,0,0.16700067,0.16633602,0.17629462,0.17115968,0.17800798
11214,0,0.21249869,1,0.16700067,0.21249869,0.21983408,0.16025304,0.15938215
11224,0,0.26401308,1,0.16700067,0.26401308,0.26751686,0.19472437,0.22396709
11225,0,0.26821130,1,0.16700067,0.26821130,0.27137175,0.16905418,0.17428409
11226,0,0.01066984,0,0.16700067,0.01066984,0.01477753,0.03175734,0.03809114
11229,0,0.12411448,0,0.16700067,0.12411448,0.13547300,0.13100286,0.11718792
11231,0,0.31253652,1,0.16700067,0.31253652,0.31186429,0.19772317,0.23038360
11258,0,0.23702997,1,0.16700067,0.23702997,0.24263696,0.19641262,0.22756369
11262,1,0.21249869,1,0.16700067,0.21249869,0.21983408,0.16025304,0.15938215
11263,0,0.18833356,1,0.16700067,0.18833356,0.19715920,0.17596273,0.18673558
11268,0,0.18833356,1,0.16700067,0.18833356,0.19715920,0.17596273,0.18673558
11271,0,0.10910461,0,0.16700067,0.10910461,0.12064729,0.17803670,0.19060480
11274,0,0.18144088,1,0.16700067,0.18144088,0.19064649,0.19122548,0.21664256
11275,0,0.20806811,1,0.16700067,0.20806811,0.21569381,0.18766422,0.20936705
11277,0,0.00553563,0,0.16700067,0.00553563,0.00814408,0.03843002,0.04118550
11279,1,0.18833356,1,0.16700067,0.18833356,0.19715920,0.17596273,0.18673558
11285,0,0.15126940,0,0.16700067,0.15126940,0.16185762,0.16593627,0.16888290
11286,0,0.21249869,1,0.16700067,0.21249869,0.21983408,0.16025304,0.15938215
11290,0,0.20859323,1,0.16700067,0.20859323,0.21618490,0.18704009,0.20811063
11294,0,0.09816023,0,0.16700067,0.09816023,0.10970713,0.14869861,0.14140639
11300,1,0.20806811,1,0.16700067,0.20806811,0.21569381,0.18766422,0.20936705
11304,0,0.35965745,1,0.16700067,0.35965745,0.35461837,0.23075252,0.30925924
11306,0,0.10861405,0,0.16700067,0.10861405,0.12015940,0.15014231,0.14355622
11312,0,0.16633602,0,0.16700067,0.16633602,0.17629462,0.17115968,0.17800798
11313,0,0.06925868,0,0.16700067,0.06925868,0.08015914,0.12795311,0.11339685
11315,0,0.21249869,1,0.16700067,0.21249869,0.21983408,0.16025304,0.15938215
11317,0,0.10861405,0,0.16700067,0.10861405,0.12015940,0.15014231,0.14355622
11324,0,0.11799805,0,0.16700067,0.11799805,0.12945477,0.13913496,0.12783709
11326,0,0.12411448,0,0.16700067,0.12411448,0.13547300,0.13100286,0.11718792
11327,0,0.23340704,1,0.16700067,0.23340704,0.23928130,0.15480024,0.15067828
11329,0,0.12411448,0,0.16700067,0.12411448,0.13547300,0.13100286,0.11718792
11342,0,0.00918867,0,0.16700067,0.00918867,0.01290348,0.05062965,0.04747458
11343,0,0.16633602,0,0.16700067,0.16633602,0.17629462,0.17115968,0.17800798
11346,0,0.10861405,0,0.16700067,0.10861405,0.12015940,0.15014231,0.14355622
11353,0,0.15126940,0,0.16700067,0.15126940,0.16185762,0.16593627,0.16888290
11357,0,0.18763884,1,0.16700067,0.18763884,0.19650375,0.18490446,0.20385363
11364,0,0.36272647,1,0.16700067,0.36272647,0.35739648,0.19678259,0.22835727
11366,0,0.12183650,0,0.16700067,0.12183650,0.13323516,0.15553982,0.15183547
11367,1,0.09816023,0,0.16700067,0.09816023,0.10970713,0.14869861,0.14140639
11369,0,0.16633602,0,0.16700067,0.16633602,0.17629462,0.17115968,0.17800798
11373,0,0.10861405,0,0.16700067,0.10861405,0.12015940,0.15014231,0.14355622
11374,0,0.06925868,0,0.16700067,0.06925868,0.08015914,0.12795311,0.11339685
11381,0,0.18833356,1,0.16700067,0.18833356,0.19715920,0.17596273,0.18673558
11386,0,0.24114196,1,0.16700067,0.24114196,0.24644099,0.18789920,0.20984151
11387,0,0.16633602,0,0.16700067,0.16633602,0.17629462,0.17115968,0.17800798
11388,0,0.16633602,0,0.16700067,0.16633602,0.17629462,0.17115968,0.17800798
11392,1,0.70345434,1,0.16700067,0.70345434,0.67120383,0.56330095,0.96265571
11396,0,0.10861405,0,0.16700067,0.10861405,0.12015940,0.15014231,0.14355622
11410,0,0.13384662,0,0.16700067,0.13384662,0.14498860,0.14954472,0.14266306
11419,0,0.16633602,0,0.16700067,0.16633602,0.17629462,0.17115968,0.17800798
11420,0,0.18788567,1,0.16700067,0.18788567,0.19673665,0.16440632,0.16628171
11422,0,0.15981029,0,0.16700067,0.15981029,0.17005745,0.17388536,0.18292096
11429,0,0.17168475,0,0.16700067,0.17168475,0.18138983,0.17096291,0.17765734
11446,0,0.18046845,0,0.16700067,0.18046845,0.18972591,0.14985997,0.14313365
11453,0,0.18833356,1,0.16700067,0.18833356,0.19715920,0.17596273,0.18673558
11462,0,0.12411448,0,0.16700067,0.12411448,0.13547300,0.13100286,0.11718792
11466,0,0.12411448,0,0.16700067,0.12411448,0.13547300,0.13100286,0.11718792
11473,0,0.10861405,0,0.16700067,0.10861405,0.12015940,0.15014231,0.14355622
11474,0,0.16633602,0,0.16700067,0.16633602,0.17629462,0.17115968,0.17800798
11476,0,0.10861405,0,0.16700067,0.10861405,0.12015940,0.15014231,0.14355622
11487,0,0.21249869,1,0.16700067,0.21249869,0.21983408,0.16025304,0.15938215
11508,0,0.18688836,1,0.16700067,0.18688836,0.19579545,0.16526621,0.16773969
11515,0,0.17168475,0,0.16700067,0.17168475,0.18138983,0.17096291,0.17765734
11517,0,0.00693580,0,0.16700067,0.00693580,0.00999543,0.02172607,0.03385592
11523,0,0.20516482,1,0.16700067,0.20516482,0.21297679,0.17965504,0.19366634
11537,1,0.26210335,1,0.16700067,0.26210335,0.26576198,0.18161447,0.19742298
11540,0,0.21249869,1,0.16700067,0.21249869,0.21983408,0.16025304,0.15938215
11545,1,0.29436698,1,0.16700067,0.29436698,0.29530709,0.19289927,0.22012466
11550,0,0.16688440,0,0.16700067,0.16688440,0.17681769,0.18039952,0.19508724
11552,0,0.10861405,0,0.16700067,0.10861405,0.12015940,0.15014231,0.14355622
11555,0,0.08000220,0,0.16700067,0.08000220,0.09126894,0.14412565,0.13477382
11560,0,0.11675352,0,0.16700067,0.11675352,0.12822643,0.17673911,0.18817687
11563,1,0.23963852,1,0.16700067,0.23963852,0.24505071,0.18226284,0.19867808
11571,1,0.16094184,0,0.16700067,0.16094184,0.17114064,0.15759112,0.15508326
11574,0,0.16633602,0,0.16700067,0.16633602,0.17629462,0.17115968,0.17800798
11576,1,0.10861405,0,0.16700067,0.10861405,0.12015940,0.15014231,0.14355622
11578,0,0.15126940,0,0.16700067,0.15126940,0.16185762,0.16593627,0.16888290
11582,0,0.21878474,1,0.16700067,0.21878474,0.22569618,0.14985997,0.14313365
11591,0,0.11247317,0,0.16700067,0.11247317,0.12399153,0.15730423,0.15462565
11601,0,0.17970168,0,0.16700067,0.17970168,0.18899971,0.16160904,0.16160890
11604,0,0.14544393,0,0.16700067,0.14544393,0.15623945,0.15685747,0.15391523
11611,0,0.18833356,1,0.16700067,0.18833356,0.19715920,0.17596273,0.18673558
11615,1,0.18833356,1,0.16700067,0.18833356,0.19715920,0.17596273,0.18673558
11619,0,0.26978290,1,0.16700067,0.26978290,0.27281383,0.19016498,0.21445705
11621,0,0.18833356,1,0.16700067,0.18833356,0.19715920,0.17596273,0.18673558
11626,0,0.16633602,0,0.16700067,0.16633602,0.17629462,0.17115968,0.17800798
11629,1,0.18833356,1,0.16700067,0.18833356,0.19715920,0.17596273,0.18673558
11630,1,0.18833356,1,0.16700067,0.18833356,0.19715920,0.17596273,0.18673558
11635,0,0.06925868,0,0.16700067,0.06925868,0.08015914,0.12795311,0.11339685
11644,0,0.06925868,0,0.16700067,0.06925868,0.08015914,0.12795311,0.11339685
11647,0,0.12256049,0,0.16700067,0.12256049,0.13394684,0.19122548,0.21664256
11654,0,0.12643907,0,0.16700067,0.12643907,0.13775242,0.15116250,0.14509175
11656,1,0.17168475,0,0.16700067,0.17168475,0.18138983,0.17096291,0.17765734
11671,0,0.11235682,0,0.16700067,0.11235682,0.12387620,0.13473599,0.12197765
11679,0,0.16633602,0,0.16700067,0.16633602,0.17629462,0.17115968,0.17800798
11684,0,0.06848261,0,0.16700067,0.06848261,0.07934998,0.15199615,0.14635660
11691,0,0.12411448,0,0.16700067,0.12411448,0.13547300,0.13100286,0.11718792
11693,0,0.24639790,1,0.16700067,0.24639790,0.25129637,0.18999671,0.21411175
11699,0,0.15299804,0,0.16700067,0.15299804,0.16352072,0.15485863,0.15076937
11702,1,0.12524060,0,0.16700067,0.12524060,0.13657777,0.16470938,0.16679440
11711,0,0.16633602,0,0.16700067,0.16633602,0.17629462,0.17115968,0.17800798
11712,0,0.11987848,0,0.16700067,0.11987848,0.13130827,0.13087734,0.11702974
11713,0,0.18833356,1,0.16700067,0.18833356,0.19715920,0.17596273,0.18673558
11726,1,0.18833356,1,0.16700067,0.18833356,0.19715920,0.17596273,0.18673558
11732,0,0.16633602,0,0.16700067,0.16633602,0.17629462,0.17115968,0.17800798
11740,0,0.12411448,0,0.16700067,0.12411448,0.13547300,0.13100286,0.11718792
11751,0,0.18833356,1,0.16700067,0.18833356,0.19715920,0.17596273,0.18673558
11759,0,0.12553575,0,0.16700067,0.12553575,0.13686715,0.15341963,0.14853750
11761,0,0.13643456,0,0.16700067,0.13643456,0.14750724,0.13830649,0.12671550
11762,1,0.27079723,1,0.16700067,0.27079723,0.27374427,0.22529010,0.29522086
11771,0,0.06925868,0,0.16700067,0.06925868,0.08015914,0.12795311,0.11339685
11794,0,0.12277500,0,0.16700067,0.12277500,0.13415763,0.13516053,0.12253290
11795,0,0.10861405,0,0.16700067,0.10861405,0.12015940,0.15014231,0.14355622
11797,0,0.18833356,1,0.16700067,0.18833356,0.19715920,0.17596273,0.18673558
11799,0,0.06925868,0,0.16700067,0.06925868,0.08015914,0.12795311,0.11339685
11810,0,0.21249869,1,0.16700067,0.21249869,0.21983408,0.16025304,0.15938215
11813,0,0.16633602,0,0.16700067,0.16633602,0.17629462,0.17115968,0.17800798
11820,0,0.16633602,0,0.16700067,0.16633602,0.17629462,0.17115968,0.17800798
11842,0,0.12592402,0,0.16700067,0.12592402,0.13724774,0.16455447,0.16653217
11843,1,0.15748918,0,0.16700067,0.15748918,0.16783324,0.18163058,0.19745410
11845,0,0.12411448,0,0.16700067,0.12411448,0.13547300,0.13100286,0.11718792
11846,0,0.46507234,1,0.16700067,0.46507234,0.44997485,0.18048217,0.19524546
11853,0,0.16633602,0,0.16700067,0.16633602,0.17629462,0.17115968,0.17800798
11855,0,0.24709955,1,0.16700067,0.24709955,0.25194397,0.18295441,0.20002341
11856,0,0.12411448,0,0.16700067,0.12411448,0.13547300,0.13100286,0.11718792
11857,0,0.35371482,1,0.16700067,0.35371482,0.34923733,0.19545066,0.22550939
11862,0,0.16633602,0,0.16700067,0.16633602,0.17629462,0.17115968,0.17800798
11863,1,0.18833356,1,0.16700067,0.18833356,0.19715920,0.17596273,0.18673558
11866,0,0.03610448,0,0.16700067,0.03610448,0.04455183,0.13622765,0.12393818
11872,0,0.12620700,0,0.16700067,0.12620700,0.13752505,0.15429191,0.14988712
11873,1,0.06125627,0,0.16700067,0.06125627,0.07176816,0.14627262,0.13785444
11880,1,0.21249869,1,0.16700067,0.21249869,0.21983408,0.16025304,0.15938215
11891,1,0.18833356,1,0.16700067,0.18833356,0.19715920,0.17596273,0.18673558
11892,0,0.30049515,1,0.16700067,0.30049515,0.30089713,0.25671032,0.38055080
11899,0,0.13901682,0,0.16700067,0.13901682,0.15001566,0.15777344,0.15537466
11905,0,0.15126940,0,0.16700067,0.15126940,0.16185762,0.16593627,0.16888290
11910,0,0.08961077,0,0.16700067,0.08961077,0.10107406,0.15073610,0.14444831
11914,1,0.16875241,0,0.16700067,0.16875241,0.17859833,0.17445030,0.18395231
11921,0,0.34680913,1,0.16700067,0.34680913,0.34298108,0.15827418,0.15617726
11925,0,0.16633602,0,0.16700067,0.16633602,0.17629462,0.17115968,0.17800798
11926,0,0.30049515,1,0.16700067,0.30049515,0.30089713,0.25671032,0.38055080
11929,0,0.10861405,0,0.16700067,0.10861405,0.12015940,0.15014231,0.14355622
11932,1,0.24379008,1,0.16700067,0.24379008,0.24888824,0.19395220,0.22233562
11939,1,0.15255913,0,0.16700067,0.15255913,0.16309862,0.16484600,0.16702594
11941,0,0.10861405,0,0.16700067,0.10861405,0.12015940,0.15014231,0.14355622
11945,0,0.12941977,0,0.16700067,0.12941977,0.14066909,0.17889689,0.19222747
11946,0,0.12411448,0,0.16700067,0.12411448,0.13547300,0.13100286,0.11718792
11953,0,0.10196023,0,0.16700067,0.10196023,0.11351914,0.13207254,0.11854344
11955,1,0.09653601,0,0.16700067,0.09653601,0.10807319,0.16472425,0.16681958
11960,0,0.18833356,1,0.16700067,0.18833356,0.19715920,0.17596273,0.18673558
11961,0,0.04328833,0,0.16700067,0.04328833,0.05248097,0.14942446,0.14248388
11967,0,0.10861405,0,0.16700067,0.10861405,0.12015940,0.15014231,0.14355622
11968,0,0.17168475,0,0.16700067,0.17168475,0.18138983,0.17096291,0.17765734
11969,1,0.21249869,1,0.16700067,0.21249869,0.21983408,0.16025304,0.15938215
11970,0,0.09905000,0,0.16700067,0.09905000,0.11060104,0.14877760,0.14152332
11974,0,0.16221744,0,0.16700067,0.16221744,0.17236088,0.15385450,0.14920908
11975,0,0.10861405,0,0.16700067,0.10861405,0.12015940,0.15014231,0.14355622
11977,0,0.03572367,0,0.16700067,0.03572367,0.04412728,0.13699697,0.12495983
11980,0,0.10407019,0,0.16700067,0.10407019,0.11562946,0.15734031,0.15468315
11987,0,0.20910580,1,0.16700067,0.20910580,0.21666416,0.17382422,0.18280962
11993,0,0.18833356,1,0.16700067,0.18833356,0.19715920,0.17596273,0.18673558
11998,0,0.06925868,0,0.16700067,0.06925868,0.08015914,0.12795311,0.11339685
12005,0,0.10861405,0,0.16700067,0.10861405,0.12015940,0.15014231,0.14355622
12011,0,0.16633602,0,0.16700067,0.16633602,0.17629462,0.17115968,0.17800798
12013,0,0.05770584,0,0.16700067,0.05770584,0.06800961,0.15519258,0.15129126
12019,1,0.38800791,1,0.16700067,0.38800791,0.38026465,0.19297312,0.22027920
12022,0,0.05060632,0,0.16700067,0.05060632,0.06042021,0.14341748,0.13377051
12028,0,0.16985305,0,0.16700067,0.16985305,0.17964663,0.16064405,0.16002168
12030,0,0.18833356,1,0.16700067,0.18833356,0.19715920,0.17596273,0.18673558
12039,0,0.18833356,1,0.16700067,0.18833356,0.19715920,0.17596273,0.18673558
12048,0,0.10861405,0,0.16700067,0.10861405,0.12015940,0.15014231,0.14355622
12052,0,0.00598061,0,0.16700067,0.00598061,0.00873674,0.04072806,0.04230586
12053,0,0.18833356,1,0.16700067,0.18833356,0.19715920,0.17596273,0.18673558
12054,1,0.15126940,0,0.16700067,0.15126940,0.16185762,0.16593627,0.16888290
12055,0,0.06925868,0,0.16700067,0.06925868,0.08015914,0.12795311,0.11339685
12060,0,0.16633602,0,0.16700067,0.16633602,0.17629462,0.17115968,0.17800798
12064,1,0.16633602,0,0.16700067,0.16633602,0.17629462,0.17115968,0.17800798
12066,0,0.11326897,0,0.16700067,0.11326897,0.12478010,0.12782760,0.11324313
12068,0,0.09637947,0,0.16700067,0.09637947,0.10791556,0.16662994,0.17007289
12077,1,0.18833356,1,0.16700067,0.18833356,0.19715920,0.17596273,0.18673558
12085,0,0.13623584,0,0.16700067,0.13623584,0.14731400,0.16082614,0.16032022
12086,0,0.21249869,1,0.16700067,0.21249869,0.21983408,0.16025304,0.15938215
12097,0,0.15981029,0,0.16700067,0.15981029,0.17005745,0.17388536,0.18292096
12098,0,0.09816023,0,0.16700067,0.09816023,0.10970713,0.14869861,0.14140639
12100,0,0.10861405,0,0.16700067,0.10861405,0.12015940,0.15014231,0.14355622
12105,0,0.10407019,0,0.16700067,0.10407019,0.11562946,0.15734031,0.15468315
12107,0,0.16633602,0,0.16700067,0.16633602,0.17629462,0.17115968,0.17800798
12110,0,0.12411448,0,0.16700067,0.12411448,0.13547300,0.13100286,0.11718792
12118,0,0.10861405,0,0.16700067,0.10861405,0.12015940,0.15014231,0.14355622
12119,0,0.15909905,0,0.16700067,0.15909905,0.16937622,0.17804703,0.19062423
12120,0,0.18833356,1,0.16700067,0.18833356,0.19715920,0.17596273,0.18673558
12122,0,0.18833356,1,0.16700067,0.18833356,0.19715920,0.17596273,0.18673558
12127,0,0.06232785,0,0.16700067,0.06232785,0.07289807,0.12888301,0.11454130
12129,0,0.09816023,0,0.16700067,0.09816023,0.10970713,0.14869861,0.14140639
12130,0,0.27429739,1,0.16700067,0.27429739,0.27695329,0.18361187,0.20130870
12133,0,0.06042517,0,0.16700067,0.06042517,0.07089042,0.15777344,0.15537466
12134,0,0.18833356,1,0.16700067,0.18833356,0.19715920,0.17596273,0.18673558
12141,0,0.10861405,0,0.16700067,0.10861405,0.12015940,0.15014231,0.14355622
12142,1,0.13847887,0,0.16700067,0.13847887,0.14949348,0.17791990,0.19038527
12144,0,0.16633602,0,0.16700067,0.16633602,0.17629462,0.17115968,0.17800798
12147,0,0.04302383,0,0.16700067,0.04302383,0.05219155,0.15002637,0.14338257
12148,0,0.10861405,0,0.16700067,0.10861405,0.12015940,0.15014231,0.14355622
12153,0,0.46415066,1,0.16700067,0.46415066,0.44913956,0.20439816,0.24512356
12156,0,0.10861405,0,0.16700067,0.10861405,0.12015940,0.15014231,0.14355622
12163,0,0.18627127,1,0.16700067,0.18627127,0.19521286,0.17601028,0.18682362
12168,0,0.06925868,0,0.16700067,0.06925868,0.08015914,0.12795311,0.11339685
12174,0,0.10407019,0,0.16700067,0.10407019,0.11562946,0.15734031,0.15468315
12182,0,0.11448222,0,0.16700067,0.11448222,0.12598124,0.17028828,0.17645927
12191,0,0.09963958,0,0.16700067,0.09963958,0.11119292,0.16270727,0.16343070
12196,0,0.10861405,0,0.16700067,0.10861405,0.12015940,0.15014231,0.14355622
12203,0,0.10861405,0,0.16700067,0.10861405,0.12015940,0.15014231,0.14355622
12204,0,0.09389311,0,0.16700067,0.09389311,0.10540839,0.17679763,0.18828586
12219,0,0.16633602,0,0.16700067,0.16633602,0.17629462,0.17115968,0.17800798
12222,1,0.19505146,1,0.16700067,0.19505146,0.20348656,0.18535884,0.20475390
12228,1,0.18833356,1,0.16700067,0.18833356,0.19715920,0.17596273,0.18673558
12234,0,0.17168475,0,0.16700067,0.17168475,0.18138983,0.17096291,0.17765734
12238,0,0.26189786,1,0.16700067,0.26189786,0.26557310,0.18246204,0.19906489
12257,0,0.10861405,0,0.16700067,0.10861405,0.12015940,0.15014231,0.14355622
12273,0,0.04725394,0,0.16700067,0.04725394,0.05679900,0.14305982,0.13326619
12275,0,0.24094599,1,0.16700067,0.24094599,0.24625980,0.17708158,0.18881535
12280,0,0.18833356,1,0.16700067,0.18833356,0.19715920,0.17596273,0.18673558
12289,0,0.15351745,0,0.16700067,0.15351745,0.16402008,0.17700263,0.18866802
12291,0,0.06648296,0,0.16700067,0.06648296,0.07726065,0.13730129,0.12536597
12292,0,0.38167134,1,0.16700067,0.38167134,0.37453515,0.27281230,0.42776884
12293,0,0.16633602,0,0.16700067,0.16633602,0.17629462,0.17115968,0.17800798
12298,0,0.17168475,0,0.16700067,0.17168475,0.18138983,0.17096291,0.17765734
12300,0,0.10861405,0,0.16700067,0.10861405,0.12015940,0.15014231,0.14355622
12304,0,0.13623584,0,0.16700067,0.13623584,0.14731400,0.16082614,0.16032022
12305,0,0.15126940,0,0.16700067,0.15126940,0.16185762,0.16593627,0.16888290
12306,0,0.15236411,0,0.16700067,0.15236411,0.16291104,0.17806127,0.19065100
12308,0,0.12798961,0,0.16700067,0.12798961,0.13927049,0.18335617,0.20080808
12309,0,0.16633602,0,0.16700067,0.16633602,0.17629462,0.17115968,0.17800798
12311,0,0.06925868,0,0.16700067,0.06925868,0.08015914,0.12795311,0.11339685
12315,0,0.06232785,0,0.16700067,0.06232785,0.07289807,0.12888301,0.11454130
12320,0,0.18599105,1,0.16700067,0.18599105,0.19494824,0.19034544,0.21482781
12324,0,0.10861405,0,0.16700067,0.10861405,0.12015940,0.15014231,0.14355622
12331,0,0.16633602,0,0.16700067,0.16633602,0.17629462,0.17115968,0.17800798
12333,1,0.16633602,0,0.16700067,0.16633602,0.17629462,0.17115968,0.17800798
12334,0,0.18833356,1,0.16700067,0.18833356,0.19715920,0.17596273,0.18673558
12344,0,0.08086553,0,0.16700067,0.08086553,0.09215471,0.15020626,0.14365207
12349,0,0.16633602,0,0.16700067,0.16633602,0.17629462,0.17115968,0.17800798
12355,0,0.20166067,1,0.16700067,0.20166067,0.20969316,0.16285338,0.16367434
12360,0,0.13329027,0,0.16700067,0.13329027,0.14444653,0.13004386,0.11598410
12361,0,0.18833356,1,0.16700067,0.18833356,0.19715920,0.17596273,0.18673558
12362,1,0.21913935,1,0.16700067,0.21913935,0.22602647,0.16686658,0.17048038
12379,1,0.24228642,1,0.16700067,0.24228642,0.24749888,0.17693215,0.18853655
12381,0,0.32568381,1,0.16700067,0.32568381,0.32381627,0.24678257,0.35246752
12394,0,0.13452635,0,0.16700067,0.13452635,0.14565059,0.17466293,0.18434166
12401,0,0.18833356,1,0.16700067,0.18833356,0.19715920,0.17596273,0.18673558
12402,0,0.10861405,0,0.16700067,0.10861405,0.12015940,0.15014231,0.14355622
12403,0,0.05913425,0,0.16700067,0.05913425,0.06952455,0.15413685,0.14964647
12408,0,0.18833356,1,0.16700067,0.18833356,0.19715920,0.17596273,0.18673558
12415,0,0.12702211,0,0.16700067,0.12702211,0.13832347,0.16398819,0.16557642
12423,0,0.12365233,0,0.16700067,0.12365233,0.13501933,0.16068873,0.16009489
12427,0,0.16633602,0,0.16700067,0.16633602,0.17629462,0.17115968,0.17800798
12428,0,0.20525698,1,0.16700067,0.20525698,0.21306309,0.17709337,0.18883737
12432,0,0.18833356,1,0.16700067,0.18833356,0.19715920,0.17596273,0.18673558
12436,0,0.29210509,1,0.16700067,0.29210509,0.29324224,0.16881126,0.17385843
12441,0,0.10861405,0,0.16700067,0.10861405,0.12015940,0.15014231,0.14355622
12452,0,0.16633602,0,0.16700067,0.16633602,0.17629462,0.17115968,0.17800798
12454,0,0.16533277,0,0.16700067,0.16533277,0.17533724,0.14607817,0.13757301
12455,0,0.18833356,1,0.16700067,0.18833356,0.19715920,0.17596273,0.18673558
12459,0,0.23596582,1,0.16700067,0.23596582,0.24165172,0.17445030,0.18395231
12465,0,0.06232785,0,0.16700067,0.06232785,0.07289807,0.12888301,0.11454130
12472,0,0.18833356,1,0.16700067,0.18833356,0.19715920,0.17596273,0.18673558
12475,0,0.06790946,0,0.16700067,0.06790946,0.07875178,0.13418213,0.12125652
12476,0,0.16633602,0,0.16700067,0.16633602,0.17629462,0.17115968,0.17800798
12490,0,0.12411448,0,0.16700067,0.12411448,0.13547300,0.13100286,0.11718792
12495,0,0.16633602,0,0.16700067,0.16633602,0.17629462,0.17115968,0.17800798
12502,0,0.21249869,1,0.16700067,0.21249869,0.21983408,0.16025304,0.15938215
12510,0,0.31342108,1,0.16700067,0.31342108,0.31266912,0.19895401,0.23305424
12516,1,0.16633602,0,0.16700067,0.16633602,0.17629462,0.17115968,0.17800798
12521,1,0.18833356,1,0.16700067,0.18833356,0.19715920,0.17596273,0.18673558
12523,0,0.10741850,0,0.16700067,0.10741850,0.11896941,0.15198638,0.14634173
12524,0,0.21249869,1,0.16700067,0.21249869,0.21983408,0.16025304,0.15938215
12526,0,0.16633602,0,0.16700067,0.16633602,0.17629462,0.17115968,0.17800798
12538,0,0.26616262,1,0.16700067,0.26616262,0.26949110,0.20278671,0.24150758
12543,0,0.27308877,1,0.16700067,0.27308877,0.27584549,0.17557895,0.18602628
12546,0,0.18833356,1,0.16700067,0.18833356,0.19715920,0.17596273,0.18673558
12548,0,0.16633602,0,0.16700067,0.16633602,0.17629462,0.17115968,0.17800798
12564,0,0.23225768,1,0.16700067,0.23225768,0.23821590,0.18280018,0.19972278
12574,0,0.14138944,0,0.16700067,0.14138944,0.15231643,0.15049083,0.14407925
12575,0,0.18833356,1,0.16700067,0.18833356,0.19715920,0.17596273,0.18673558
12580,0,0.22052381,1,0.16700067,0.22052381,0.22731555,0.17115968,0.17800798
12586,0,0.10861405,0,0.16700067,0.10861405,0.12015940,0.15014231,0.14355622
12587,0,0.07241301,0,0.16700067,0.07241301,0.08343842,0.15400100,0.14943589
12588,0,0.10861405,0,0.16700067,0.10861405,0.12015940,0.15014231,0.14355622
12590,0,0.18833356,1,0.16700067,0.18833356,0.19715920,0.17596273,0.18673558
12599,0,0.16633602,0,0.16700067,0.16633602,0.17629462,0.17115968,0.17800798
12604,0,0.10861405,0,0.16700067,0.10861405,0.12015940,0.15014231,0.14355622
12605,0,0.06925868,0,0.16700067,0.06925868,0.08015914,0.12795311,0.11339685
12618,0,0.21249869,1,0.16700067,0.21249869,0.21983408,0.16025304,0.15938215
12620,1,0.18833356,1,0.16700067,0.18833356,0.19715920,0.17596273,0.18673558
12627,0,0.10861405,0,0.16700067,0.10861405,0.12015940,0.15014231,0.14355622
12631,1,0.22148767,1,0.16700067,0.22148767,0.22821262,0.16108794,0.16075022
12633,0,0.18833356,1,0.16700067,0.18833356,0.19715920,0.17596273,0.18673558
12634,0,0.14468321,0,0.16700067,0.14468321,0.15550422,0.17331873,0.18189103
12655,1,0.09816023,0,0.16700067,0.09816023,0.10970713,0.14869861,0.14140639
12667,0,0.18833356,1,0.16700067,0.18833356,0.19715920,0.17596273,0.18673558
12678,0,0.08040416,0,0.16700067,0.08040416,0.09168147,0.15115458,0.14507978
12683,0,0.06925868,0,0.16700067,0.06925868,0.08015914,0.12795311,0.11339685
12689,0,0.21249869,1,0.16700067,0.21249869,0.21983408,0.16025304,0.15938215
12690,0,0.06925868,0,0.16700067,0.06925868,0.08015914,0.12795311,0.11339685
12697,0,0.18833356,1,0.16700067,0.18833356,0.19715920,0.17596273,0.18673558
12700,0,0.15126940,0,0.16700067,0.15126940,0.16185762,0.16593627,0.16888290
12704,0,0.21249869,1,0.16700067,0.21249869,0.21983408,0.16025304,0.15938215
12705,0,0.18833356,1,0.16700067,0.18833356,0.19715920,0.17596273,0.18673558
12707,0,0.18833356,1,0.16700067,0.18833356,0.19715920,0.17596273,0.18673558
12728,0,0.21249869,1,0.16700067,0.21249869,0.21983408,0.16025304,0.15938215
12731,0,0.06925868,0,0.16700067,0.06925868,0.08015914,0.12795311,0.11339685
12733,0,0.18833356,1,0.16700067,0.18833356,0.19715920,0.17596273,0.18673558
12734,0,0.10861405,0,0.16700067,0.10861405,0.12015940,0.15014231,0.14355622
12738,0,0.07130338,0,0.16700067,0.07130338,0.08228655,0.17216555,0.17980891
12739,0,0.05670399,0,0.16700067,0.05670399,0.06694477,0.13317798,0.11995850
12744,0,0.21023827,1,0.16700067,0.21023827,0.21772267,0.16663294,0.17007805
12749,0,0.48147045,1,0.16700067,0.48147045,0.46484786,0.36937454,0.70805173
12754,0,0.10861405,0,0.16700067,0.10861405,0.12015940,0.15014231,0.14355622
12756,0,0.12411448,0,0.16700067,0.12411448,0.13547300,0.13100286,0.11718792
12761,0,0.10485632,0,0.16700067,0.10485632,0.11641460,0.13854633,0.12703932
12768,0,0.13345415,0,0.16700067,0.13345415,0.14460623,0.15777344,0.15537466
12772,0,0.06925868,0,0.16700067,0.06925868,0.08015914,0.12795311,0.11339685
12775,0,0.18833356,1,0.16700067,0.18833356,0.19715920,0.17596273,0.18673558
12780,0,0.06925868,0,0.16700067,0.06925868,0.08015914,0.12795311,0.11339685
12782,0,0.18833356,1,0.16700067,0.18833356,0.19715920,0.17596273,0.18673558
12785,0,0.18833356,1,0.16700067,0.18833356,0.19715920,0.17596273,0.18673558
12788,0,0.29259974,1,0.16700067,0.29259974,0.29369388,0.19684176,0.22848438
12789,1,0.34688489,1,0.16700067,0.34688489,0.34304974,0.18299912,0.20011062
12791,0,0.10861405,0,0.16700067,0.10861405,0.12015940,0.15014231,0.14355622
12792,0,0.11235682,0,0.16700067,0.11235682,0.12387620,0.13473599,0.12197765
12796,0,0.15720584,0,0.16700067,0.15720584,0.16756151,0.16495495,0.16721077
12797,0,0.18833356,1,0.16700067,0.18833356,0.19715920,0.17596273,0.18673558
12803,0,0.15126940,0,0.16700067,0.15126940,0.16185762,0.16593627,0.16888290
12818,0,0.15884518,0,0.16700067,0.15884518,0.16913300,0.16625941,0.16943641
12822,0,0.18833356,1,0.16700067,0.18833356,0.19715920,0.17596273,0.18673558
12824,0,0.15126940,0,0.16700067,0.15126940,0.16185762,0.16593627,0.16888290
12830,0,0.51519810,1,0.16700067,0.51519810,0.49552777,0.27411580,0.43166211
12836,1,0.25529528,1,0.16700067,0.25529528,0.25949892,0.19328157,0.22092558
12845,0,0.46503920,1,0.16700067,0.46503920,0.44994482,0.22687500,0.29925585
12846,0,0.06925868,0,0.16700067,0.06925868,0.08015914,0.12795311,0.11339685
12847,0,0.12886543,0,0.16700067,0.12886543,0.14012717,0.17596273,0.18673558
12848,0,0.20525698,1,0.16700067,0.20525698,0.21306309,0.17709337,0.18883737
12850,1,0.11120466,0,0.16700067,0.11120466,0.12273339,0.16206613,0.16236515
12855,0,0.10861405,0,0.16700067,0.10861405,0.12015940,0.15014231,0.14355622
12861,1,0.10861405,0,0.16700067,0.10861405,0.12015940,0.15014231,0.14355622
12863,0,0.15126940,0,0.16700067,0.15126940,0.16185762,0.16593627,0.16888290
12865,0,0.03305064,0,0.16700067,0.03305064,0.04113388,0.15788103,0.15554682
12868,0,0.18833356,1,0.16700067,0.18833356,0.19715920,0.17596273,0.18673558
12871,0,0.14701046,0,0.16700067,0.14701046,0.15775234,0.15650324,0.15335384
12877,1,0.50785558,1,0.16700067,0.50785558,0.48883680,0.17254188,0.18048633
12881,1,0.10861405,0,0.16700067,0.10861405,0.12015940,0.15014231,0.14355622
12885,0,0.21249869,1,0.16700067,0.21249869,0.21983408,0.16025304,0.15938215
12886,0,0.18833356,1,0.16700067,0.18833356,0.19715920,0.17596273,0.18673558
12887,1,0.25417899,1,0.16700067,0.25417899,0.25847091,0.21079380,0.25983207
12888,0,0.24530621,1,0.16700067,0.24530621,0.25028850,0.17968937,0.19373169
12890,0,0.12589177,0,0.16700067,0.12589177,0.13721613,0.17115968,0.17800798
12892,0,0.10861405,0,0.16700067,0.10861405,0.12015940,0.15014231,0.14355622
12900,1,0.16633602,0,0.16700067,0.16633602,0.17629462,0.17115968,0.17800798
12915,0,0.19422484,1,0.16700067,0.19422484,0.20270903,0.16226043,0.16268749
12917,0,0.14765095,0,0.16700067,0.14765095,0.15837045,0.15670669,0.15367606
12930,0,0.06925868,0,0.16700067,0.06925868,0.08015914,0.12795311,0.11339685
12934,1,0.27389840,1,0.16700067,0.27389840,0.27658761,0.19185836,0.21795447
12936,0,0.16633602,0,0.16700067,0.16633602,0.17629462,0.17115968,0.17800798
12938,0,0.16633602,0,0.16700067,0.16633602,0.17629462,0.17115968,0.17800798
12942,1,0.28704977,1,0.16700067,0.28704977,0.28862410,0.19408640,0.22261855
12943,0,0.06925868,0,0.16700067,0.06925868,0.08015914,0.12795311,0.11339685
12947,0,0.03967474,0,0.16700067,0.03967474,0.04851083,0.13233575,0.11887904
12949,0,0.16633602,0,0.16700067,0.16633602,0.17629462,0.17115968,0.17800798
12953,0,0.12411448,0,0.16700067,0.12411448,0.13547300,0.13100286,0.11718792
12958,0,0.16633602,0,0.16700067,0.16633602,0.17629462,0.17115968,0.17800798
12965,1,0.14538995,0,0.16700067,0.14538995,0.15618729,0.17940045,0.19318225
12970,0,0.14455652,0,0.16700067,0.14455652,0.15538174,0.19266054,0.21962556
12972,0,0.08046673,0,0.16700067,0.08046673,0.09174567,0.17601028,0.18682362
12973,0,0.13110290,0,0.16700067,0.13110290,0.14231311,0.15024043,0.14370331
12975,0,0.21249869,1,0.16700067,0.21249869,0.21983408,0.16025304,0.15938215
12982,0,0.08322953,0,0.16700067,0.08322953,0.09457519,0.13640824,0.12417734
12991,1,0.40313799,1,0.16700067,0.40313799,0.39394223,0.22631990,0.29783905
12995,0,0.18833356,1,0.16700067,0.18833356,0.19715920,0.17596273,0.18673558
13002,0,0.10861405,0,0.16700067,0.10861405,0.12015940,0.15014231,0.14355622
13006,0,0.16633602,0,0.16700067,0.16633602,0.17629462,0.17115968,0.17800798
13013,0,0.50841542,1,0.16700067,0.50841542,0.48934670,0.29659416,0.49972331
13014,1,0.18833356,1,0.16700067,0.18833356,0.19715920,0.17596273,0.18673558
13016,0,0.16633602,0,0.16700067,0.16633602,0.17629462,0.17115968,0.17800798
13021,0,0.16633602,0,0.16700067,0.16633602,0.17629462,0.17115968,0.17800798
13031,0,0.21249869,1,0.16700067,0.21249869,0.21983408,0.16025304,0.15938215
13034,0,0.10861405,0,0.16700067,0.10861405,0.12015940,0.15014231,0.14355622
13035,0,0.19440548,1,0.16700067,0.19440548,0.20287896,0.17892774,0.19228585
13043,1,0.10634506,0,0.16700067,0.10634506,0.11789983,0.17147157,0.17856489
13049,1,0.22676739,1,0.16700067,0.22676739,0.23312109,0.18064658,0.19556050
13052,0,0.16633602,0,0.16700067,0.16633602,0.17629462,0.17115968,0.17800798
13055,0,0.24288032,1,0.16700067,0.24288032,0.24804770,0.18438099,0.20282010
13056,0,0.09653601,0,0.16700067,0.09653601,0.10807319,0.16472425,0.16681958
13069,0,0.10861405,0,0.16700067,0.10861405,0.12015940,0.15014231,0.14355622
13075,1,0.19440739,1,0.16700067,0.19440739,0.20288076,0.18017737,0.19466242
13079,0,0.18833356,1,0.16700067,0.18833356,0.19715920,0.17596273,0.18673558
13081,0,0.16633602,0,0.16700067,0.16633602,0.17629462,0.17115968,0.17800798
13085,0,0.09816023,0,0.16700067,0.09816023,0.10970713,0.14869861,0.14140639
13093,0,0.14970363,0,0.16700067,0.14970363,0.16034966,0.18026720,0.19483412
13101,1,0.18833356,1,0.16700067,0.18833356,0.19715920,0.17596273,0.18673558
13102,0,0.13563655,0,0.16700067,0.13563655,0.14673111,0.15340162,0.14850975
13106,1,0.26754089,1,0.16700067,0.26754089,0.27075643,0.18336174,0.20081899
13110,0,0.18833356,1,0.16700067,0.18833356,0.19715920,0.17596273,0.18673558
13111,0,0.27017861,1,0.16700067,0.27017861,0.27317683,0.19585750,0.22637659
13112,1,0.20525698,1,0.16700067,0.20525698,0.21306309,0.17709337,0.18883737
13113,0,0.00598061,0,0.16700067,0.00598061,0.00873674,0.04072806,0.04230586
13116,1,0.12839232,0,0.16700067,0.12839232,0.13966447,0.17787069,0.19029284
13119,1,0.11790064,0,0.16700067,0.11790064,0.12935868,0.16962111,0.17528071
13120,1,0.18833356,1,0.16700067,0.18833356,0.19715920,0.17596273,0.18673558
13122,0,0.18833356,1,0.16700067,0.18833356,0.19715920,0.17596273,0.18673558
13125,0,0.10861405,0,0.16700067,0.10861405,0.12015940,0.15014231,0.14355622
13128,0,0.06925868,0,0.16700067,0.06925868,0.08015914,0.12795311,0.11339685
13130,0,0.26983038,1,0.16700067,0.26983038,0.27285739,0.19328157,0.22092558
13131,0,0.10861405,0,0.16700067,0.10861405,0.12015940,0.15014231,0.14355622
13137,0,0.21328756,1,0.16700067,0.21328756,0.22057051,0.17390941,0.18296477
13151,0,0.10861405,0,0.16700067,0.10861405,0.12015940,0.15014231,0.14355622
13154,1,0.41621505,1,0.16700067,0.41621505,0.40576337,0.21287695,0.26474464
13160,0,0.15126940,0,0.16700067,0.15126940,0.16185762,0.16593627,0.16888290
13168,0,0.16633602,0,0.16700067,0.16633602,0.17629462,0.17115968,0.17800798
13174,1,0.39597673,1,0.16700067,0.39597673,0.38746879,0.22522437,0.29505421
13177,1,0.14417299,0,0.16700067,0.14417299,0.15501088,0.16346956,0.16470492
13179,0,0.34688489,1,0.16700067,0.34688489,0.34304974,0.18299912,0.20011062
13181,0,0.12575875,0,0.16700067,0.12575875,0.13708575,0.18225247,0.19865795
13187,0,0.16633602,0,0.16700067,0.16633602,0.17629462,0.17115968,0.17800798
13197,0,0.23510018,1,0.16700067,0.23510018,0.24085002,0.21478047,0.26928522
13201,0,0.18833356,1,0.16700067,0.18833356,0.19715920,0.17596273,0.18673558
13205,0,0.10861405,0,0.16700067,0.10861405,0.12015940,0.15014231,0.14355622
13211,0,0.18833356,1,0.16700067,0.18833356,0.19715920,0.17596273,0.18673558
13228,0,0.12771242,0,0.16700067,0.12771242,0.13899924,0.13190950,0.11833595
13234,0,0.06925868,0,0.16700067,0.06925868,0.08015914,0.12795311,0.11339685
13237,0,0.13085713,0,0.16700067,0.13085713,0.14207317,0.12973440,0.11559795
13239,0,0.01374936,0,0.16700067,0.01374936,0.01859822,0.04373040,0.04381353
13249,0,0.15981029,0,0.16700067,0.15981029,0.17005745,0.17388536,0.18292096
13263,0,0.14278207,0,0.16700067,0.14278207,0.15366512,0.17019120,0.17628739
13266,0,0.10861405,0,0.16700067,0.10861405,0.12015940,0.15014231,0.14355622
13269,0,0.15981029,0,0.16700067,0.15981029,0.17005745,0.17388536,0.18292096
13273,0,0.18833356,1,0.16700067,0.18833356,0.19715920,0.17596273,0.18673558
13279,0,0.18833356,1,0.16700067,0.18833356,0.19715920,0.17596273,0.18673558
13283,1,0.18833356,1,0.16700067,0.18833356,0.19715920,0.17596273,0.18673558
13286,0,0.14417299,0,0.16700067,0.14417299,0.15501088,0.16346956,0.16470492
13288,0,0.21249869,1,0.16700067,0.21249869,0.21983408,0.16025304,0.15938215
13290,0,0.21249869,1,0.16700067,0.21249869,0.21983408,0.16025304,0.15938215
13291,0,0.21322272,1,0.16700067,0.21322272,0.22051000,0.17445030,0.18395231
13294,0,0.23988638,1,0.16700067,0.23988638,0.24527995,0.17821626,0.19094265
13296,0,0.00694671,0,0.16700067,0.00694671,0.01000971,0.05410564,0.04942753
13299,0,0.12411448,0,0.16700067,0.12411448,0.13547300,0.13100286,0.11718792
13300,1,0.14417299,0,0.16700067,0.14417299,0.15501088,0.16346956,0.16470492
13303,0,0.20749071,1,0.16700067,0.20749071,0.21515371,0.17540224,0.18570037
13304,0,0.05280045,0,0.16700067,0.05280045,0.06277682,0.13736864,0.12545600
13308,1,0.21249869,1,0.16700067,0.21249869,0.21983408,0.16025304,0.15938215
13323,0,0.10861405,0,0.16700067,0.10861405,0.12015940,0.15014231,0.14355622
13330,0,0.09141824,0,0.16700067,0.09141824,0.10290602,0.17162670,0.17884238
13331,0,0.12411448,0,0.16700067,0.12411448,0.13547300,0.13100286,0.11718792
13334,0,0.18113233,1,0.16700067,0.18113233,0.19035444,0.18008164,0.19447958
13336,0,0.19440739,1,0.16700067,0.19440739,0.20288076,0.18017737,0.19466242
13337,0,0.18833356,1,0.16700067,0.18833356,0.19715920,0.17596273,0.18673558
13338,0,0.18833356,1,0.16700067,0.18833356,0.19715920,0.17596273,0.18673558
13339,0,0.20643460,1,0.16700067,0.20643460,0.21416549,0.17445030,0.18395231
13346,1,0.38167134,1,0.16700067,0.38167134,0.37453515,0.27281230,0.42776884
13347,0,0.10861405,0,0.16700067,0.10861405,0.12015940,0.15014231,0.14355622
13351,0,0.10861405,0,0.16700067,0.10861405,0.12015940,0.15014231,0.14355622
13352,0,0.21249869,1,0.16700067,0.21249869,0.21983408,0.16025304,0.15938215
13360,0,0.12393759,0,0.16700067,0.12393759,0.13529938,0.16962521,0.17528793
13363,1,0.28740704,1,0.16700067,0.28740704,0.28895063,0.22617031,0.29745789
13371,1,0.17050610,0,0.16700067,0.17050610,0.18026832,0.18105531,0.19634539
13372,0,0.21249869,1,0.16700067,0.21249869,0.21983408,0.16025304,0.15938215
13385,0,0.08576850,0,0.16700067,0.08576850,0.09716692,0.13581619,0.12339470
13396,0,0.08629702,0,0.16700067,0.08629702,0.09770542,0.17310371,0.18150139
13403,0,0.18833356,1,0.16700067,0.18833356,0.19715920,0.17596273,0.18673558
13404,0,0.15126940,0,0.16700067,0.15126940,0.16185762,0.16593627,0.16888290
13405,0,0.05614657,0,0.16700067,0.05614657,0.06635145,0.12333937,0.10786508
13416,0,0.09328147,0,0.16700067,0.09328147,0.10479059,0.13908135,0.12776426
13423,0,0.15754662,0,0.16700067,0.15754662,0.16788832,0.18007474,0.19446641
13435,0,0.37665778,1,0.16700067,0.37665778,0.37000104,0.19032130,0.21477818
13443,0,0.25886716,1,0.16700067,0.25886716,0.26278625,0.17120006,0.17808000
13457,0,0.18833356,1,0.16700067,0.18833356,0.19715920,0.17596273,0.18673558
13458,0,0.06925868,0,0.16700067,0.06925868,0.08015914,0.12795311,0.11339685
13459,0,0.06925868,0,0.16700067,0.06925868,0.08015914,0.12795311,0.11339685
13466,0,0.10861405,0,0.16700067,0.10861405,0.12015940,0.15014231,0.14355622
13467,0,0.18833356,1,0.16700067,0.18833356,0.19715920,0.17596273,0.18673558
13475,1,0.09816023,0,0.16700067,0.09816023,0.10970713,0.14869861,0.14140639
13478,1,0.11196173,0,0.16700067,0.11196173,0.12348445,0.17835079,0.19119608
13480,0,0.06925868,0,0.16700067,0.06925868,0.08015914,0.12795311,0.11339685
13486,0,0.15981029,0,0.16700067,0.15981029,0.17005745,0.17388536,0.18292096
13498,0,0.04049873,0,0.16700067,0.04049873,0.04941926,0.11529519,0.09878673
13500,0,0.06232785,0,0.16700067,0.06232785,0.07289807,0.12888301,0.11454130
13502,0,0.16633602,0,0.16700067,0.16633602,0.17629462,0.17115968,0.17800798
13507,0,0.16094184,0,0.16700067,0.16094184,0.17114064,0.15759112,0.15508326
13509,0,0.10861405,0,0.16700067,0.10861405,0.12015940,0.15014231,0.14355622
13512,1,0.30007065,1,0.16700067,0.30007065,0.30051010,0.19117905,0.21654654
13517,1,0.29436698,1,0.16700067,0.29436698,0.29530709,0.19289927,0.22012466
13522,0,0.23963852,1,0.16700067,0.23963852,0.24505071,0.18226284,0.19867808
13526,0,0.16633602,0,0.16700067,0.16633602,0.17629462,0.17115968,0.17800798
13532,0,0.21249869,1,0.16700067,0.21249869,0.21983408,0.16025304,0.15938215
13535,0,0.26616262,1,0.16700067,0.26616262,0.26949110,0.20278671,0.24150758
13539,0,0.10861405,0,0.16700067,0.10861405,0.12015940,0.15014231,0.14355622
13541,0,0.10861405,0,0.16700067,0.10861405,0.12015940,0.15014231,0.14355622
13542,0,0.21249869,1,0.16700067,0.21249869,0.21983408,0.16025304,0.15938215
13546,0,0.12411448,0,0.16700067,0.12411448,0.13547300,0.13100286,0.11718792
13547,0,0.13623584,0,0.16700067,0.13623584,0.14731400,0.16082614,0.16032022
13551,0,0.13204546,0,0.16700067,0.13204546,0.14323285,0.16599763,0.16898790
13553,0,0.10861405,0,0.16700067,0.10861405,0.12015940,0.15014231,0.14355622
13554,1,0.21249869,1,0.16700067,0.21249869,0.21983408,0.16025304,0.15938215
13561,0,0.18113233,1,0.16700067,0.18113233,0.19035444,0.18008164,0.19447958
13565,0,0.26487334,1,0.16700067,0.26487334,0.26830709,0.16842985,0.17319174
13574,0,0.18833356,1,0.16700067,0.18833356,0.19715920,0.17596273,0.18673558
13577,0,0.09816023,0,0.16700067,0.09816023,0.10970713,0.14869861,0.14140639
13579,0,0.00596985,0,0.16700067,0.00596985,0.00872246,0.03418693,0.03919109
13580,1,0.21620878,1,0.16700067,0.21620878,0.22329563,0.17818471,0.19088325
13581,1,0.10861405,0,0.16700067,0.10861405,0.12015940,0.15014231,0.14355622
13594,0,0.15236411,0,0.16700067,0.15236411,0.16291104,0.17806127,0.19065100
13604,0,0.29544679,1,0.16700067,0.29544679,0.29629253,0.17596273,0.18673558
13605,0,0.10861405,0,0.16700067,0.10861405,0.12015940,0.15014231,0.14355622
13606,0,0.20525698,1,0.16700067,0.20525698,0.21306309,0.17709337,0.18883737
13609,1,0.18833356,1,0.16700067,0.18833356,0.19715920,0.17596273,0.18673558
13612,1,0.10407019,0,0.16700067,0.10407019,0.11562946,0.15734031,0.15468315
13615,0,0.21249869,1,0.16700067,0.21249869,0.21983408,0.16025304,0.15938215
13617,0,0.07896422,0,0.16700067,0.07896422,0.09020266,0.13407955,0.12112337
13621,1,0.12310298,0,0.16700067,0.12310298,0.13447984,0.15058511,0.14422102
13633,0,0.17776999,0,0.16700067,0.17776999,0.18716897,0.15835743,0.15631102
13640,0,0.17050610,0,0.16700067,0.17050610,0.18026832,0.18105531,0.19634539
13643,0,0.18833356,1,0.16700067,0.18833356,0.19715920,0.17596273,0.18673558
13647,0,0.10259368,0,0.16700067,0.10259368,0.11415316,0.13107748,0.11728203
13648,0,0.10861405,0,0.16700067,0.10861405,0.12015940,0.15014231,0.14355622
13653,0,0.18833356,1,0.16700067,0.18833356,0.19715920,0.17596273,0.18673558
13654,0,0.03994136,0,0.16700067,0.03994136,0.04880498,0.14595360,0.13739298
13657,0,0.11207170,0,0.16700067,0.11207170,0.12359350,0.15777344,0.15537466
13684,0,0.10242137,0,0.16700067,0.10242137,0.11398073,0.16692510,0.17058127
13710,0,0.12464488,0,0.16700067,0.12464488,0.13599347,0.16613738,0.16922721
13715,1,0.04550515,0,0.16700067,0.04550515,0.05489957,0.13030711,0.11631348
13719,1,0.19099629,1,0.16700067,0.19099629,0.19966946,0.18064658,0.19556050
13723,0,0.29436698,1,0.16700067,0.29436698,0.29530709,0.19289927,0.22012466
13725,1,0.61531378,1,0.16700067,0.61531378,0.58773559,0.23542099,0.32154396
13730,0,0.22926619,1,0.16700067,0.22926619,0.23544106,0.18560782,0.20524846
13732,0,0.10861405,0,0.16700067,0.10861405,0.12015940,0.15014231,0.14355622
13733,0,0.10861405,0,0.16700067,0.10861405,0.12015940,0.15014231,0.14355622
13736,0,0.15126940,0,0.16700067,0.15126940,0.16185762,0.16593627,0.16888290
13744,1,0.16633602,0,0.16700067,0.16633602,0.17629462,0.17115968,0.17800798
13772,0,0.19076180,1,0.16700067,0.19076180,0.19944851,0.17985987,0.19405650
13774,0,0.19187496,1,0.16700067,0.19187496,0.20049713,0.18064658,0.19556050
13780,1,0.21249869,1,0.16700067,0.21249869,0.21983408,0.16025304,0.15938215
13788,1,0.11120466,0,0.16700067,0.11120466,0.12273339,0.16206613,0.16236515
13789,0,0.30049515,1,0.16700067,0.30049515,0.30089713,0.25671032,0.38055080
13791,0,0.06925868,0,0.16700067,0.06925868,0.08015914,0.12795311,0.11339685
13792,1,0.09705909,0,0.16700067,0.09705909,0.10859971,0.12777878,0.11318340
13796,0,0.12411448,0,0.16700067,0.12411448,0.13547300,0.13100286,0.11718792
13801,1,0.16633602,0,0.16700067,0.16633602,0.17629462,0.17115968,0.17800798
13804,0,0.10861405,0,0.16700067,0.10861405,0.12015940,0.15014231,0.14355622
13808,0,0.18833356,1,0.16700067,0.18833356,0.19715920,0.17596273,0.18673558
13816,0,0.18833356,1,0.16700067,0.18833356,0.19715920,0.17596273,0.18673558
13831,0,0.06925868,0,0.16700067,0.06925868,0.08015914,0.12795311,0.11339685
13832,0,0.20303631,1,0.16700067,0.20303631,0.21098280,0.14351744,0.13391174
13833,0,0.16633602,0,0.16700067,0.16633602,0.17629462,0.17115968,0.17800798
13839,0,0.14480975,0,0.16700067,0.14480975,0.15562655,0.23328357,0.31588749
13845,0,0.16633602,0,0.16700067,0.16633602,0.17629462,0.17115968,0.17800798
13846,1,0.10861405,0,0.16700067,0.10861405,0.12015940,0.15014231,0.14355622
13854,0,0.18833356,1,0.16700067,0.18833356,0.19715920,0.17596273,0.18673558
13859,0,0.21031806,1,0.16700067,0.21031806,0.21779724,0.18108902,0.19641023
13861,0,0.18833356,1,0.16700067,0.18833356,0.19715920,0.17596273,0.18673558
13867,0,0.10861405,0,0.16700067,0.10861405,0.12015940,0.15014231,0.14355622
13870,0,0.21249869,1,0.16700067,0.21249869,0.21983408,0.16025304,0.15938215
13872,1,0.46653599,1,0.16700067,0.46653599,0.45130144,0.24583626,0.34983967
13889,1,0.26975091,1,0.16700067,0.26975091,0.27278447,0.24281990,0.34152461
13896,0,0.11439636,0,0.16700067,0.11439636,0.12589628,0.17596273,0.18673558
13901,0,0.06949222,0,0.16700067,0.06949222,0.08040245,0.17820263,0.19091699
13903,0,0.25788950,1,0.16700067,0.25788950,0.26188678,0.16943457,0.17495229
13904,0,0.00693580,0,0.16700067,0.00693580,0.00999543,0.02172607,0.03385592
13905,0,0.18833356,1,0.16700067,0.18833356,0.19715920,0.17596273,0.18673558
13910,0,0.16633602,0,0.16700067,0.16633602,0.17629462,0.17115968,0.17800798
13913,0,0.06965996,0,0.16700067,0.06965996,0.08057716,0.15985132,0.15872726
13915,0,0.17168475,0,0.16700067,0.17168475,0.18138983,0.17096291,0.17765734
13920,0,0.16869385,0,0.16700067,0.16869385,0.17854253,0.17292802,0.18118349
13924,0,0.23397321,1,0.16700067,0.23397321,0.23980597,0.17384820,0.18285328
13925,0,0.36150285,1,0.16700067,0.36150285,0.35628891,0.18452578,0.20310559
13927,0,0.15126940,0,0.16700067,0.15126940,0.16185762,0.16593627,0.16888290
13930,0,0.21249869,1,0.16700067,0.21249869,0.21983408,0.16025304,0.15938215
13931,0,0.14229398,0,0.16700067,0.14229398,0.15319257,0.17371357,0.18260823
13940,0,0.18833356,1,0.16700067,0.18833356,0.19715920,0.17596273,0.18673558
13955,0,0.16633602,0,0.16700067,0.16633602,0.17629462,0.17115968,0.17800798
13963,0,0.07456850,0,0.16700067,0.07456850,0.08567074,0.16340900,0.16460342
13966,0,0.16633602,0,0.16700067,0.16633602,0.17629462,0.17115968,0.17800798
13969,0,0.18833356,1,0.16700067,0.18833356,0.19715920,0.17596273,0.18673558
13970,0,0.21651392,1,0.16700067,0.21651392,0.22358010,0.20220468,0.24021050
13976,0,0.09511317,0,0.16700067,0.09511317,0.10663951,0.17042763,0.17670623
13980,0,0.16633602,0,0.16700067,0.16633602,0.17629462,0.17115968,0.17800798
13982,0,0.10861405,0,0.16700067,0.10861405,0.12015940,0.15014231,0.14355622
13984,0,0.14611587,0,0.16700067,0.14611587,0.15688858,0.14776839,0.14003549
13999,0,0.18833356,1,0.16700067,0.18833356,0.19715920,0.17596273,0.18673558
14003,0,0.07241301,0,0.16700067,0.07241301,0.08343842,0.15400100,0.14943589
14004,1,0.18833356,1,0.16700067,0.18833356,0.19715920,0.17596273,0.18673558
14008,0,0.21249869,1,0.16700067,0.21249869,0.21983408,0.16025304,0.15938215
14010,1,0.21249869,1,0.16700067,0.21249869,0.21983408,0.16025304,0.15938215
14012,1,0.12411448,0,0.16700067,0.12411448,0.13547300,0.13100286,0.11718792
14018,0,0.10861405,0,0.16700067,0.10861405,0.12015940,0.15014231,0.14355622
14021,0,0.14065268,0,0.16700067,0.14065268,0.15160239,0.17730575,0.18923419
14022,0,0.16306502,0,0.16700067,0.16306502,0.17317117,0.15416944,0.14969703
14030,1,0.18410597,1,0.16700067,0.18410597,0.19316723,0.18384028,0.20175667
14053,0,0.20194030,1,0.16700067,0.20194030,0.20995537,0.17193663,0.17939780
14058,0,0.15981029,0,0.16700067,0.15981029,0.17005745,0.17388536,0.18292096
14059,0,0.18833356,1,0.16700067,0.18833356,0.19715920,0.17596273,0.18673558
14063,0,0.27240940,1,0.16700067,0.27240940,0.27522266,0.17262808,0.18064178
14067,0,0.16633602,0,0.16700067,0.16633602,0.17629462,0.17115968,0.17800798
14078,0,0.21249869,1,0.16700067,0.21249869,0.21983408,0.16025304,0.15938215
14080,0,0.14564094,0,0.16700067,0.14564094,0.15642981,0.16485955,0.16704892
14087,0,0.21249869,1,0.16700067,0.21249869,0.21983408,0.16025304,0.15938215
14094,0,0.25213955,1,0.16700067,0.25213955,0.25659196,0.19922751,0.23365057
14102,0,0.42693500,1,0.16700067,0.42693500,0.41545562,0.24995573,0.36134392
14129,0,0.13204546,0,0.16700067,0.13204546,0.14323285,0.16599763,0.16898790
14130,1,0.07023449,0,0.16700067,0.07023449,0.08117523,0.15480039,0.15067851
14143,0,0.06925868,0,0.16700067,0.06925868,0.08015914,0.12795311,0.11339685
14156,0,0.16561498,0,0.16700067,0.16561498,0.17560660,0.16159769,0.16159016
14158,0,0.18833356,1,0.16700067,0.18833356,0.19715920,0.17596273,0.18673558
14169,1,0.16633602,0,0.16700067,0.16633602,0.17629462,0.17115968,0.17800798
14171,0,0.10861405,0,0.16700067,0.10861405,0.12015940,0.15014231,0.14355622
14185,0,0.22009938,1,0.16700067,0.22009938,0.22692043,0.17675813,0.18821229
14189,1,0.33640154,1,0.16700067,0.33640154,0.33354478,0.17193663,0.17939780
14191,1,0.15981029,0,0.16700067,0.15981029,0.17005745,0.17388536,0.18292096
14195,0,0.25203952,1,0.16700067,0.25203952,0.25649977,0.16526621,0.16773969
14196,0,0.16633602,0,0.16700067,0.16633602,0.17629462,0.17115968,0.17800798
14201,1,0.03590926,0,0.16700067,0.03590926,0.04433424,0.13379040,0.12074871
14202,1,0.17168475,0,0.16700067,0.17168475,0.18138983,0.17096291,0.17765734
14203,0,0.04550515,0,0.16700067,0.04550515,0.05489957,0.13030711,0.11631348
14204,0,0.12411448,0,0.16700067,0.12411448,0.13547300,0.13100286,0.11718792
14206,0,0.17638305,0,0.16700067,0.17638305,0.18585341,0.17862906,0.19172110
14207,0,0.18113233,1,0.16700067,0.18113233,0.19035444,0.18008164,0.19447958
14216,0,0.12411448,0,0.16700067,0.12411448,0.13547300,0.13100286,0.11718792
14227,1,0.16633602,0,0.16700067,0.16633602,0.17629462,0.17115968,0.17800798
14229,0,0.18833356,1,0.16700067,0.18833356,0.19715920,0.17596273,0.18673558
14230,1,0.12411448,0,0.16700067,0.12411448,0.13547300,0.13100286,0.11718792
14241,0,0.12411448,0,0.16700067,0.12411448,0.13547300,0.13100286,0.11718792
14250,0,0.02975355,0,0.16700067,0.02975355,0.03740747,0.14712563,0.13909472
14259,0,0.21096067,1,0.16700067,0.21096067,0.21839766,0.18196048,0.19809204
14264,0,0.29202626,1,0.16700067,0.29202626,0.29317027,0.21421393,0.26792869
14267,0,0.15990515,0,0.16700067,0.15990515,0.17014828,0.18105950,0.19635344
14275,0,0.18833356,1,0.16700067,0.18833356,0.19715920,0.17596273,0.18673558
14290,1,0.16633602,0,0.16700067,0.16633602,0.17629462,0.17115968,0.17800798
14299,0,0.12411448,0,0.16700067,0.12411448,0.13547300,0.13100286,0.11718792
14306,0,0.36296328,1,0.16700067,0.36296328,0.35761082,0.18973099,0.21356730
14317,0,0.15032587,0,0.16700067,0.15032587,0.16094911,0.15322494,0.14823765
14318,0,0.13231855,0,0.16700067,0.13231855,0.14349920,0.15777344,0.15537466
14320,0,0.08081088,0,0.16700067,0.08081088,0.09209867,0.13924879,0.12799185
14323,0,0.18833356,1,0.16700067,0.18833356,0.19715920,0.17596273,0.18673558
14326,0,0.05266408,0,0.16700067,0.05266408,0.06263065,0.17201100,0.17953127
14327,1,0.16633602,0,0.16700067,0.16633602,0.17629462,0.17115968,0.17800798
14329,0,0.18833356,1,0.16700067,0.18833356,0.19715920,0.17596273,0.18673558
14331,0,0.06925868,0,0.16700067,0.06925868,0.08015914,0.12795311,0.11339685
14341,0,0.16633602,0,0.16700067,0.16633602,0.17629462,0.17115968,0.17800798
14342,1,0.18833356,1,0.16700067,0.18833356,0.19715920,0.17596273,0.18673558
14346,0,0.11086117,0,0.16700067,0.11086117,0.12239245,0.15777344,0.15537466
14351,0,0.33591527,1,0.16700067,0.33591527,0.33310366,0.17865881,0.19177730
14358,0,0.31917085,1,0.16700067,0.31917085,0.31789815,0.20443908,0.24521585
14363,0,0.17185063,0,0.16700067,0.17185063,0.18154762,0.17446742,0.18398365
14365,0,0.16633602,0,0.16700067,0.16633602,0.17629462,0.17115968,0.17800798
14367,0,0.10861405,0,0.16700067,0.10861405,0.12015940,0.15014231,0.14355622
14371,0,0.06553717,0,0.16700067,0.06553717,0.07627019,0.15057872,0.14421142
14387,0,0.00596985,0,0.16700067,0.00596985,0.00872246,0.03418693,0.03919109
14389,0,0.16633602,0,0.16700067,0.16633602,0.17629462,0.17115968,0.17800798
14392,0,0.15981029,0,0.16700067,0.15981029,0.17005745,0.17388536,0.18292096
14394,0,0.13880625,0,0.16700067,0.13880625,0.14981129,0.17326822,0.18179945
14396,0,0.15788747,0,0.16700067,0.15788747,0.16821512,0.18477619,0.20360000
14397,0,0.70345434,1,0.16700067,0.70345434,0.67120383,0.56330095,0.96265571
14399,0,0.10705249,0,0.16700067,0.10705249,0.11860484,0.17115968,0.17800798
14401,0,0.16891778,0,0.16700067,0.16891778,0.17875587,0.18019521,0.19469651
14415,0,0.23097563,1,0.16700067,0.23097563,0.23702704,0.18478000,0.20360754
14425,0,0.07241301,0,0.16700067,0.07241301,0.08343842,0.15400100,0.14943589
14426,1,0.06232785,0,0.16700067,0.06232785,0.07289807,0.12888301,0.11454130
14427,0,0.18833356,1,0.16700067,0.18833356,0.19715920,0.17596273,0.18673558
14434,1,0.10861405,0,0.16700067,0.10861405,0.12015940,0.15014231,0.14355622
14438,1,0.16633602,0,0.16700067,0.16633602,0.17629462,0.17115968,0.17800798
14445,0,0.27170150,1,0.16700067,0.27170150,0.27457357,0.16900062,0.17419016
14448,0,0.18833356,1,0.16700067,0.18833356,0.19715920,0.17596273,0.18673558
14465,0,0.14834604,0,0.16700067,0.14834604,0.15904095,0.18799361,0.21003238
14472,0,0.15982444,0,0.16700067,0.15982444,0.17007099,0.15777344,0.15537466
14477,0,0.16633602,0,0.16700067,0.16633602,0.17629462,0.17115968,0.17800798
14484,0,0.10861405,0,0.16700067,0.10861405,0.12015940,0.15014231,0.14355622
14486,0,0.16633602,0,0.16700067,0.16633602,0.17629462,0.17115968,0.17800798
14489,0,0.18833356,1,0.16700067,0.18833356,0.19715920,0.17596273,0.18673558
14491,0,0.25131541,1,0.16700067,0.25131541,0.25583237,0.18064658,0.19556050
14496,0,0.20546310,1,0.16700067,0.20546310,0.21325608,0.18416989,0.20240443
14498,0,0.10861405,0,0.16700067,0.10861405,0.12015940,0.15014231,0.14355622
14503,0,0.06925868,0,0.16700067,0.06925868,0.08015914,0.12795311,0.11339685
14504,1,0.18833356,1,0.16700067,0.18833356,0.19715920,0.17596273,0.18673558
14509,0,0.12941977,0,0.16700067,0.12941977,0.14066909,0.17889689,0.19222747
14510,0,0.06925868,0,0.16700067,0.06925868,0.08015914,0.12795311,0.11339685
14523,1,0.16633602,0,0.16700067,0.16633602,0.17629462,0.17115968,0.17800798
14525,0,0.06623890,0,0.16700067,0.06623890,0.07700520,0.13337351,0.12021031
14531,0,0.18833356,1,0.16700067,0.18833356,0.19715920,0.17596273,0.18673558
14532,0,0.12411448,0,0.16700067,0.12411448,0.13547300,0.13100286,0.11718792
14541,0,0.10861405,0,0.16700067,0.10861405,0.12015940,0.15014231,0.14355622
14543,0,0.15981029,0,0.16700067,0.15981029,0.17005745,0.17388536,0.18292096
14551,1,0.06020533,0,0.16700067,0.06020533,0.07065803,0.14296781,0.13313670
14555,0,0.14985855,0,0.16700067,0.14985855,0.16049892,0.15777344,0.15537466
14558,0,0.06925868,0,0.16700067,0.06925868,0.08015914,0.12795311,0.11339685
14565,0,0.18833356,1,0.16700067,0.18833356,0.19715920,0.17596273,0.18673558
14566,0,0.12981375,0,0.16700067,0.12981375,0.14105411,0.15783121,0.15546709
14567,1,0.14417299,0,0.16700067,0.14417299,0.15501088,0.16346956,0.16470492
14572,0,0.21249869,1,0.16700067,0.21249869,0.21983408,0.16025304,0.15938215
14578,0,0.16633602,0,0.16700067,0.16633602,0.17629462,0.17115968,0.17800798
14584,0,0.10407019,0,0.16700067,0.10407019,0.11562946,0.15734031,0.15468315
14596,0,0.12411448,0,0.16700067,0.12411448,0.13547300,0.13100286,0.11718792
14597,0,0.11151630,0,0.16700067,0.11151630,0.12304262,0.16302531,0.16396137
14598,0,0.18627127,1,0.16700067,0.18627127,0.19521286,0.17601028,0.18682362
14605,0,0.12411448,0,0.16700067,0.12411448,0.13547300,0.13100286,0.11718792
14613,0,0.21249869,1,0.16700067,0.21249869,0.21983408,0.16025304,0.15938215
14619,0,0.06925868,0,0.16700067,0.06925868,0.08015914,0.12795311,0.11339685
14620,0,0.18833356,1,0.16700067,0.18833356,0.19715920,0.17596273,0.18673558
14626,0,0.10861405,0,0.16700067,0.10861405,0.12015940,0.15014231,0.14355622
14630,0,0.10861405,0,0.16700067,0.10861405,0.12015940,0.15014231,0.14355622
14634,1,0.18833356,1,0.16700067,0.18833356,0.19715920,0.17596273,0.18673558
14640,0,0.16633602,0,0.16700067,0.16633602,0.17629462,0.17115968,0.17800798
14645,0,0.18833356,1,0.16700067,0.18833356,0.19715920,0.17596273,0.18673558
14648,0,0.16955019,0,0.16700067,0.16955019,0.17935823,0.17445030,0.18395231
14674,0,0.02367715,0,0.16700067,0.02367715,0.03042615,0.12551763,0.11044658
14676,0,0.18833356,1,0.16700067,0.18833356,0.19715920,0.17596273,0.18673558
14682,0,0.14706288,0,0.16700067,0.14706288,0.15780294,0.15481026,0.15069391
14684,0,0.14073785,0,0.16700067,0.14073785,0.15168495,0.13842025,0.12686901
14689,0,0.24703640,1,0.16700067,0.24703640,0.25188569,0.17445030,0.18395231
14698,0,0.12088146,0,0.16700067,0.12088146,0.13229569,0.18246549,0.19907159
14702,0,0.16094184,0,0.16700067,0.16094184,0.17114064,0.15759112,0.15508326
14703,0,0.09061305,0,0.16700067,0.09061305,0.10209038,0.15995463,0.15889547
14704,0,0.08040416,0,0.16700067,0.08040416,0.09168147,0.15115458,0.14507978
14705,0,0.12411448,0,0.16700067,0.12411448,0.13547300,0.13100286,0.11718792
14712,0,0.21249869,1,0.16700067,0.21249869,0.21983408,0.16025304,0.15938215
14719,0,0.10407019,0,0.16700067,0.10407019,0.11562946,0.15734031,0.15468315
14735,1,0.19220847,1,0.16700067,0.19220847,0.20081120,0.14018068,0.12926486
14741,0,0.16633602,0,0.16700067,0.16633602,0.17629462,0.17115968,0.17800798
14744,0,0.19900568,1,0.16700067,0.19900568,0.20720203,0.17919957,0.19280094
14748,0,0.20749071,1,0.16700067,0.20749071,0.21515371,0.17540224,0.18570037
14756,0,0.18833356,1,0.16700067,0.18833356,0.19715920,0.17596273,0.18673558
14757,0,0.06232785,0,0.16700067,0.06232785,0.07289807,0.12888301,0.11454130
14758,0,0.10861405,0,0.16700067,0.10861405,0.12015940,0.15014231,0.14355622
14761,0,0.15720584,0,0.16700067,0.15720584,0.16756151,0.16495495,0.16721077
14766,0,0.10861405,0,0.16700067,0.10861405,0.12015940,0.15014231,0.14355622
14768,0,0.12411448,0,0.16700067,0.12411448,0.13547300,0.13100286,0.11718792
14771,0,0.10861405,0,0.16700067,0.10861405,0.12015940,0.15014231,0.14355622
14774,1,0.13829163,0,0.16700067,0.13829163,0.14931168,0.17722938,0.18909141
14781,0,0.18599105,1,0.16700067,0.18599105,0.19494824,0.19034544,0.21482781
14800,0,0.25890721,1,0.16700067,0.25890721,0.26282309,0.18896926,0.21201216
14802,0,0.18833356,1,0.16700067,0.18833356,0.19715920,0.17596273,0.18673558
14812,0,0.15126940,0,0.16700067,0.15126940,0.16185762,0.16593627,0.16888290
14816,0,0.12411448,0,0.16700067,0.12411448,0.13547300,0.13100286,0.11718792
14820,0,0.09304334,0,0.16700067,0.09304334,0.10454996,0.16408156,0.16573369
14831,0,0.01066984,0,0.16700067,0.01066984,0.01477753,0.03175734,0.03809114
14838,0,0.13468462,0,0.16700067,0.13468462,0.14580469,0.15400711,0.14944536
14845,0,0.09816023,0,0.16700067,0.09816023,0.10970713,0.14869861,0.14140639
14850,1,0.15754662,0,0.16700067,0.15754662,0.16788832,0.18007474,0.19446641
14871,0,0.10861405,0,0.16700067,0.10861405,0.12015940,0.15014231,0.14355622
14873,0,0.16633602,0,0.16700067,0.16633602,0.17629462,0.17115968,0.17800798
14876,0,0.07839670,0,0.16700067,0.07839670,0.08961906,0.12402461,0.10867140
14878,0,0.16633602,0,0.16700067,0.16633602,0.17629462,0.17115968,0.17800798
14881,0,0.15126940,0,0.16700067,0.15126940,0.16185762,0.16593627,0.16888290
14883,0,0.13930536,0,0.16700067,0.13930536,0.15029568,0.16919883,0.17453796
14889,1,0.35966314,1,0.16700067,0.35966314,0.35462352,0.24882192,0.35816102
14896,0,0.10196023,0,0.16700067,0.10196023,0.11351914,0.13207254,0.11854344
14900,0,0.29162271,1,0.16700067,0.29162271,0.29280178,0.16038549,0.15959856
14901,0,0.84545029,1,0.16700067,0.84545029,0.81378926,0.74259677,0.99565672
14904,0,0.10861405,0,0.16700067,0.10861405,0.12015940,0.15014231,0.14355622
14907,0,0.38167134,1,0.16700067,0.38167134,0.37453515,0.27281230,0.42776884
14909,0,0.10861405,0,0.16700067,0.10861405,0.12015940,0.15014231,0.14355622
14916,0,0.10407019,0,0.16700067,0.10407019,0.11562946,0.15734031,0.15468315
14920,1,0.19256501,1,0.16700067,0.19256501,0.20114691,0.18525042,0.20453881
14926,0,0.24288032,1,0.16700067,0.24288032,0.24804770,0.18438099,0.20282010
14933,0,0.17168475,0,0.16700067,0.17168475,0.18138983,0.17096291,0.17765734
14935,1,0.35282622,1,0.16700067,0.35282622,0.34843249,0.21308358,0.26523516
14946,0,0.21258767,1,0.16700067,0.21258767,0.21991716,0.17445030,0.18395231
14947,1,0.16094184,0,0.16700067,0.16094184,0.17114064,0.15759112,0.15508326
14948,0,0.15126940,0,0.16700067,0.15126940,0.16185762,0.16593627,0.16888290
14952,0,0.21249869,1,0.16700067,0.21249869,0.21983408,0.16025304,0.15938215
14953,0,0.14468321,0,0.16700067,0.14468321,0.15550422,0.17331873,0.18189103
14960,1,0.21249869,1,0.16700067,0.21249869,0.21983408,0.16025304,0.15938215
14967,0,0.10861405,0,0.16700067,0.10861405,0.12015940,0.15014231,0.14355622
14982,0,0.04058317,0,0.16700067,0.04058317,0.04951225,0.15120107,0.14515007
14984,0,0.21249869,1,0.16700067,0.21249869,0.21983408,0.16025304,0.15938215
14986,0,0.11679126,0,0.16700067,0.11679126,0.12826369,0.18114711,0.19652198
14989,0,0.15676798,0,0.16700067,0.15676798,0.16714151,0.17844460,0.19137295
14991,1,0.26843024,1,0.16700067,0.26843024,0.27157268,0.28176001,0.45464865
14997,1,0.31268942,1,0.16700067,0.31268942,0.31200342,0.18111624,0.19646260
14998,1,0.31147487,1,0.16700067,0.31147487,0.31089819,0.19422976,0.22292107
14999,1,0.06925868,0,0.16700067,0.06925868,0.08015914,0.12795311,0.11339685
15002,0,0.00596985,0,0.16700067,0.00596985,0.00872246,0.03418693,0.03919109
15005,0,0.18833356,1,0.16700067,0.18833356,0.19715920,0.17596273,0.18673558
15008,1,0.18113233,1,0.16700067,0.18113233,0.19035444,0.18008164,0.19447958
15015,0,0.18833356,1,0.16700067,0.18833356,0.19715920,0.17596273,0.18673558
15018,0,0.18833356,1,0.16700067,0.18833356,0.19715920,0.17596273,0.18673558
15020,0,0.14403041,0,0.16700067,0.14403041,0.15487299,0.16425216,0.16602139
15026,0,0.08745040,0,0.16700067,0.08745040,0.09887939,0.13830830,0.12671795
15028,0,0.15015608,0,0.16700067,0.15015608,0.16078556,0.17445030,0.18395231
15034,0,0.16533277,0,0.16700067,0.16533277,0.17533724,0.14607817,0.13757301
15038,0,0.07774085,0,0.16700067,0.07774085,0.08894408,0.12978015,0.11565496
15042,0,0.15126940,0,0.16700067,0.15126940,0.16185762,0.16593627,0.16888290
15052,0,0.09489683,0,0.16700067,0.09489683,0.10642133,0.15427662,0.14986338
15062,1,0.21249869,1,0.16700067,0.21249869,0.21983408,0.16025304,0.15938215
15063,0,0.18833356,1,0.16700067,0.18833356,0.19715920,0.17596273,0.18673558
15073,0,0.10861405,0,0.16700067,0.10861405,0.12015940,0.15014231,0.14355622
15077,0,0.16633602,0,0.16700067,0.16633602,0.17629462,0.17115968,0.17800798
15079,0,0.22504396,1,0.16700067,0.22504396,0.23151985,0.18064658,0.19556050
15094,0,0.18833356,1,0.16700067,0.18833356,0.19715920,0.17596273,0.18673558
15097,0,0.09816023,0,0.16700067,0.09816023,0.10970713,0.14869861,0.14140639
15103,1,0.13030702,0,0.16700067,0.13030702,0.14153598,0.16986602,0.17571262
15104,0,0.18833356,1,0.16700067,0.18833356,0.19715920,0.17596273,0.18673558
15105,0,0.16633602,0,0.16700067,0.16633602,0.17629462,0.17115968,0.17800798
15109,0,0.40359964,1,0.16700067,0.40359964,0.39435953,0.29778503,0.50335183
15111,1,0.10861405,0,0.16700067,0.10861405,0.12015940,0.15014231,0.14355622
15112,1,0.58768008,1,0.16700067,0.58768008,0.56206689,0.31767846,0.56362047
15115,0,0.13212952,0,0.16700067,0.13212952,0.14331484,0.17835538,0.19120472
15118,1,0.18833356,1,0.16700067,0.18833356,0.19715920,0.17596273,0.18673558
15119,0,0.10861405,0,0.16700067,0.10861405,0.12015940,0.15014231,0.14355622
15122,0,0.16633602,0,0.16700067,0.16633602,0.17629462,0.17115968,0.17800798
15125,0,0.13653640,0,0.16700067,0.13653640,0.14760625,0.17825414,0.19101399
15131,0,0.15126940,0,0.16700067,0.15126940,0.16185762,0.16593627,0.16888290
15133,0,0.31840565,1,0.16700067,0.31840565,0.31720250,0.17985987,0.19405650
15134,0,0.17045135,0,0.16700067,0.17045135,0.18021621,0.18064658,0.19556050
15140,0,0.21249869,1,0.16700067,0.21249869,0.21983408,0.16025304,0.15938215
15142,0,0.16968748,0,0.16700067,0.16968748,0.17948897,0.17115968,0.17800798
15143,0,0.21620878,1,0.16700067,0.21620878,0.22329563,0.17818471,0.19088325
15151,0,0.04550515,0,0.16700067,0.04550515,0.05489957,0.13030711,0.11631348
15153,0,0.16598121,0,0.16700067,0.16598121,0.17595610,0.17893897,0.19230711
15154,0,0.15126940,0,0.16700067,0.15126940,0.16185762,0.16593627,0.16888290
15159,0,0.16676620,0,0.16700067,0.16676620,0.17670496,0.17953942,0.19344638
15163,1,0.12126578,0,0.16700067,0.12126578,0.13267384,0.18564361,0.20531962
15171,0,0.27373707,1,0.16700067,0.27373707,0.27643975,0.17983779,0.19401440
15172,0,0.16633602,0,0.16700067,0.16633602,0.17629462,0.17115968,0.17800798
15183,0,0.21249869,1,0.16700067,0.21249869,0.21983408,0.16025304,0.15938215
15184,0,0.12411448,0,0.16700067,0.12411448,0.13547300,0.13100286,0.11718792
15189,0,0.13577651,0,0.16700067,0.13577651,0.14686726,0.15951049,0.15817334
15190,0,0.01977610,0,0.16700067,0.01977610,0.02585138,0.11714283,0.10080974
15205,0,0.10861405,0,0.16700067,0.10861405,0.12015940,0.15014231,0.14355622
15212,1,0.18833356,1,0.16700067,0.18833356,0.19715920,0.17596273,0.18673558
15213,0,0.15032587,0,0.16700067,0.15032587,0.16094911,0.15322494,0.14823765
15218,1,0.17168475,0,0.16700067,0.17168475,0.18138983,0.17096291,0.17765734
15219,0,0.15126940,0,0.16700067,0.15126940,0.16185762,0.16593627,0.16888290
15221,0,0.10026187,0,0.16700067,0.10026187,0.11181725,0.13648591,0.12428034
15229,0,0.12466525,0,0.16700067,0.12466525,0.13601345,0.16265633,0.16334584
15231,0,0.21249869,1,0.16700067,0.21249869,0.21983408,0.16025304,0.15938215
15242,0,0.09784132,0,0.16700067,0.09784132,0.10938653,0.13730129,0.12536597
15245,0,0.21249869,1,0.16700067,0.21249869,0.21983408,0.16025304,0.15938215
15250,0,0.06925868,0,0.16700067,0.06925868,0.08015914,0.12795311,0.11339685
15263,0,0.10861405,0,0.16700067,0.10861405,0.12015940,0.15014231,0.14355622
15277,0,0.32568381,1,0.16700067,0.32568381,0.32381627,0.24678257,0.35246752
15279,0,0.10861405,0,0.16700067,0.10861405,0.12015940,0.15014231,0.14355622
15282,0,0.36885604,1,0.16700067,0.36885604,0.36294345,0.41541128,0.80954192
15284,1,0.18833356,1,0.16700067,0.18833356,0.19715920,0.17596273,0.18673558
15292,0,0.46503920,1,0.16700067,0.46503920,0.44994482,0.22687500,0.29925585
15293,0,0.15991753,0,0.16700067,0.15991753,0.17016013,0.18125581,0.19673127
15307,0,0.27600690,1,0.16700067,0.27600690,0.27851967,0.18614180,0.20631210
15312,0,0.16633602,0,0.16700067,0.16633602,0.17629462,0.17115968,0.17800798
15317,1,0.21249869,1,0.16700067,0.21249869,0.21983408,0.16025304,0.15938215
15319,0,0.18833356,1,0.16700067,0.18833356,0.19715920,0.17596273,0.18673558
15321,0,0.06925868,0,0.16700067,0.06925868,0.08015914,0.12795311,0.11339685
15323,0,0.10861405,0,0.16700067,0.10861405,0.12015940,0.15014231,0.14355622
15324,0,0.10861405,0,0.16700067,0.10861405,0.12015940,0.15014231,0.14355622
15326,0,0.06925868,0,0.16700067,0.06925868,0.08015914,0.12795311,0.11339685
15327,0,0.24703640,1,0.16700067,0.24703640,0.25188569,0.17445030,0.18395231
15344,0,0.16633602,0,0.16700067,0.16633602,0.17629462,0.17115968,0.17800798
15345,0,0.06623890,0,0.16700067,0.06623890,0.07700520,0.13337351,0.12021031
15350,0,0.05895590,0,0.16700067,0.05895590,0.06933561,0.14873651,0.14146249
15352,1,0.13982969,0,0.16700067,0.13982969,0.15080435,0.17086035,0.17747480
15389,0,0.15126940,0,0.16700067,0.15126940,0.16185762,0.16593627,0.16888290
15393,0,0.16633602,0,0.16700067,0.16633602,0.17629462,0.17115968,0.17800798
15396,0,0.10901970,0,0.16700067,0.10901970,0.12056286,0.13407955,0.12112337
15401,0,0.18884812,1,0.16700067,0.18884812,0.19764453,0.14567590,0.13699233
15407,0,0.21249869,1,0.16700067,0.21249869,0.21983408,0.16025304,0.15938215
15411,0,0.10861405,0,0.16700067,0.10861405,0.12015940,0.15014231,0.14355622
15417,0,0.09372979,0,0.16700067,0.09372979,0.10524347,0.17596273,0.18673558
15419,0,0.18893802,1,0.16700067,0.18893802,0.19772931,0.18564361,0.20531962
15436,0,0.16633602,0,0.16700067,0.16633602,0.17629462,0.17115968,0.17800798
15439,0,0.10861405,0,0.16700067,0.10861405,0.12015940,0.15014231,0.14355622
15441,1,0.21249869,1,0.16700067,0.21249869,0.21983408,0.16025304,0.15938215
15444,0,0.21249869,1,0.16700067,0.21249869,0.21983408,0.16025304,0.15938215
15445,1,0.12411448,0,0.16700067,0.12411448,0.13547300,0.13100286,0.11718792
15447,0,0.10861405,0,0.16700067,0.10861405,0.12015940,0.15014231,0.14355622
15449,0,0.19076180,1,0.16700067,0.19076180,0.19944851,0.17985987,0.19405650
15465,0,0.31840565,1,0.16700067,0.31840565,0.31720250,0.17985987,0.19405650
15470,0,0.01738788,0,0.16700067,0.01738788,0.02300740,0.06624436,0.05686067
15476,0,0.18833356,1,0.16700067,0.18833356,0.19715920,0.17596273,0.18673558
15480,0,0.19440548,1,0.16700067,0.19440548,0.20287896,0.17892774,0.19228585
15486,0,0.15126940,0,0.16700067,0.15126940,0.16185762,0.16593627,0.16888290
15488,0,0.29436698,1,0.16700067,0.29436698,0.29530709,0.19289927,0.22012466
15490,0,0.29259974,1,0.16700067,0.29259974,0.29369388,0.19684176,0.22848438
15494,0,0.10443805,0,0.16700067,0.10443805,0.11599693,0.17821626,0.19094265
15495,0,0.14380932,0,0.16700067,0.14380932,0.15465914,0.16198586,0.16223214
15497,0,0.13231855,0,0.16700067,0.13231855,0.14349920,0.15777344,0.15537466
15499,1,0.17168475,0,0.16700067,0.17168475,0.18138983,0.17096291,0.17765734
15500,0,0.16719777,0,0.16700067,0.16719777,0.17711654,0.14805703,0.14045967
15504,0,0.12412336,0,0.16700067,0.12412336,0.13548172,0.18628500,0.20659804
15505,0,0.15981029,0,0.16700067,0.15981029,0.17005745,0.17388536,0.18292096
15506,0,0.08040416,0,0.16700067,0.08040416,0.09168147,0.15115458,0.14507978
15517,0,0.12411448,0,0.16700067,0.12411448,0.13547300,0.13100286,0.11718792
15518,0,0.11014140,0,0.16700067,0.11014140,0.12167770,0.15454247,0.15027666
15522,1,0.12411448,0,0.16700067,0.12411448,0.13547300,0.13100286,0.11718792
15524,0,0.06722761,0,0.16700067,0.06722761,0.07803944,0.13632716,0.12406991
15527,0,0.03967474,0,0.16700067,0.03967474,0.04851083,0.13233575,0.11887904
15528,0,0.23894869,1,0.16700067,0.23894869,0.24441258,0.18064658,0.19556050
15533,0,0.10407019,0,0.16700067,0.10407019,0.11562946,0.15734031,0.15468315
15534,0,0.18833356,1,0.16700067,0.18833356,0.19715920,0.17596273,0.18673558
15540,0,0.06925868,0,0.16700067,0.06925868,0.08015914,0.12795311,0.11339685
15545,0,0.17544814,0,0.16700067,0.17544814,0.18496608,0.17170939,0.17899043
15547,1,0.10861405,0,0.16700067,0.10861405,0.12015940,0.15014231,0.14355622
15550,0,0.10861405,0,0.16700067,0.10861405,0.12015940,0.15014231,0.14355622
15551,0,0.18833356,1,0.16700067,0.18833356,0.19715920,0.17596273,0.18673558
15553,0,0.18833356,1,0.16700067,0.18833356,0.19715920,0.17596273,0.18673558
15554,0,0.06925868,0,0.16700067,0.06925868,0.08015914,0.12795311,0.11339685
15565,0,0.08296016,0,0.16700067,0.08296016,0.09429975,0.14985997,0.14313365
15566,0,0.06925868,0,0.16700067,0.06925868,0.08015914,0.12795311,0.11339685
15573,0,0.21327989,1,0.16700067,0.21327989,0.22056336,0.19496135,0.22446949
15579,0,0.22319555,1,0.16700067,0.22319555,0.22980141,0.17664096,0.18799419
15584,0,0.21322272,1,0.16700067,0.21322272,0.22051000,0.17445030,0.18395231
15606,0,0.15126940,0,0.16700067,0.15126940,0.16185762,0.16593627,0.16888290
15609,0,0.15126940,0,0.16700067,0.15126940,0.16185762,0.16593627,0.16888290
15613,0,0.06925868,0,0.16700067,0.06925868,0.08015914,0.12795311,0.11339685
15615,0,0.16633602,0,0.16700067,0.16633602,0.17629462,0.17115968,0.17800798
15617,0,0.16252152,0,0.16700067,0.16252152,0.17265163,0.16484600,0.16702594
15618,0,0.15126940,0,0.16700067,0.15126940,0.16185762,0.16593627,0.16888290
15619,0,0.10599290,0,0.16700067,0.10599290,0.11754868,0.17554140,0.18595698
15626,1,0.14556411,0,0.16700067,0.14556411,0.15635558,0.13363939,0.12055344
15628,1,0.21249869,1,0.16700067,0.21249869,0.21983408,0.16025304,0.15938215
15633,0,0.18833356,1,0.16700067,0.18833356,0.19715920,0.17596273,0.18673558
15656,0,0.13204546,0,0.16700067,0.13204546,0.14323285,0.16599763,0.16898790
15664,1,0.24228642,1,0.16700067,0.24228642,0.24749888,0.17693215,0.18853655
15673,0,0.21249869,1,0.16700067,0.21249869,0.21983408,0.16025304,0.15938215
15676,0,0.22324560,1,0.16700067,0.22324560,0.22984796,0.17065759,0.17711435
15688,0,0.10861405,0,0.16700067,0.10861405,0.12015940,0.15014231,0.14355622
15694,0,0.29210509,1,0.16700067,0.29210509,0.29324224,0.16881126,0.17385843
15695,0,0.12411448,0,0.16700067,0.12411448,0.13547300,0.13100286,0.11718792
15700,0,0.21651392,1,0.16700067,0.21651392,0.22358010,0.20220468,0.24021050
15706,0,0.26999314,1,0.16700067,0.26999314,0.27300670,0.18133846,0.19689051
15709,0,0.15981029,0,0.16700067,0.15981029,0.17005745,0.17388536,0.18292096
15718,0,0.16633602,0,0.16700067,0.16633602,0.17629462,0.17115968,0.17800798
15719,0,0.18833356,1,0.16700067,0.18833356,0.19715920,0.17596273,0.18673558
15726,0,0.14683204,0,0.16700067,0.14683204,0.15758011,0.17042088,0.17669426
15742,0,0.36150285,1,0.16700067,0.36150285,0.35628891,0.18452578,0.20310559
15743,0,0.18833356,1,0.16700067,0.18833356,0.19715920,0.17596273,0.18673558
15745,0,0.10861405,0,0.16700067,0.10861405,0.12015940,0.15014231,0.14355622
15748,0,0.07453338,0,0.16700067,0.07453338,0.08563442,0.12478161,0.10956832
15756,0,0.23397321,1,0.16700067,0.23397321,0.23980597,0.17384820,0.18285328
15757,1,0.43258511,1,0.16700067,0.43258511,0.42056531,0.23727592,0.32649571
15759,0,0.22997291,1,0.16700067,0.22997291,0.23609685,0.22796083,0.30203842
15760,0,0.10407019,0,0.16700067,0.10407019,0.11562946,0.15734031,0.15468315
15766,0,0.24266780,1,0.16700067,0.24266780,0.24785133,0.18535884,0.20475390
15767,0,0.17168475,0,0.16700067,0.17168475,0.18138983,0.17096291,0.17765734
15769,0,0.16633602,0,0.16700067,0.16633602,0.17629462,0.17115968,0.17800798
15776,1,0.10861405,0,0.16700067,0.10861405,0.12015940,0.15014231,0.14355622
15780,1,0.10861405,0,0.16700067,0.10861405,0.12015940,0.15014231,0.14355622
15791,0,0.23901620,1,0.16700067,0.23901620,0.24447504,0.17799751,0.19053112
15794,0,0.18833356,1,0.16700067,0.18833356,0.19715920,0.17596273,0.18673558
15795,0,0.16633602,0,0.16700067,0.16633602,0.17629462,0.17115968,0.17800798
15799,0,0.12411448,0,0.16700067,0.12411448,0.13547300,0.13100286,0.11718792
15801,0,0.10138588,0,0.16700067,0.10138588,0.11294392,0.16008878,0.15911410
15803,0,0.18833356,1,0.16700067,0.18833356,0.19715920,0.17596273,0.18673558
15804,1,0.26821130,1,0.16700067,0.26821130,0.27137175,0.16905418,0.17428409
15814,0,0.09340744,0,0.16700067,0.09340744,0.10491787,0.14954472,0.14266306
15815,0,0.10861405,0,0.16700067,0.10861405,0.12015940,0.15014231,0.14355622
15816,0,0.06925868,0,0.16700067,0.06925868,0.08015914,0.12795311,0.11339685
15838,1,0.10861405,0,0.16700067,0.10861405,0.12015940,0.15014231,0.14355622
15840,0,0.17611863,0,0.16700067,0.17611863,0.18560248,0.16077901,0.16024290
15851,0,0.16633602,0,0.16700067,0.16633602,0.17629462,0.17115968,0.17800798
15856,0,0.18833356,1,0.16700067,0.18833356,0.19715920,0.17596273,0.18673558
15857,0,0.16633602,0,0.16700067,0.16633602,0.17629462,0.17115968,0.17800798
15860,0,0.19981418,1,0.16700067,0.19981418,0.20796092,0.17445030,0.18395231
15861,0,0.70345434,1,0.16700067,0.70345434,0.67120383,0.56330095,0.96265571
15871,1,0.26978290,1,0.16700067,0.26978290,0.27281383,0.19016498,0.21445705
15883,0,0.16633602,0,0.16700067,0.16633602,0.17629462,0.17115968,0.17800798
15893,0,0.18833356,1,0.16700067,0.18833356,0.19715920,0.17596273,0.18673558
15904,0,0.24477253,1,0.16700067,0.24477253,0.24979567,0.18959902,0.21329727
15908,0,0.16302503,0,0.16700067,0.16302503,0.17313295,0.16025304,0.15938215
15916,0,0.16577277,0,0.16700067,0.16577277,0.17575719,0.16552425,0.16817922
15920,0,0.12158563,0,0.16700067,0.12158563,0.13298845,0.17193663,0.17939780
15922,0,0.10861405,0,0.16700067,0.10861405,0.12015940,0.15014231,0.14355622
15923,1,0.18833356,1,0.16700067,0.18833356,0.19715920,0.17596273,0.18673558
15924,0,0.13891212,0,0.16700067,0.13891212,0.14991405,0.12898681,0.11466968
15926,1,0.10861405,0,0.16700067,0.10861405,0.12015940,0.15014231,0.14355622
15936,1,0.09816023,0,0.16700067,0.09816023,0.10970713,0.14869861,0.14140639
15944,0,0.15308964,0,0.16700067,0.15308964,0.16360879,0.16203155,0.16230783
15948,0,0.20433624,1,0.16700067,0.20433624,0.21220079,0.21627841,0.27289274
15951,0,0.24288032,1,0.16700067,0.24288032,0.24804770,0.18438099,0.20282010
15963,0,0.13826613,0,0.16700067,0.13826613,0.14928692,0.16661587,0.17004869
15968,0,0.11118335,0,0.16700067,0.11118335,0.12271225,0.16674937,0.17027845
15971,0,0.04058317,0,0.16700067,0.04058317,0.04951225,0.15120107,0.14515007
15976,0,0.18833356,1,0.16700067,0.18833356,0.19715920,0.17596273,0.18673558
15977,0,0.21249869,1,0.16700067,0.21249869,0.21983408,0.16025304,0.15938215
15983,0,0.16633602,0,0.16700067,0.16633602,0.17629462,0.17115968,0.17800798
15999,0,0.10861405,0,0.16700067,0.10861405,0.12015940,0.15014231,0.14355622
16000,0,0.24109786,1,0.16700067,0.24109786,0.24640022,0.18508602,0.20421300
16004,0,0.37357405,1,0.16700067,0.37357405,0.36721176,0.18273927,0.19960417
16007,0,0.19440739,1,0.16700067,0.19440739,0.20288076,0.18017737,0.19466242
16009,0,0.16633602,0,0.16700067,0.16633602,0.17629462,0.17115968,0.17800798
16021,0,0.18833356,1,0.16700067,0.18833356,0.19715920,0.17596273,0.18673558
16022,0,0.18833356,1,0.16700067,0.18833356,0.19715920,0.17596273,0.18673558
16034,0,0.11838568,0,0.16700067,0.11838568,0.12983709,0.18246549,0.19907159
16051,0,0.08165988,0,0.16700067,0.08165988,0.09296885,0.17491585,0.18480561
16052,1,0.21249869,1,0.16700067,0.21249869,0.21983408,0.16025304,0.15938215
16054,0,0.03745053,0,0.16700067,0.03745053,0.04604893,0.15061200,0.14426148
16062,0,0.06232785,0,0.16700067,0.06232785,0.07289807,0.12888301,0.11454130
16065,0,0.15126940,0,0.16700067,0.15126940,0.16185762,0.16593627,0.16888290
16082,0,0.18113233,1,0.16700067,0.18113233,0.19035444,0.18008164,0.19447958
16083,0,0.10861405,0,0.16700067,0.10861405,0.12015940,0.15014231,0.14355622
16092,0,0.12411448,0,0.16700067,0.12411448,0.13547300,0.13100286,0.11718792
16095,0,0.18833356,1,0.16700067,0.18833356,0.19715920,0.17596273,0.18673558
16101,0,0.32001661,1,0.16700067,0.32001661,0.31866696,0.18925438,0.21259329
16102,0,0.07532232,0,0.16700067,0.07532232,0.08644984,0.17019120,0.17628739
16103,0,0.57181062,1,0.16700067,0.57181062,0.54740997,0.43475016,0.84326684
16106,0,0.12411448,0,0.16700067,0.12411448,0.13547300,0.13100286,0.11718792
16110,1,0.19626419,1,0.16700067,0.19626419,0.20462675,0.23481699,0.31994014
16116,0,0.15981029,0,0.16700067,0.15981029,0.17005745,0.17388536,0.18292096
16121,0,0.18833356,1,0.16700067,0.18833356,0.19715920,0.17596273,0.18673558
16123,0,0.16633602,0,0.16700067,0.16633602,0.17629462,0.17115968,0.17800798
16124,1,0.28589334,1,0.16700067,0.28589334,0.28756704,0.20677963,0.25053401
16126,0,0.25886716,1,0.16700067,0.25886716,0.26278625,0.17120006,0.17808000
16130,1,0.16891778,0,0.16700067,0.16891778,0.17875587,0.18019521,0.19469651
16135,0,0.10861405,0,0.16700067,0.10861405,0.12015940,0.15014231,0.14355622
16138,0,0.16633602,0,0.16700067,0.16633602,0.17629462,0.17115968,0.17800798
16163,0,0.04990510,0,0.16700067,0.04990510,0.05966485,0.12782760,0.11324313
16166,0,0.06925868,0,0.16700067,0.06925868,0.08015914,0.12795311,0.11339685
16183,0,0.10861405,0,0.16700067,0.10861405,0.12015940,0.15014231,0.14355622
16189,0,0.16633602,0,0.16700067,0.16633602,0.17629462,0.17115968,0.17800798
16200,0,0.10861405,0,0.16700067,0.10861405,0.12015940,0.15014231,0.14355622
16214,0,0.22997291,1,0.16700067,0.22997291,0.23609685,0.22796083,0.30203842
16216,0,0.10861405,0,0.16700067,0.10861405,0.12015940,0.15014231,0.14355622
16217,0,0.18833356,1,0.16700067,0.18833356,0.19715920,0.17596273,0.18673558
16223,0,0.19440739,1,0.16700067,0.19440739,0.20288076,0.18017737,0.19466242
16227,0,0.12411448,0,0.16700067,0.12411448,0.13547300,0.13100286,0.11718792
16228,0,0.15126940,0,0.16700067,0.15126940,0.16185762,0.16593627,0.16888290
16241,0,0.11816957,0,0.16700067,0.11816957,0.12962396,0.18038405,0.19505764
16246,0,0.16633602,0,0.16700067,0.16633602,0.17629462,0.17115968,0.17800798
16256,0,0.15981029,0,0.16700067,0.15981029,0.17005745,0.17388536,0.18292096
16259,1,0.20433624,1,0.16700067,0.20433624,0.21220079,0.21627841,0.27289274
16270,0,0.26821130,1,0.16700067,0.26821130,0.27137175,0.16905418,0.17428409
16275,0,0.18833356,1,0.16700067,0.18833356,0.19715920,0.17596273,0.18673558
16280,0,0.33269616,1,0.16700067,0.33269616,0.33018276,0.19737533,0.22963278
16286,1,0.28589334,1,0.16700067,0.28589334,0.28756704,0.20677963,0.25053401
16293,0,0.15720584,0,0.16700067,0.15720584,0.16756151,0.16495495,0.16721077
16321,0,0.01046887,0,0.16700067,0.01046887,0.01452480,0.03105388,0.03777824
16328,0,0.54730217,1,0.16700067,0.54730217,0.52487888,0.27142040,0.42362141
16332,0,0.10658595,0,0.16700067,0.10658595,0.11813995,0.16712994,0.17093478
16333,0,0.10861405,0,0.16700067,0.10861405,0.12015940,0.15014231,0.14355622
16339,1,0.16633602,0,0.16700067,0.16633602,0.17629462,0.17115968,0.17800798
16340,0,0.16633602,0,0.16700067,0.16633602,0.17629462,0.17115968,0.17800798
16345,1,0.38167134,1,0.16700067,0.38167134,0.37453515,0.27281230,0.42776884
16351,0,0.16274431,0,0.16700067,0.16274431,0.17286462,0.18635979,0.20674750
16354,0,0.10861405,0,0.16700067,0.10861405,0.12015940,0.15014231,0.14355622
16359,0,0.12411448,0,0.16700067,0.12411448,0.13547300,0.13100286,0.11718792
16374,0,0.06232785,0,0.16700067,0.06232785,0.07289807,0.12888301,0.11454130
16379,1,0.18833356,1,0.16700067,0.18833356,0.19715920,0.17596273,0.18673558
16382,0,0.18113233,1,0.16700067,0.18113233,0.19035444,0.18008164,0.19447958
16390,0,0.11235682,0,0.16700067,0.11235682,0.12387620,0.13473599,0.12197765
16399,0,0.21249869,1,0.16700067,0.21249869,0.21983408,0.16025304,0.15938215
16414,0,0.10861405,0,0.16700067,0.10861405,0.12015940,0.15014231,0.14355622
16422,0,0.21249869,1,0.16700067,0.21249869,0.21983408,0.16025304,0.15938215
16423,1,0.18833356,1,0.16700067,0.18833356,0.19715920,0.17596273,0.18673558
16426,0,0.16633602,0,0.16700067,0.16633602,0.17629462,0.17115968,0.17800798
16428,0,0.10861405,0,0.16700067,0.10861405,0.12015940,0.15014231,0.14355622
16430,0,0.22139890,1,0.16700067,0.22139890,0.22813002,0.18406010,0.20218851
16434,0,0.10861405,0,0.16700067,0.10861405,0.12015940,0.15014231,0.14355622
16437,0,0.10861405,0,0.16700067,0.10861405,0.12015940,0.15014231,0.14355622
16443,0,0.10861405,0,0.16700067,0.10861405,0.12015940,0.15014231,0.14355622
16444,0,0.11923949,0,0.16700067,0.11923949,0.13067877,0.14954472,0.14266306
16448,0,0.10861405,0,0.16700067,0.10861405,0.12015940,0.15014231,0.14355622
16450,0,0.10861405,0,0.16700067,0.10861405,0.12015940,0.15014231,0.14355622
16451,0,0.20462007,1,0.16700067,0.20462007,0.21246663,0.17445030,0.18395231
16462,0,0.10861405,0,0.16700067,0.10861405,0.12015940,0.15014231,0.14355622
16466,0,0.10861405,0,0.16700067,0.10861405,0.12015940,0.15014231,0.14355622
16477,0,0.16633602,0,0.16700067,0.16633602,0.17629462,0.17115968,0.17800798
16482,0,0.07546523,0,0.16700067,0.07546523,0.08659745,0.15777344,0.15537466
16486,0,0.26616262,1,0.16700067,0.26616262,0.26949110,0.20278671,0.24150758
16496,0,0.18833356,1,0.16700067,0.18833356,0.19715920,0.17596273,0.18673558
16500,1,0.57181062,1,0.16700067,0.57181062,0.54740997,0.43475016,0.84326684
16502,0,0.21249869,1,0.16700067,0.21249869,0.21983408,0.16025304,0.15938215
16506,0,0.15126940,0,0.16700067,0.15126940,0.16185762,0.16593627,0.16888290
16516,0,0.26401308,1,0.16700067,0.26401308,0.26751686,0.19472437,0.22396709
16518,1,0.21249869,1,0.16700067,0.21249869,0.21983408,0.16025304,0.15938215
16526,0,0.13452635,0,0.16700067,0.13452635,0.14565059,0.17466293,0.18434166
16537,0,0.21822318,1,0.16700067,0.21822318,0.22517305,0.19080664,0.21577749
16553,0,0.15126940,0,0.16700067,0.15126940,0.16185762,0.16593627,0.16888290
16555,1,0.08629702,0,0.16700067,0.08629702,0.09770542,0.17310371,0.18150139
16556,0,0.16633602,0,0.16700067,0.16633602,0.17629462,0.17115968,0.17800798
16563,1,0.18833356,1,0.16700067,0.18833356,0.19715920,0.17596273,0.18673558
16567,0,0.10861405,0,0.16700067,0.10861405,0.12015940,0.15014231,0.14355622
16570,0,0.13623584,0,0.16700067,0.13623584,0.14731400,0.16082614,0.16032022
16571,0,0.30263977,1,0.16700067,0.30263977,0.30285200,0.21589549,0.27196768
16579,0,0.10861405,0,0.16700067,0.10861405,0.12015940,0.15014231,0.14355622
16580,0,0.18833356,1,0.16700067,0.18833356,0.19715920,0.17596273,0.18673558
16588,0,0.16438185,0,0.16700067,0.16438185,0.17442930,0.17842259,0.19133145
16589,0,0.10861405,0,0.16700067,0.10861405,0.12015940,0.15014231,0.14355622
16597,0,0.10407019,0,0.16700067,0.10407019,0.11562946,0.15734031,0.15468315
16598,0,0.14357560,0,0.16700067,0.14357560,0.15443304,0.16779216,0.17208163
16600,0,0.04151551,0,0.16700067,0.04151551,0.05053764,0.17233206,0.18010840
16614,0,0.10861405,0,0.16700067,0.10861405,0.12015940,0.15014231,0.14355622
16616,0,0.84545029,1,0.16700067,0.84545029,0.81378926,0.74259677,0.99565672
16617,0,0.12411448,0,0.16700067,0.12411448,0.13547300,0.13100286,0.11718792
16630,1,0.18833356,1,0.16700067,0.18833356,0.19715920,0.17596273,0.18673558
16636,0,0.21249869,1,0.16700067,0.21249869,0.21983408,0.16025304,0.15938215
16638,0,0.30049515,1,0.16700067,0.30049515,0.30089713,0.25671032,0.38055080
16640,0,0.05557125,0,0.16700067,0.05557125,0.06573844,0.12782760,0.11324313
16644,0,0.27308877,1,0.16700067,0.27308877,0.27584549,0.17557895,0.18602628
16651,0,0.10861405,0,0.16700067,0.10861405,0.12015940,0.15014231,0.14355622
16660,0,0.10861405,0,0.16700067,0.10861405,0.12015940,0.15014231,0.14355622
16665,0,0.18833356,1,0.16700067,0.18833356,0.19715920,0.17596273,0.18673558
16669,0,0.06658871,0,0.16700067,0.06658871,0.07737130,0.14312077,0.13335202
16670,0,0.16633602,0,0.16700067,0.16633602,0.17629462,0.17115968,0.17800798
16673,0,0.16633602,0,0.16700067,0.16633602,0.17629462,0.17115968,0.17800798
16679,0,0.12412336,0,0.16700067,0.12412336,0.13548172,0.18628500,0.20659804
16682,0,0.25171864,1,0.16700067,0.25171864,0.25620405,0.18975010,0.21360643
16683,0,0.10861405,0,0.16700067,0.10861405,0.12015940,0.15014231,0.14355622
16696,0,0.18833356,1,0.16700067,0.18833356,0.19715920,0.17596273,0.18673558
16700,1,0.12411448,0,0.16700067,0.12411448,0.13547300,0.13100286,0.11718792
16701,0,0.12411448,0,0.16700067,0.12411448,0.13547300,0.13100286,0.11718792
16710,0,0.21524202,1,0.16700067,0.21524202,0.22239410,0.17399204,0.18311538
16718,1,0.10861405,0,0.16700067,0.10861405,0.12015940,0.15014231,0.14355622
16726,0,0.21178701,1,0.16700067,0.21178701,0.21916952,0.17940620,0.19319318
16727,0,0.10899701,0,0.16700067,0.10899701,0.12054029,0.16199052,0.16223986
16746,0,0.06925868,0,0.16700067,0.06925868,0.08015914,0.12795311,0.11339685
16748,1,0.12524060,0,0.16700067,0.12524060,0.13657777,0.16470938,0.16679440
16749,0,0.07331566,0,0.16700067,0.07331566,0.08437407,0.18635979,0.20674750
16754,0,0.32568381,1,0.16700067,0.32568381,0.32381627,0.24678257,0.35246752
16765,0,0.15126940,0,0.16700067,0.15126940,0.16185762,0.16593627,0.16888290
16767,0,0.16633602,0,0.16700067,0.16633602,0.17629462,0.17115968,0.17800798
16770,1,0.21249869,1,0.16700067,0.21249869,0.21983408,0.16025304,0.15938215
16774,0,0.09274586,0,0.16700067,0.09274586,0.10424925,0.17561498,0.18609278
16782,0,0.00553563,0,0.16700067,0.00553563,0.00814408,0.03843002,0.04118550
16785,0,0.15126940,0,0.16700067,0.15126940,0.16185762,0.16593627,0.16888290
16794,1,0.16633602,0,0.16700067,0.16633602,0.17629462,0.17115968,0.17800798
16800,0,0.10407019,0,0.16700067,0.10407019,0.11562946,0.15734031,0.15468315
16801,0,0.48147045,1,0.16700067,0.48147045,0.46484786,0.36937454,0.70805173
16803,0,0.09816023,0,0.16700067,0.09816023,0.10970713,0.14869861,0.14140639
16808,0,0.16318640,0,0.16700067,0.16318640,0.17328718,0.17702787,0.18871511
16810,1,0.12126578,0,0.16700067,0.12126578,0.13267384,0.18564361,0.20531962
16820,0,0.20215785,1,0.16700067,0.20215785,0.21015934,0.18484767,0.20374131
16823,0,0.09816023,0,0.16700067,0.09816023,0.10970713,0.14869861,0.14140639
16825,0,0.13864593,0,0.16700067,0.13864593,0.14965566,0.15918566,0.15764689
16830,0,0.12411448,0,0.16700067,0.12411448,0.13547300,0.13100286,0.11718792
16845,0,0.18833356,1,0.16700067,0.18833356,0.19715920,0.17596273,0.18673558
16847,0,0.12411448,0,0.16700067,0.12411448,0.13547300,0.13100286,0.11718792
16849,0,0.06925868,0,0.16700067,0.06925868,0.08015914,0.12795311,0.11339685
16856,0,0.12411448,0,0.16700067,0.12411448,0.13547300,0.13100286,0.11718792
16857,0,0.13616935,0,0.16700067,0.13616935,0.14724935,0.15338340,0.14848166
16873,0,0.16891778,0,0.16700067,0.16891778,0.17875587,0.18019521,0.19469651
16876,0,0.21249869,1,0.16700067,0.21249869,0.21983408,0.16025304,0.15938215
16879,0,0.06232785,0,0.16700067,0.06232785,0.07289807,0.12888301,0.11454130
16883,0,0.21514165,1,0.16700067,0.21514165,0.22230048,0.15970939,0.15849641
16887,0,0.06925868,0,0.16700067,0.06925868,0.08015914,0.12795311,0.11339685
16891,0,0.10861405,0,0.16700067,0.10861405,0.12015940,0.15014231,0.14355622
16895,0,0.18833356,1,0.16700067,0.18833356,0.19715920,0.17596273,0.18673558
16903,0,0.10861405,0,0.16700067,0.10861405,0.12015940,0.15014231,0.14355622
16906,1,0.16633602,0,0.16700067,0.16633602,0.17629462,0.17115968,0.17800798
16912,1,0.06757191,0,0.16700067,0.06757191,0.07839923,0.16384902,0.16534219
16919,0,0.06925868,0,0.16700067,0.06925868,0.08015914,0.12795311,0.11339685
16927,1,0.18833356,1,0.16700067,0.18833356,0.19715920,0.17596273,0.18673558
16929,1,0.12839232,0,0.16700067,0.12839232,0.13966447,0.17787069,0.19029284
16932,0,0.11799805,0,0.16700067,0.11799805,0.12945477,0.13913496,0.12783709
16933,0,0.10861405,0,0.16700067,0.10861405,0.12015940,0.15014231,0.14355622
16938,0,0.21249869,1,0.16700067,0.21249869,0.21983408,0.16025304,0.15938215
16939,0,0.10861405,0,0.16700067,0.10861405,0.12015940,0.15014231,0.14355622
16943,0,0.06924800,0,0.16700067,0.06924800,0.08014801,0.16573831,0.16854451
16944,0,0.16633602,0,0.16700067,0.16633602,0.17629462,0.17115968,0.17800798
16945,0,0.12411448,0,0.16700067,0.12411448,0.13547300,0.13100286,0.11718792
16946,1,0.10861405,0,0.16700067,0.10861405,0.12015940,0.15014231,0.14355622
16951,0,0.18197643,1,0.16700067,0.18197643,0.19115330,0.17445030,0.18395231
16953,0,0.27170150,1,0.16700067,0.27170150,0.27457357,0.16900062,0.17419016
16958,0,0.10861405,0,0.16700067,0.10861405,0.12015940,0.15014231,0.14355622
16959,1,0.13624828,0,0.16700067,0.13624828,0.14732611,0.15921779,0.15769891
16964,0,0.18833356,1,0.16700067,0.18833356,0.19715920,0.17596273,0.18673558
16974,0,0.16633602,0,0.16700067,0.16633602,0.17629462,0.17115968,0.17800798
16977,0,0.10861405,0,0.16700067,0.10861405,0.12015940,0.15014231,0.14355622
16988,0,0.38446518,1,0.16700067,0.38446518,0.37706145,0.21745548,0.27574859
16993,0,0.28363418,1,0.16700067,0.28363418,0.28550127,0.18720084,0.20843371
17006,0,0.19187496,1,0.16700067,0.19187496,0.20049713,0.18064658,0.19556050
17012,0,0.33314484,1,0.16700067,0.33314484,0.33058994,0.22513670,0.29483201
17013,1,0.16633602,0,0.16700067,0.16633602,0.17629462,0.17115968,0.17800798
17014,0,0.02607173,0,0.16700067,0.02607173,0.03319651,0.12645627,0.11157557
17020,0,0.15499277,0,0.16700067,0.15499277,0.16543758,0.14521052,0.13632313
17025,0,0.17970168,0,0.16700067,0.17970168,0.18899971,0.16160904,0.16160890
17027,0,0.06763167,0,0.16700067,0.06763167,0.07846166,0.15427604,0.14986247
17030,0,0.18833356,1,0.16700067,0.18833356,0.19715920,0.17596273,0.18673558
17033,0,0.16633602,0,0.16700067,0.16633602,0.17629462,0.17115968,0.17800798
17037,0,0.18833356,1,0.16700067,0.18833356,0.19715920,0.17596273,0.18673558
17043,0,0.16633602,0,0.16700067,0.16633602,0.17629462,0.17115968,0.17800798
17044,0,0.16056928,0,0.16700067,0.16056928,0.17078409,0.19252634,0.21934536
17054,0,0.18833356,1,0.16700067,0.18833356,0.19715920,0.17596273,0.18673558
17055,0,0.18113233,1,0.16700067,0.18113233,0.19035444,0.18008164,0.19447958
17060,0,0.15808656,0,0.16700067,0.15808656,0.16840597,0.14018068,0.12926486
17062,0,0.10861405,0,0.16700067,0.10861405,0.12015940,0.15014231,0.14355622
17074,0,0.10861405,0,0.16700067,0.10861405,0.12015940,0.15014231,0.14355622
17075,1,0.32890043,1,0.16700067,0.32890043,0.32673729,0.22359915,0.29095097
17076,1,0.25935236,1,0.16700067,0.25935236,0.26323255,0.18309774,0.20030309
17077,0,0.12411448,0,0.16700067,0.12411448,0.13547300,0.13100286,0.11718792
17082,1,0.21061596,1,0.16700067,0.21061596,0.21807560,0.18650446,0.20703683
17084,0,0.17898386,0,0.16700067,0.17898386,0.18831961,0.18597000,0.20596944
17086,0,0.16875241,0,0.16700067,0.16875241,0.17859833,0.17445030,0.18395231
17094,0,0.08048660,0,0.16700067,0.08048660,0.09176606,0.14954472,0.14266306
17099,1,0.18833356,1,0.16700067,0.18833356,0.19715920,0.17596273,0.18673558
17100,0,0.06925868,0,0.16700067,0.06925868,0.08015914,0.12795311,0.11339685
17106,1,0.18113233,1,0.16700067,0.18113233,0.19035444,0.18008164,0.19447958
17118,0,0.20806811,1,0.16700067,0.20806811,0.21569381,0.18766422,0.20936705
17122,0,0.12411448,0,0.16700067,0.12411448,0.13547300,0.13100286,0.11718792
17128,0,0.19127235,1,0.16700067,0.19127235,0.19992953,0.17755393,0.18969870
17129,0,0.21249869,1,0.16700067,0.21249869,0.21983408,0.16025304,0.15938215
17130,0,0.06925868,0,0.16700067,0.06925868,0.08015914,0.12795311,0.11339685
17136,0,0.30405504,1,0.16700067,0.30405504,0.30414167,0.18376538,0.20160970
17138,1,0.31928377,1,0.16700067,0.31928377,0.31800080,0.20649662,0.24988690
17139,0,0.18833356,1,0.16700067,0.18833356,0.19715920,0.17596273,0.18673558
17140,0,0.18833356,1,0.16700067,0.18833356,0.19715920,0.17596273,0.18673558
17141,0,0.18406542,1,0.16700067,0.18406542,0.19312890,0.18929565,0.21267750
17142,0,0.06925868,0,0.16700067,0.06925868,0.08015914,0.12795311,0.11339685
17150,0,0.13623584,0,0.16700067,0.13623584,0.14731400,0.16082614,0.16032022
17152,0,0.15126940,0,0.16700067,0.15126940,0.16185762,0.16593627,0.16888290
17159,0,0.09340744,0,0.16700067,0.09340744,0.10491787,0.14954472,0.14266306
17163,0,0.34724270,1,0.16700067,0.34724270,0.34337398,0.20110604,0.23777518
17165,0,0.09816023,0,0.16700067,0.09816023,0.10970713,0.14869861,0.14140639
17167,1,0.31253652,1,0.16700067,0.31253652,0.31186429,0.19772317,0.23038360
17170,0,0.06232785,0,0.16700067,0.06232785,0.07289807,0.12888301,0.11454130
17172,0,0.10861405,0,0.16700067,0.10861405,0.12015940,0.15014231,0.14355622
17173,0,0.16633602,0,0.16700067,0.16633602,0.17629462,0.17115968,0.17800798
17176,0,0.12411448,0,0.16700067,0.12411448,0.13547300,0.13100286,0.11718792
17177,0,0.09816023,0,0.16700067,0.09816023,0.10970713,0.14869861,0.14140639
17180,0,0.10861405,0,0.16700067,0.10861405,0.12015940,0.15014231,0.14355622
17184,1,0.16633602,0,0.16700067,0.16633602,0.17629462,0.17115968,0.17800798
17188,0,0.12411448,0,0.16700067,0.12411448,0.13547300,0.13100286,0.11718792
17195,1,0.16633602,0,0.16700067,0.16633602,0.17629462,0.17115968,0.17800798
17206,0,0.21249869,1,0.16700067,0.21249869,0.21983408,0.16025304,0.15938215
17215,0,0.23097563,1,0.16700067,0.23097563,0.23702704,0.18478000,0.20360754
17232,0,0.16376327,0,0.16700067,0.16376327,0.17383842,0.17831198,0.19112295
17244,0,0.10072923,0,0.16700067,0.10072923,0.11228587,0.16846531,0.17325364
17247,1,0.17168475,0,0.16700067,0.17168475,0.18138983,0.17096291,0.17765734
17248,0,0.00901535,0,0.16700067,0.00901535,0.01268238,0.04833172,0.04622401
17250,0,0.08754567,0,0.16700067,0.08754567,0.09897629,0.13581660,0.12339524
17252,0,0.12411448,0,0.16700067,0.12411448,0.13547300,0.13100286,0.11718792
17260,0,0.29436698,1,0.16700067,0.29436698,0.29530709,0.19289927,0.22012466
17264,0,0.16633602,0,0.16700067,0.16633602,0.17629462,0.17115968,0.17800798
17266,0,0.12158563,0,0.16700067,0.12158563,0.13298845,0.17193663,0.17939780
17273,0,0.18833356,1,0.16700067,0.18833356,0.19715920,0.17596273,0.18673558
17279,0,0.06012935,0,0.16700067,0.06012935,0.07057769,0.17652800,0.18778411
17282,1,0.31917085,1,0.16700067,0.31917085,0.31789815,0.20443908,0.24521585
17284,0,0.18884812,1,0.16700067,0.18884812,0.19764453,0.14567590,0.13699233
17286,0,0.14033388,0,0.16700067,0.14033388,0.15129331,0.16769619,0.17191504
17288,1,0.08665713,0,0.16700067,0.08665713,0.09807214,0.15427662,0.14986338
17292,0,0.30382440,1,0.16700067,0.30382440,0.30393152,0.18064658,0.19556050
17302,0,0.13621168,0,0.16700067,0.13621168,0.14729051,0.16397065,0.16554687
17304,0,0.30510994,1,0.16700067,0.30510994,0.30510276,0.16321545,0.16427929
17309,1,0.19127235,1,0.16700067,0.19127235,0.19992953,0.17755393,0.18969870
17312,0,0.16633602,0,0.16700067,0.16633602,0.17629462,0.17115968,0.17800798
17315,1,0.21249869,1,0.16700067,0.21249869,0.21983408,0.16025304,0.15938215
17321,1,0.53745344,1,0.16700067,0.53745344,0.51585671,0.44297998,0.85607230
17325,0,0.15126940,0,0.16700067,0.15126940,0.16185762,0.16593627,0.16888290
17326,0,0.04033926,0,0.16700067,0.04033926,0.04924360,0.16074529,0.16018760
17338,0,0.13316314,0,0.16700067,0.13316314,0.14432263,0.15951008,0.15817267
17339,0,0.10861405,0,0.16700067,0.10861405,0.12015940,0.15014231,0.14355622
17343,1,0.13653640,0,0.16700067,0.13653640,0.14760625,0.17825414,0.19101399
17350,1,0.23028309,1,0.16700067,0.23028309,0.23638463,0.19261798,0.21953666
17355,0,0.16633602,0,0.16700067,0.16633602,0.17629462,0.17115968,0.17800798
17359,0,0.08876171,0,0.16700067,0.08876171,0.10021218,0.17451124,0.18406384
17376,0,0.11288382,0,0.16700067,0.11288382,0.12439853,0.16425216,0.16602139
17378,1,0.18833356,1,0.16700067,0.18833356,0.19715920,0.17596273,0.18673558
17380,0,0.18833356,1,0.16700067,0.18833356,0.19715920,0.17596273,0.18673558
17384,0,0.10861405,0,0.16700067,0.10861405,0.12015940,0.15014231,0.14355622
17386,0,0.19099629,1,0.16700067,0.19099629,0.19966946,0.18064658,0.19556050
17390,0,0.19422484,1,0.16700067,0.19422484,0.20270903,0.16226043,0.16268749
17404,0,0.12584310,0,0.16700067,0.12584310,0.13716843,0.16472691,0.16682410
17406,0,0.21620878,1,0.16700067,0.21620878,0.22329563,0.17818471,0.19088325
17409,1,0.04698026,0,0.16700067,0.04698026,0.05650223,0.16062716,0.15999401
17424,0,0.16633602,0,0.16700067,0.16633602,0.17629462,0.17115968,0.17800798
17427,1,0.18833356,1,0.16700067,0.18833356,0.19715920,0.17596273,0.18673558
17430,0,0.10861405,0,0.16700067,0.10861405,0.12015940,0.15014231,0.14355622
17439,1,0.06925868,0,0.16700067,0.06925868,0.08015914,0.12795311,0.11339685
17456,0,0.21249869,1,0.16700067,0.21249869,0.21983408,0.16025304,0.15938215
17458,0,0.16633602,0,0.16700067,0.16633602,0.17629462,0.17115968,0.17800798
17459,1,0.30075362,1,0.16700067,0.30075362,0.30113277,0.18771486,0.20946923
17462,0,0.21620878,1,0.16700067,0.21620878,0.22329563,0.17818471,0.19088325
17466,0,0.17212981,0,0.16700067,0.17212981,0.18181313,0.16432770,0.16614891
17468,0,0.12005486,0,0.16700067,0.12005486,0.13148198,0.16194123,0.16215822
17476,0,0.00552503,0,0.16700067,0.00552503,0.00812990,0.03980956,0.04185461
17478,0,0.10861405,0,0.16700067,0.10861405,0.12015940,0.15014231,0.14355622
17479,1,0.17168475,0,0.16700067,0.17168475,0.18138983,0.17096291,0.17765734
17487,0,0.21249869,1,0.16700067,0.21249869,0.21983408,0.16025304,0.15938215
17488,0,0.18833356,1,0.16700067,0.18833356,0.19715920,0.17596273,0.18673558
17498,0,0.18833356,1,0.16700067,0.18833356,0.19715920,0.17596273,0.18673558
17499,0,0.21249869,1,0.16700067,0.21249869,0.21983408,0.16025304,0.15938215
17501,1,0.09179432,0,0.16700067,0.09179432,0.10328673,0.13625126,0.12396941
17503,0,0.16633602,0,0.16700067,0.16633602,0.17629462,0.17115968,0.17800798
17508,0,0.32780502,1,0.16700067,0.32780502,0.32574267,0.16025304,0.15938215
17516,1,0.10861405,0,0.16700067,0.10861405,0.12015940,0.15014231,0.14355622
17524,0,0.21249869,1,0.16700067,0.21249869,0.21983408,0.16025304,0.15938215
17530,0,0.16633602,0,0.16700067,0.16633602,0.17629462,0.17115968,0.17800798
17533,0,0.21249869,1,0.16700067,0.21249869,0.21983408,0.16025304,0.15938215
17537,0,0.06232785,0,0.16700067,0.06232785,0.07289807,0.12888301,0.11454130
17539,0,0.12411448,0,0.16700067,0.12411448,0.13547300,0.13100286,0.11718792
17544,0,0.26401308,1,0.16700067,0.26401308,0.26751686,0.19472437,0.22396709
17547,0,0.21249869,1,0.16700067,0.21249869,0.21983408,0.16025304,0.15938215
17559,0,0.17184889,0,0.16700067,0.17184889,0.18154596,0.17273146,0.18082835
17562,0,0.21249869,1,0.16700067,0.21249869,0.21983408,0.16025304,0.15938215
17569,0,0.19505146,1,0.16700067,0.19505146,0.20348656,0.18535884,0.20475390
17574,1,0.12411448,0,0.16700067,0.12411448,0.13547300,0.13100286,0.11718792
17583,0,0.06232785,0,0.16700067,0.06232785,0.07289807,0.12888301,0.11454130
17584,0,0.15788747,0,0.16700067,0.15788747,0.16821512,0.18477619,0.20360000
17593,0,0.10861405,0,0.16700067,0.10861405,0.12015940,0.15014231,0.14355622
17594,1,0.18833356,1,0.16700067,0.18833356,0.19715920,0.17596273,0.18673558
17603,0,0.22017114,1,0.16700067,0.22017114,0.22698723,0.18346114,0.20101349
17609,1,0.06925868,0,0.16700067,0.06925868,0.08015914,0.12795311,0.11339685
17613,1,0.15126940,0,0.16700067,0.15126940,0.16185762,0.16593627,0.16888290
17614,0,0.15126940,0,0.16700067,0.15126940,0.16185762,0.16593627,0.16888290
17619,0,0.10861405,0,0.16700067,0.10861405,0.12015940,0.15014231,0.14355622
17628,0,0.47738648,1,0.16700067,0.47738648,0.46114147,0.22128611,0.28516959
17634,0,0.12484677,0,0.16700067,0.12484677,0.13619152,0.16891052,0.17403226
17644,1,0.26189786,1,0.16700067,0.26189786,0.26557310,0.18246204,0.19906489
17646,1,0.23097563,1,0.16700067,0.23097563,0.23702704,0.18478000,0.20360754
17652,1,0.18833356,1,0.16700067,0.18833356,0.19715920,0.17596273,0.18673558
17654,0,0.29544679,1,0.16700067,0.29544679,0.29629253,0.17596273,0.18673558
17655,1,0.26466781,1,0.16700067,0.26466781,0.26811830,0.18117867,0.19658274
17657,0,0.18833356,1,0.16700067,0.18833356,0.19715920,0.17596273,0.18673558
17662,0,0.10861405,0,0.16700067,0.10861405,0.12015940,0.15014231,0.14355622
17670,0,0.15126940,0,0.16700067,0.15126940,0.16185762,0.16593627,0.16888290
17671,0,0.11526070,0,0.16700067,0.11526070,0.12675128,0.15332281,0.14838831
17675,0,0.10861405,0,0.16700067,0.10861405,0.12015940,0.15014231,0.14355622
17679,0,0.21249869,1,0.16700067,0.21249869,0.21983408,0.16025304,0.15938215
17680,0,0.11751950,0,0.16700067,0.11751950,0.12898260,0.14125151,0.13074098
17683,0,0.04725394,0,0.16700067,0.04725394,0.05679900,0.14305982,0.13326619
17687,0,0.12255724,0,0.16700067,0.12255724,0.13394365,0.14655154,0.13825896
17692,0,0.26401308,1,0.16700067,0.26401308,0.26751686,0.19472437,0.22396709
17697,0,0.10861405,0,0.16700067,0.10861405,0.12015940,0.15014231,0.14355622
17703,0,0.23872261,1,0.16700067,0.23872261,0.24420342,0.15659195,0.15349427
17705,0,0.18833356,1,0.16700067,0.18833356,0.19715920,0.17596273,0.18673558
17707,0,0.02684632,0,0.16700067,0.02684632,0.03408712,0.16288958,0.16373473
17711,0,0.36947286,1,0.16700067,0.36947286,0.36350153,0.21573055,0.27156983
17716,0,0.03736701,0,0.16700067,0.03736701,0.04595620,0.16069582,0.16010651
17723,0,0.13653640,0,0.16700067,0.13653640,0.14760625,0.17825414,0.19101399
17729,0,0.06925868,0,0.16700067,0.06925868,0.08015914,0.12795311,0.11339685
17730,1,0.23403527,1,0.16700067,0.23403527,0.23986346,0.19108409,0.21635025
17739,1,0.50841542,1,0.16700067,0.50841542,0.48934670,0.29659416,0.49972331
17740,1,0.34781431,1,0.16700067,0.34781431,0.34389196,0.17596273,0.18673558
17741,0,0.10861405,0,0.16700067,0.10861405,0.12015940,0.15014231,0.14355622
17744,0,0.45938993,1,0.16700067,0.45938993,0.44482607,0.18342020,0.20093335
17745,0,0.25594050,1,0.16700067,0.25594050,0.26009297,0.18105950,0.19635344
17751,0,0.18833356,1,0.16700067,0.18833356,0.19715920,0.17596273,0.18673558
17753,0,0.04241925,0,0.16700067,0.04241925,0.05152934,0.13462786,0.12183658
17761,1,0.18833356,1,0.16700067,0.18833356,0.19715920,0.17596273,0.18673558
17782,0,0.06925868,0,0.16700067,0.06925868,0.08015914,0.12795311,0.11339685
17784,0,0.05639129,0,0.16700067,0.05639129,0.06661200,0.15519258,0.15129126
17786,0,0.15126940,0,0.16700067,0.15126940,0.16185762,0.16593627,0.16888290
17794,0,0.15126940,0,0.16700067,0.15126940,0.16185762,0.16593627,0.16888290
17795,0,0.13623584,0,0.16700067,0.13623584,0.14731400,0.16082614,0.16032022
17797,0,0.12411448,0,0.16700067,0.12411448,0.13547300,0.13100286,0.11718792
17798,0,0.18113233,1,0.16700067,0.18113233,0.19035444,0.18008164,0.19447958
17800,0,0.10407019,0,0.16700067,0.10407019,0.11562946,0.15734031,0.15468315
17804,1,0.18833356,1,0.16700067,0.18833356,0.19715920,0.17596273,0.18673558
17812,0,0.18833356,1,0.16700067,0.18833356,0.19715920,0.17596273,0.18673558
17814,0,0.18768353,1,0.16700067,0.18768353,0.19654592,0.17545308,0.18579408
17823,0,0.16633602,0,0.16700067,0.16633602,0.17629462,0.17115968,0.17800798
17827,0,0.16633602,0,0.16700067,0.16633602,0.17629462,0.17115968,0.17800798
17828,1,0.18833356,1,0.16700067,0.18833356,0.19715920,0.17596273,0.18673558
17841,0,0.10861405,0,0.16700067,0.10861405,0.12015940,0.15014231,0.14355622
17842,0,0.00598061,0,0.16700067,0.00598061,0.00873674,0.04072806,0.04230586
17843,1,0.14476846,0,0.16700067,0.14476846,0.15558663,0.16260373,0.16325825
17844,1,0.43258511,1,0.16700067,0.43258511,0.42056531,0.23727592,0.32649571
17853,0,0.20859323,1,0.16700067,0.20859323,0.21618490,0.18704009,0.20811063
17859,1,0.08829720,0,0.16700067,0.08829720,0.09974030,0.13087734,0.11702974
17861,1,0.16633602,0,0.16700067,0.16633602,0.17629462,0.17115968,0.17800798
17862,0,0.21249869,1,0.16700067,0.21249869,0.21983408,0.16025304,0.15938215
17867,1,0.09941488,0,0.16700067,0.09941488,0.11096739,0.16330226,0.16442460
17870,0,0.20098980,1,0.16700067,0.20098980,0.20906396,0.17445030,0.18395231
17875,0,0.18833356,1,0.16700067,0.18833356,0.19715920,0.17596273,0.18673558
17878,1,0.18833356,1,0.16700067,0.18833356,0.19715920,0.17596273,0.18673558
17883,0,0.15431356,0,0.16700067,0.15431356,0.16478515,0.16017979,0.15926257
17887,0,0.15676798,0,0.16700067,0.15676798,0.16714151,0.17844460,0.19137295
17890,1,0.12411448,0,0.16700067,0.12411448,0.13547300,0.13100286,0.11718792
17891,0,0.07085839,0,0.16700067,0.07085839,0.08182410,0.17222770,0.17992064
17894,0,0.18833356,1,0.16700067,0.18833356,0.19715920,0.17596273,0.18673558
17902,0,0.00776205,0,0.16700067,0.00776205,0.01107104,0.05681596,0.05100288
17915,0,0.06925868,0,0.16700067,0.06925868,0.08015914,0.12795311,0.11339685
17923,0,0.10861405,0,0.16700067,0.10861405,0.12015940,0.15014231,0.14355622
17925,0,0.18833356,1,0.16700067,0.18833356,0.19715920,0.17596273,0.18673558
17928,0,0.27170150,1,0.16700067,0.27170150,0.27457357,0.16900062,0.17419016
17931,0,0.16633602,0,0.16700067,0.16633602,0.17629462,0.17115968,0.17800798
17934,0,0.16633602,0,0.16700067,0.16633602,0.17629462,0.17115968,0.17800798
17945,1,0.17739938,0,0.16700067,0.17739938,0.18681752,0.17679763,0.18828586
17946,0,0.24088009,1,0.16700067,0.24088009,0.24619887,0.16023254,0.15934868
17947,1,0.40346181,1,0.16700067,0.40346181,0.39423494,0.28273918,0.45760920
17949,0,0.18833356,1,0.16700067,0.18833356,0.19715920,0.17596273,0.18673558
17950,1,0.15643282,0,0.16700067,0.15643282,0.16681996,0.17193663,0.17939780
17953,0,0.15126940,0,0.16700067,0.15126940,0.16185762,0.16593627,0.16888290
17958,0,0.16094184,0,0.16700067,0.16094184,0.17114064,0.15759112,0.15508326
17960,0,0.16633602,0,0.16700067,0.16633602,0.17629462,0.17115968,0.17800798
17962,0,0.16633602,0,0.16700067,0.16633602,0.17629462,0.17115968,0.17800798
17964,0,0.21249869,1,0.16700067,0.21249869,0.21983408,0.16025304,0.15938215
17970,0,0.18833356,1,0.16700067,0.18833356,0.19715920,0.17596273,0.18673558
17978,0,0.10861405,0,0.16700067,0.10861405,0.12015940,0.15014231,0.14355622
17986,0,0.06042517,0,0.16700067,0.06042517,0.07089042,0.15777344,0.15537466
17995,0,0.20460639,1,0.16700067,0.20460639,0.21245382,0.16456016,0.16654181
17996,0,0.01184582,0,0.16700067,0.01184582,0.01624763,0.06212201,0.05422547
18002,0,0.38800791,1,0.16700067,0.38800791,0.38026465,0.19297312,0.22027920
18004,0,0.35282622,1,0.16700067,0.35282622,0.34843249,0.21308358,0.26523516
18006,0,0.02790161,0,0.16700067,0.02790161,0.03529635,0.10613835,0.08928616
18009,0,0.18833356,1,0.16700067,0.18833356,0.19715920,0.17596273,0.18673558
18015,1,0.15126940,0,0.16700067,0.15126940,0.16185762,0.16593627,0.16888290
18023,1,0.35371482,1,0.16700067,0.35371482,0.34923733,0.19545066,0.22550939
18024,0,0.09816023,0,0.16700067,0.09816023,0.10970713,0.14869861,0.14140639
18032,0,0.06925868,0,0.16700067,0.06925868,0.08015914,0.12795311,0.11339685
18033,1,0.10861405,0,0.16700067,0.10861405,0.12015940,0.15014231,0.14355622
18034,0,0.18833356,1,0.16700067,0.18833356,0.19715920,0.17596273,0.18673558
18038,0,0.11623310,0,0.16700067,0.11623310,0.12771238,0.15340162,0.14850975
18042,0,0.16633602,0,0.16700067,0.16633602,0.17629462,0.17115968,0.17800798
18048,0,0.15126940,0,0.16700067,0.15126940,0.16185762,0.16593627,0.16888290
18049,0,0.12411448,0,0.16700067,0.12411448,0.13547300,0.13100286,0.11718792
18052,0,0.13036456,0,0.16700067,0.13036456,0.14159218,0.17959030,0.19354316
18054,0,0.10407019,0,0.16700067,0.10407019,0.11562946,0.15734031,0.15468315
18058,0,0.21249869,1,0.16700067,0.21249869,0.21983408,0.16025304,0.15938215
18067,0,0.18833356,1,0.16700067,0.18833356,0.19715920,0.17596273,0.18673558
18075,0,0.06925868,0,0.16700067,0.06925868,0.08015914,0.12795311,0.11339685
18081,1,0.16891778,0,0.16700067,0.16891778,0.17875587,0.18019521,0.19469651
18090,0,0.06925868,0,0.16700067,0.06925868,0.08015914,0.12795311,0.11339685
18091,0,0.21249869,1,0.16700067,0.21249869,0.21983408,0.16025304,0.15938215
18107,0,0.10320072,0,0.16700067,0.10320072,0.11476037,0.12973440,0.11559795
18117,0,0.18833356,1,0.16700067,0.18833356,0.19715920,0.17596273,0.18673558
18120,0,0.19144752,1,0.16700067,0.19144752,0.20009454,0.14018068,0.12926486
18123,0,0.17748117,0,0.16700067,0.17748117,0.18689509,0.16318054,0.16422087
18125,1,0.54374715,1,0.16700067,0.54374715,0.52162024,0.34097311,0.63176215
18126,0,0.10861405,0,0.16700067,0.10861405,0.12015940,0.15014231,0.14355622
18127,0,0.10861405,0,0.16700067,0.10861405,0.12015940,0.15014231,0.14355622
18131,0,0.18833356,1,0.16700067,0.18833356,0.19715920,0.17596273,0.18673558
18135,0,0.12902195,0,0.16700067,0.12902195,0.14028020,0.17115968,0.17800798
18142,0,0.15981029,0,0.16700067,0.15981029,0.17005745,0.17388536,0.18292096
18145,0,0.43992624,1,0.16700067,0.43992624,0.42720605,0.23928341,0.33189866
18151,0,0.19952206,1,0.16700067,0.19952206,0.20768675,0.18270215,0.19953189
18152,0,0.12592402,0,0.16700067,0.12592402,0.13724774,0.16455447,0.16653217
18159,0,0.21249869,1,0.16700067,0.21249869,0.21983408,0.16025304,0.15938215
18163,0,0.06925868,0,0.16700067,0.06925868,0.08015914,0.12795311,0.11339685
18168,0,0.15676798,0,0.16700067,0.15676798,0.16714151,0.17844460,0.19137295
18171,0,0.15981029,0,0.16700067,0.15981029,0.17005745,0.17388536,0.18292096
18173,0,0.29210509,1,0.16700067,0.29210509,0.29324224,0.16881126,0.17385843
18175,0,0.10861405,0,0.16700067,0.10861405,0.12015940,0.15014231,0.14355622
18176,1,0.18019851,0,0.16700067,0.18019851,0.18947029,0.13501798,0.12234622
18177,0,0.18833356,1,0.16700067,0.18833356,0.19715920,0.17596273,0.18673558
18182,0,0.18833356,1,0.16700067,0.18833356,0.19715920,0.17596273,0.18673558
18190,0,0.21249869,1,0.16700067,0.21249869,0.21983408,0.16025304,0.15938215
18203,0,0.05596608,0,0.16700067,0.05596608,0.06615921,0.15091494,0.14471788
18208,0,0.24046351,1,0.16700067,0.24046351,0.24581368,0.21090517,0.26009320
18214,0,0.10861405,0,0.16700067,0.10861405,0.12015940,0.15014231,0.14355622
18218,0,0.17168475,0,0.16700067,0.17168475,0.18138983,0.17096291,0.17765734
18220,0,0.04458249,0,0.16700067,0.04458249,0.05389444,0.12576323,0.11074102
18223,0,0.16546308,0,0.16700067,0.16546308,0.17546162,0.15088091,0.14466655
18224,0,0.08894564,0,0.16700067,0.08894564,0.10039896,0.15380969,0.14913977
18229,1,0.39745360,1,0.16700067,0.39745360,0.38880384,0.24617121,0.35076876
18242,1,0.06925868,0,0.16700067,0.06925868,0.08015914,0.12795311,0.11339685
18253,0,0.18833356,1,0.16700067,0.18833356,0.19715920,0.17596273,0.18673558
18262,0,0.13717240,0,0.16700067,0.13717240,0.14822446,0.14350503,0.13389420
18263,0,0.18833356,1,0.16700067,0.18833356,0.19715920,0.17596273,0.18673558
18273,0,0.19200565,1,0.16700067,0.19200565,0.20062021,0.17349194,0.18220539
18287,0,0.16008963,0,0.16700067,0.16008963,0.17032491,0.18736190,0.20875776
18290,0,0.00553563,0,0.16700067,0.00553563,0.00814408,0.03843002,0.04118550
18291,0,0.10861405,0,0.16700067,0.10861405,0.12015940,0.15014231,0.14355622
18294,1,0.11799805,0,0.16700067,0.11799805,0.12945477,0.13913496,0.12783709
18297,0,0.07098535,0,0.16700067,0.07098535,0.08195608,0.14185450,0.13157848
18301,0,0.18833356,1,0.16700067,0.18833356,0.19715920,0.17596273,0.18673558
18307,0,0.17478133,0,0.16700067,0.17478133,0.18433295,0.19865946,0.23241318
18312,0,0.06925868,0,0.16700067,0.06925868,0.08015914,0.12795311,0.11339685
18319,0,0.07297652,0,0.16700067,0.07297652,0.08402267,0.14922635,0.14218911
18322,1,0.21620878,1,0.16700067,0.21620878,0.22329563,0.17818471,0.19088325
18326,0,0.06925868,0,0.16700067,0.06925868,0.08015914,0.12795311,0.11339685
18327,0,0.09527484,0,0.16700067,0.09527484,0.10680252,0.17445030,0.18395231
18341,0,0.16633602,0,0.16700067,0.16633602,0.17629462,0.17115968,0.17800798
18348,0,0.03509680,0,0.16700067,0.03509680,0.04342738,0.15505172,0.15107094
18356,0,0.00693580,0,0.16700067,0.00693580,0.00999543,0.02172607,0.03385592
18359,0,0.12411448,0,0.16700067,0.12411448,0.13547300,0.13100286,0.11718792
18360,0,0.12411448,0,0.16700067,0.12411448,0.13547300,0.13100286,0.11718792
18363,1,0.06925868,0,0.16700067,0.06925868,0.08015914,0.12795311,0.11339685
18374,0,0.16633602,0,0.16700067,0.16633602,0.17629462,0.17115968,0.17800798
18375,0,0.10861405,0,0.16700067,0.10861405,0.12015940,0.15014231,0.14355622
18381,0,0.10861405,0,0.16700067,0.10861405,0.12015940,0.15014231,0.14355622
18393,0,0.09816023,0,0.16700067,0.09816023,0.10970713,0.14869861,0.14140639
18430,0,0.21249869,1,0.16700067,0.21249869,0.21983408,0.16025304,0.15938215
18433,0,0.16633602,0,0.16700067,0.16633602,0.17629462,0.17115968,0.17800798
18436,0,0.16633602,0,0.16700067,0.16633602,0.17629462,0.17115968,0.17800798
18439,0,0.21249869,1,0.16700067,0.21249869,0.21983408,0.16025304,0.15938215
18440,1,0.20925546,1,0.16700067,0.20925546,0.21680407,0.17892514,0.19228094
18441,0,0.05895590,0,0.16700067,0.05895590,0.06933561,0.14873651,0.14146249
18444,0,0.14331253,0,0.16700067,0.14331253,0.15417851,0.16983962,0.17566602
18450,0,0.18833356,1,0.16700067,0.18833356,0.19715920,0.17596273,0.18673558
18458,0,0.10861405,0,0.16700067,0.10861405,0.12015940,0.15014231,0.14355622
18459,0,0.18833356,1,0.16700067,0.18833356,0.19715920,0.17596273,0.18673558
18462,0,0.18833356,1,0.16700067,0.18833356,0.19715920,0.17596273,0.18673558
18464,0,0.08913516,0,0.16700067,0.08913516,0.10059137,0.17270329,0.18077750
18467,0,0.16633602,0,0.16700067,0.16633602,0.17629462,0.17115968,0.17800798
18471,1,0.16633602,0,0.16700067,0.16633602,0.17629462,0.17115968,0.17800798
18481,0,0.12411448,0,0.16700067,0.12411448,0.13547300,0.13100286,0.11718792
18489,0,0.14417299,0,0.16700067,0.14417299,0.15501088,0.16346956,0.16470492
18495,1,0.19283741,1,0.16700067,0.19283741,0.20140335,0.15148717,0.14558328
18504,1,0.18833356,1,0.16700067,0.18833356,0.19715920,0.17596273,0.18673558
18520,1,0.14098569,0,0.16700067,0.14098569,0.15192518,0.15621815,0.15290325
18521,1,0.12941977,0,0.16700067,0.12941977,0.14066909,0.17889689,0.19222747
18524,0,0.21061596,1,0.16700067,0.21061596,0.21807560,0.18650446,0.20703683
18527,0,0.08843744,0,0.16700067,0.08843744,0.09988279,0.13407955,0.12112337
18536,0,0.23946552,1,0.16700067,0.23946552,0.24489069,0.17601028,0.18682362
18537,0,0.06785110,0,0.16700067,0.06785110,0.07869084,0.14985997,0.14313365
18538,0,0.12411448,0,0.16700067,0.12411448,0.13547300,0.13100286,0.11718792
18550,0,0.13427114,0,0.16700067,0.13427114,0.14540208,0.14607577,0.13756955
18554,0,0.12411448,0,0.16700067,0.12411448,0.13547300,0.13100286,0.11718792
18561,0,0.06925868,0,0.16700067,0.06925868,0.08015914,0.12795311,0.11339685
18576,0,0.10407019,0,0.16700067,0.10407019,0.11562946,0.15734031,0.15468315
18580,1,0.19626419,1,0.16700067,0.19626419,0.20462675,0.23481699,0.31994014
18582,0,0.08084375,0,0.16700067,0.08084375,0.09213238,0.14985997,0.14313365
18583,0,0.18833356,1,0.16700067,0.18833356,0.19715920,0.17596273,0.18673558
18591,0,0.18833356,1,0.16700067,0.18833356,0.19715920,0.17596273,0.18673558
18593,1,0.35832017,1,0.16700067,0.35832017,0.35340766,0.21121820,0.26082808
18598,0,0.13653640,0,0.16700067,0.13653640,0.14760625,0.17825414,0.19101399
18604,0,0.23097563,1,0.16700067,0.23097563,0.23702704,0.18478000,0.20360754
18620,0,0.16001607,0,0.16700067,0.16001607,0.17025448,0.18182075,0.19782164
18630,0,0.12411448,0,0.16700067,0.12411448,0.13547300,0.13100286,0.11718792
18631,0,0.23510018,1,0.16700067,0.23510018,0.24085002,0.21478047,0.26928522
18647,0,0.12411448,0,0.16700067,0.12411448,0.13547300,0.13100286,0.11718792
18648,0,0.21249869,1,0.16700067,0.21249869,0.21983408,0.16025304,0.15938215
18661,0,0.10861405,0,0.16700067,0.10861405,0.12015940,0.15014231,0.14355622
18663,0,0.03475362,0,0.16700067,0.03475362,0.04304368,0.12996842,0.11588986
18664,0,0.00693580,0,0.16700067,0.00693580,0.00999543,0.02172607,0.03385592
18668,1,0.15126940,0,0.16700067,0.15126940,0.16185762,0.16593627,0.16888290
18670,0,0.10861405,0,0.16700067,0.10861405,0.12015940,0.15014231,0.14355622
18675,1,0.07183134,0,0.16700067,0.07183134,0.08283484,0.13401880,0.12104457
18691,0,0.00693580,0,0.16700067,0.00693580,0.00999543,0.02172607,0.03385592
18698,0,0.18833356,1,0.16700067,0.18833356,0.19715920,0.17596273,0.18673558
18703,0,0.12411448,0,0.16700067,0.12411448,0.13547300,0.13100286,0.11718792
18705,0,0.18833356,1,0.16700067,0.18833356,0.19715920,0.17596273,0.18673558
18709,1,0.16633602,0,0.16700067,0.16633602,0.17629462,0.17115968,0.17800798
18720,0,0.14468321,0,0.16700067,0.14468321,0.15550422,0.17331873,0.18189103
18726,0,0.12411448,0,0.16700067,0.12411448,0.13547300,0.13100286,0.11718792
18729,0,0.20525698,1,0.16700067,0.20525698,0.21306309,0.17709337,0.18883737
18732,0,0.21322272,1,0.16700067,0.21322272,0.22051000,0.17445030,0.18395231
18743,0,0.10861405,0,0.16700067,0.10861405,0.12015940,0.15014231,0.14355622
18751,1,0.18833356,1,0.16700067,0.18833356,0.19715920,0.17596273,0.18673558
18753,1,0.25131541,1,0.16700067,0.25131541,0.25583237,0.18064658,0.19556050
18762,0,0.10861405,0,0.16700067,0.10861405,0.12015940,0.15014231,0.14355622
18770,1,0.18833356,1,0.16700067,0.18833356,0.19715920,0.17596273,0.18673558
18775,1,0.21249869,1,0.16700067,0.21249869,0.21983408,0.16025304,0.15938215
18783,0,0.16633602,0,0.16700067,0.16633602,0.17629462,0.17115968,0.17800798
18795,0,0.18833356,1,0.16700067,0.18833356,0.19715920,0.17596273,0.18673558
18801,0,0.18113233,1,0.16700067,0.18113233,0.19035444,0.18008164,0.19447958
18806,0,0.18833356,1,0.16700067,0.18833356,0.19715920,0.17596273,0.18673558
18816,1,0.57746034,1,0.16700067,0.57746034,0.55262150,0.50772484,0.92904783
18817,0,0.24094599,1,0.16700067,0.24094599,0.24625980,0.17708158,0.18881535
18836,0,0.10861405,0,0.16700067,0.10861405,0.12015940,0.15014231,0.14355622
18843,0,0.17168475,0,0.16700067,0.17168475,0.18138983,0.17096291,0.17765734
18849,0,0.23510018,1,0.16700067,0.23510018,0.24085002,0.21478047,0.26928522
18853,0,0.13148718,0,0.16700067,0.13148718,0.14268816,0.17822784,0.19096447
18863,1,0.36860221,1,0.16700067,0.36860221,0.36271378,0.23919875,0.33166990
18864,0,0.16633602,0,0.16700067,0.16633602,0.17629462,0.17115968,0.17800798
18867,0,0.12365233,0,0.16700067,0.12365233,0.13501933,0.16068873,0.16009489
18873,0,0.21249869,1,0.16700067,0.21249869,0.21983408,0.16025304,0.15938215
18889,0,0.09963958,0,0.16700067,0.09963958,0.11119292,0.16270727,0.16343070
18890,0,0.10861405,0,0.16700067,0.10861405,0.12015940,0.15014231,0.14355622
18892,0,0.24703640,1,0.16700067,0.24703640,0.25188569,0.17445030,0.18395231
18895,0,0.12411448,0,0.16700067,0.12411448,0.13547300,0.13100286,0.11718792
18898,0,0.16633602,0,0.16700067,0.16633602,0.17629462,0.17115968,0.17800798
18907,0,0.19256501,1,0.16700067,0.19256501,0.20114691,0.18525042,0.20453881
18917,0,0.12411448,0,0.16700067,0.12411448,0.13547300,0.13100286,0.11718792
18918,0,0.24288032,1,0.16700067,0.24288032,0.24804770,0.18438099,0.20282010
18932,1,0.26210335,1,0.16700067,0.26210335,0.26576198,0.18161447,0.19742298
18933,0,0.18833356,1,0.16700067,0.18833356,0.19715920,0.17596273,0.18673558
18935,0,0.31917085,1,0.16700067,0.31917085,0.31789815,0.20443908,0.24521585
18945,0,0.16633602,0,0.16700067,0.16633602,0.17629462,0.17115968,0.17800798
18950,0,0.15706508,0,0.16700067,0.15706508,0.16742651,0.15958890,0.15830064
18955,0,0.15126940,0,0.16700067,0.15126940,0.16185762,0.16593627,0.16888290
18957,0,0.16633602,0,0.16700067,0.16633602,0.17629462,0.17115968,0.17800798
18963,0,0.18833356,1,0.16700067,0.18833356,0.19715920,0.17596273,0.18673558
18971,0,0.16633602,0,0.16700067,0.16633602,0.17629462,0.17115968,0.17800798
18974,0,0.10861405,0,0.16700067,0.10861405,0.12015940,0.15014231,0.14355622
18977,0,0.18833356,1,0.16700067,0.18833356,0.19715920,0.17596273,0.18673558
18981,0,0.07162936,0,0.16700067,0.07162936,0.08262513,0.13440151,0.12154172
18982,0,0.20806811,1,0.16700067,0.20806811,0.21569381,0.18766422,0.20936705
18986,0,0.19440548,1,0.16700067,0.19440548,0.20287896,0.17892774,0.19228585
18988,0,0.13204546,0,0.16700067,0.13204546,0.14323285,0.16599763,0.16898790
18996,0,0.16633602,0,0.16700067,0.16633602,0.17629462,0.17115968,0.17800798
18999,0,0.10861405,0,0.16700067,0.10861405,0.12015940,0.15014231,0.14355622
19002,0,0.15126940,0,0.16700067,0.15126940,0.16185762,0.16593627,0.16888290
19009,0,0.10861405,0,0.16700067,0.10861405,0.12015940,0.15014231,0.14355622
19012,0,0.10910461,0,0.16700067,0.10910461,0.12064729,0.17803670,0.19060480
19013,0,0.18833356,1,0.16700067,0.18833356,0.19715920,0.17596273,0.18673558
19020,1,0.34724270,1,0.16700067,0.34724270,0.34337398,0.20110604,0.23777518
19025,0,0.16633602,0,0.16700067,0.16633602,0.17629462,0.17115968,0.17800798
19030,0,0.12411448,0,0.16700067,0.12411448,0.13547300,0.13100286,0.11718792
19032,0,0.09435565,0,0.16700067,0.09435565,0.10587532,0.16630877,0.16952109
19033,1,0.46503920,1,0.16700067,0.46503920,0.44994482,0.22687500,0.29925585
19037,0,0.16633602,0,0.16700067,0.16633602,0.17629462,0.17115968,0.17800798
19038,0,0.08942315,0,0.16700067,0.08942315,0.10088367,0.15777344,0.15537466
19039,1,0.21249869,1,0.16700067,0.21249869,0.21983408,0.16025304,0.15938215
19045,0,0.18833356,1,0.16700067,0.18833356,0.19715920,0.17596273,0.18673558
19051,0,0.14701046,0,0.16700067,0.14701046,0.15775234,0.15650324,0.15335384
19061,1,0.21249869,1,0.16700067,0.21249869,0.21983408,0.16025304,0.15938215
19063,0,0.10861405,0,0.16700067,0.10861405,0.12015940,0.15014231,0.14355622
19066,0,0.05694705,0,0.16700067,0.05694705,0.06720329,0.12782760,0.11324313
19068,0,0.12411448,0,0.16700067,0.12411448,0.13547300,0.13100286,0.11718792
19073,1,0.61531378,1,0.16700067,0.61531378,0.58773559,0.23542099,0.32154396
19074,0,0.29202626,1,0.16700067,0.29202626,0.29317027,0.21421393,0.26792869
19082,0,0.14357560,0,0.16700067,0.14357560,0.15443304,0.16779216,0.17208163
19092,0,0.07183216,0,0.16700067,0.07183216,0.08283569,0.12942561,0.11521374
19095,0,0.16633602,0,0.16700067,0.16633602,0.17629462,0.17115968,0.17800798
19101,0,0.31917085,1,0.16700067,0.31917085,0.31789815,0.20443908,0.24521585
19106,0,0.26466781,1,0.16700067,0.26466781,0.26811830,0.18117867,0.19658274
19108,0,0.10861405,0,0.16700067,0.10861405,0.12015940,0.15014231,0.14355622
19117,0,0.12524060,0,0.16700067,0.12524060,0.13657777,0.16470938,0.16679440
19120,0,0.15126940,0,0.16700067,0.15126940,0.16185762,0.16593627,0.16888290
19127,1,0.06925868,0,0.16700067,0.06925868,0.08015914,0.12795311,0.11339685
19132,0,0.15126940,0,0.16700067,0.15126940,0.16185762,0.16593627,0.16888290
19142,0,0.18833356,1,0.16700067,0.18833356,0.19715920,0.17596273,0.18673558
19154,1,0.12761961,0,0.16700067,0.12761961,0.13890841,0.17673912,0.18817689
19164,0,0.15236411,0,0.16700067,0.15236411,0.16291104,0.17806127,0.19065100
19166,1,0.15126940,0,0.16700067,0.15126940,0.16185762,0.16593627,0.16888290
19167,0,0.15982444,0,0.16700067,0.15982444,0.17007099,0.15777344,0.15537466
19172,1,0.10128061,0,0.16700067,0.10128061,0.11283845,0.16206996,0.16237150
19184,0,0.10891445,0,0.16700067,0.10891445,0.12045819,0.13907352,0.12775361
19191,0,0.10861405,0,0.16700067,0.10861405,0.12015940,0.15014231,0.14355622
19206,0,0.10861405,0,0.16700067,0.10861405,0.12015940,0.15014231,0.14355622
19211,0,0.10861405,0,0.16700067,0.10861405,0.12015940,0.15014231,0.14355622
19216,0,0.10861405,0,0.16700067,0.10861405,0.12015940,0.15014231,0.14355622
19222,1,0.36150285,1,0.16700067,0.36150285,0.35628891,0.18452578,0.20310559
19223,0,0.20910580,1,0.16700067,0.20910580,0.21666416,0.17382422,0.18280962
19225,0,0.15126940,0,0.16700067,0.15126940,0.16185762,0.16593627,0.16888290
19226,0,0.16801748,0,0.16700067,0.16801748,0.17789799,0.15318962,0.14818330
19227,0,0.16633602,0,0.16700067,0.16633602,0.17629462,0.17115968,0.17800798
19228,0,0.06925868,0,0.16700067,0.06925868,0.08015914,0.12795311,0.11339685
19230,0,0.15126940,0,0.16700067,0.15126940,0.16185762,0.16593627,0.16888290
19236,0,0.18833356,1,0.16700067,0.18833356,0.19715920,0.17596273,0.18673558
19238,0,0.26401308,1,0.16700067,0.26401308,0.26751686,0.19472437,0.22396709
19243,1,0.26616262,1,0.16700067,0.26616262,0.26949110,0.20278671,0.24150758
19245,0,0.18833356,1,0.16700067,0.18833356,0.19715920,0.17596273,0.18673558
19249,1,0.16633602,0,0.16700067,0.16633602,0.17629462,0.17115968,0.17800798
19257,0,0.03097286,0,0.16700067,0.03097286,0.03879018,0.11771930,0.10144842
19260,1,0.21249869,1,0.16700067,0.21249869,0.21983408,0.16025304,0.15938215
19262,0,0.15126940,0,0.16700067,0.15126940,0.16185762,0.16593627,0.16888290
19266,1,0.15126940,0,0.16700067,0.15126940,0.16185762,0.16593627,0.16888290
19267,1,0.10407019,0,0.16700067,0.10407019,0.11562946,0.15734031,0.15468315
19282,0,0.17184889,0,0.16700067,0.17184889,0.18154596,0.17273146,0.18082835
19286,0,0.12271153,0,0.16700067,0.12271153,0.13409527,0.17187408,0.17928559
19287,0,0.18833356,1,0.16700067,0.18833356,0.19715920,0.17596273,0.18673558
19293,0,0.21322272,1,0.16700067,0.21322272,0.22051000,0.17445030,0.18395231
19310,0,0.10861405,0,0.16700067,0.10861405,0.12015940,0.15014231,0.14355622
19312,0,0.23963852,1,0.16700067,0.23963852,0.24505071,0.18226284,0.19867808
19318,1,0.61531378,1,0.16700067,0.61531378,0.58773559,0.23542099,0.32154396
19319,0,0.06925868,0,0.16700067,0.06925868,0.08015914,0.12795311,0.11339685
19326,0,0.10705249,0,0.16700067,0.10705249,0.11860484,0.17115968,0.17800798
19329,0,0.26210335,1,0.16700067,0.26210335,0.26576198,0.18161447,0.19742298
19333,0,0.23403527,1,0.16700067,0.23403527,0.23986346,0.19108409,0.21635025
19338,0,0.16875241,0,0.16700067,0.16875241,0.17859833,0.17445030,0.18395231
19346,0,0.12411448,0,0.16700067,0.12411448,0.13547300,0.13100286,0.11718792
19356,0,0.16633602,0,0.16700067,0.16633602,0.17629462,0.17115968,0.17800798
19363,1,0.15126940,0,0.16700067,0.15126940,0.16185762,0.16593627,0.16888290
19364,0,0.07546523,0,0.16700067,0.07546523,0.08659745,0.15777344,0.15537466
19366,0,0.15981029,0,0.16700067,0.15981029,0.17005745,0.17388536,0.18292096
19373,1,0.12705338,0,0.16700067,0.12705338,0.13835408,0.16546259,0.16807411
19381,1,0.17776999,0,0.16700067,0.17776999,0.18716897,0.15835743,0.15631102
19387,0,0.21249869,1,0.16700067,0.21249869,0.21983408,0.16025304,0.15938215
19388,0,0.14200157,0,0.16700067,0.14200157,0.15290940,0.15990534,0.15881519
19391,0,0.16633602,0,0.16700067,0.16633602,0.17629462,0.17115968,0.17800798
19393,0,0.18833356,1,0.16700067,0.18833356,0.19715920,0.17596273,0.18673558
19396,0,0.03745053,0,0.16700067,0.03745053,0.04604893,0.15061200,0.14426148
19407,0,0.06925868,0,0.16700067,0.06925868,0.08015914,0.12795311,0.11339685
19408,1,0.26616262,1,0.16700067,0.26616262,0.26949110,0.20278671,0.24150758
19411,0,0.16633602,0,0.16700067,0.16633602,0.17629462,0.17115968,0.17800798
19417,0,0.21082199,1,0.16700067,0.21082199,0.21826809,0.19356945,0.22153007
19421,0,0.21249869,1,0.16700067,0.21249869,0.21983408,0.16025304,0.15938215
19426,0,0.10892230,0,0.16700067,0.10892230,0.12046600,0.17821626,0.19094265
19427,0,0.10861405,0,0.16700067,0.10861405,0.12015940,0.15014231,0.14355622
19442,0,0.07532232,0,0.16700067,0.07532232,0.08644984,0.17019120,0.17628739
19445,0,0.16633602,0,0.16700067,0.16633602,0.17629462,0.17115968,0.17800798
19446,0,0.14968235,0,0.16700067,0.14968235,0.16032915,0.15777344,0.15537466
19448,0,0.18833356,1,0.16700067,0.18833356,0.19715920,0.17596273,0.18673558
19452,0,0.21249869,1,0.16700067,0.21249869,0.21983408,0.16025304,0.15938215
19465,0,0.18833356,1,0.16700067,0.18833356,0.19715920,0.17596273,0.18673558
19466,1,0.57181062,1,0.16700067,0.57181062,0.54740997,0.43475016,0.84326684
19471,0,0.09328147,0,0.16700067,0.09328147,0.10479059,0.13908135,0.12776426
19474,0,0.20516482,1,0.16700067,0.20516482,0.21297679,0.17965504,0.19366634
19493,0,0.27600690,1,0.16700067,0.27600690,0.27851967,0.18614180,0.20631210
19495,0,0.16633602,0,0.16700067,0.16633602,0.17629462,0.17115968,0.17800798
19496,1,0.16598106,0,0.16700067,0.16598106,0.17595595,0.17596273,0.18673558
19503,0,0.15126940,0,0.16700067,0.15126940,0.16185762,0.16593627,0.16888290
19504,0,0.21322272,1,0.16700067,0.21322272,0.22051000,0.17445030,0.18395231
19508,1,0.20525698,1,0.16700067,0.20525698,0.21306309,0.17709337,0.18883737
19520,1,0.10407019,0,0.16700067,0.10407019,0.11562946,0.15734031,0.15468315
19521,1,0.10861405,0,0.16700067,0.10861405,0.12015940,0.15014231,0.14355622
19522,0,0.19082744,1,0.16700067,0.19082744,0.19951037,0.18058399,0.19544052
19530,0,0.12411448,0,0.16700067,0.12411448,0.13547300,0.13100286,0.11718792
19531,0,0.10861405,0,0.16700067,0.10861405,0.12015940,0.15014231,0.14355622
19535,0,0.15126940,0,0.16700067,0.15126940,0.16185762,0.16593627,0.16888290
19538,0,0.18688836,1,0.16700067,0.18688836,0.19579545,0.16526621,0.16773969
19539,0,0.19490038,1,0.16700067,0.19490038,0.20334447,0.14309170,0.13331108
19540,0,0.27600690,1,0.16700067,0.27600690,0.27851967,0.18614180,0.20631210
19541,1,0.23097563,1,0.16700067,0.23097563,0.23702704,0.18478000,0.20360754
19542,1,0.07185535,0,0.16700067,0.07185535,0.08285976,0.14198122,0.13175505
19548,0,0.08785842,0,0.16700067,0.08785842,0.09929432,0.14014809,0.12922017
19551,1,0.09816023,0,0.16700067,0.09816023,0.10970713,0.14869861,0.14140639
19553,1,0.12365233,0,0.16700067,0.12365233,0.13501933,0.16068873,0.16009489
19554,0,0.17184889,0,0.16700067,0.17184889,0.18154596,0.17273146,0.18082835
19556,0,0.18833356,1,0.16700067,0.18833356,0.19715920,0.17596273,0.18673558
19560,0,0.30382440,1,0.16700067,0.30382440,0.30393152,0.18064658,0.19556050
19563,0,0.10861405,0,0.16700067,0.10861405,0.12015940,0.15014231,0.14355622
19570,0,0.18833356,1,0.16700067,0.18833356,0.19715920,0.17596273,0.18673558
19572,0,0.16633602,0,0.16700067,0.16633602,0.17629462,0.17115968,0.17800798
19577,0,0.16891778,0,0.16700067,0.16891778,0.17875587,0.18019521,0.19469651
19582,1,0.04493240,0,0.16700067,0.04493240,0.05427587,0.14765806,0.13987362
19583,0,0.10800479,0,0.16700067,0.10800479,0.11955314,0.12817767,0.11367229
19597,0,0.15126940,0,0.16700067,0.15126940,0.16185762,0.16593627,0.16888290
19601,0,0.06925868,0,0.16700067,0.06925868,0.08015914,0.12795311,0.11339685
19608,0,0.16633602,0,0.16700067,0.16633602,0.17629462,0.17115968,0.17800798
19614,1,0.16633602,0,0.16700067,0.16633602,0.17629462,0.17115968,0.17800798
19619,0,0.08873292,0,0.16700067,0.08873292,0.10018294,0.16019164,0.15928191
19620,1,0.10861405,0,0.16700067,0.10861405,0.12015940,0.15014231,0.14355622
19624,1,0.13623584,0,0.16700067,0.13623584,0.14731400,0.16082614,0.16032022
19636,0,0.12411448,0,0.16700067,0.12411448,0.13547300,0.13100286,0.11718792
19645,0,0.21515591,1,0.16700067,0.21515591,0.22231378,0.18137046,0.19695219
19649,0,0.21249869,1,0.16700067,0.21249869,0.21983408,0.16025304,0.15938215
19655,0,0.16633602,0,0.16700067,0.16633602,0.17629462,0.17115968,0.17800798
19656,0,0.18833356,1,0.16700067,0.18833356,0.19715920,0.17596273,0.18673558
19664,0,0.18833356,1,0.16700067,0.18833356,0.19715920,0.17596273,0.18673558
19667,0,0.13623584,0,0.16700067,0.13623584,0.14731400,0.16082614,0.16032022
19670,0,0.12411448,0,0.16700067,0.12411448,0.13547300,0.13100286,0.11718792
19672,0,0.06125627,0,0.16700067,0.06125627,0.07176816,0.14627262,0.13785444
19676,0,0.18113233,1,0.16700067,0.18113233,0.19035444,0.18008164,0.19447958
19682,0,0.18833356,1,0.16700067,0.18833356,0.19715920,0.17596273,0.18673558
19683,0,0.08785842,0,0.16700067,0.08785842,0.09929432,0.14014809,0.12922017
19688,0,0.14340672,0,0.16700067,0.14340672,0.15426965,0.14558830,0.13686615
19694,0,0.18833356,1,0.16700067,0.18833356,0.19715920,0.17596273,0.18673558
19696,1,0.16633602,0,0.16700067,0.16633602,0.17629462,0.17115968,0.17800798
19697,0,0.06925868,0,0.16700067,0.06925868,0.08015914,0.12795311,0.11339685
19709,0,0.20199910,1,0.16700067,0.20199910,0.21001050,0.15777344,0.15537466
19711,0,0.22373622,1,0.16700067,0.22373622,0.23030418,0.16613738,0.16922721
19715,0,0.10861405,0,0.16700067,0.10861405,0.12015940,0.15014231,0.14355622
19717,0,0.25886716,1,0.16700067,0.25886716,0.26278625,0.17120006,0.17808000
19725,0,0.12411448,0,0.16700067,0.12411448,0.13547300,0.13100286,0.11718792
19728,0,0.12568801,0,0.16700067,0.12568801,0.13701642,0.14549157,0.13672694
19731,0,0.12411448,0,0.16700067,0.12411448,0.13547300,0.13100286,0.11718792
19734,0,0.18833356,1,0.16700067,0.18833356,0.19715920,0.17596273,0.18673558
19747,0,0.15981029,0,0.16700067,0.15981029,0.17005745,0.17388536,0.18292096
19751,0,0.18113233,1,0.16700067,0.18113233,0.19035444,0.18008164,0.19447958
19754,0,0.10861405,0,0.16700067,0.10861405,0.12015940,0.15014231,0.14355622
19756,0,0.22767038,1,0.16700067,0.22767038,0.23395969,0.18789920,0.20984151
19769,0,0.17168475,0,0.16700067,0.17168475,0.18138983,0.17096291,0.17765734
19774,0,0.16008963,0,0.16700067,0.16008963,0.17032491,0.18736190,0.20875776
19780,0,0.10861405,0,0.16700067,0.10861405,0.12015940,0.15014231,0.14355622
19796,0,0.10861405,0,0.16700067,0.10861405,0.12015940,0.15014231,0.14355622
19800,1,0.29193850,1,0.16700067,0.29193850,0.29309014,0.18004457,0.19440880
19804,1,0.10861405,0,0.16700067,0.10861405,0.12015940,0.15014231,0.14355622
19805,0,0.16633602,0,0.16700067,0.16633602,0.17629462,0.17115968,0.17800798
19806,1,0.16633602,0,0.16700067,0.16633602,0.17629462,0.17115968,0.17800798
19808,0,0.16633602,0,0.16700067,0.16633602,0.17629462,0.17115968,0.17800798
19819,0,0.21249869,1,0.16700067,0.21249869,0.21983408,0.16025304,0.15938215
19823,0,0.16633602,0,0.16700067,0.16633602,0.17629462,0.17115968,0.17800798
19836,0,0.21249869,1,0.16700067,0.21249869,0.21983408,0.16025304,0.15938215
19844,0,0.30311748,1,0.16700067,0.30311748,0.30328736,0.17561498,0.18609278
19851,0,0.15126940,0,0.16700067,0.15126940,0.16185762,0.16593627,0.16888290
19855,0,0.05934337,0,0.16700067,0.05934337,0.06974602,0.13407955,0.12112337
19857,0,0.31917085,1,0.16700067,0.31917085,0.31789815,0.20443908,0.24521585
19864,0,0.18833356,1,0.16700067,0.18833356,0.19715920,0.17596273,0.18673558
19873,0,0.10861405,0,0.16700067,0.10861405,0.12015940,0.15014231,0.14355622
19877,0,0.18833356,1,0.16700067,0.18833356,0.19715920,0.17596273,0.18673558
19888,0,0.10861405,0,0.16700067,0.10861405,0.12015940,0.15014231,0.14355622
19889,0,0.21249869,1,0.16700067,0.21249869,0.21983408,0.16025304,0.15938215
19891,0,0.06042517,0,0.16700067,0.06042517,0.07089042,0.15777344,0.15537466
19892,0,0.21620878,1,0.16700067,0.21620878,0.22329563,0.17818471,0.19088325
19899,0,0.14625221,0,0.16700067,0.14625221,0.15702025,0.18162443,0.19744222
19902,1,0.10599290,0,0.16700067,0.10599290,0.11754868,0.17554140,0.18595698
19911,0,0.05794052,0,0.16700067,0.05794052,0.06825878,0.15402679,0.14947585
19914,0,0.26746815,1,0.16700067,0.26746815,0.27068966,0.16526621,0.16773969
19923,0,0.29259974,1,0.16700067,0.29259974,0.29369388,0.19684176,0.22848438
19924,0,0.06092424,0,0.16700067,0.06092424,0.07141765,0.14185766,0.13158288
19932,0,0.16633602,0,0.16700067,0.16633602,0.17629462,0.17115968,0.17800798
19941,0,0.20806811,1,0.16700067,0.20806811,0.21569381,0.18766422,0.20936705
19944,0,0.18833356,1,0.16700067,0.18833356,0.19715920,0.17596273,0.18673558
19945,0,0.21249869,1,0.16700067,0.21249869,0.21983408,0.16025304,0.15938215
19950,0,0.10861405,0,0.16700067,0.10861405,0.12015940,0.15014231,0.14355622
19954,1,0.41787214,1,0.16700067,0.41787214,0.40726144,0.26037102,0.39112296
19960,1,0.23403527,1,0.16700067,0.23403527,0.23986346,0.19108409,0.21635025
19962,0,0.15981029,0,0.16700067,0.15981029,0.17005745,0.17388536,0.18292096
19966,0,0.16633602,0,0.16700067,0.16633602,0.17629462,0.17115968,0.17800798
19969,0,0.05895590,0,0.16700067,0.05895590,0.06933561,0.14873651,0.14146249
19970,0,0.06078320,0,0.16700067,0.06078320,0.07126869,0.17838457,0.19125976
19971,0,0.06925868,0,0.16700067,0.06925868,0.08015914,0.12795311,0.11339685
19980,0,0.16633602,0,0.16700067,0.16633602,0.17629462,0.17115968,0.17800798
19982,0,0.24491546,1,0.16700067,0.24491546,0.24992767,0.16987813,0.17573400
19985,0,0.06623890,0,0.16700067,0.06623890,0.07700520,0.13337351,0.12021031
19987,1,0.17786300,0,0.16700067,0.17786300,0.18725716,0.18148592,0.19717486
19988,1,0.21249869,1,0.16700067,0.21249869,0.21983408,0.16025304,0.15938215
19993,1,0.18833356,1,0.16700067,0.18833356,0.19715920,0.17596273,0.18673558
19996,0,0.18688836,1,0.16700067,0.18688836,0.19579545,0.16526621,0.16773969
19998,0,0.10861405,0,0.16700067,0.10861405,0.12015940,0.15014231,0.14355622
20003,1,0.11207170,0,0.16700067,0.11207170,0.12359350,0.15777344,0.15537466
20009,1,0.15982444,0,0.16700067,0.15982444,0.17007099,0.15777344,0.15537466
20011,0,0.06572547,0,0.16700067,0.06572547,0.07646749,0.15996004,0.15890427
20021,0,0.28008737,1,0.16700067,0.28008737,0.28225614,0.17032753,0.17652881
20023,1,0.06232785,0,0.16700067,0.06232785,0.07289807,0.12888301,0.11454130
20031,0,0.20954807,1,0.16700067,0.20954807,0.21707760,0.17750820,0.18961304
20032,0,0.06924800,0,0.16700067,0.06924800,0.08014801,0.16573831,0.16854451
20041,0,0.26355490,1,0.16700067,0.26355490,0.26709591,0.17596273,0.18673558
20045,1,0.28119910,1,0.16700067,0.28119910,0.28327356,0.19300484,0.22034560
20046,0,0.03510599,0,0.16700067,0.03510599,0.04343765,0.15250670,0.14713575
20064,0,0.10861405,0,0.16700067,0.10861405,0.12015940,0.15014231,0.14355622
20071,1,0.08985033,0,0.16700067,0.08985033,0.10131708,0.14985997,0.14313365
20076,0,0.22926619,1,0.16700067,0.22926619,0.23544106,0.18560782,0.20524846
20082,0,0.24782913,1,0.16700067,0.24782913,0.25261722,0.22085461,0.28409874
20083,0,0.13643456,0,0.16700067,0.13643456,0.14750724,0.13830649,0.12671550
20088,0,0.06925868,0,0.16700067,0.06925868,0.08015914,0.12795311,0.11339685
20089,0,0.16676620,0,0.16700067,0.16676620,0.17670496,0.17953942,0.19344638
20093,0,0.09625611,0,0.16700067,0.09625611,0.10779132,0.15568310,0.15206050
20095,0,0.12411448,0,0.16700067,0.12411448,0.13547300,0.13100286,0.11718792
20098,0,0.18113233,1,0.16700067,0.18113233,0.19035444,0.18008164,0.19447958
20099,0,0.16633602,0,0.16700067,0.16633602,0.17629462,0.17115968,0.17800798
20102,0,0.16633602,0,0.16700067,0.16633602,0.17629462,0.17115968,0.17800798
20106,0,0.14488239,0,0.16700067,0.14488239,0.15569677,0.17548718,0.18585696
20112,0,0.18833356,1,0.16700067,0.18833356,0.19715920,0.17596273,0.18673558
20123,0,0.10861405,0,0.16700067,0.10861405,0.12015940,0.15014231,0.14355622
20128,0,0.12411448,0,0.16700067,0.12411448,0.13547300,0.13100286,0.11718792
20132,0,0.10861405,0,0.16700067,0.10861405,0.12015940,0.15014231,0.14355622
20139,1,0.16008963,0,0.16700067,0.16008963,0.17032491,0.18736190,0.20875776
20144,0,0.52370798,1,0.16700067,0.52370798,0.50329205,0.17097761,0.17768353
20146,1,0.10861405,0,0.16700067,0.10861405,0.12015940,0.15014231,0.14355622
20159,0,0.18833356,1,0.16700067,0.18833356,0.19715920,0.17596273,0.18673558
20175,0,0.11799805,0,0.16700067,0.11799805,0.12945477,0.13913496,0.12783709
20177,0,0.06925868,0,0.16700067,0.06925868,0.08015914,0.12795311,0.11339685
20182,0,0.20910580,1,0.16700067,0.20910580,0.21666416,0.17382422,0.18280962
20183,0,0.27017861,1,0.16700067,0.27017861,0.27317683,0.19585750,0.22637659
20190,0,0.24741207,1,0.16700067,0.24741207,0.25223238,0.16846531,0.17325364
20201,0,0.18833356,1,0.16700067,0.18833356,0.19715920,0.17596273,0.18673558
20202,0,0.09816023,0,0.16700067,0.09816023,0.10970713,0.14869861,0.14140639
20205,0,0.29232489,1,0.16700067,0.29232489,0.29344294,0.17172264,0.17901417
20206,1,0.06073690,0,0.16700067,0.06073690,0.07121979,0.14863635,0.14131428
20207,0,0.23209186,1,0.16700067,0.23209186,0.23806217,0.17258536,0.18056473
20209,0,0.08000220,0,0.16700067,0.08000220,0.09126894,0.14412565,0.13477382
20210,0,0.11334252,0,0.16700067,0.11334252,0.12485296,0.17044356,0.17673447
20214,0,0.25171864,1,0.16700067,0.25171864,0.25620405,0.18975010,0.21360643
20227,1,0.10861405,0,0.16700067,0.10861405,0.12015940,0.15014231,0.14355622
20232,0,0.12909792,0,0.16700067,0.12909792,0.14035447,0.13087734,0.11702974
20237,0,0.12365233,0,0.16700067,0.12365233,0.13501933,0.16068873,0.16009489
20247,0,0.10861405,0,0.16700067,0.10861405,0.12015940,0.15014231,0.14355622
20251,0,0.09816023,0,0.16700067,0.09816023,0.10970713,0.14869861,0.14140639
20254,0,0.11000778,0,0.16700067,0.11000778,0.12154495,0.19886371,0.23285758
20255,0,0.16633602,0,0.16700067,0.16633602,0.17629462,0.17115968,0.17800798
20261,0,0.06925868,0,0.16700067,0.06925868,0.08015914,0.12795311,0.11339685
20264,0,0.12466525,0,0.16700067,0.12466525,0.13601345,0.16265633,0.16334584
20270,1,0.26189786,1,0.16700067,0.26189786,0.26557310,0.18246204,0.19906489
20277,1,0.16633602,0,0.16700067,0.16633602,0.17629462,0.17115968,0.17800798
20278,0,0.15126940,0,0.16700067,0.15126940,0.16185762,0.16593627,0.16888290
20280,0,0.22676739,1,0.16700067,0.22676739,0.23312109,0.18064658,0.19556050
20288,1,0.15126940,0,0.16700067,0.15126940,0.16185762,0.16593627,0.16888290
20289,0,0.06925868,0,0.16700067,0.06925868,0.08015914,0.12795311,0.11339685
20298,1,0.16633602,0,0.16700067,0.16633602,0.17629462,0.17115968,0.17800798
20299,0,0.18833356,1,0.16700067,0.18833356,0.19715920,0.17596273,0.18673558
20301,0,0.19256501,1,0.16700067,0.19256501,0.20114691,0.18525042,0.20453881
20303,0,0.05009347,0,0.16700067,0.05009347,0.05986787,0.12766066,0.11303898
20307,0,0.16633602,0,0.16700067,0.16633602,0.17629462,0.17115968,0.17800798
20311,0,0.06925868,0,0.16700067,0.06925868,0.08015914,0.12795311,0.11339685
20317,0,0.10861405,0,0.16700067,0.10861405,0.12015940,0.15014231,0.14355622
20323,0,0.08072221,0,0.16700067,0.08072221,0.09200774,0.14282410,0.13293469
20324,0,0.03382331,0,0.16700067,0.03382331,0.04200159,0.14016927,0.12924922
20327,0,0.10217183,0,0.16700067,0.10217183,0.11373098,0.16950817,0.17508180
20331,1,0.21328756,1,0.16700067,0.21328756,0.22057051,0.17390941,0.18296477
20334,1,0.21178701,1,0.16700067,0.21178701,0.21916952,0.17940620,0.19319318
20355,0,0.10861405,0,0.16700067,0.10861405,0.12015940,0.15014231,0.14355622
20359,0,0.18833356,1,0.16700067,0.18833356,0.19715920,0.17596273,0.18673558
20362,0,0.19981418,1,0.16700067,0.19981418,0.20796092,0.17445030,0.18395231
20368,0,0.10861405,0,0.16700067,0.10861405,0.12015940,0.15014231,0.14355622
20372,0,0.05296848,0,0.16700067,0.05296848,0.06295687,0.12630741,0.11139585
20373,1,0.20622882,1,0.16700067,0.20622882,0.21397290,0.19016498,0.21445705
20382,1,0.09561381,0,0.16700067,0.09561381,0.10714421,0.16185664,0.16201820
20384,1,0.10861405,0,0.16700067,0.10861405,0.12015940,0.15014231,0.14355622
20387,0,0.26961938,1,0.16700067,0.26961938,0.27266381,0.18282620,0.19977348
20390,0,0.04279808,0,0.16700067,0.04279808,0.05194440,0.12782760,0.11324313
20391,0,0.16633602,0,0.16700067,0.16633602,0.17629462,0.17115968,0.17800798
20397,0,0.10861405,0,0.16700067,0.10861405,0.12015940,0.15014231,0.14355622
20408,0,0.16633602,0,0.16700067,0.16633602,0.17629462,0.17115968,0.17800798
20412,0,0.11790064,0,0.16700067,0.11790064,0.12935868,0.16962111,0.17528071
20413,1,0.18833356,1,0.16700067,0.18833356,0.19715920,0.17596273,0.18673558
20416,0,0.18833356,1,0.16700067,0.18833356,0.19715920,0.17596273,0.18673558
20421,0,0.10861405,0,0.16700067,0.10861405,0.12015940,0.15014231,0.14355622
20422,0,0.06925868,0,0.16700067,0.06925868,0.08015914,0.12795311,0.11339685
20428,0,0.13597058,0,0.16700067,0.13597058,0.14705603,0.16278017,0.16355223
20433,0,0.21249869,1,0.16700067,0.21249869,0.21983408,0.16025304,0.15938215
20434,0,0.33804635,1,0.16700067,0.33804635,0.33503675,0.17536248,0.18562710
20435,0,0.06352424,0,0.16700067,0.06352424,0.07415720,0.14985997,0.14313365
20437,1,0.20525698,1,0.16700067,0.20525698,0.21306309,0.17709337,0.18883737
20444,1,0.30510994,1,0.16700067,0.30510994,0.30510276,0.16321545,0.16427929
20449,0,0.18833356,1,0.16700067,0.18833356,0.19715920,0.17596273,0.18673558
20452,0,0.18833356,1,0.16700067,0.18833356,0.19715920,0.17596273,0.18673558
20458,0,0.21249869,1,0.16700067,0.21249869,0.21983408,0.16025304,0.15938215
20461,0,0.09617172,0,0.16700067,0.09617172,0.10770633,0.15853840,0.15660213
20465,0,0.12692610,0,0.16700067,0.12692610,0.13822945,0.17192434,0.17937574
20471,0,0.21249869,1,0.16700067,0.21249869,0.21983408,0.16025304,0.15938215
20473,0,0.16633602,0,0.16700067,0.16633602,0.17629462,0.17115968,0.17800798
20480,1,0.23097563,1,0.16700067,0.23097563,0.23702704,0.18478000,0.20360754
20488,0,0.16633602,0,0.16700067,0.16633602,0.17629462,0.17115968,0.17800798
20495,0,0.12716486,0,0.16700067,0.12716486,0.13846324,0.17030809,0.17649436
20497,0,0.09816023,0,0.16700067,0.09816023,0.10970713,0.14869861,0.14140639
20502,0,0.14838791,0,0.16700067,0.14838791,0.15908133,0.17361976,0.18243764
20504,0,0.11118335,0,0.16700067,0.11118335,0.12271225,0.16674937,0.17027845
20506,1,0.21249869,1,0.16700067,0.21249869,0.21983408,0.16025304,0.15938215
20507,0,0.21355674,1,0.16700067,0.21355674,0.22082175,0.17838308,0.19125694
20509,0,0.26354283,1,0.16700067,0.26354283,0.26708482,0.18934922,0.21278683
20515,0,0.15126940,0,0.16700067,0.15126940,0.16185762,0.16593627,0.16888290
20521,0,0.15126940,0,0.16700067,0.15126940,0.16185762,0.16593627,0.16888290
20530,0,0.16633602,0,0.16700067,0.16633602,0.17629462,0.17115968,0.17800798
20536,0,0.12411448,0,0.16700067,0.12411448,0.13547300,0.13100286,0.11718792
20539,0,0.32418223,1,0.16700067,0.32418223,0.32245228,0.19462921,0.22376557
20543,0,0.06502517,0,0.16700067,0.06502517,0.07573338,0.15237553,0.14693525
20546,0,0.18833356,1,0.16700067,0.18833356,0.19715920,0.17596273,0.18673558
20549,0,0.03509680,0,0.16700067,0.03509680,0.04342738,0.15505172,0.15107094
20555,1,0.16633602,0,0.16700067,0.16633602,0.17629462,0.17115968,0.17800798
20567,0,0.04761131,0,0.16700067,0.04761131,0.05718626,0.15132801,0.14534214
20575,0,0.03967474,0,0.16700067,0.03967474,0.04851083,0.13233575,0.11887904
20576,0,0.21249869,1,0.16700067,0.21249869,0.21983408,0.16025304,0.15938215
20577,0,0.15126940,0,0.16700067,0.15126940,0.16185762,0.16593627,0.16888290
20580,0,0.15624357,0,0.16700067,0.15624357,0.16663835,0.17679763,0.18828586
20588,0,0.18306543,1,0.16700067,0.18306543,0.19218344,0.16886336,0.17394965
20595,0,0.16633602,0,0.16700067,0.16633602,0.17629462,0.17115968,0.17800798
20602,0,0.15126940,0,0.16700067,0.15126940,0.16185762,0.16593627,0.16888290
20603,0,0.00693580,0,0.16700067,0.00693580,0.00999543,0.02172607,0.03385592
20608,0,0.28076635,1,0.16700067,0.28076635,0.28287755,0.16526621,0.16773969
20611,0,0.14025978,0,0.16700067,0.14025978,0.15122145,0.16133326,0.16115401
20624,0,0.18833356,1,0.16700067,0.18833356,0.19715920,0.17596273,0.18673558
20636,0,0.06708983,0,0.16700067,0.06708983,0.07789542,0.18386010,0.20179558
20638,0,0.15126940,0,0.16700067,0.15126940,0.16185762,0.16593627,0.16888290
20640,0,0.21249869,1,0.16700067,0.21249869,0.21983408,0.16025304,0.15938215
20643,0,0.09816023,0,0.16700067,0.09816023,0.10970713,0.14869861,0.14140639
20648,0,0.13257671,0,0.16700067,0.13257671,0.14375096,0.18043346,0.19515219
20649,0,0.10861405,0,0.16700067,0.10861405,0.12015940,0.15014231,0.14355622
20666,0,0.20215785,1,0.16700067,0.20215785,0.21015934,0.18484767,0.20374131
20671,1,0.53745344,1,0.16700067,0.53745344,0.51585671,0.44297998,0.85607230
20677,0,0.12411448,0,0.16700067,0.12411448,0.13547300,0.13100286,0.11718792
20688,1,0.11235682,0,0.16700067,0.11235682,0.12387620,0.13473599,0.12197765
20698,1,0.27407855,1,0.16700067,0.27407855,0.27675273,0.17892514,0.19228094
20699,1,0.23099442,1,0.16700067,0.23099442,0.23704447,0.18555047,0.20513446
20703,0,0.18721605,1,0.16700067,0.18721605,0.19610475,0.17596273,0.18673558
20707,0,0.26616262,1,0.16700067,0.26616262,0.26949110,0.20278671,0.24150758
20709,0,0.18833356,1,0.16700067,0.18833356,0.19715920,0.17596273,0.18673558
20710,0,0.10861405,0,0.16700067,0.10861405,0.12015940,0.15014231,0.14355622
20711,0,0.09816023,0,0.16700067,0.09816023,0.10970713,0.14869861,0.14140639
20720,1,0.16703651,0,0.16700067,0.16703651,0.17696276,0.17193663,0.17939780
20724,0,0.10861405,0,0.16700067,0.10861405,0.12015940,0.15014231,0.14355622
20726,1,0.18833356,1,0.16700067,0.18833356,0.19715920,0.17596273,0.18673558
20730,0,0.21249869,1,0.16700067,0.21249869,0.21983408,0.16025304,0.15938215
20736,0,0.10861405,0,0.16700067,0.10861405,0.12015940,0.15014231,0.14355622
20752,1,0.23988638,1,0.16700067,0.23988638,0.24527995,0.17821626,0.19094265
20756,0,0.10861405,0,0.16700067,0.10861405,0.12015940,0.15014231,0.14355622
20766,0,0.10861405,0,0.16700067,0.10861405,0.12015940,0.15014231,0.14355622
20774,0,0.07075620,0,0.16700067,0.07075620,0.08171787,0.13407955,0.12112337
20776,0,0.06925868,0,0.16700067,0.06925868,0.08015914,0.12795311,0.11339685
20794,0,0.14122919,0,0.16700067,0.14122919,0.15216116,0.14047075,0.12966332
20795,0,0.18833356,1,0.16700067,0.18833356,0.19715920,0.17596273,0.18673558
20799,1,0.16633602,0,0.16700067,0.16633602,0.17629462,0.17115968,0.17800798
20804,0,0.21249869,1,0.16700067,0.21249869,0.21983408,0.16025304,0.15938215
20820,0,0.10861405,0,0.16700067,0.10861405,0.12015940,0.15014231,0.14355622
20823,0,0.23993516,1,0.16700067,0.23993516,0.24532507,0.14954472,0.14266306
20824,0,0.16502531,0,0.16700067,0.16502531,0.17504373,0.18064658,0.19556050
20830,0,0.16633602,0,0.16700067,0.16633602,0.17629462,0.17115968,0.17800798
20834,0,0.13503550,0,0.16700067,0.13503550,0.14614623,0.17910925,0.19262967
20849,0,0.26025163,1,0.16700067,0.26025163,0.26405959,0.16526621,0.16773969
20851,0,0.25203952,1,0.16700067,0.25203952,0.25649977,0.16526621,0.16773969
20856,0,0.06925868,0,0.16700067,0.06925868,0.08015914,0.12795311,0.11339685
20858,0,0.10861405,0,0.16700067,0.10861405,0.12015940,0.15014231,0.14355622
20859,0,0.15126940,0,0.16700067,0.15126940,0.16185762,0.16593627,0.16888290
20860,0,0.18833356,1,0.16700067,0.18833356,0.19715920,0.17596273,0.18673558
20865,0,0.16633602,0,0.16700067,0.16633602,0.17629462,0.17115968,0.17800798
20866,0,0.10861405,0,0.16700067,0.10861405,0.12015940,0.15014231,0.14355622
20867,0,0.12592402,0,0.16700067,0.12592402,0.13724774,0.16455447,0.16653217
20871,0,0.04471682,0,0.16700067,0.04471682,0.05404091,0.12881116,0.11445251
20874,0,0.10861405,0,0.16700067,0.10861405,0.12015940,0.15014231,0.14355622
20891,0,0.12126578,0,0.16700067,0.12126578,0.13267384,0.18564361,0.20531962
20894,0,0.03822982,0,0.16700067,0.03822982,0.04691315,0.15970217,0.15848466
20908,0,0.06925868,0,0.16700067,0.06925868,0.08015914,0.12795311,0.11339685
20910,0,0.18833356,1,0.16700067,0.18833356,0.19715920,0.17596273,0.18673558
20925,1,0.21712784,1,0.16700067,0.21712784,0.22415237,0.19049185,0.21512896
20928,0,0.20806811,1,0.16700067,0.20806811,0.21569381,0.18766422,0.20936705
20929,0,0.16633602,0,0.16700067,0.16633602,0.17629462,0.17115968,0.17800798
20935,1,0.06925868,0,0.16700067,0.06925868,0.08015914,0.12795311,0.11339685
20936,0,0.21249869,1,0.16700067,0.21249869,0.21983408,0.16025304,0.15938215
20937,0,0.15499277,0,0.16700067,0.15499277,0.16543758,0.14521052,0.13632313
20940,0,0.12411448,0,0.16700067,0.12411448,0.13547300,0.13100286,0.11718792
20941,0,0.20525698,1,0.16700067,0.20525698,0.21306309,0.17709337,0.18883737
20943,1,0.26591793,1,0.16700067,0.26591793,0.26926642,0.18967735,0.21345751
20948,0,0.11900873,0,0.16700067,0.11900873,0.13045134,0.13959368,0.12846174
20955,0,0.19749008,1,0.16700067,0.19749008,0.20577870,0.16828025,0.17293082
20962,0,0.18833356,1,0.16700067,0.18833356,0.19715920,0.17596273,0.18673558
20964,0,0.18833356,1,0.16700067,0.18833356,0.19715920,0.17596273,0.18673558
20970,0,0.10861405,0,0.16700067,0.10861405,0.12015940,0.15014231,0.14355622
20976,0,0.16633602,0,0.16700067,0.16633602,0.17629462,0.17115968,0.17800798
20978,0,0.15982444,0,0.16700067,0.15982444,0.17007099,0.15777344,0.15537466
20980,0,0.18833356,1,0.16700067,0.18833356,0.19715920,0.17596273,0.18673558
20990,0,0.11679126,0,0.16700067,0.11679126,0.12826369,0.18114711,0.19652198
20991,0,0.22375120,1,0.16700067,0.22375120,0.23031811,0.17445030,0.18395231
20992,0,0.16633602,0,0.16700067,0.16633602,0.17629462,0.17115968,0.17800798
20996,0,0.06925868,0,0.16700067,0.06925868,0.08015914,0.12795311,0.11339685
21001,0,0.12411448,0,0.16700067,0.12411448,0.13547300,0.13100286,0.11718792
21004,0,0.10861405,0,0.16700067,0.10861405,0.12015940,0.15014231,0.14355622
21006,1,0.15126940,0,0.16700067,0.15126940,0.16185762,0.16593627,0.16888290
21018,0,0.15299804,0,0.16700067,0.15299804,0.16352072,0.15485863,0.15076937
21019,0,0.09816023,0,0.16700067,0.09816023,0.10970713,0.14869861,0.14140639
21028,0,0.35966314,1,0.16700067,0.35966314,0.35462352,0.24882192,0.35816102
21032,0,0.14683204,0,0.16700067,0.14683204,0.15758011,0.17042088,0.17669426
21036,1,0.23963852,1,0.16700067,0.23963852,0.24505071,0.18226284,0.19867808
21047,0,0.16633602,0,0.16700067,0.16633602,0.17629462,0.17115968,0.17800798
21050,1,0.16633602,0,0.16700067,0.16633602,0.17629462,0.17115968,0.17800798
21056,0,0.16633602,0,0.16700067,0.16633602,0.17629462,0.17115968,0.17800798
21057,1,0.25213955,1,0.16700067,0.25213955,0.25659196,0.19922751,0.23365057
21068,0,0.18833356,1,0.16700067,0.18833356,0.19715920,0.17596273,0.18673558
21072,0,0.12411448,0,0.16700067,0.12411448,0.13547300,0.13100286,0.11718792
21073,0,0.14403041,0,0.16700067,0.14403041,0.15487299,0.16425216,0.16602139
21074,0,0.10861405,0,0.16700067,0.10861405,0.12015940,0.15014231,0.14355622
21075,0,0.12411448,0,0.16700067,0.12411448,0.13547300,0.13100286,0.11718792
21079,0,0.06925868,0,0.16700067,0.06925868,0.08015914,0.12795311,0.11339685
21086,0,0.17168475,0,0.16700067,0.17168475,0.18138983,0.17096291,0.17765734
21089,0,0.05876116,0,0.16700067,0.05876116,0.06912924,0.15340162,0.14850975
21097,0,0.17970168,0,0.16700067,0.17970168,0.18899971,0.16160904,0.16160890
21100,0,0.16633602,0,0.16700067,0.16633602,0.17629462,0.17115968,0.17800798
21110,0,0.34680913,1,0.16700067,0.34680913,0.34298108,0.15827418,0.15617726
21112,0,0.09816023,0,0.16700067,0.09816023,0.10970713,0.14869861,0.14140639
21120,0,0.20525698,1,0.16700067,0.20525698,0.21306309,0.17709337,0.18883737
21121,1,0.51519810,1,0.16700067,0.51519810,0.49552777,0.27411580,0.43166211
21132,0,0.16633602,0,0.16700067,0.16633602,0.17629462,0.17115968,0.17800798
21137,0,0.10729081,0,0.16700067,0.10729081,0.11884224,0.16090185,0.16044447
21138,0,0.06925868,0,0.16700067,0.06925868,0.08015914,0.12795311,0.11339685
21141,0,0.30405504,1,0.16700067,0.30405504,0.30414167,0.18376538,0.20160970
21144,0,0.07183134,0,0.16700067,0.07183134,0.08283484,0.13401880,0.12104457
21154,1,0.06925868,0,0.16700067,0.06925868,0.08015914,0.12795311,0.11339685
21155,0,0.21249869,1,0.16700067,0.21249869,0.21983408,0.16025304,0.15938215
21157,0,0.17168475,0,0.16700067,0.17168475,0.18138983,0.17096291,0.17765734
21162,0,0.21322272,1,0.16700067,0.21322272,0.22051000,0.17445030,0.18395231
21176,1,0.19952500,1,0.16700067,0.19952500,0.20768952,0.16466382,0.16671724
21182,1,0.14468321,0,0.16700067,0.14468321,0.15550422,0.17331873,0.18189103
21184,0,0.57181062,1,0.16700067,0.57181062,0.54740997,0.43475016,0.84326684
21185,0,0.16546308,0,0.16700067,0.16546308,0.17546162,0.15088091,0.14466655
21188,0,0.16633602,0,0.16700067,0.16633602,0.17629462,0.17115968,0.17800798
21198,1,0.18833356,1,0.16700067,0.18833356,0.19715920,0.17596273,0.18673558
21199,0,0.18833356,1,0.16700067,0.18833356,0.19715920,0.17596273,0.18673558
21201,0,0.12108460,0,0.16700067,0.12108460,0.13249558,0.16217329,0.16254286
21206,0,0.01046887,0,0.16700067,0.01046887,0.01452480,0.03105388,0.03777824
21221,0,0.13148718,0,0.16700067,0.13148718,0.14268816,0.17822784,0.19096447
21226,0,0.09816023,0,0.16700067,0.09816023,0.10970713,0.14869861,0.14140639
21234,0,0.21620878,1,0.16700067,0.21620878,0.22329563,0.17818471,0.19088325
21244,0,0.10861405,0,0.16700067,0.10861405,0.12015940,0.15014231,0.14355622
21247,0,0.18833356,1,0.16700067,0.18833356,0.19715920,0.17596273,0.18673558
21250,0,0.10861405,0,0.16700067,0.10861405,0.12015940,0.15014231,0.14355622
21258,1,0.28740704,1,0.16700067,0.28740704,0.28895063,0.22617031,0.29745789
21259,0,0.24709955,1,0.16700067,0.24709955,0.25194397,0.18295441,0.20002341
21267,0,0.18833356,1,0.16700067,0.18833356,0.19715920,0.17596273,0.18673558
21268,0,0.40527499,1,0.16700067,0.40527499,0.39587394,0.21694924,0.27451806
21271,0,0.20482755,1,0.16700067,0.20482755,0.21266095,0.15329093,0.14833923
21278,0,0.13623584,0,0.16700067,0.13623584,0.14731400,0.16082614,0.16032022
21279,1,0.29259974,1,0.16700067,0.29259974,0.29369388,0.19684176,0.22848438
21283,0,0.11679671,0,0.16700067,0.11679671,0.12826907,0.15152310,0.14563776
21284,0,0.20525698,1,0.16700067,0.20525698,0.21306309,0.17709337,0.18883737
21285,0,0.15982444,0,0.16700067,0.15982444,0.17007099,0.15777344,0.15537466
21286,0,0.12411448,0,0.16700067,0.12411448,0.13547300,0.13100286,0.11718792
21298,0,0.21249869,1,0.16700067,0.21249869,0.21983408,0.16025304,0.15938215
21300,0,0.17042848,0,0.16700067,0.17042848,0.18019444,0.17905116,0.19251959
21314,0,0.16306502,0,0.16700067,0.16306502,0.17317117,0.15416944,0.14969703
21315,0,0.06925868,0,0.16700067,0.06925868,0.08015914,0.12795311,0.11339685
21322,0,0.21249869,1,0.16700067,0.21249869,0.21983408,0.16025304,0.15938215
21325,1,0.24288032,1,0.16700067,0.24288032,0.24804770,0.18438099,0.20282010
21328,0,0.10861405,0,0.16700067,0.10861405,0.12015940,0.15014231,0.14355622
21337,1,0.10861405,0,0.16700067,0.10861405,0.12015940,0.15014231,0.14355622
21341,0,0.14225252,0,0.16700067,0.14225252,0.15315244,0.15836672,0.15632597
21343,1,0.06925868,0,0.16700067,0.06925868,0.08015914,0.12795311,0.11339685
21344,0,0.15981029,0,0.16700067,0.15981029,0.17005745,0.17388536,0.18292096
21349,0,0.10921594,0,0.16700067,0.10921594,0.12075797,0.12933679,0.11510342
21353,0,0.05214418,0,0.16700067,0.05214418,0.06207303,0.17448864,0.18402248
21356,0,0.06925868,0,0.16700067,0.06925868,0.08015914,0.12795311,0.11339685
21361,0,0.29436698,1,0.16700067,0.29436698,0.29530709,0.19289927,0.22012466
21362,0,0.18833356,1,0.16700067,0.18833356,0.19715920,0.17596273,0.18673558
21363,1,0.21249869,1,0.16700067,0.21249869,0.21983408,0.16025304,0.15938215
21371,0,0.18833356,1,0.16700067,0.18833356,0.19715920,0.17596273,0.18673558
21383,0,0.16633602,0,0.16700067,0.16633602,0.17629462,0.17115968,0.17800798
21385,0,0.15126940,0,0.16700067,0.15126940,0.16185762,0.16593627,0.16888290
21387,0,0.36150285,1,0.16700067,0.36150285,0.35628891,0.18452578,0.20310559
21393,0,0.18833356,1,0.16700067,0.18833356,0.19715920,0.17596273,0.18673558
21400,0,0.16633602,0,0.16700067,0.16633602,0.17629462,0.17115968,0.17800798
21401,0,0.15126940,0,0.16700067,0.15126940,0.16185762,0.16593627,0.16888290
21409,0,0.15126940,0,0.16700067,0.15126940,0.16185762,0.16593627,0.16888290
21410,0,0.20303631,1,0.16700067,0.20303631,0.21098280,0.14351744,0.13391174
21412,0,0.21249869,1,0.16700067,0.21249869,0.21983408,0.16025304,0.15938215
21416,0,0.12411448,0,0.16700067,0.12411448,0.13547300,0.13100286,0.11718792
21417,0,0.09816023,0,0.16700067,0.09816023,0.10970713,0.14869861,0.14140639
21419,0,0.22997291,1,0.16700067,0.22997291,0.23609685,0.22796083,0.30203842
21423,0,0.10861405,0,0.16700067,0.10861405,0.12015940,0.15014231,0.14355622
21430,0,0.19704719,1,0.16700067,0.19704719,0.20536259,0.16452997,0.16649073
21440,1,0.17890152,0,0.16700067,0.17890152,0.18824158,0.18124291,0.19670643
21449,1,0.18833356,1,0.16700067,0.18833356,0.19715920,0.17596273,0.18673558
21454,0,0.14920544,0,0.16700067,0.14920544,0.15986954,0.16549228,0.16812471
21457,0,0.00553563,0,0.16700067,0.00553563,0.00814408,0.03843002,0.04118550
21461,1,0.10861405,0,0.16700067,0.10861405,0.12015940,0.15014231,0.14355622
21462,0,0.19076180,1,0.16700067,0.19076180,0.19944851,0.17985987,0.19405650
21479,0,0.10861405,0,0.16700067,0.10861405,0.12015940,0.15014231,0.14355622
21495,0,0.09816023,0,0.16700067,0.09816023,0.10970713,0.14869861,0.14140639
21498,1,0.20622882,1,0.16700067,0.20622882,0.21397290,0.19016498,0.21445705
21504,1,0.40313799,1,0.16700067,0.40313799,0.39394223,0.22631990,0.29783905
21505,0,0.16633602,0,0.16700067,0.16633602,0.17629462,0.17115968,0.17800798
21507,0,0.15991753,0,0.16700067,0.15991753,0.17016013,0.18125581,0.19673127
21510,1,0.12411448,0,0.16700067,0.12411448,0.13547300,0.13100286,0.11718792
21511,1,0.10861405,0,0.16700067,0.10861405,0.12015940,0.15014231,0.14355622
21516,0,0.17168475,0,0.16700067,0.17168475,0.18138983,0.17096291,0.17765734
21525,0,0.16633602,0,0.16700067,0.16633602,0.17629462,0.17115968,0.17800798
21526,0,0.12411448,0,0.16700067,0.12411448,0.13547300,0.13100286,0.11718792
21536,0,0.06925868,0,0.16700067,0.06925868,0.08015914,0.12795311,0.11339685
21543,0,0.18833356,1,0.16700067,0.18833356,0.19715920,0.17596273,0.18673558
21544,0,0.06925868,0,0.16700067,0.06925868,0.08015914,0.12795311,0.11339685
21548,0,0.21249869,1,0.16700067,0.21249869,0.21983408,0.16025304,0.15938215
21557,1,0.16703651,0,0.16700067,0.16703651,0.17696276,0.17193663,0.17939780
21558,0,0.10861405,0,0.16700067,0.10861405,0.12015940,0.15014231,0.14355622
21565,0,0.17443592,0,0.16700067,0.17443592,0.18400489,0.17679763,0.18828586
21574,1,0.15126940,0,0.16700067,0.15126940,0.16185762,0.16593627,0.16888290
21575,1,0.18833356,1,0.16700067,0.18833356,0.19715920,0.17596273,0.18673558
21580,0,0.17676250,0,0.16700067,0.17676250,0.18621342,0.17869374,0.19184329
21586,0,0.04458249,0,0.16700067,0.04458249,0.05389444,0.12576323,0.11074102
21593,0,0.14417299,0,0.16700067,0.14417299,0.15501088,0.16346956,0.16470492
21594,0,0.06623890,0,0.16700067,0.06623890,0.07700520,0.13337351,0.12021031
21595,0,0.10861405,0,0.16700067,0.10861405,0.12015940,0.15014231,0.14355622
21602,0,0.10861405,0,0.16700067,0.10861405,0.12015940,0.15014231,0.14355622
21606,0,0.12411448,0,0.16700067,0.12411448,0.13547300,0.13100286,0.11718792
21609,0,0.04009970,0,0.16700067,0.04009970,0.04897958,0.12933679,0.11510342
21617,0,0.18833356,1,0.16700067,0.18833356,0.19715920,0.17596273,0.18673558
21618,0,0.10861405,0,0.16700067,0.10861405,0.12015940,0.15014231,0.14355622
21620,1,0.23639834,1,0.16700067,0.23639834,0.24205221,0.14954472,0.14266306
21623,0,0.04781383,0,0.16700067,0.04781383,0.05740558,0.17731395,0.18924952
21630,0,0.12411448,0,0.16700067,0.12411448,0.13547300,0.13100286,0.11718792
21631,0,0.12411448,0,0.16700067,0.12411448,0.13547300,0.13100286,0.11718792
21638,0,0.15126940,0,0.16700067,0.15126940,0.16185762,0.16593627,0.16888290
21640,1,0.22373622,1,0.16700067,0.22373622,0.23030418,0.16613738,0.16922721
21641,0,0.12411448,0,0.16700067,0.12411448,0.13547300,0.13100286,0.11718792
21647,0,0.21249869,1,0.16700067,0.21249869,0.21983408,0.16025304,0.15938215
21657,0,0.09816023,0,0.16700067,0.09816023,0.10970713,0.14869861,0.14140639
21661,0,0.15126940,0,0.16700067,0.15126940,0.16185762,0.16593627,0.16888290
21664,1,0.38167134,1,0.16700067,0.38167134,0.37453515,0.27281230,0.42776884
21666,0,0.16633602,0,0.16700067,0.16633602,0.17629462,0.17115968,0.17800798
21671,0,0.21249869,1,0.16700067,0.21249869,0.21983408,0.16025304,0.15938215
21685,0,0.28363418,1,0.16700067,0.28363418,0.28550127,0.18720084,0.20843371
21687,0,0.16633602,0,0.16700067,0.16633602,0.17629462,0.17115968,0.17800798
21692,0,0.16633602,0,0.16700067,0.16633602,0.17629462,0.17115968,0.17800798
21695,0,0.10861405,0,0.16700067,0.10861405,0.12015940,0.15014231,0.14355622
21697,0,0.10407019,0,0.16700067,0.10407019,0.11562946,0.15734031,0.15468315
21700,0,0.18833356,1,0.16700067,0.18833356,0.19715920,0.17596273,0.18673558
21705,1,0.18833356,1,0.16700067,0.18833356,0.19715920,0.17596273,0.18673558
21709,1,0.12411448,0,0.16700067,0.12411448,0.13547300,0.13100286,0.11718792
21712,0,0.04058317,0,0.16700067,0.04058317,0.04951225,0.15120107,0.14515007
21718,0,0.10861405,0,0.16700067,0.10861405,0.12015940,0.15014231,0.14355622
21722,0,0.18833356,1,0.16700067,0.18833356,0.19715920,0.17596273,0.18673558
21723,1,0.18833356,1,0.16700067,0.18833356,0.19715920,0.17596273,0.18673558
21726,0,0.11900873,0,0.16700067,0.11900873,0.13045134,0.13959368,0.12846174
21730,0,0.21822318,1,0.16700067,0.21822318,0.22517305,0.19080664,0.21577749
21731,0,0.18833356,1,0.16700067,0.18833356,0.19715920,0.17596273,0.18673558
21737,0,0.07098535,0,0.16700067,0.07098535,0.08195608,0.14185450,0.13157848
21739,0,0.10417912,0,0.16700067,0.10417912,0.11573829,0.15883611,0.15708198
21749,0,0.29202626,1,0.16700067,0.29202626,0.29317027,0.21421393,0.26792869
21753,0,0.18833356,1,0.16700067,0.18833356,0.19715920,0.17596273,0.18673558
21756,1,0.18833356,1,0.16700067,0.18833356,0.19715920,0.17596273,0.18673558
21760,0,0.11819296,0,0.16700067,0.11819296,0.12964703,0.17115968,0.17800798
21761,0,0.08013840,0,0.16700067,0.08013840,0.09140875,0.14575704,0.13710929
21768,1,0.10861405,0,0.16700067,0.10861405,0.12015940,0.15014231,0.14355622
21774,0,0.16544475,0,0.16700067,0.16544475,0.17544413,0.15456906,0.15031805
21786,0,0.10658595,0,0.16700067,0.10658595,0.11813995,0.16712994,0.17093478
21789,0,0.10484376,0,0.16700067,0.10484376,0.11640206,0.14985997,0.14313365
21792,1,0.12411448,0,0.16700067,0.12411448,0.13547300,0.13100286,0.11718792
21794,0,0.15843349,0,0.16700067,0.15843349,0.16873849,0.16372818,0.16513904
21795,0,0.20749071,1,0.16700067,0.20749071,0.21515371,0.17540224,0.18570037
21804,0,0.15126940,0,0.16700067,0.15126940,0.16185762,0.16593627,0.16888290
21806,0,0.23101271,1,0.16700067,0.23101271,0.23706143,0.18385914,0.20179370
21812,0,0.20525698,1,0.16700067,0.20525698,0.21306309,0.17709337,0.18883737
21816,1,0.11799805,0,0.16700067,0.11799805,0.12945477,0.13913496,0.12783709
21817,0,0.10414466,0,0.16700067,0.10414466,0.11570386,0.15299351,0.14788186
21819,0,0.10861405,0,0.16700067,0.10861405,0.12015940,0.15014231,0.14355622
21824,0,0.21061596,1,0.16700067,0.21061596,0.21807560,0.18650446,0.20703683
21827,0,0.06925868,0,0.16700067,0.06925868,0.08015914,0.12795311,0.11339685
21838,0,0.13623584,0,0.16700067,0.13623584,0.14731400,0.16082614,0.16032022
21852,0,0.08106420,0,0.16700067,0.08106420,0.09235841,0.16822536,0.17283515
21856,0,0.06925868,0,0.16700067,0.06925868,0.08015914,0.12795311,0.11339685
21859,1,0.18833356,1,0.16700067,0.18833356,0.19715920,0.17596273,0.18673558
21860,0,0.12411448,0,0.16700067,0.12411448,0.13547300,0.13100286,0.11718792
21862,0,0.39745360,1,0.16700067,0.39745360,0.38880384,0.24617121,0.35076876
21869,0,0.10861405,0,0.16700067,0.10861405,0.12015940,0.15014231,0.14355622
21881,0,0.08577273,0,0.16700067,0.08577273,0.09717123,0.14985997,0.14313365
21888,0,0.27308877,1,0.16700067,0.27308877,0.27584549,0.17557895,0.18602628
21889,0,0.08040416,0,0.16700067,0.08040416,0.09168147,0.15115458,0.14507978
21890,0,0.16404133,0,0.16700067,0.16404133,0.17410405,0.14018068,0.12926486
21898,0,0.16633602,0,0.16700067,0.16633602,0.17629462,0.17115968,0.17800798
21902,0,0.16955019,0,0.16700067,0.16955019,0.17935823,0.17445030,0.18395231
21903,0,0.11463954,0,0.16700067,0.11463954,0.12613690,0.17914662,0.19270053
21905,0,0.10861405,0,0.16700067,0.10861405,0.12015940,0.15014231,0.14355622
21911,0,0.13912513,0,0.16700067,0.13912513,0.15012078,0.13111300,0.11732686
21916,0,0.29813608,1,0.16700067,0.29813608,0.29874594,0.17244815,0.18031742
21923,0,0.10861405,0,0.16700067,0.10861405,0.12015940,0.15014231,0.14355622
21925,0,0.16633602,0,0.16700067,0.16633602,0.17629462,0.17115968,0.17800798
21930,0,0.12143322,0,0.16700067,0.12143322,0.13283855,0.17588054,0.18658350
21932,0,0.06925868,0,0.16700067,0.06925868,0.08015914,0.12795311,0.11339685
21933,0,0.17168475,0,0.16700067,0.17168475,0.18138983,0.17096291,0.17765734
21936,0,0.06232785,0,0.16700067,0.06232785,0.07289807,0.12888301,0.11454130
21941,0,0.10861405,0,0.16700067,0.10861405,0.12015940,0.15014231,0.14355622
21942,0,0.27452466,1,0.16700067,0.27452466,0.27716157,0.18889609,0.21186319
21943,0,0.08106420,0,0.16700067,0.08106420,0.09235841,0.16822536,0.17283515
21944,0,0.12411448,0,0.16700067,0.12411448,0.13547300,0.13100286,0.11718792
21946,0,0.20525698,1,0.16700067,0.20525698,0.21306309,0.17709337,0.18883737
21957,0,0.17961110,0,0.16700067,0.17961110,0.18891389,0.14613542,0.13765582
21958,0,0.27939278,1,0.16700067,0.27939278,0.28162033,0.18698512,0.20800024
21959,1,0.33546948,1,0.16700067,0.33546948,0.33269922,0.21775707,0.27648330
21961,1,0.10900439,0,0.16700067,0.10900439,0.12054762,0.13548967,0.12296487
21963,0,0.21249869,1,0.16700067,0.21249869,0.21983408,0.16025304,0.15938215
21965,0,0.10408001,0,0.16700067,0.10408001,0.11563927,0.13620691,0.12391073
21970,1,0.10861405,0,0.16700067,0.10861405,0.12015940,0.15014231,0.14355622
21982,0,0.17940021,0,0.16700067,0.17940021,0.18871411,0.16025304,0.15938215
21989,0,0.10861405,0,0.16700067,0.10861405,0.12015940,0.15014231,0.14355622
21996,0,0.21811784,1,0.16700067,0.21811784,0.22507491,0.17905116,0.19251959
21998,1,0.12411448,0,0.16700067,0.12411448,0.13547300,0.13100286,0.11718792
22002,0,0.18833356,1,0.16700067,0.18833356,0.19715920,0.17596273,0.18673558
22005,0,0.23397321,1,0.16700067,0.23397321,0.23980597,0.17384820,0.18285328
22010,0,0.18833356,1,0.16700067,0.18833356,0.19715920,0.17596273,0.18673558
22012,1,0.19532052,1,0.16700067,0.19532052,0.20373957,0.17596273,0.18673558
22028,0,0.21249869,1,0.16700067,0.21249869,0.21983408,0.16025304,0.15938215
22036,0,0.07897160,0,0.16700067,0.07897160,0.09021026,0.13407955,0.12112337
22037,0,0.12216804,0,0.16700067,0.12216804,0.13356112,0.14954472,0.14266306
22038,1,0.18114795,1,0.16700067,0.18114795,0.19036923,0.14230804,0.13221139
22040,0,0.20046820,1,0.16700067,0.20046820,0.20857463,0.17974908,0.19384540
22046,0,0.15991753,0,0.16700067,0.15991753,0.17016013,0.18125581,0.19673127
22049,1,0.18833356,1,0.16700067,0.18833356,0.19715920,0.17596273,0.18673558
22059,0,0.16633602,0,0.16700067,0.16633602,0.17629462,0.17115968,0.17800798
22063,0,0.26210335,1,0.16700067,0.26210335,0.26576198,0.18161447,0.19742298
22066,0,0.18833356,1,0.16700067,0.18833356,0.19715920,0.17596273,0.18673558
22075,1,0.14701046,0,0.16700067,0.14701046,0.15775234,0.15650324,0.15335384
22078,0,0.16633602,0,0.16700067,0.16633602,0.17629462,0.17115968,0.17800798
22079,1,0.21258767,1,0.16700067,0.21258767,0.21991716,0.17445030,0.18395231
22082,0,0.10861405,0,0.16700067,0.10861405,0.12015940,0.15014231,0.14355622
22087,0,0.10443805,0,0.16700067,0.10443805,0.11599693,0.17821626,0.19094265
22093,0,0.06232785,0,0.16700067,0.06232785,0.07289807,0.12888301,0.11454130
22095,0,0.00918867,0,0.16700067,0.00918867,0.01290348,0.05062965,0.04747458
22104,0,0.06925868,0,0.16700067,0.06925868,0.08015914,0.12795311,0.11339685
22106,0,0.11123253,0,0.16700067,0.11123253,0.12276105,0.16305501,0.16401100
22120,0,0.16633602,0,0.16700067,0.16633602,0.17629462,0.17115968,0.17800798
22124,0,0.05639129,0,0.16700067,0.05639129,0.06661200,0.15519258,0.15129126
22125,0,0.18046845,0,0.16700067,0.18046845,0.18972591,0.14985997,0.14313365
22130,0,0.09389311,0,0.16700067,0.09389311,0.10540839,0.17679763,0.18828586
22131,0,0.13783125,0,0.16700067,0.13783125,0.14886457,0.17258353,0.18056144
22141,0,0.18833356,1,0.16700067,0.18833356,0.19715920,0.17596273,0.18673558
22145,0,0.10861405,0,0.16700067,0.10861405,0.12015940,0.15014231,0.14355622
22150,0,0.05655696,0,0.16700067,0.05655696,0.06678832,0.13391024,0.12090388
22151,0,0.06232785,0,0.16700067,0.06232785,0.07289807,0.12888301,0.11454130
22161,0,0.31657153,1,0.16700067,0.31657153,0.31553478,0.16025304,0.15938215
22166,0,0.10741471,0,0.16700067,0.10741471,0.11896564,0.14985997,0.14313365
22178,1,0.18833356,1,0.16700067,0.18833356,0.19715920,0.17596273,0.18673558
22185,0,0.26616262,1,0.16700067,0.26616262,0.26949110,0.20278671,0.24150758
22202,0,0.18833356,1,0.16700067,0.18833356,0.19715920,0.17596273,0.18673558
22203,0,0.10861405,0,0.16700067,0.10861405,0.12015940,0.15014231,0.14355622
22207,1,0.10861405,0,0.16700067,0.10861405,0.12015940,0.15014231,0.14355622
22213,0,0.15126940,0,0.16700067,0.15126940,0.16185762,0.16593627,0.16888290
22223,0,0.18928340,1,0.16700067,0.18928340,0.19805500,0.13553707,0.12302718
22227,0,0.31253652,1,0.16700067,0.31253652,0.31186429,0.19772317,0.23038360
22230,0,0.16633602,0,0.16700067,0.16633602,0.17629462,0.17115968,0.17800798
22237,0,0.16633602,0,0.16700067,0.16633602,0.17629462,0.17115968,0.17800798
22240,0,0.34128988,1,0.16700067,0.34128988,0.33797812,0.21185695,0.26233182
22245,0,0.16633602,0,0.16700067,0.16633602,0.17629462,0.17115968,0.17800798
22247,0,0.22399163,1,0.16700067,0.22399163,0.23054165,0.17445030,0.18395231
22251,0,0.16633602,0,0.16700067,0.16633602,0.17629462,0.17115968,0.17800798
22253,0,0.10459741,0,0.16700067,0.10459741,0.11615608,0.16240077,0.16292062
22256,0,0.10861405,0,0.16700067,0.10861405,0.12015940,0.15014231,0.14355622
22261,0,0.22997291,1,0.16700067,0.22997291,0.23609685,0.22796083,0.30203842
22269,0,0.15499277,0,0.16700067,0.15499277,0.16543758,0.14521052,0.13632313
22272,0,0.10861405,0,0.16700067,0.10861405,0.12015940,0.15014231,0.14355622
22273,1,0.16633602,0,0.16700067,0.16633602,0.17629462,0.17115968,0.17800798
22278,0,0.23831926,1,0.16700067,0.23831926,0.24383022,0.15240345,0.14697791
22282,0,0.10658595,0,0.16700067,0.10658595,0.11813995,0.16712994,0.17093478
22284,0,0.23563275,1,0.16700067,0.23563275,0.24134328,0.18040504,0.19509780
22291,0,0.15126940,0,0.16700067,0.15126940,0.16185762,0.16593627,0.16888290
22312,0,0.06925868,0,0.16700067,0.06925868,0.08015914,0.12795311,0.11339685
22314,0,0.18833356,1,0.16700067,0.18833356,0.19715920,0.17596273,0.18673558
22317,1,0.43992624,1,0.16700067,0.43992624,0.42720605,0.23928341,0.33189866
22324,0,0.03946696,0,0.16700067,0.03946696,0.04828146,0.14513204,0.13621055
22325,0,0.00693580,0,0.16700067,0.00693580,0.00999543,0.02172607,0.03385592
22328,0,0.10861405,0,0.16700067,0.10861405,0.12015940,0.15014231,0.14355622
22330,0,0.18833356,1,0.16700067,0.18833356,0.19715920,0.17596273,0.18673558
22337,0,0.18833356,1,0.16700067,0.18833356,0.19715920,0.17596273,0.18673558
22341,0,0.19725495,1,0.16700067,0.19725495,0.20555780,0.22243705,0.28803768
22342,0,0.18833356,1,0.16700067,0.18833356,0.19715920,0.17596273,0.18673558
22350,1,0.15981029,0,0.16700067,0.15981029,0.17005745,0.17388536,0.18292096
22352,0,0.07539645,0,0.16700067,0.07539645,0.08652641,0.14483678,0.13578770
22356,0,0.21322272,1,0.16700067,0.21322272,0.22051000,0.17445030,0.18395231
22357,1,0.16633602,0,0.16700067,0.16633602,0.17629462,0.17115968,0.17800798
22362,0,0.12411448,0,0.16700067,0.12411448,0.13547300,0.13100286,0.11718792
22369,0,0.10861405,0,0.16700067,0.10861405,0.12015940,0.15014231,0.14355622
22371,0,0.16633602,0,0.16700067,0.16633602,0.17629462,0.17115968,0.17800798
22372,0,0.11453130,0,0.16700067,0.11453130,0.12602980,0.17392964,0.18300163
22385,1,0.10861405,0,0.16700067,0.10861405,0.12015940,0.15014231,0.14355622
22386,0,0.16633602,0,0.16700067,0.16633602,0.17629462,0.17115968,0.17800798
22396,0,0.03684990,0,0.16700067,0.03684990,0.04538158,0.12808100,0.11355365
22403,0,0.10408001,0,0.16700067,0.10408001,0.11563927,0.13620691,0.12391073
22407,0,0.04459450,0,0.16700067,0.04459450,0.05390753,0.12146699,0.10568862
22408,0,0.16633602,0,0.16700067,0.16633602,0.17629462,0.17115968,0.17800798
22427,0,0.18768353,1,0.16700067,0.18768353,0.19654592,0.17545308,0.18579408
22433,0,0.18833356,1,0.16700067,0.18833356,0.19715920,0.17596273,0.18673558
22434,0,0.10408001,0,0.16700067,0.10408001,0.11563927,0.13620691,0.12391073
22435,0,0.06925868,0,0.16700067,0.06925868,0.08015914,0.12795311,0.11339685
22443,0,0.08176731,0,0.16700067,0.08176731,0.09307889,0.17817845,0.19087147
22446,0,0.06232785,0,0.16700067,0.06232785,0.07289807,0.12888301,0.11454130
22447,0,0.12411448,0,0.16700067,0.12411448,0.13547300,0.13100286,0.11718792
22452,0,0.10861405,0,0.16700067,0.10861405,0.12015940,0.15014231,0.14355622
22456,0,0.16633602,0,0.16700067,0.16633602,0.17629462,0.17115968,0.17800798
22461,0,0.12839232,0,0.16700067,0.12839232,0.13966447,0.17787069,0.19029284
22465,0,0.04328833,0,0.16700067,0.04328833,0.05248097,0.14942446,0.14248388
22470,1,0.20525698,1,0.16700067,0.20525698,0.21306309,0.17709337,0.18883737
22479,1,0.14683204,0,0.16700067,0.14683204,0.15758011,0.17042088,0.17669426
22495,0,0.09816023,0,0.16700067,0.09816023,0.10970713,0.14869861,0.14140639
22498,0,0.06925868,0,0.16700067,0.06925868,0.08015914,0.12795311,0.11339685
22502,1,0.09816023,0,0.16700067,0.09816023,0.10970713,0.14869861,0.14140639
22510,0,0.10861405,0,0.16700067,0.10861405,0.12015940,0.15014231,0.14355622
22512,1,0.57181062,1,0.16700067,0.57181062,0.54740997,0.43475016,0.84326684
22514,1,0.38446518,1,0.16700067,0.38446518,0.37706145,0.21745548,0.27574859
22525,0,0.16633602,0,0.16700067,0.16633602,0.17629462,0.17115968,0.17800798
22531,1,0.26975091,1,0.16700067,0.26975091,0.27278447,0.24281990,0.34152461
22532,0,0.21249869,1,0.16700067,0.21249869,0.21983408,0.16025304,0.15938215
22542,0,0.13204546,0,0.16700067,0.13204546,0.14323285,0.16599763,0.16898790
22546,1,0.07783854,0,0.16700067,0.07783854,0.08904465,0.14949337,0.14258652
22548,0,0.14496488,0,0.16700067,0.14496488,0.15577650,0.18101942,0.19627637
22556,0,0.05373469,0,0.16700067,0.05373469,0.06377715,0.15342664,0.14854831
22557,0,0.17825411,0,0.16700067,0.17825411,0.18762795,0.14964899,0.14281857
22565,1,0.17042428,0,0.16700067,0.17042428,0.18019044,0.16558816,0.16828820
22566,0,0.18833356,1,0.16700067,0.18833356,0.19715920,0.17596273,0.18673558
22574,1,0.18833356,1,0.16700067,0.18833356,0.19715920,0.17596273,0.18673558
22579,1,0.15126940,0,0.16700067,0.15126940,0.16185762,0.16593627,0.16888290
22585,0,0.02534334,0,0.16700067,0.02534334,0.03235662,0.10604284,0.08919155
22610,0,0.40293788,1,0.16700067,0.40293788,0.39376134,0.16593627,0.16888290
22621,0,0.03745053,0,0.16700067,0.03745053,0.04604893,0.15061200,0.14426148
22623,0,0.09510621,0,0.16700067,0.09510621,0.10663249,0.15617414,0.15283378
22626,0,0.11235682,0,0.16700067,0.11235682,0.12387620,0.13473599,0.12197765
22629,1,0.24850769,1,0.16700067,0.24850769,0.25324326,0.18949189,0.21307825
22630,0,0.16633602,0,0.16700067,0.16633602,0.17629462,0.17115968,0.17800798
22631,0,0.16633602,0,0.16700067,0.16633602,0.17629462,0.17115968,0.17800798
22642,1,0.17970168,0,0.16700067,0.17970168,0.18899971,0.16160904,0.16160890
22649,0,0.06031411,0,0.16700067,0.06031411,0.07077303,0.13297239,0.11969423
22652,0,0.29232489,1,0.16700067,0.29232489,0.29344294,0.17172264,0.17901417
22653,0,0.10861405,0,0.16700067,0.10861405,0.12015940,0.15014231,0.14355622
22654,0,0.06411589,0,0.16700067,0.06411589,0.07477897,0.12679907,0.11199040
22656,0,0.16633602,0,0.16700067,0.16633602,0.17629462,0.17115968,0.17800798
22658,0,0.10861405,0,0.16700067,0.10861405,0.12015940,0.15014231,0.14355622
22664,0,0.23127555,1,0.16700067,0.23127555,0.23730521,0.16526621,0.16773969
22668,0,0.12886543,0,0.16700067,0.12886543,0.14012717,0.17596273,0.18673558
22673,1,0.18833356,1,0.16700067,0.18833356,0.19715920,0.17596273,0.18673558
22677,0,0.18833356,1,0.16700067,0.18833356,0.19715920,0.17596273,0.18673558
22682,1,0.36947286,1,0.16700067,0.36947286,0.36350153,0.21573055,0.27156983
22683,0,0.19422484,1,0.16700067,0.19422484,0.20270903,0.16226043,0.16268749
22691,1,0.21182312,1,0.16700067,0.21182312,0.21920325,0.17702787,0.18871511
22694,0,0.10861405,0,0.16700067,0.10861405,0.12015940,0.15014231,0.14355622
22695,0,0.06779775,0,0.16700067,0.06779775,0.07863513,0.13525539,0.12265725
22697,0,0.21249869,1,0.16700067,0.21249869,0.21983408,0.16025304,0.15938215
22698,0,0.16633602,0,0.16700067,0.16633602,0.17629462,0.17115968,0.17800798
22723,0,0.26331923,1,0.16700067,0.26331923,0.26687937,0.22793451,0.30197080
22728,0,0.18833356,1,0.16700067,0.18833356,0.19715920,0.17596273,0.18673558
22733,0,0.09063512,0,0.16700067,0.09063512,0.10211275,0.13153037,0.11785469
22736,0,0.16633602,0,0.16700067,0.16633602,0.17629462,0.17115968,0.17800798
22737,1,0.27452466,1,0.16700067,0.27452466,0.27716157,0.18889609,0.21186319
22741,0,0.28271600,1,0.16700067,0.28271600,0.28466142,0.19016498,0.21445705
22742,0,0.17168475,0,0.16700067,0.17168475,0.18138983,0.17096291,0.17765734
22743,0,0.10794627,0,0.16700067,0.10794627,0.11949489,0.14880292,0.14156082
22745,0,0.18833356,1,0.16700067,0.18833356,0.19715920,0.17596273,0.18673558
22747,0,0.04554606,0,0.16700067,0.04554606,0.05494409,0.13326064,0.12006490
22749,0,0.18833356,1,0.16700067,0.18833356,0.19715920,0.17596273,0.18673558
22750,0,0.15960531,0,0.16700067,0.15960531,0.16986115,0.16565847,0.16840818
22751,0,0.06951304,0,0.16700067,0.06951304,0.08042414,0.13087734,0.11702974
22754,1,0.18833356,1,0.16700067,0.18833356,0.19715920,0.17596273,0.18673558
22755,0,0.10861405,0,0.16700067,0.10861405,0.12015940,0.15014231,0.14355622
22760,0,0.15981029,0,0.16700067,0.15981029,0.17005745,0.17388536,0.18292096
22761,0,0.16633602,0,0.16700067,0.16633602,0.17629462,0.17115968,0.17800798
22764,1,0.18833356,1,0.16700067,0.18833356,0.19715920,0.17596273,0.18673558
22765,0,0.21249869,1,0.16700067,0.21249869,0.21983408,0.16025304,0.15938215
22774,0,0.09331333,0,0.16700067,0.09331333,0.10482279,0.18321265,0.20052751
22784,0,0.19814014,1,0.16700067,0.19814014,0.20638929,0.16087325,0.16039753
22790,0,0.22926619,1,0.16700067,0.22926619,0.23544106,0.18560782,0.20524846
22804,0,0.18833356,1,0.16700067,0.18833356,0.19715920,0.17596273,0.18673558
22810,0,0.25050775,1,0.16700067,0.25050775,0.25508781,0.15306483,0.14799143
22814,0,0.25065455,1,0.16700067,0.25065455,0.25522315,0.19939055,0.23400656
22819,0,0.20525698,1,0.16700067,0.20525698,0.21306309,0.17709337,0.18883737
22830,0,0.10677610,0,0.16700067,0.10677610,0.11832945,0.14868211,0.14138198
22831,0,0.15126940,0,0.16700067,0.15126940,0.16185762,0.16593627,0.16888290
22841,0,0.15981029,0,0.16700067,0.15981029,0.17005745,0.17388536,0.18292096
22849,1,0.18833356,1,0.16700067,0.18833356,0.19715920,0.17596273,0.18673558
22850,0,0.10861405,0,0.16700067,0.10861405,0.12015940,0.15014231,0.14355622
22852,0,0.26616262,1,0.16700067,0.26616262,0.26949110,0.20278671,0.24150758
22853,0,0.10861405,0,0.16700067,0.10861405,0.12015940,0.15014231,0.14355622
22856,0,0.21716964,1,0.16700067,0.21716964,0.22419132,0.13552618,0.12301287
22857,1,0.13623584,0,0.16700067,0.13623584,0.14731400,0.16082614,0.16032022
22860,0,0.12411448,0,0.16700067,0.12411448,0.13547300,0.13100286,0.11718792
22861,1,0.21249869,1,0.16700067,0.21249869,0.21983408,0.16025304,0.15938215
22875,0,0.10861405,0,0.16700067,0.10861405,0.12015940,0.15014231,0.14355622
22878,1,0.10861405,0,0.16700067,0.10861405,0.12015940,0.15014231,0.14355622
22887,0,0.18833356,1,0.16700067,0.18833356,0.19715920,0.17596273,0.18673558
22902,0,0.18833356,1,0.16700067,0.18833356,0.19715920,0.17596273,0.18673558
22904,0,0.06232785,0,0.16700067,0.06232785,0.07289807,0.12888301,0.11454130
22907,0,0.34688489,1,0.16700067,0.34688489,0.34304974,0.18299912,0.20011062
22910,0,0.23377216,1,0.16700067,0.23377216,0.23961966,0.17713894,0.18892246
22915,0,0.18833356,1,0.16700067,0.18833356,0.19715920,0.17596273,0.18673558
22920,0,0.10407019,0,0.16700067,0.10407019,0.11562946,0.15734031,0.15468315
22931,0,0.10861405,0,0.16700067,0.10861405,0.12015940,0.15014231,0.14355622
22939,0,0.18833356,1,0.16700067,0.18833356,0.19715920,0.17596273,0.18673558
22946,1,0.12737172,0,0.16700067,0.12737172,0.13866576,0.16956854,0.17518810
22948,0,0.15720584,0,0.16700067,0.15720584,0.16756151,0.16495495,0.16721077
22949,0,0.24709955,1,0.16700067,0.24709955,0.25194397,0.18295441,0.20002341
22951,0,0.15981029,0,0.16700067,0.15981029,0.17005745,0.17388536,0.18292096
22952,0,0.16633602,0,0.16700067,0.16633602,0.17629462,0.17115968,0.17800798
22960,1,0.18599105,1,0.16700067,0.18599105,0.19494824,0.19034544,0.21482781
22962,0,0.08781315,0,0.16700067,0.08781315,0.09924829,0.13128815,0.11754811
22966,0,0.14340672,0,0.16700067,0.14340672,0.15426965,0.14558830,0.13686615
22981,0,0.08443037,0,0.16700067,0.08443037,0.09580200,0.16876728,0.17378145
22982,0,0.15981029,0,0.16700067,0.15981029,0.17005745,0.17388536,0.18292096
22983,0,0.10861405,0,0.16700067,0.10861405,0.12015940,0.15014231,0.14355622
22992,0,0.10034505,0,0.16700067,0.10034505,0.11190067,0.14715084,0.13913153
22993,0,0.16676620,0,0.16700067,0.16676620,0.17670496,0.17953942,0.19344638
23007,0,0.20433624,1,0.16700067,0.20433624,0.21220079,0.21627841,0.27289274
23012,0,0.29185433,1,0.16700067,0.29185433,0.29301328,0.14592818,0.13735626
23018,0,0.12411448,0,0.16700067,0.12411448,0.13547300,0.13100286,0.11718792
23026,0,0.10861405,0,0.16700067,0.10861405,0.12015940,0.15014231,0.14355622
23027,1,0.12411448,0,0.16700067,0.12411448,0.13547300,0.13100286,0.11718792
23036,0,0.10861405,0,0.16700067,0.10861405,0.12015940,0.15014231,0.14355622
23038,0,0.11235682,0,0.16700067,0.11235682,0.12387620,0.13473599,0.12197765
23052,0,0.16633602,0,0.16700067,0.16633602,0.17629462,0.17115968,0.17800798
23058,0,0.26189786,1,0.16700067,0.26189786,0.26557310,0.18246204,0.19906489
23068,0,0.17898386,0,0.16700067,0.17898386,0.18831961,0.18597000,0.20596944
23071,1,0.18833356,1,0.16700067,0.18833356,0.19715920,0.17596273,0.18673558
23073,0,0.11247195,0,0.16700067,0.11247195,0.12399032,0.15439347,0.15004491
23075,0,0.26746815,1,0.16700067,0.26746815,0.27068966,0.16526621,0.16773969
23081,0,0.15126940,0,0.16700067,0.15126940,0.16185762,0.16593627,0.16888290
23083,0,0.09816023,0,0.16700067,0.09816023,0.10970713,0.14869861,0.14140639
23091,0,0.26616262,1,0.16700067,0.26616262,0.26949110,0.20278671,0.24150758
23096,0,0.18894965,1,0.16700067,0.18894965,0.19774029,0.14159079,0.13121165
23097,0,0.13911666,0,0.16700067,0.13911666,0.15011256,0.14954472,0.14266306
23099,1,0.20859323,1,0.16700067,0.20859323,0.21618490,0.18704009,0.20811063
23101,0,0.01046887,0,0.16700067,0.01046887,0.01452480,0.03105388,0.03777824
23104,0,0.29210509,1,0.16700067,0.29210509,0.29324224,0.16881126,0.17385843
23114,0,0.16633602,0,0.16700067,0.16633602,0.17629462,0.17115968,0.17800798
23116,0,0.20516482,1,0.16700067,0.20516482,0.21297679,0.17965504,0.19366634
23120,0,0.31917085,1,0.16700067,0.31917085,0.31789815,0.20443908,0.24521585
23121,0,0.16633602,0,0.16700067,0.16633602,0.17629462,0.17115968,0.17800798
23122,0,0.18833356,1,0.16700067,0.18833356,0.19715920,0.17596273,0.18673558
23127,0,0.16633602,0,0.16700067,0.16633602,0.17629462,0.17115968,0.17800798
23129,0,0.17863085,0,0.16700067,0.17863085,0.18798506,0.16469437,0.16676898
23131,0,0.11799805,0,0.16700067,0.11799805,0.12945477,0.13913496,0.12783709
23132,0,0.15909905,0,0.16700067,0.15909905,0.16937622,0.17804703,0.19062423
23134,1,0.12411448,0,0.16700067,0.12411448,0.13547300,0.13100286,0.11718792
23135,1,0.70345434,1,0.16700067,0.70345434,0.67120383,0.56330095,0.96265571
23136,0,0.24173762,1,0.16700067,0.24173762,0.24699163,0.16994896,0.17585909
23140,0,0.46503920,1,0.16700067,0.46503920,0.44994482,0.22687500,0.29925585
23141,0,0.01374936,0,0.16700067,0.01374936,0.01859822,0.04373040,0.04381353
23147,0,0.11801825,0,0.16700067,0.11801825,0.12947469,0.15850758,0.15655253
23149,0,0.16633602,0,0.16700067,0.16633602,0.17629462,0.17115968,0.17800798
23158,0,0.13452635,0,0.16700067,0.13452635,0.14565059,0.17466293,0.18434166
23165,0,0.43410039,1,0.16700067,0.43410039,0.42193584,0.24870420,0.35783125
23168,0,0.18833356,1,0.16700067,0.18833356,0.19715920,0.17596273,0.18673558
23172,0,0.15126940,0,0.16700067,0.15126940,0.16185762,0.16593627,0.16888290
23183,0,0.06925868,0,0.16700067,0.06925868,0.08015914,0.12795311,0.11339685
23189,0,0.21249869,1,0.16700067,0.21249869,0.21983408,0.16025304,0.15938215
23190,0,0.07468919,0,0.16700067,0.07468919,0.08579553,0.17147157,0.17856489
23198,1,0.26754089,1,0.16700067,0.26754089,0.27075643,0.18336174,0.20081899
23203,0,0.16633602,0,0.16700067,0.16633602,0.17629462,0.17115968,0.17800798
23209,1,0.18833356,1,0.16700067,0.18833356,0.19715920,0.17596273,0.18673558
23212,0,0.21996658,1,0.16700067,0.21996658,0.22679679,0.21045163,0.25903082
23219,0,0.10861405,0,0.16700067,0.10861405,0.12015940,0.15014231,0.14355622
23222,0,0.10610182,0,0.16700067,0.10610182,0.11765731,0.17281022,0.18097059
23223,0,0.12411448,0,0.16700067,0.12411448,0.13547300,0.13100286,0.11718792
23230,0,0.18113233,1,0.16700067,0.18113233,0.19035444,0.18008164,0.19447958
23231,0,0.44829696,1,0.16700067,0.44829696,0.43478119,0.31261685,0.54839249
23234,0,0.16633602,0,0.16700067,0.16633602,0.17629462,0.17115968,0.17800798
23255,0,0.18833356,1,0.16700067,0.18833356,0.19715920,0.17596273,0.18673558
23264,0,0.16633602,0,0.16700067,0.16633602,0.17629462,0.17115968,0.17800798
23267,1,0.48147045,1,0.16700067,0.48147045,0.46484786,0.36937454,0.70805173
23268,0,0.12411448,0,0.16700067,0.12411448,0.13547300,0.13100286,0.11718792
23272,0,0.11003792,0,0.16700067,0.11003792,0.12157490,0.16282696,0.16363026
23277,0,0.05779014,0,0.16700067,0.05779014,0.06809913,0.15731050,0.15463564
23278,0,0.10861405,0,0.16700067,0.10861405,0.12015940,0.15014231,0.14355622
23283,0,0.14200157,0,0.16700067,0.14200157,0.15290940,0.15990534,0.15881519
23284,0,0.09455950,0,0.16700067,0.09455950,0.10608102,0.17262808,0.18064178
23286,0,0.12787136,0,0.16700067,0.12787136,0.13915479,0.18092221,0.19608953
23295,0,0.16001607,0,0.16700067,0.16001607,0.17025448,0.18182075,0.19782164
23308,0,0.16633602,0,0.16700067,0.16633602,0.17629462,0.17115968,0.17800798
23318,0,0.21249869,1,0.16700067,0.21249869,0.21983408,0.16025304,0.15938215
23320,1,0.27673301,1,0.16700067,0.27673301,0.27918482,0.16025304,0.15938215
23322,0,0.09489683,0,0.16700067,0.09489683,0.10642133,0.15427662,0.14986338
23327,0,0.12412336,0,0.16700067,0.12412336,0.13548172,0.18628500,0.20659804
23329,0,0.18238207,1,0.16700067,0.18238207,0.19153708,0.14446513,0.13525703
23332,0,0.15981029,0,0.16700067,0.15981029,0.17005745,0.17388536,0.18292096
23335,0,0.06925868,0,0.16700067,0.06925868,0.08015914,0.12795311,0.11339685
23336,0,0.16633602,0,0.16700067,0.16633602,0.17629462,0.17115968,0.17800798
23338,1,0.18833356,1,0.16700067,0.18833356,0.19715920,0.17596273,0.18673558
23344,0,0.21249869,1,0.16700067,0.21249869,0.21983408,0.16025304,0.15938215
23351,0,0.10861405,0,0.16700067,0.10861405,0.12015940,0.15014231,0.14355622
23372,0,0.12411448,0,0.16700067,0.12411448,0.13547300,0.13100286,0.11718792
23382,0,0.18833356,1,0.16700067,0.18833356,0.19715920,0.17596273,0.18673558
23386,1,0.18833356,1,0.16700067,0.18833356,0.19715920,0.17596273,0.18673558
23390,0,0.30464598,1,0.16700067,0.30464598,0.30468009,0.18244937,0.19904027
23401,0,0.21082199,1,0.16700067,0.21082199,0.21826809,0.19356945,0.22153007
23408,0,0.18833356,1,0.16700067,0.18833356,0.19715920,0.17596273,0.18673558
23409,0,0.21249869,1,0.16700067,0.21249869,0.21983408,0.16025304,0.15938215
23414,0,0.06232785,0,0.16700067,0.06232785,0.07289807,0.12888301,0.11454130
23415,0,0.06232785,0,0.16700067,0.06232785,0.07289807,0.12888301,0.11454130
23421,0,0.07599395,0,0.16700067,0.07599395,0.08714331,0.17449859,0.18404069
23422,0,0.19422484,1,0.16700067,0.19422484,0.20270903,0.16226043,0.16268749
23423,0,0.16633602,0,0.16700067,0.16633602,0.17629462,0.17115968,0.17800798
23427,0,0.21249869,1,0.16700067,0.21249869,0.21983408,0.16025304,0.15938215
23429,1,0.16633602,0,0.16700067,0.16633602,0.17629462,0.17115968,0.17800798
23430,0,0.09304209,0,0.16700067,0.09304209,0.10454870,0.15942990,0.15804259
23431,0,0.18833356,1,0.16700067,0.18833356,0.19715920,0.17596273,0.18673558
23432,0,0.10861405,0,0.16700067,0.10861405,0.12015940,0.15014231,0.14355622
23434,0,0.21082199,1,0.16700067,0.21082199,0.21826809,0.19356945,0.22153007
23441,0,0.10861405,0,0.16700067,0.10861405,0.12015940,0.15014231,0.14355622
23446,0,0.10861405,0,0.16700067,0.10861405,0.12015940,0.15014231,0.14355622
23449,1,0.24639790,1,0.16700067,0.24639790,0.25129637,0.18999671,0.21411175
23454,1,0.15981029,0,0.16700067,0.15981029,0.17005745,0.17388536,0.18292096
23456,1,0.11247317,0,0.16700067,0.11247317,0.12399153,0.15730423,0.15462565
23474,0,0.12411448,0,0.16700067,0.12411448,0.13547300,0.13100286,0.11718792
23487,0,0.16633602,0,0.16700067,0.16633602,0.17629462,0.17115968,0.17800798
23491,1,0.16633602,0,0.16700067,0.16633602,0.17629462,0.17115968,0.17800798
23498,0,0.16633602,0,0.16700067,0.16633602,0.17629462,0.17115968,0.17800798
23509,0,0.10861405,0,0.16700067,0.10861405,0.12015940,0.15014231,0.14355622
23511,0,0.16891778,0,0.16700067,0.16891778,0.17875587,0.18019521,0.19469651
23520,0,0.23807877,1,0.16700067,0.23807877,0.24360768,0.16473001,0.16682934
23525,1,0.21620878,1,0.16700067,0.21620878,0.22329563,0.17818471,0.19088325
23529,0,0.09816023,0,0.16700067,0.09816023,0.10970713,0.14869861,0.14140639
23531,0,0.35371482,1,0.16700067,0.35371482,0.34923733,0.19545066,0.22550939
23536,0,0.16633602,0,0.16700067,0.16633602,0.17629462,0.17115968,0.17800798
23539,0,0.18833356,1,0.16700067,0.18833356,0.19715920,0.17596273,0.18673558
23540,0,0.18833356,1,0.16700067,0.18833356,0.19715920,0.17596273,0.18673558
23543,0,0.12839232,0,0.16700067,0.12839232,0.13966447,0.17787069,0.19029284
23544,0,0.23751018,1,0.16700067,0.23751018,0.24308146,0.18348107,0.20105249
23551,1,0.18833356,1,0.16700067,0.18833356,0.19715920,0.17596273,0.18673558
23552,0,0.21249869,1,0.16700067,0.21249869,0.21983408,0.16025304,0.15938215
23554,1,0.09816023,0,0.16700067,0.09816023,0.10970713,0.14869861,0.14140639
23558,0,0.18768353,1,0.16700067,0.18768353,0.19654592,0.17545308,0.18579408
23567,0,0.10861405,0,0.16700067,0.10861405,0.12015940,0.15014231,0.14355622
23572,0,0.11207170,0,0.16700067,0.11207170,0.12359350,0.15777344,0.15537466
23576,0,0.06012935,0,0.16700067,0.06012935,0.07057769,0.17652800,0.18778411
23581,0,0.36150285,1,0.16700067,0.36150285,0.35628891,0.18452578,0.20310559
23587,0,0.10861405,0,0.16700067,0.10861405,0.12015940,0.15014231,0.14355622
23591,0,0.30049515,1,0.16700067,0.30049515,0.30089713,0.25671032,0.38055080
23593,0,0.29210509,1,0.16700067,0.29210509,0.29324224,0.16881126,0.17385843
23595,0,0.16633602,0,0.16700067,0.16633602,0.17629462,0.17115968,0.17800798
23602,0,0.20622882,1,0.16700067,0.20622882,0.21397290,0.19016498,0.21445705
23607,0,0.15126940,0,0.16700067,0.15126940,0.16185762,0.16593627,0.16888290
23618,0,0.16633602,0,0.16700067,0.16633602,0.17629462,0.17115968,0.17800798
23619,0,0.24823828,1,0.16700067,0.24823828,0.25299471,0.17129553,0.17825038
23627,0,0.20173663,1,0.16700067,0.20173663,0.20976439,0.16452997,0.16649073
23631,0,0.09510621,0,0.16700067,0.09510621,0.10663249,0.15617414,0.15283378
23632,0,0.08692272,0,0.16700067,0.08692272,0.09834250,0.17735071,0.18931828
23637,1,0.33314484,1,0.16700067,0.33314484,0.33058994,0.22513670,0.29483201
23646,0,0.17776999,0,0.16700067,0.17776999,0.18716897,0.15835743,0.15631102
23651,0,0.13623584,0,0.16700067,0.13623584,0.14731400,0.16082614,0.16032022
23658,0,0.16633602,0,0.16700067,0.16633602,0.17629462,0.17115968,0.17800798
23659,1,0.21249869,1,0.16700067,0.21249869,0.21983408,0.16025304,0.15938215
23665,0,0.13117377,0,0.16700067,0.13117377,0.14238228,0.17160550,0.17880443
23670,0,0.30730529,1,0.16700067,0.30730529,0.30710234,0.17049142,0.17681936
23671,0,0.16633602,0,0.16700067,0.16633602,0.17629462,0.17115968,0.17800798
23673,0,0.15720584,0,0.16700067,0.15720584,0.16756151,0.16495495,0.16721077
23682,0,0.10861405,0,0.16700067,0.10861405,0.12015940,0.15014231,0.14355622
23687,0,0.16633602,0,0.16700067,0.16633602,0.17629462,0.17115968,0.17800798
23691,0,0.18833356,1,0.16700067,0.18833356,0.19715920,0.17596273,0.18673558
23695,0,0.20433624,1,0.16700067,0.20433624,0.21220079,0.21627841,0.27289274
23696,0,0.21249869,1,0.16700067,0.21249869,0.21983408,0.16025304,0.15938215
23701,1,0.32860625,1,0.16700067,0.32860625,0.32647020,0.19328507,0.22093293
23704,0,0.18833356,1,0.16700067,0.18833356,0.19715920,0.17596273,0.18673558
23709,0,0.14417299,0,0.16700067,0.14417299,0.15501088,0.16346956,0.16470492
23712,0,0.08005103,0,0.16700067,0.08005103,0.09131907,0.15076199,0.14448731
23715,1,0.10216605,0,0.16700067,0.10216605,0.11372519,0.13804558,0.12636403
23717,0,0.16633602,0,0.16700067,0.16633602,0.17629462,0.17115968,0.17800798
23720,0,0.10861405,0,0.16700067,0.10861405,0.12015940,0.15014231,0.14355622
23722,0,0.09281828,0,0.16700067,0.09281828,0.10432246,0.13162319,0.11797237
23725,0,0.25436809,1,0.16700067,0.25436809,0.25864508,0.18443674,0.20293000
23737,0,0.13623584,0,0.16700067,0.13623584,0.14731400,0.16082614,0.16032022
23750,0,0.46415066,1,0.16700067,0.46415066,0.44913956,0.20439816,0.24512356
23752,0,0.27389078,1,0.16700067,0.27389078,0.27658064,0.15217929,0.14663570
23756,0,0.10861405,0,0.16700067,0.10861405,0.12015940,0.15014231,0.14355622
23759,0,0.21249869,1,0.16700067,0.21249869,0.21983408,0.16025304,0.15938215
23766,0,0.16633602,0,0.16700067,0.16633602,0.17629462,0.17115968,0.17800798
23784,0,0.18774183,1,0.16700067,0.18774183,0.19660093,0.17445030,0.18395231
23790,1,0.14935427,0,0.16700067,0.14935427,0.16001298,0.17572148,0.18628946
23804,0,0.24228642,1,0.16700067,0.24228642,0.24749888,0.17693215,0.18853655
23810,0,0.18833356,1,0.16700067,0.18833356,0.19715920,0.17596273,0.18673558
23819,0,0.10861405,0,0.16700067,0.10861405,0.12015940,0.15014231,0.14355622
23820,0,0.15126940,0,0.16700067,0.15126940,0.16185762,0.16593627,0.16888290
23824,0,0.18833356,1,0.16700067,0.18833356,0.19715920,0.17596273,0.18673558
23829,0,0.16633602,0,0.16700067,0.16633602,0.17629462,0.17115968,0.17800798
23831,0,0.12773558,0,0.16700067,0.12773558,0.13902191,0.14945270,0.14252594
23832,0,0.15126940,0,0.16700067,0.15126940,0.16185762,0.16593627,0.16888290
23833,0,0.32440344,1,0.16700067,0.32440344,0.32265323,0.20325700,0.24255911
23834,0,0.15581620,0,0.16700067,0.15581620,0.16622818,0.15417069,0.14969896
23868,0,0.15126940,0,0.16700067,0.15126940,0.16185762,0.16593627,0.16888290
23870,0,0.29037863,1,0.16700067,0.29037863,0.29166560,0.17586214,0.18654947
23871,0,0.06925868,0,0.16700067,0.06925868,0.08015914,0.12795311,0.11339685
23882,0,0.16633602,0,0.16700067,0.16633602,0.17629462,0.17115968,0.17800798
23883,0,0.20910580,1,0.16700067,0.20910580,0.21666416,0.17382422,0.18280962
23885,0,0.00901535,0,0.16700067,0.00901535,0.01268238,0.04833172,0.04622401
23890,0,0.16633602,0,0.16700067,0.16633602,0.17629462,0.17115968,0.17800798
23892,0,0.14030628,0,0.16700067,0.14030628,0.15126655,0.15182860,0.14610166
23897,0,0.06064847,0,0.16700067,0.06064847,0.07112637,0.13808457,0.12641650
23920,0,0.18833356,1,0.16700067,0.18833356,0.19715920,0.17596273,0.18673558
23927,1,0.14526297,0,0.16700067,0.14526297,0.15606459,0.17445030,0.18395231
23928,0,0.19471459,1,0.16700067,0.19471459,0.20316973,0.14673494,0.13852550
23934,1,0.11923949,0,0.16700067,0.11923949,0.13067877,0.14954472,0.14266306
23939,0,0.12411448,0,0.16700067,0.12411448,0.13547300,0.13100286,0.11718792
23941,0,0.12411448,0,0.16700067,0.12411448,0.13547300,0.13100286,0.11718792
23948,0,0.10861405,0,0.16700067,0.10861405,0.12015940,0.15014231,0.14355622
23950,1,0.54730217,1,0.16700067,0.54730217,0.52487888,0.27142040,0.42362141
23971,0,0.15691140,0,0.16700067,0.15691140,0.16727909,0.17679763,0.18828586
23972,0,0.06925868,0,0.16700067,0.06925868,0.08015914,0.12795311,0.11339685
23974,0,0.18833356,1,0.16700067,0.18833356,0.19715920,0.17596273,0.18673558
23975,0,0.09125796,0,0.16700067,0.09125796,0.10274372,0.13376179,0.12071170
23979,0,0.16089689,0,0.16700067,0.16089689,0.17109763,0.17591130,0.18664040
23984,0,0.18768353,1,0.16700067,0.18768353,0.19654592,0.17545308,0.18579408
23988,0,0.15126940,0,0.16700067,0.15126940,0.16185762,0.16593627,0.16888290
23998,1,0.09816023,0,0.16700067,0.09816023,0.10970713,0.14869861,0.14140639
24005,1,0.15788747,0,0.16700067,0.15788747,0.16821512,0.18477619,0.20360000
24010,0,0.11799805,0,0.16700067,0.11799805,0.12945477,0.13913496,0.12783709
24013,1,0.18833356,1,0.16700067,0.18833356,0.19715920,0.17596273,0.18673558
24018,1,0.09938776,0,0.16700067,0.09938776,0.11094017,0.15246535,0.14707252
24023,0,0.33927218,1,0.16700067,0.33927218,0.33614850,0.19705785,0.22894898
24030,0,0.02536826,0,0.16700067,0.02536826,0.03238539,0.12607577,0.11111669
24037,0,0.16633602,0,0.16700067,0.16633602,0.17629462,0.17115968,0.17800798
24040,0,0.06377911,0,0.16700067,0.06377911,0.07442512,0.16340900,0.16460342
24042,0,0.11182002,0,0.16700067,0.11182002,0.12334390,0.14397101,0.13455418
24049,0,0.12411448,0,0.16700067,0.12411448,0.13547300,0.13100286,0.11718792
24069,0,0.27170150,1,0.16700067,0.27170150,0.27457357,0.16900062,0.17419016
24070,0,0.17924075,0,0.16700067,0.17924075,0.18856303,0.17674352,0.18818509
24077,0,0.26466781,1,0.16700067,0.26466781,0.26811830,0.18117867,0.19658274
24082,0,0.13623584,0,0.16700067,0.13623584,0.14731400,0.16082614,0.16032022
24091,1,0.18833356,1,0.16700067,0.18833356,0.19715920,0.17596273,0.18673558
24097,0,0.10407019,0,0.16700067,0.10407019,0.11562946,0.15734031,0.15468315
24113,0,0.16633602,0,0.16700067,0.16633602,0.17629462,0.17115968,0.17800798
24114,0,0.05206651,0,0.16700067,0.05206651,0.06198968,0.14869354,0.14139888
24115,0,0.12411448,0,0.16700067,0.12411448,0.13547300,0.13100286,0.11718792
24116,0,0.18833356,1,0.16700067,0.18833356,0.19715920,0.17596273,0.18673558
24122,1,0.23403527,1,0.16700067,0.23403527,0.23986346,0.19108409,0.21635025
24123,0,0.11057249,0,0.16700067,0.11057249,0.12210584,0.15340162,0.14850975
24130,0,0.16633602,0,0.16700067,0.16633602,0.17629462,0.17115968,0.17800798
24148,1,0.21249869,1,0.16700067,0.21249869,0.21983408,0.16025304,0.15938215
24166,0,0.10910461,0,0.16700067,0.10910461,0.12064729,0.17803670,0.19060480
24177,0,0.40322431,1,0.16700067,0.40322431,0.39402026,0.18387309,0.20182107
24180,0,0.38167134,1,0.16700067,0.38167134,0.37453515,0.27281230,0.42776884
24187,0,0.23901620,1,0.16700067,0.23901620,0.24447504,0.17799751,0.19053112
24194,0,0.13577651,0,0.16700067,0.13577651,0.14686726,0.15951049,0.15817334
24204,0,0.10861405,0,0.16700067,0.10861405,0.12015940,0.15014231,0.14355622
24205,0,0.18113233,1,0.16700067,0.18113233,0.19035444,0.18008164,0.19447958
24210,0,0.13148718,0,0.16700067,0.13148718,0.14268816,0.17822784,0.19096447
24211,0,0.08613635,0,0.16700067,0.08613635,0.09754176,0.15364509,0.14888538
24223,1,0.24506551,1,0.16700067,0.24506551,0.25006623,0.19620257,0.22711399
24225,0,0.17243597,0,0.16700067,0.17243597,0.18210426,0.18160510,0.19740488
24229,1,0.18833356,1,0.16700067,0.18833356,0.19715920,0.17596273,0.18673558
24231,0,0.12411448,0,0.16700067,0.12411448,0.13547300,0.13100286,0.11718792
24237,0,0.15981029,0,0.16700067,0.15981029,0.17005745,0.17388536,0.18292096
24255,0,0.15842427,0,0.16700067,0.15842427,0.16872966,0.16025304,0.15938215
24263,0,0.09816023,0,0.16700067,0.09816023,0.10970713,0.14869861,0.14140639
24266,1,0.16864318,0,0.16700067,0.16864318,0.17849426,0.17859396,0.19165482
24270,0,0.09331333,0,0.16700067,0.09331333,0.10482279,0.18321265,0.20052751
24284,0,0.01459406,0,0.16700067,0.01459406,0.01963100,0.10460515,0.08777829
24287,0,0.15126940,0,0.16700067,0.15126940,0.16185762,0.16593627,0.16888290
24289,1,0.18833356,1,0.16700067,0.18833356,0.19715920,0.17596273,0.18673558
24301,0,0.13324190,0,0.16700067,0.13324190,0.14439939,0.18060269,0.19547637
24304,1,0.18833356,1,0.16700067,0.18833356,0.19715920,0.17596273,0.18673558
24308,0,0.21249869,1,0.16700067,0.21249869,0.21983408,0.16025304,0.15938215
24317,1,0.26189786,1,0.16700067,0.26189786,0.26557310,0.18246204,0.19906489
24318,0,0.06925868,0,0.16700067,0.06925868,0.08015914,0.12795311,0.11339685
24320,0,0.23510018,1,0.16700067,0.23510018,0.24085002,0.21478047,0.26928522
24322,1,0.16633602,0,0.16700067,0.16633602,0.17629462,0.17115968,0.17800798
24323,0,0.14461064,0,0.16700067,0.14461064,0.15543406,0.12927531,0.11502713
24325,1,0.33546948,1,0.16700067,0.33546948,0.33269922,0.21775707,0.27648330
24327,0,0.18833356,1,0.16700067,0.18833356,0.19715920,0.17596273,0.18673558
24333,0,0.15754662,0,0.16700067,0.15754662,0.16788832,0.18007474,0.19446641
24336,0,0.10861405,0,0.16700067,0.10861405,0.12015940,0.15014231,0.14355622
24337,0,0.06925868,0,0.16700067,0.06925868,0.08015914,0.12795311,0.11339685
24340,0,0.05895590,0,0.16700067,0.05895590,0.06933561,0.14873651,0.14146249
24357,0,0.12471300,0,0.16700067,0.12471300,0.13606030,0.16333612,0.16448130
24360,1,0.33269616,1,0.16700067,0.33269616,0.33018276,0.19737533,0.22963278
24361,0,0.18833356,1,0.16700067,0.18833356,0.19715920,0.17596273,0.18673558
24372,0,0.20525698,1,0.16700067,0.20525698,0.21306309,0.17709337,0.18883737
24382,1,0.28363418,1,0.16700067,0.28363418,0.28550127,0.18720084,0.20843371
24384,0,0.06925868,0,0.16700067,0.06925868,0.08015914,0.12795311,0.11339685
24397,0,0.30049515,1,0.16700067,0.30049515,0.30089713,0.25671032,0.38055080
24398,1,0.30007065,1,0.16700067,0.30007065,0.30051010,0.19117905,0.21654654
24399,0,0.16633602,0,0.16700067,0.16633602,0.17629462,0.17115968,0.17800798
24403,1,0.20925546,1,0.16700067,0.20925546,0.21680407,0.17892514,0.19228094
24405,0,0.19063097,1,0.16700067,0.19063097,0.19932523,0.15281021,0.14760055
24408,1,0.23963852,1,0.16700067,0.23963852,0.24505071,0.18226284,0.19867808
24409,1,0.18833356,1,0.16700067,0.18833356,0.19715920,0.17596273,0.18673558
24410,0,0.12411448,0,0.16700067,0.12411448,0.13547300,0.13100286,0.11718792
24411,0,0.21913935,1,0.16700067,0.21913935,0.22602647,0.16686658,0.17048038
24416,0,0.18833356,1,0.16700067,0.18833356,0.19715920,0.17596273,0.18673558
24417,0,0.15126940,0,0.16700067,0.15126940,0.16185762,0.16593627,0.16888290
24420,0,0.10861405,0,0.16700067,0.10861405,0.12015940,0.15014231,0.14355622
24429,0,0.15126940,0,0.16700067,0.15126940,0.16185762,0.16593627,0.16888290
24441,0,0.06925868,0,0.16700067,0.06925868,0.08015914,0.12795311,0.11339685
24442,0,0.16633602,0,0.16700067,0.16633602,0.17629462,0.17115968,0.17800798
24449,0,0.15499277,0,0.16700067,0.15499277,0.16543758,0.14521052,0.13632313
24451,0,0.16546308,0,0.16700067,0.16546308,0.17546162,0.15088091,0.14466655
24457,0,0.26616262,1,0.16700067,0.26616262,0.26949110,0.20278671,0.24150758
24469,0,0.42693500,1,0.16700067,0.42693500,0.41545562,0.24995573,0.36134392
24482,1,0.15126940,0,0.16700067,0.15126940,0.16185762,0.16593627,0.16888290
24483,1,0.06512222,0,0.16700067,0.06512222,0.07583517,0.16297366,0.16387510
24485,0,0.11007878,0,0.16700067,0.11007878,0.12161549,0.17700838,0.18867874
24495,0,0.23581592,1,0.16700067,0.23581592,0.24151291,0.17427513,0.18363205
24498,0,0.10555975,0,0.16700067,0.10555975,0.11711663,0.18207217,0.19830837
24502,0,0.06925868,0,0.16700067,0.06925868,0.08015914,0.12795311,0.11339685
24503,0,0.20782312,1,0.16700067,0.20782312,0.21546466,0.16886280,0.17394867
24513,1,0.24577549,1,0.16700067,0.24577549,0.25072179,0.18212295,0.19840678
24519,0,0.16633602,0,0.16700067,0.16633602,0.17629462,0.17115968,0.17800798
24522,0,0.08364411,0,0.16700067,0.08364411,0.09499894,0.16017945,0.15926202
24524,0,0.00553563,0,0.16700067,0.00553563,0.00814408,0.03843002,0.04118550
24529,0,0.18833356,1,0.16700067,0.18833356,0.19715920,0.17596273,0.18673558
24534,0,0.12411448,0,0.16700067,0.12411448,0.13547300,0.13100286,0.11718792
24535,0,0.16633602,0,0.16700067,0.16633602,0.17629462,0.17115968,0.17800798
24539,0,0.20460639,1,0.16700067,0.20460639,0.21245382,0.16456016,0.16654181
24540,0,0.18833356,1,0.16700067,0.18833356,0.19715920,0.17596273,0.18673558
24545,0,0.13693719,0,0.16700067,0.13693719,0.14799586,0.14920601,0.14215888
24553,0,0.16633602,0,0.16700067,0.16633602,0.17629462,0.17115968,0.17800798
24555,0,0.10861405,0,0.16700067,0.10861405,0.12015940,0.15014231,0.14355622
24556,1,0.36947286,1,0.16700067,0.36947286,0.36350153,0.21573055,0.27156983
24564,1,0.14273387,0,0.16700067,0.14273387,0.15361847,0.16820336,0.17279682
24566,0,0.16633602,0,0.16700067,0.16633602,0.17629462,0.17115968,0.17800798
24574,0,0.26728143,1,0.16700067,0.26728143,0.27051826,0.17679763,0.18828586
24578,1,0.23097563,1,0.16700067,0.23097563,0.23702704,0.18478000,0.20360754
24593,0,0.00643031,0,0.16700067,0.00643031,0.00933151,0.04937369,0.04678714
24601,0,0.23378279,1,0.16700067,0.23378279,0.23962951,0.17626576,0.18729712
24605,0,0.19562811,1,0.16700067,0.19562811,0.20402879,0.18400640,0.20208294
24606,0,0.22504396,1,0.16700067,0.22504396,0.23151985,0.18064658,0.19556050
24607,0,0.17809849,0,0.16700067,0.17809849,0.18748043,0.14414671,0.13480375
24609,0,0.08894564,0,0.16700067,0.08894564,0.10039896,0.15380969,0.14913977
24610,0,0.12601590,0,0.16700067,0.12601590,0.13733779,0.16690733,0.17055062
24612,0,0.25398865,1,0.16700067,0.25398865,0.25829559,0.18100456,0.19624780
24615,1,0.18833356,1,0.16700067,0.18833356,0.19715920,0.17596273,0.18673558
24621,0,0.30405504,1,0.16700067,0.30405504,0.30414167,0.18376538,0.20160970
24623,1,0.34245513,1,0.16700067,0.34245513,0.33903459,0.32869189,0.59630688
24624,0,0.09262044,0,0.16700067,0.09262044,0.10412244,0.15464178,0.15043128
24625,0,0.10954378,0,0.16700067,0.10954378,0.12108388,0.18211413,0.19838969
24637,0,0.16633602,0,0.16700067,0.16633602,0.17629462,0.17115968,0.17800798
24640,0,0.09816023,0,0.16700067,0.09816023,0.10970713,0.14869861,0.14140639
24643,0,0.16633602,0,0.16700067,0.16633602,0.17629462,0.17115968,0.17800798
24650,0,0.16633602,0,0.16700067,0.16633602,0.17629462,0.17115968,0.17800798
24656,0,0.20121473,1,0.16700067,0.20121473,0.20927494,0.18500711,0.20405674
24659,0,0.15126940,0,0.16700067,0.15126940,0.16185762,0.16593627,0.16888290
24665,0,0.16633602,0,0.16700067,0.16633602,0.17629462,0.17115968,0.17800798
24667,0,0.09561381,0,0.16700067,0.09561381,0.10714421,0.16185664,0.16201820
24669,0,0.14065268,0,0.16700067,0.14065268,0.15160239,0.17730575,0.18923419
24672,1,0.29259974,1,0.16700067,0.29259974,0.29369388,0.19684176,0.22848438
24675,0,0.00693580,0,0.16700067,0.00693580,0.00999543,0.02172607,0.03385592
24683,0,0.10729081,0,0.16700067,0.10729081,0.11884224,0.16090185,0.16044447
24688,0,0.09015277,0,0.16700067,0.09015277,0.10162380,0.17679777,0.18828611
24694,1,0.17184889,0,0.16700067,0.17184889,0.18154596,0.17273146,0.18082835
24695,0,0.16633602,0,0.16700067,0.16633602,0.17629462,0.17115968,0.17800798
24697,0,0.10861405,0,0.16700067,0.10861405,0.12015940,0.15014231,0.14355622
24698,0,0.20525698,1,0.16700067,0.20525698,0.21306309,0.17709337,0.18883737
24700,0,0.18833356,1,0.16700067,0.18833356,0.19715920,0.17596273,0.18673558
24703,0,0.08181443,0,0.16700067,0.08181443,0.09312715,0.17193663,0.17939780
24706,0,0.16633602,0,0.16700067,0.16633602,0.17629462,0.17115968,0.17800798
24710,0,0.18833356,1,0.16700067,0.18833356,0.19715920,0.17596273,0.18673558
24713,0,0.14200157,0,0.16700067,0.14200157,0.15290940,0.15990534,0.15881519
24714,0,0.19624643,1,0.16700067,0.19624643,0.20461005,0.18083598,0.19592392
24725,1,0.18833356,1,0.16700067,0.18833356,0.19715920,0.17596273,0.18673558
24726,1,0.12941977,0,0.16700067,0.12941977,0.14066909,0.17889689,0.19222747
24731,1,0.13623584,0,0.16700067,0.13623584,0.14731400,0.16082614,0.16032022
24737,0,0.14380932,0,0.16700067,0.14380932,0.15465914,0.16198586,0.16223214
24741,0,0.10861405,0,0.16700067,0.10861405,0.12015940,0.15014231,0.14355622
24745,0,0.14417299,0,0.16700067,0.14417299,0.15501088,0.16346956,0.16470492
24747,0,0.26210335,1,0.16700067,0.26210335,0.26576198,0.18161447,0.19742298
24748,0,0.12411448,0,0.16700067,0.12411448,0.13547300,0.13100286,0.11718792
24755,1,0.09435565,0,0.16700067,0.09435565,0.10587532,0.16630877,0.16952109
24757,0,0.00792726,0,0.16700067,0.00792726,0.01128478,0.05526525,0.05009582
24758,1,0.25594050,1,0.16700067,0.25594050,0.26009297,0.18105950,0.19635344
24762,1,0.18833356,1,0.16700067,0.18833356,0.19715920,0.17596273,0.18673558
24763,1,0.08143133,0,0.16700067,0.08143133,0.09273469,0.16936712,0.17483366
24769,0,0.06232785,0,0.16700067,0.06232785,0.07289807,0.12888301,0.11454130
24774,0,0.11247195,0,0.16700067,0.11247195,0.12399032,0.15439347,0.15004491
24779,1,0.33541075,1,0.16700067,0.33541075,0.33264594,0.21964923,0.28112025
24790,1,0.15981029,0,0.16700067,0.15981029,0.17005745,0.17388536,0.18292096
24793,0,0.12411448,0,0.16700067,0.12411448,0.13547300,0.13100286,0.11718792
24804,0,0.10861405,0,0.16700067,0.10861405,0.12015940,0.15014231,0.14355622
24809,0,0.48147045,1,0.16700067,0.48147045,0.46484786,0.36937454,0.70805173
24810,0,0.10861405,0,0.16700067,0.10861405,0.12015940,0.15014231,0.14355622
24812,0,0.21249869,1,0.16700067,0.21249869,0.21983408,0.16025304,0.15938215
24813,0,0.08322953,0,0.16700067,0.08322953,0.09457519,0.13640824,0.12417734
24814,0,0.20460639,1,0.16700067,0.20460639,0.21245382,0.16456016,0.16654181
24825,0,0.21249869,1,0.16700067,0.21249869,0.21983408,0.16025304,0.15938215
24828,0,0.11151630,0,0.16700067,0.11151630,0.12304262,0.16302531,0.16396137
24838,1,0.18833356,1,0.16700067,0.18833356,0.19715920,0.17596273,0.18673558
24843,0,0.38279185,1,0.16700067,0.38279185,0.37554838,0.16025304,0.15938215
24845,0,0.18833356,1,0.16700067,0.18833356,0.19715920,0.17596273,0.18673558
24857,0,0.18833356,1,0.16700067,0.18833356,0.19715920,0.17596273,0.18673558
24861,0,0.20465363,1,0.16700067,0.20465363,0.21249807,0.14332864,0.13364508
24865,0,0.21249869,1,0.16700067,0.21249869,0.21983408,0.16025304,0.15938215
24867,0,0.16252152,0,0.16700067,0.16252152,0.17265163,0.16484600,0.16702594
24882,0,0.10408001,0,0.16700067,0.10408001,0.11563927,0.13620691,0.12391073
24887,0,0.08625213,0,0.16700067,0.08625213,0.09765970,0.15891790,0.15721401
24889,0,0.22997291,1,0.16700067,0.22997291,0.23609685,0.22796083,0.30203842
24895,1,0.21061596,1,0.16700067,0.21061596,0.21807560,0.18650446,0.20703683
24900,0,0.15126940,0,0.16700067,0.15126940,0.16185762,0.16593627,0.16888290
24903,0,0.16633602,0,0.16700067,0.16633602,0.17629462,0.17115968,0.17800798
24907,0,0.24741207,1,0.16700067,0.24741207,0.25223238,0.16846531,0.17325364
24915,0,0.24688383,1,0.16700067,0.24688383,0.25174488,0.17994551,0.19421980
24916,0,0.06925868,0,0.16700067,0.06925868,0.08015914,0.12795311,0.11339685
24920,0,0.18833356,1,0.16700067,0.18833356,0.19715920,0.17596273,0.18673558
24927,0,0.16633602,0,0.16700067,0.16633602,0.17629462,0.17115968,0.17800798
24938,0,0.10226357,0,0.16700067,0.10226357,0.11382281,0.14354787,0.13395476
24940,0,0.20806811,1,0.16700067,0.20806811,0.21569381,0.18766422,0.20936705
24951,0,0.25119642,1,0.16700067,0.25119642,0.25572269,0.19412870,0.22270779
24953,0,0.16891778,0,0.16700067,0.16891778,0.17875587,0.18019521,0.19469651
24954,0,0.21249869,1,0.16700067,0.21249869,0.21983408,0.16025304,0.15938215
24968,0,0.18833356,1,0.16700067,0.18833356,0.19715920,0.17596273,0.18673558
24985,0,0.21249869,1,0.16700067,0.21249869,0.21983408,0.16025304,0.15938215
24989,0,0.16633602,0,0.16700067,0.16633602,0.17629462,0.17115968,0.17800798
24992,0,0.18833356,1,0.16700067,0.18833356,0.19715920,0.17596273,0.18673558
24998,0,0.15982444,0,0.16700067,0.15982444,0.17007099,0.15777344,0.15537466
25009,0,0.16633602,0,0.16700067,0.16633602,0.17629462,0.17115968,0.17800798
25020,1,0.35832017,1,0.16700067,0.35832017,0.35340766,0.21121820,0.26082808
25023,0,0.09402897,0,0.16700067,0.09402897,0.10554557,0.15621143,0.15289263
25027,0,0.10861405,0,0.16700067,0.10861405,0.12015940,0.15014231,0.14355622
25029,0,0.16633602,0,0.16700067,0.16633602,0.17629462,0.17115968,0.17800798
25047,0,0.07933292,0,0.16700067,0.07933292,0.09058158,0.13530018,0.12271602
25048,0,0.13623584,0,0.16700067,0.13623584,0.14731400,0.16082614,0.16032022
25057,0,0.10861405,0,0.16700067,0.10861405,0.12015940,0.15014231,0.14355622
25062,0,0.06925868,0,0.16700067,0.06925868,0.08015914,0.12795311,0.11339685
25064,1,0.18833356,1,0.16700067,0.18833356,0.19715920,0.17596273,0.18673558
25072,0,0.10861405,0,0.16700067,0.10861405,0.12015940,0.15014231,0.14355622
25075,0,0.18833356,1,0.16700067,0.18833356,0.19715920,0.17596273,0.18673558
25078,1,0.06925868,0,0.16700067,0.06925868,0.08015914,0.12795311,0.11339685
25080,1,0.21249869,1,0.16700067,0.21249869,0.21983408,0.16025304,0.15938215
25090,0,0.12411448,0,0.16700067,0.12411448,0.13547300,0.13100286,0.11718792
25096,0,0.14417299,0,0.16700067,0.14417299,0.15501088,0.16346956,0.16470492
25099,0,0.12411448,0,0.16700067,0.12411448,0.13547300,0.13100286,0.11718792
25100,0,0.23963852,1,0.16700067,0.23963852,0.24505071,0.18226284,0.19867808
25106,0,0.28363418,1,0.16700067,0.28363418,0.28550127,0.18720084,0.20843371
25107,0,0.16633602,0,0.16700067,0.16633602,0.17629462,0.17115968,0.17800798
25109,0,0.18833356,1,0.16700067,0.18833356,0.19715920,0.17596273,0.18673558
25113,1,0.18833356,1,0.16700067,0.18833356,0.19715920,0.17596273,0.18673558
25115,0,0.21249869,1,0.16700067,0.21249869,0.21983408,0.16025304,0.15938215
25121,0,0.11147330,0,0.16700067,0.11147330,0.12299996,0.14503875,0.13607683
25129,0,0.12183650,0,0.16700067,0.12183650,0.13323516,0.15553982,0.15183547
25133,1,0.18833356,1,0.16700067,0.18833356,0.19715920,0.17596273,0.18673558
25138,0,0.18833356,1,0.16700067,0.18833356,0.19715920,0.17596273,0.18673558
25141,1,0.16633602,0,0.16700067,0.16633602,0.17629462,0.17115968,0.17800798
25148,0,0.09816023,0,0.16700067,0.09816023,0.10970713,0.14869861,0.14140639
25151,0,0.16633602,0,0.16700067,0.16633602,0.17629462,0.17115968,0.17800798
25155,0,0.15126940,0,0.16700067,0.15126940,0.16185762,0.16593627,0.16888290
25158,0,0.29232489,1,0.16700067,0.29232489,0.29344294,0.17172264,0.17901417
25162,0,0.13982969,0,0.16700067,0.13982969,0.15080435,0.17086035,0.17747480
25163,0,0.19256501,1,0.16700067,0.19256501,0.20114691,0.18525042,0.20453881
25165,0,0.12411448,0,0.16700067,0.12411448,0.13547300,0.13100286,0.11718792
25167,0,0.16633602,0,0.16700067,0.16633602,0.17629462,0.17115968,0.17800798
25176,0,0.16633602,0,0.16700067,0.16633602,0.17629462,0.17115968,0.17800798
25177,0,0.18833356,1,0.16700067,0.18833356,0.19715920,0.17596273,0.18673558
25185,0,0.15982444,0,0.16700067,0.15982444,0.17007099,0.15777344,0.15537466
25188,1,0.06925868,0,0.16700067,0.06925868,0.08015914,0.12795311,0.11339685
25193,0,0.26754089,1,0.16700067,0.26754089,0.27075643,0.18336174,0.20081899
25197,0,0.07130338,0,0.16700067,0.07130338,0.08228655,0.17216555,0.17980891
25214,0,0.18833356,1,0.16700067,0.18833356,0.19715920,0.17596273,0.18673558
25227,0,0.15126940,0,0.16700067,0.15126940,0.16185762,0.16593627,0.16888290
25230,0,0.14357560,0,0.16700067,0.14357560,0.15443304,0.16779216,0.17208163
25231,0,0.18833356,1,0.16700067,0.18833356,0.19715920,0.17596273,0.18673558
25235,1,0.11235682,0,0.16700067,0.11235682,0.12387620,0.13473599,0.12197765
25237,0,0.21249869,1,0.16700067,0.21249869,0.21983408,0.16025304,0.15938215
25241,0,0.25702028,1,0.16700067,0.25702028,0.26108689,0.17401854,0.18316369
25242,0,0.09816023,0,0.16700067,0.09816023,0.10970713,0.14869861,0.14140639
25243,0,0.11266900,0,0.16700067,0.11266900,0.12418564,0.14063382,0.12988776
25244,0,0.10861405,0,0.16700067,0.10861405,0.12015940,0.15014231,0.14355622
25248,0,0.24977822,1,0.16700067,0.24977822,0.25441512,0.16669380,0.17018278
25249,0,0.16633602,0,0.16700067,0.16633602,0.17629462,0.17115968,0.17800798
25254,1,0.16633602,0,0.16700067,0.16633602,0.17629462,0.17115968,0.17800798
25256,1,0.10861405,0,0.16700067,0.10861405,0.12015940,0.15014231,0.14355622
25259,1,0.22800532,1,0.16700067,0.22800532,0.23427068,0.17016837,0.17624699
25261,0,0.16633602,0,0.16700067,0.16633602,0.17629462,0.17115968,0.17800798
25267,1,0.10861405,0,0.16700067,0.10861405,0.12015940,0.15014231,0.14355622
25275,1,0.18688836,1,0.16700067,0.18688836,0.19579545,0.16526621,0.16773969
25279,0,0.27170150,1,0.16700067,0.27170150,0.27457357,0.16900062,0.17419016
25281,0,0.06925868,0,0.16700067,0.06925868,0.08015914,0.12795311,0.11339685
25283,0,0.34680913,1,0.16700067,0.34680913,0.34298108,0.15827418,0.15617726
25286,0,0.13231855,0,0.16700067,0.13231855,0.14349920,0.15777344,0.15537466
25297,0,0.09816023,0,0.16700067,0.09816023,0.10970713,0.14869861,0.14140639
25299,0,0.20462007,1,0.16700067,0.20462007,0.21246663,0.17445030,0.18395231
25305,0,0.15126940,0,0.16700067,0.15126940,0.16185762,0.16593627,0.16888290
25309,0,0.16633602,0,0.16700067,0.16633602,0.17629462,0.17115968,0.17800798
25315,0,0.15126940,0,0.16700067,0.15126940,0.16185762,0.16593627,0.16888290
25316,0,0.10921594,0,0.16700067,0.10921594,0.12075797,0.12933679,0.11510342
25330,0,0.18833356,1,0.16700067,0.18833356,0.19715920,0.17596273,0.18673558
25331,1,0.18833356,1,0.16700067,0.18833356,0.19715920,0.17596273,0.18673558
25342,0,0.12411448,0,0.16700067,0.12411448,0.13547300,0.13100286,0.11718792
25347,0,0.09617172,0,0.16700067,0.09617172,0.10770633,0.15853840,0.15660213
25351,0,0.10861405,0,0.16700067,0.10861405,0.12015940,0.15014231,0.14355622
25361,0,0.12471300,0,0.16700067,0.12471300,0.13606030,0.16333612,0.16448130
25364,1,0.18833356,1,0.16700067,0.18833356,0.19715920,0.17596273,0.18673558
25365,1,0.18833356,1,0.16700067,0.18833356,0.19715920,0.17596273,0.18673558
25373,1,0.35832017,1,0.16700067,0.35832017,0.35340766,0.21121820,0.26082808
25376,0,0.10407019,0,0.16700067,0.10407019,0.11562946,0.15734031,0.15468315
25383,0,0.10861405,0,0.16700067,0.10861405,0.12015940,0.15014231,0.14355622
25389,0,0.18833356,1,0.16700067,0.18833356,0.19715920,0.17596273,0.18673558
25390,0,0.24741207,1,0.16700067,0.24741207,0.25223238,0.16846531,0.17325364
25393,0,0.12737172,0,0.16700067,0.12737172,0.13866576,0.16956854,0.17518810
25396,0,0.16486641,0,0.16700067,0.16486641,0.17489202,0.13744993,0.12556475
25398,0,0.16633602,0,0.16700067,0.16633602,0.17629462,0.17115968,0.17800798
25402,0,0.18833356,1,0.16700067,0.18833356,0.19715920,0.17596273,0.18673558
25406,0,0.10861405,0,0.16700067,0.10861405,0.12015940,0.15014231,0.14355622
25407,0,0.22052381,1,0.16700067,0.22052381,0.22731555,0.17115968,0.17800798
25427,0,0.35371482,1,0.16700067,0.35371482,0.34923733,0.19545066,0.22550939
25432,0,0.10861405,0,0.16700067,0.10861405,0.12015940,0.15014231,0.14355622
25442,0,0.10861405,0,0.16700067,0.10861405,0.12015940,0.15014231,0.14355622
25444,1,0.16633602,0,0.16700067,0.16633602,0.17629462,0.17115968,0.17800798
25445,0,0.15706508,0,0.16700067,0.15706508,0.16742651,0.15958890,0.15830064
25447,0,0.10861405,0,0.16700067,0.10861405,0.12015940,0.15014231,0.14355622
25449,0,0.12725228,0,0.16700067,0.12725228,0.13854883,0.15601459,0.15258216
25450,0,0.10861405,0,0.16700067,0.10861405,0.12015940,0.15014231,0.14355622
25457,0,0.08013840,0,0.16700067,0.08013840,0.09140875,0.14575704,0.13710929
25462,0,0.12411448,0,0.16700067,0.12411448,0.13547300,0.13100286,0.11718792
25466,0,0.16633602,0,0.16700067,0.16633602,0.17629462,0.17115968,0.17800798
25467,0,0.18833356,1,0.16700067,0.18833356,0.19715920,0.17596273,0.18673558
25482,0,0.10861405,0,0.16700067,0.10861405,0.12015940,0.15014231,0.14355622
25498,0,0.16633602,0,0.16700067,0.16633602,0.17629462,0.17115968,0.17800798
25501,0,0.08785842,0,0.16700067,0.08785842,0.09929432,0.14014809,0.12922017
25505,0,0.16070884,0,0.16700067,0.16070884,0.17091766,0.18291461,0.19994580
25510,0,0.09179432,0,0.16700067,0.09179432,0.10328673,0.13625126,0.12396941
25522,0,0.16633602,0,0.16700067,0.16633602,0.17629462,0.17115968,0.17800798
25527,0,0.09583183,0,0.16700067,0.09583183,0.10736392,0.14985997,0.14313365
25536,0,0.16633602,0,0.16700067,0.16633602,0.17629462,0.17115968,0.17800798
25537,0,0.15126940,0,0.16700067,0.15126940,0.16185762,0.16593627,0.16888290
25562,0,0.10861405,0,0.16700067,0.10861405,0.12015940,0.15014231,0.14355622
25563,0,0.16633602,0,0.16700067,0.16633602,0.17629462,0.17115968,0.17800798
25566,0,0.29202626,1,0.16700067,0.29202626,0.29317027,0.21421393,0.26792869
25586,1,0.18833356,1,0.16700067,0.18833356,0.19715920,0.17596273,0.18673558
25592,0,0.26189786,1,0.16700067,0.26189786,0.26557310,0.18246204,0.19906489
25596,0,0.20643460,1,0.16700067,0.20643460,0.21416549,0.17445030,0.18395231
25598,1,0.18833356,1,0.16700067,0.18833356,0.19715920,0.17596273,0.18673558
25599,1,0.13148718,0,0.16700067,0.13148718,0.14268816,0.17822784,0.19096447
25610,1,0.16676620,0,0.16700067,0.16676620,0.17670496,0.17953942,0.19344638
25612,0,0.10861405,0,0.16700067,0.10861405,0.12015940,0.15014231,0.14355622
25613,0,0.08785842,0,0.16700067,0.08785842,0.09929432,0.14014809,0.12922017
25626,1,0.21249869,1,0.16700067,0.21249869,0.21983408,0.16025304,0.15938215
25641,0,0.17045135,0,0.16700067,0.17045135,0.18021621,0.18064658,0.19556050
25642,0,0.18833356,1,0.16700067,0.18833356,0.19715920,0.17596273,0.18673558
25653,0,0.06925868,0,0.16700067,0.06925868,0.08015914,0.12795311,0.11339685
25659,0,0.14036030,0,0.16700067,0.14036030,0.15131892,0.14018068,0.12926486
25667,0,0.06925868,0,0.16700067,0.06925868,0.08015914,0.12795311,0.11339685
25681,0,0.16633602,0,0.16700067,0.16633602,0.17629462,0.17115968,0.17800798
25690,0,0.16633602,0,0.16700067,0.16633602,0.17629462,0.17115968,0.17800798
25692,0,0.16633602,0,0.16700067,0.16633602,0.17629462,0.17115968,0.17800798
25697,0,0.00596985,0,0.16700067,0.00596985,0.00872246,0.03418693,0.03919109
25700,1,0.18833356,1,0.16700067,0.18833356,0.19715920,0.17596273,0.18673558
25707,1,0.15126940,0,0.16700067,0.15126940,0.16185762,0.16593627,0.16888290
25717,0,0.15126940,0,0.16700067,0.15126940,0.16185762,0.16593627,0.16888290
25721,0,0.12411448,0,0.16700067,0.12411448,0.13547300,0.13100286,0.11718792
25727,1,0.18833356,1,0.16700067,0.18833356,0.19715920,0.17596273,0.18673558
25732,0,0.12411448,0,0.16700067,0.12411448,0.13547300,0.13100286,0.11718792
25733,0,0.17776999,0,0.16700067,0.17776999,0.18716897,0.15835743,0.15631102
25750,1,0.15126940,0,0.16700067,0.15126940,0.16185762,0.16593627,0.16888290
25752,0,0.18833356,1,0.16700067,0.18833356,0.19715920,0.17596273,0.18673558
25761,0,0.39745360,1,0.16700067,0.39745360,0.38880384,0.24617121,0.35076876
25770,0,0.09328147,0,0.16700067,0.09328147,0.10479059,0.13908135,0.12776426
25773,0,0.04562218,0,0.16700067,0.04562218,0.05502692,0.17086035,0.17747480
25781,0,0.18833356,1,0.16700067,0.18833356,0.19715920,0.17596273,0.18673558
25812,0,0.21322272,1,0.16700067,0.21322272,0.22051000,0.17445030,0.18395231
25815,1,0.26975091,1,0.16700067,0.26975091,0.27278447,0.24281990,0.34152461
25829,0,0.09926559,0,0.16700067,0.09926559,0.11081751,0.13145123,0.11775445
25832,0,0.00901535,0,0.16700067,0.00901535,0.01268238,0.04833172,0.04622401
25833,1,0.18833356,1,0.16700067,0.18833356,0.19715920,0.17596273,0.18673558
25838,0,0.05215179,0,0.16700067,0.05215179,0.06208120,0.16107718,0.16073253
25841,0,0.30049515,1,0.16700067,0.30049515,0.30089713,0.25671032,0.38055080
25854,0,0.20525698,1,0.16700067,0.20525698,0.21306309,0.17709337,0.18883737
25865,1,0.16502531,0,0.16700067,0.16502531,0.17504373,0.18064658,0.19556050
25866,0,0.06925868,0,0.16700067,0.06925868,0.08015914,0.12795311,0.11339685
25867,1,0.18833356,1,0.16700067,0.18833356,0.19715920,0.17596273,0.18673558
25871,0,0.06925868,0,0.16700067,0.06925868,0.08015914,0.12795311,0.11339685
25872,0,0.18833356,1,0.16700067,0.18833356,0.19715920,0.17596273,0.18673558
25877,1,0.10861405,0,0.16700067,0.10861405,0.12015940,0.15014231,0.14355622
25885,0,0.09023310,0,0.16700067,0.09023310,0.10170525,0.14829700,0.14081315
25892,0,0.31342108,1,0.16700067,0.31342108,0.31266912,0.19895401,0.23305424
25896,0,0.26210335,1,0.16700067,0.26210335,0.26576198,0.18161447,0.19742298
25897,0,0.16633602,0,0.16700067,0.16633602,0.17629462,0.17115968,0.17800798
25901,1,0.18833356,1,0.16700067,0.18833356,0.19715920,0.17596273,0.18673558
25911,0,0.00643031,0,0.16700067,0.00643031,0.00933151,0.04937369,0.04678714
25921,0,0.14834604,0,0.16700067,0.14834604,0.15904095,0.18799361,0.21003238
25934,1,0.10861405,0,0.16700067,0.10861405,0.12015940,0.15014231,0.14355622
25935,1,0.30075362,1,0.16700067,0.30075362,0.30113277,0.18771486,0.20946923
25936,1,0.15126940,0,0.16700067,0.15126940,0.16185762,0.16593627,0.16888290
25939,0,0.16991423,0,0.16700067,0.16991423,0.17970488,0.13397906,0.12099305
25951,0,0.15126940,0,0.16700067,0.15126940,0.16185762,0.16593627,0.16888290
25952,0,0.19981418,1,0.16700067,0.19981418,0.20796092,0.17445030,0.18395231
25963,1,0.21249869,1,0.16700067,0.21249869,0.21983408,0.16025304,0.15938215
25964,0,0.01046887,0,0.16700067,0.01046887,0.01452480,0.03105388,0.03777824
25965,1,0.18833356,1,0.16700067,0.18833356,0.19715920,0.17596273,0.18673558
25977,0,0.15990515,0,0.16700067,0.15990515,0.17014828,0.18105950,0.19635344
25984,0,0.21249869,1,0.16700067,0.21249869,0.21983408,0.16025304,0.15938215
25993,0,0.21249869,1,0.16700067,0.21249869,0.21983408,0.16025304,0.15938215
26000,1,0.14476846,0,0.16700067,0.14476846,0.15558663,0.16260373,0.16325825
26011,1,0.10861405,0,0.16700067,0.10861405,0.12015940,0.15014231,0.14355622
26012,0,0.03736701,0,0.16700067,0.03736701,0.04595620,0.16069582,0.16010651
26013,0,0.14417299,0,0.16700067,0.14417299,0.15501088,0.16346956,0.16470492
26016,1,0.15126940,0,0.16700067,0.15126940,0.16185762,0.16593627,0.16888290
26025,0,0.20139460,1,0.16700067,0.20139460,0.20944364,0.17445030,0.18395231
26028,0,0.20460639,1,0.16700067,0.20460639,0.21245382,0.16456016,0.16654181
26039,0,0.10861405,0,0.16700067,0.10861405,0.12015940,0.15014231,0.14355622
26040,1,0.12709979,0,0.16700067,0.12709979,0.13839953,0.22085461,0.28409874
26043,0,0.20525698,1,0.16700067,0.20525698,0.21306309,0.17709337,0.18883737
26044,0,0.21249869,1,0.16700067,0.21249869,0.21983408,0.16025304,0.15938215
26050,0,0.23963852,1,0.16700067,0.23963852,0.24505071,0.18226284,0.19867808
26053,0,0.15126940,0,0.16700067,0.15126940,0.16185762,0.16593627,0.16888290
26055,0,0.26189786,1,0.16700067,0.26189786,0.26557310,0.18246204,0.19906489
26066,0,0.17443592,0,0.16700067,0.17443592,0.18400489,0.17679763,0.18828586
26070,0,0.21249869,1,0.16700067,0.21249869,0.21983408,0.16025304,0.15938215
26084,0,0.21249869,1,0.16700067,0.21249869,0.21983408,0.16025304,0.15938215
26089,0,0.16633602,0,0.16700067,0.16633602,0.17629462,0.17115968,0.17800798
26091,0,0.06925868,0,0.16700067,0.06925868,0.08015914,0.12795311,0.11339685
26095,1,0.18833356,1,0.16700067,0.18833356,0.19715920,0.17596273,0.18673558
26099,0,0.21515591,1,0.16700067,0.21515591,0.22231378,0.18137046,0.19695219
26102,0,0.18833356,1,0.16700067,0.18833356,0.19715920,0.17596273,0.18673558
26112,0,0.16337318,0,0.16700067,0.16337318,0.17346568,0.14800619,0.14038488
26116,0,0.26616262,1,0.16700067,0.26616262,0.26949110,0.20278671,0.24150758
26125,0,0.21061596,1,0.16700067,0.21061596,0.21807560,0.18650446,0.20703683
26132,0,0.15126940,0,0.16700067,0.15126940,0.16185762,0.16593627,0.16888290
26139,0,0.10861405,0,0.16700067,0.10861405,0.12015940,0.15014231,0.14355622
26140,0,0.38167134,1,0.16700067,0.38167134,0.37453515,0.27281230,0.42776884
26146,0,0.11247195,0,0.16700067,0.11247195,0.12399032,0.15439347,0.15004491
26147,0,0.16008963,0,0.16700067,0.16008963,0.17032491,0.18736190,0.20875776
26163,0,0.09776224,0,0.16700067,0.09776224,0.10930702,0.16989975,0.17577217
26168,1,0.18833356,1,0.16700067,0.18833356,0.19715920,0.17596273,0.18673558
26170,0,0.10861405,0,0.16700067,0.10861405,0.12015940,0.15014231,0.14355622
26175,0,0.16633602,0,0.16700067,0.16633602,0.17629462,0.17115968,0.17800798
26177,0,0.03728764,0,0.16700067,0.03728764,0.04586806,0.12121146,0.10539461
26188,0,0.27939278,1,0.16700067,0.27939278,0.28162033,0.18698512,0.20800024
26189,1,0.09816023,0,0.16700067,0.09816023,0.10970713,0.14869861,0.14140639
26192,0,0.21249869,1,0.16700067,0.21249869,0.21983408,0.16025304,0.15938215
26194,0,0.35371482,1,0.16700067,0.35371482,0.34923733,0.19545066,0.22550939
26196,0,0.22776877,1,0.16700067,0.22776877,0.23405105,0.20324167,0.24252479
26198,1,0.06925868,0,0.16700067,0.06925868,0.08015914,0.12795311,0.11339685
26199,1,0.12411448,0,0.16700067,0.12411448,0.13547300,0.13100286,0.11718792
26200,0,0.48147045,1,0.16700067,0.48147045,0.46484786,0.36937454,0.70805173
26206,0,0.09380961,0,0.16700067,0.09380961,0.10532408,0.17932530,0.19303952
26209,0,0.17184889,0,0.16700067,0.17184889,0.18154596,0.17273146,0.18082835
26214,0,0.18833356,1,0.16700067,0.18833356,0.19715920,0.17596273,0.18673558
26221,0,0.10861405,0,0.16700067,0.10861405,0.12015940,0.15014231,0.14355622
26232,0,0.20525698,1,0.16700067,0.20525698,0.21306309,0.17709337,0.18883737
26238,0,0.15502011,0,0.16700067,0.15502011,0.16546384,0.16347215,0.16470927
26257,0,0.16633602,0,0.16700067,0.16633602,0.17629462,0.17115968,0.17800798
26262,0,0.04588784,0,0.16700067,0.04588784,0.05531586,0.14529004,0.13643728
26270,0,0.19422764,1,0.16700067,0.19422764,0.20271166,0.17147157,0.17856489
26271,0,0.10861405,0,0.16700067,0.10861405,0.12015940,0.15014231,0.14355622
26277,0,0.16633602,0,0.16700067,0.16633602,0.17629462,0.17115968,0.17800798
26284,0,0.32666177,1,0.16700067,0.32666177,0.32470448,0.17534370,0.18559250
26292,0,0.12411448,0,0.16700067,0.12411448,0.13547300,0.13100286,0.11718792
26294,1,0.16633602,0,0.16700067,0.16633602,0.17629462,0.17115968,0.17800798
26295,0,0.13060108,0,0.16700067,0.13060108,0.14182317,0.16025304,0.15938215
26299,0,0.18833356,1,0.16700067,0.18833356,0.19715920,0.17596273,0.18673558
26304,0,0.16561498,0,0.16700067,0.16561498,0.17560660,0.16159769,0.16159016
26310,1,0.61531378,1,0.16700067,0.61531378,0.58773559,0.23542099,0.32154396
26314,0,0.26616262,1,0.16700067,0.26616262,0.26949110,0.20278671,0.24150758
26315,0,0.18833356,1,0.16700067,0.18833356,0.19715920,0.17596273,0.18673558
26319,0,0.17970168,0,0.16700067,0.17970168,0.18899971,0.16160904,0.16160890
26321,0,0.09240197,0,0.16700067,0.09240197,0.10390150,0.14954472,0.14266306
26323,0,0.09739293,0,0.16700067,0.09739293,0.10893559,0.15777344,0.15537466
26325,0,0.18833356,1,0.16700067,0.18833356,0.19715920,0.17596273,0.18673558
26332,0,0.18833356,1,0.16700067,0.18833356,0.19715920,0.17596273,0.18673558
26333,0,0.19440548,1,0.16700067,0.19440548,0.20287896,0.17892774,0.19228585
26340,0,0.21249869,1,0.16700067,0.21249869,0.21983408,0.16025304,0.15938215
26342,0,0.10348346,0,0.16700067,0.10348346,0.11504307,0.12969757,0.11555206
26343,0,0.12411448,0,0.16700067,0.12411448,0.13547300,0.13100286,0.11718792
26346,0,0.06925868,0,0.16700067,0.06925868,0.08015914,0.12795311,0.11339685
26351,0,0.31917085,1,0.16700067,0.31917085,0.31789815,0.20443908,0.24521585
26352,0,0.19228061,1,0.16700067,0.19228061,0.20087913,0.20769187,0.25262745
26354,0,0.12411448,0,0.16700067,0.12411448,0.13547300,0.13100286,0.11718792
26355,0,0.15126940,0,0.16700067,0.15126940,0.16185762,0.16593627,0.16888290
26357,0,0.10861405,0,0.16700067,0.10861405,0.12015940,0.15014231,0.14355622
26358,0,0.03745053,0,0.16700067,0.03745053,0.04604893,0.15061200,0.14426148
26368,0,0.18833356,1,0.16700067,0.18833356,0.19715920,0.17596273,0.18673558
26370,0,0.18833356,1,0.16700067,0.18833356,0.19715920,0.17596273,0.18673558
26385,0,0.16633602,0,0.16700067,0.16633602,0.17629462,0.17115968,0.17800798
26398,1,0.10861405,0,0.16700067,0.10861405,0.12015940,0.15014231,0.14355622
26401,0,0.06958536,0,0.16700067,0.06958536,0.08049947,0.14018068,0.12926486
26404,0,0.08625213,0,0.16700067,0.08625213,0.09765970,0.15891790,0.15721401
26405,0,0.10861405,0,0.16700067,0.10861405,0.12015940,0.15014231,0.14355622
26407,0,0.10861405,0,0.16700067,0.10861405,0.12015940,0.15014231,0.14355622
26410,0,0.16633602,0,0.16700067,0.16633602,0.17629462,0.17115968,0.17800798
26412,0,0.35371482,1,0.16700067,0.35371482,0.34923733,0.19545066,0.22550939
26422,0,0.31890460,1,0.16700067,0.31890460,0.31765611,0.19636854,0.22746926
26427,0,0.18833356,1,0.16700067,0.18833356,0.19715920,0.17596273,0.18673558
26432,1,0.18833356,1,0.16700067,0.18833356,0.19715920,0.17596273,0.18673558
26445,0,0.16633602,0,0.16700067,0.16633602,0.17629462,0.17115968,0.17800798
26448,1,0.70345434,1,0.16700067,0.70345434,0.67120383,0.56330095,0.96265571
26450,0,0.14417299,0,0.16700067,0.14417299,0.15501088,0.16346956,0.16470492
26451,0,0.15982444,0,0.16700067,0.15982444,0.17007099,0.15777344,0.15537466
26452,0,0.06232785,0,0.16700067,0.06232785,0.07289807,0.12888301,0.11454130
26453,0,0.21249869,1,0.16700067,0.21249869,0.21983408,0.16025304,0.15938215
26457,0,0.21249869,1,0.16700067,0.21249869,0.21983408,0.16025304,0.15938215
26463,0,0.25171864,1,0.16700067,0.25171864,0.25620405,0.18975010,0.21360643
26465,0,0.29232489,1,0.16700067,0.29232489,0.29344294,0.17172264,0.17901417
26468,0,0.14920544,0,0.16700067,0.14920544,0.15986954,0.16549228,0.16812471
26470,0,0.12411448,0,0.16700067,0.12411448,0.13547300,0.13100286,0.11718792
26472,0,0.16633602,0,0.16700067,0.16633602,0.17629462,0.17115968,0.17800798
26473,0,0.18833356,1,0.16700067,0.18833356,0.19715920,0.17596273,0.18673558
26474,1,0.21722044,1,0.16700067,0.21722044,0.22423867,0.21008114,0.25816508
26482,0,0.04725394,0,0.16700067,0.04725394,0.05679900,0.14305982,0.13326619
26486,0,0.08181443,0,0.16700067,0.08181443,0.09312715,0.17193663,0.17939780
26488,0,0.16633602,0,0.16700067,0.16633602,0.17629462,0.17115968,0.17800798
26491,1,0.16633602,0,0.16700067,0.16633602,0.17629462,0.17115968,0.17800798
26494,1,0.07340726,0,0.16700067,0.07340726,0.08446895,0.15770520,0.15526555
26501,0,0.21249869,1,0.16700067,0.21249869,0.21983408,0.16025304,0.15938215
26504,0,0.12411448,0,0.16700067,0.12411448,0.13547300,0.13100286,0.11718792
26507,0,0.04935024,0,0.16700067,0.04935024,0.05906639,0.12782760,0.11324313
26510,1,0.21249869,1,0.16700067,0.21249869,0.21983408,0.16025304,0.15938215
26525,0,0.21249869,1,0.16700067,0.21249869,0.21983408,0.16025304,0.15938215
26527,0,0.18833356,1,0.16700067,0.18833356,0.19715920,0.17596273,0.18673558
26528,1,0.13148718,0,0.16700067,0.13148718,0.14268816,0.17822784,0.19096447
26534,0,0.10861405,0,0.16700067,0.10861405,0.12015940,0.15014231,0.14355622
26538,0,0.18113233,1,0.16700067,0.18113233,0.19035444,0.18008164,0.19447958
26539,0,0.12411448,0,0.16700067,0.12411448,0.13547300,0.13100286,0.11718792
26540,0,0.16633602,0,0.16700067,0.16633602,0.17629462,0.17115968,0.17800798
26546,1,0.23097563,1,0.16700067,0.23097563,0.23702704,0.18478000,0.20360754
26553,0,0.16546308,0,0.16700067,0.16546308,0.17546162,0.15088091,0.14466655
26559,0,0.11767269,0,0.16700067,0.11767269,0.12913376,0.15877841,0.15698888
26562,0,0.32001661,1,0.16700067,0.32001661,0.31866696,0.18925438,0.21259329
26567,0,0.10861405,0,0.16700067,0.10861405,0.12015940,0.15014231,0.14355622
26578,0,0.21249869,1,0.16700067,0.21249869,0.21983408,0.16025304,0.15938215
26581,1,0.11675352,0,0.16700067,0.11675352,0.12822643,0.17673911,0.18817687
26585,0,0.23097563,1,0.16700067,0.23097563,0.23702704,0.18478000,0.20360754
26591,1,0.25417899,1,0.16700067,0.25417899,0.25847091,0.21079380,0.25983207
26592,0,0.12411448,0,0.16700067,0.12411448,0.13547300,0.13100286,0.11718792
26596,1,0.18833356,1,0.16700067,0.18833356,0.19715920,0.17596273,0.18673558
26601,0,0.10861405,0,0.16700067,0.10861405,0.12015940,0.15014231,0.14355622
26602,0,0.10196023,0,0.16700067,0.10196023,0.11351914,0.13207254,0.11854344
26609,0,0.09184009,0,0.16700067,0.09184009,0.10333305,0.13173632,0.11811591
26627,0,0.09704629,0,0.16700067,0.09704629,0.10858682,0.18638582,0.20679953
26630,0,0.09302381,0,0.16700067,0.09302381,0.10453022,0.13167919,0.11804340
26632,0,0.18113233,1,0.16700067,0.18113233,0.19035444,0.18008164,0.19447958
26636,0,0.10861405,0,0.16700067,0.10861405,0.12015940,0.15014231,0.14355622
26638,0,0.18833356,1,0.16700067,0.18833356,0.19715920,0.17596273,0.18673558
26643,0,0.15754662,0,0.16700067,0.15754662,0.16788832,0.18007474,0.19446641
26647,0,0.10861405,0,0.16700067,0.10861405,0.12015940,0.15014231,0.14355622
26651,0,0.16633602,0,0.16700067,0.16633602,0.17629462,0.17115968,0.17800798
26658,0,0.34688489,1,0.16700067,0.34688489,0.34304974,0.18299912,0.20011062
26661,0,0.18833356,1,0.16700067,0.18833356,0.19715920,0.17596273,0.18673558
26662,1,0.29544679,1,0.16700067,0.29544679,0.29629253,0.17596273,0.18673558
26665,0,0.07020726,0,0.16700067,0.07020726,0.08114689,0.14403653,0.13464720
26669,0,0.06925868,0,0.16700067,0.06925868,0.08015914,0.12795311,0.11339685
26670,1,0.21822318,1,0.16700067,0.21822318,0.22517305,0.19080664,0.21577749
26671,0,0.16633602,0,0.16700067,0.16633602,0.17629462,0.17115968,0.17800798
26672,0,0.07667098,0,0.16700067,0.07667098,0.08784172,0.15019026,0.14362809
26673,0,0.13901682,0,0.16700067,0.13901682,0.15001566,0.15777344,0.15537466
26675,0,0.15126940,0,0.16700067,0.15126940,0.16185762,0.16593627,0.16888290
26685,0,0.18833356,1,0.16700067,0.18833356,0.19715920,0.17596273,0.18673558
26689,0,0.18833356,1,0.16700067,0.18833356,0.19715920,0.17596273,0.18673558
26690,1,0.43258511,1,0.16700067,0.43258511,0.42056531,0.23727592,0.32649571
26701,0,0.06925868,0,0.16700067,0.06925868,0.08015914,0.12795311,0.11339685
26703,0,0.16633602,0,0.16700067,0.16633602,0.17629462,0.17115968,0.17800798
26709,0,0.12411448,0,0.16700067,0.12411448,0.13547300,0.13100286,0.11718792
26711,0,0.40346181,1,0.16700067,0.40346181,0.39423494,0.28273918,0.45760920
26715,0,0.10861405,0,0.16700067,0.10861405,0.12015940,0.15014231,0.14355622
26716,0,0.14200157,0,0.16700067,0.14200157,0.15290940,0.15990534,0.15881519
26718,0,0.12411448,0,0.16700067,0.12411448,0.13547300,0.13100286,0.11718792
26719,0,0.06925868,0,0.16700067,0.06925868,0.08015914,0.12795311,0.11339685
26722,0,0.21249869,1,0.16700067,0.21249869,0.21983408,0.16025304,0.15938215
26723,0,0.06925868,0,0.16700067,0.06925868,0.08015914,0.12795311,0.11339685
26724,1,0.10407019,0,0.16700067,0.10407019,0.11562946,0.15734031,0.15468315
26736,0,0.21249869,1,0.16700067,0.21249869,0.21983408,0.16025304,0.15938215
26739,0,0.18833356,1,0.16700067,0.18833356,0.19715920,0.17596273,0.18673558
26740,1,0.30298005,1,0.16700067,0.30298005,0.30316211,0.19770423,0.23034267
26742,0,0.06925868,0,0.16700067,0.06925868,0.08015914,0.12795311,0.11339685
26746,0,0.12692610,0,0.16700067,0.12692610,0.13822945,0.17192434,0.17937574
26763,0,0.18833356,1,0.16700067,0.18833356,0.19715920,0.17596273,0.18673558
26771,0,0.02975355,0,0.16700067,0.02975355,0.03740747,0.14712563,0.13909472
26778,1,0.08458531,0,0.16700067,0.08458531,0.09596015,0.15088091,0.14466655
26781,1,0.18833356,1,0.16700067,0.18833356,0.19715920,0.17596273,0.18673558
26786,1,0.21249869,1,0.16700067,0.21249869,0.21983408,0.16025304,0.15938215
26797,0,0.22373622,1,0.16700067,0.22373622,0.23030418,0.16613738,0.16922721
26804,0,0.09261976,0,0.16700067,0.09261976,0.10412175,0.18270215,0.19953189
26806,0,0.15126940,0,0.16700067,0.15126940,0.16185762,0.16593627,0.16888290
26811,0,0.29202626,1,0.16700067,0.29202626,0.29317027,0.21421393,0.26792869
26812,1,0.16633602,0,0.16700067,0.16633602,0.17629462,0.17115968,0.17800798
26813,0,0.16633602,0,0.16700067,0.16633602,0.17629462,0.17115968,0.17800798
26819,0,0.17898386,0,0.16700067,0.17898386,0.18831961,0.18597000,0.20596944
26826,0,0.24636362,1,0.16700067,0.24636362,0.25126472,0.18363187,0.20134790
26830,1,0.18833356,1,0.16700067,0.18833356,0.19715920,0.17596273,0.18673558
26858,0,0.10861405,0,0.16700067,0.10861405,0.12015940,0.15014231,0.14355622
26859,0,0.10407019,0,0.16700067,0.10407019,0.11562946,0.15734031,0.15468315
26862,0,0.10861405,0,0.16700067,0.10861405,0.12015940,0.15014231,0.14355622
26863,0,0.26210335,1,0.16700067,0.26210335,0.26576198,0.18161447,0.19742298
26867,0,0.15126940,0,0.16700067,0.15126940,0.16185762,0.16593627,0.16888290
26881,1,0.12411448,0,0.16700067,0.12411448,0.13547300,0.13100286,0.11718792
26883,0,0.06925868,0,0.16700067,0.06925868,0.08015914,0.12795311,0.11339685
26896,1,0.30049515,1,0.16700067,0.30049515,0.30089713,0.25671032,0.38055080
26897,1,0.15126940,0,0.16700067,0.15126940,0.16185762,0.16593627,0.16888290
26900,0,0.13623584,0,0.16700067,0.13623584,0.14731400,0.16082614,0.16032022
26907,0,0.21249869,1,0.16700067,0.21249869,0.21983408,0.16025304,0.15938215
26909,0,0.12411448,0,0.16700067,0.12411448,0.13547300,0.13100286,0.11718792
26911,0,0.10861405,0,0.16700067,0.10861405,0.12015940,0.15014231,0.14355622
26919,0,0.18833356,1,0.16700067,0.18833356,0.19715920,0.17596273,0.18673558
26920,1,0.55274225,1,0.16700067,0.55274225,0.52986989,0.25418934,0.37333484
26921,0,0.16633602,0,0.16700067,0.16633602,0.17629462,0.17115968,0.17800798
26927,0,0.10216605,0,0.16700067,0.10216605,0.11372519,0.13804558,0.12636403
26929,0,0.05517447,0,0.16700067,0.05517447,0.06531529,0.17984360,0.19402548
26932,0,0.01738788,0,0.16700067,0.01738788,0.02300740,0.06624436,0.05686067
26934,0,0.07183134,0,0.16700067,0.07183134,0.08283484,0.13401880,0.12104457
26945,0,0.17168475,0,0.16700067,0.17168475,0.18138983,0.17096291,0.17765734
26950,0,0.10861405,0,0.16700067,0.10861405,0.12015940,0.15014231,0.14355622
26952,0,0.00693580,0,0.16700067,0.00693580,0.00999543,0.02172607,0.03385592
26957,0,0.16633602,0,0.16700067,0.16633602,0.17629462,0.17115968,0.17800798
26958,0,0.10861405,0,0.16700067,0.10861405,0.12015940,0.15014231,0.14355622
26969,0,0.09304209,0,0.16700067,0.09304209,0.10454870,0.15942990,0.15804259
26970,0,0.16633602,0,0.16700067,0.16633602,0.17629462,0.17115968,0.17800798
26971,0,0.06925868,0,0.16700067,0.06925868,0.08015914,0.12795311,0.11339685
26972,0,0.10861405,0,0.16700067,0.10861405,0.12015940,0.15014231,0.14355622
26982,0,0.13342738,0,0.16700067,0.13342738,0.14458014,0.17897558,0.19237642
26984,1,0.14278207,0,0.16700067,0.14278207,0.15366512,0.17019120,0.17628739
26985,0,0.10861405,0,0.16700067,0.10861405,0.12015940,0.15014231,0.14355622
26988,0,0.18833356,1,0.16700067,0.18833356,0.19715920,0.17596273,0.18673558
26990,0,0.21096067,1,0.16700067,0.21096067,0.21839766,0.18196048,0.19809204
26992,0,0.10861405,0,0.16700067,0.10861405,0.12015940,0.15014231,0.14355622
26995,0,0.10861405,0,0.16700067,0.10861405,0.12015940,0.15014231,0.14355622
26996,0,0.10861405,0,0.16700067,0.10861405,0.12015940,0.15014231,0.14355622
26997,0,0.10861405,0,0.16700067,0.10861405,0.12015940,0.15014231,0.14355622
27004,0,0.09137337,0,0.16700067,0.09137337,0.10286059,0.17201100,0.17953127
27005,0,0.10179194,0,0.16700067,0.10179194,0.11335062,0.12984882,0.11574059
27006,0,0.18833356,1,0.16700067,0.18833356,0.19715920,0.17596273,0.18673558
27010,0,0.10607804,0,0.16700067,0.10607804,0.11763359,0.18039952,0.19508724
27015,0,0.09030953,0,0.16700067,0.09030953,0.10178273,0.14483678,0.13578770
27017,0,0.10861405,0,0.16700067,0.10861405,0.12015940,0.15014231,0.14355622
27018,0,0.10861405,0,0.16700067,0.10861405,0.12015940,0.15014231,0.14355622
27019,0,0.32440344,1,0.16700067,0.32440344,0.32265323,0.20325700,0.24255911
27024,0,0.16633602,0,0.16700067,0.16633602,0.17629462,0.17115968,0.17800798
27031,0,0.19440739,1,0.16700067,0.19440739,0.20288076,0.18017737,0.19466242
27036,0,0.10861405,0,0.16700067,0.10861405,0.12015940,0.15014231,0.14355622
27038,0,0.30049515,1,0.16700067,0.30049515,0.30089713,0.25671032,0.38055080
27039,0,0.21249869,1,0.16700067,0.21249869,0.21983408,0.16025304,0.15938215
27048,0,0.17776999,0,0.16700067,0.17776999,0.18716897,0.15835743,0.15631102
27056,0,0.06232785,0,0.16700067,0.06232785,0.07289807,0.12888301,0.11454130
27064,0,0.06925868,0,0.16700067,0.06925868,0.08015914,0.12795311,0.11339685
27076,0,0.05895590,0,0.16700067,0.05895590,0.06933561,0.14873651,0.14146249
27080,0,0.21822318,1,0.16700067,0.21822318,0.22517305,0.19080664,0.21577749
27089,0,0.18833356,1,0.16700067,0.18833356,0.19715920,0.17596273,0.18673558
27090,0,0.16365717,0,0.16700067,0.16365717,0.17373705,0.15125464,0.14523110
27093,0,0.17168475,0,0.16700067,0.17168475,0.18138983,0.17096291,0.17765734
27095,1,0.16633602,0,0.16700067,0.16633602,0.17629462,0.17115968,0.17800798
27098,0,0.07469602,0,0.16700067,0.07469602,0.08580259,0.15145966,0.14554156
27102,1,0.10861405,0,0.16700067,0.10861405,0.12015940,0.15014231,0.14355622
27104,1,0.18691038,1,0.16700067,0.18691038,0.19581624,0.18033035,0.19495489
27110,0,0.22767038,1,0.16700067,0.22767038,0.23395969,0.18789920,0.20984151
27111,1,0.18833356,1,0.16700067,0.18833356,0.19715920,0.17596273,0.18673558
27114,0,0.12524060,0,0.16700067,0.12524060,0.13657777,0.16470938,0.16679440
27116,1,0.12737172,0,0.16700067,0.12737172,0.13866576,0.16956854,0.17518810
27117,0,0.18833356,1,0.16700067,0.18833356,0.19715920,0.17596273,0.18673558
27125,0,0.38167134,1,0.16700067,0.38167134,0.37453515,0.27281230,0.42776884
27129,1,0.10861405,0,0.16700067,0.10861405,0.12015940,0.15014231,0.14355622
27130,0,0.18833356,1,0.16700067,0.18833356,0.19715920,0.17596273,0.18673558
27133,1,0.09816023,0,0.16700067,0.09816023,0.10970713,0.14869861,0.14140639
27134,0,0.16633602,0,0.16700067,0.16633602,0.17629462,0.17115968,0.17800798
27140,1,0.25131541,1,0.16700067,0.25131541,0.25583237,0.18064658,0.19556050
27146,0,0.10407019,0,0.16700067,0.10407019,0.11562946,0.15734031,0.15468315
27151,0,0.20925546,1,0.16700067,0.20925546,0.21680407,0.17892514,0.19228094
27153,0,0.10861405,0,0.16700067,0.10861405,0.12015940,0.15014231,0.14355622
27154,1,0.21249869,1,0.16700067,0.21249869,0.21983408,0.16025304,0.15938215
27156,0,0.27775167,1,0.16700067,0.27775167,0.28011776,0.18107765,0.19638836
27159,0,0.10861405,0,0.16700067,0.10861405,0.12015940,0.15014231,0.14355622
27160,0,0.06925868,0,0.16700067,0.06925868,0.08015914,0.12795311,0.11339685
27166,0,0.16633602,0,0.16700067,0.16633602,0.17629462,0.17115968,0.17800798
27167,0,0.04151716,0,0.16700067,0.04151716,0.05053946,0.13128091,0.11753896
27171,0,0.21249869,1,0.16700067,0.21249869,0.21983408,0.16025304,0.15938215
27175,0,0.16633602,0,0.16700067,0.16633602,0.17629462,0.17115968,0.17800798
27176,0,0.21249869,1,0.16700067,0.21249869,0.21983408,0.16025304,0.15938215
27178,0,0.14417299,0,0.16700067,0.14417299,0.15501088,0.16346956,0.16470492
27180,0,0.12411448,0,0.16700067,0.12411448,0.13547300,0.13100286,0.11718792
27184,0,0.16633602,0,0.16700067,0.16633602,0.17629462,0.17115968,0.17800798
27201,0,0.19099629,1,0.16700067,0.19099629,0.19966946,0.18064658,0.19556050
27208,0,0.18113233,1,0.16700067,0.18113233,0.19035444,0.18008164,0.19447958
27228,1,0.10861405,0,0.16700067,0.10861405,0.12015940,0.15014231,0.14355622
27229,0,0.10861405,0,0.16700067,0.10861405,0.12015940,0.15014231,0.14355622
27230,0,0.12411448,0,0.16700067,0.12411448,0.13547300,0.13100286,0.11718792
27231,0,0.32408924,1,0.16700067,0.32408924,0.32236780,0.18379831,0.20167430
27244,0,0.10861405,0,0.16700067,0.10861405,0.12015940,0.15014231,0.14355622
27245,0,0.18833356,1,0.16700067,0.18833356,0.19715920,0.17596273,0.18673558
27255,0,0.10861405,0,0.16700067,0.10861405,0.12015940,0.15014231,0.14355622
27261,0,0.09061305,0,0.16700067,0.09061305,0.10209038,0.15995463,0.15889547
27263,0,0.17809849,0,0.16700067,0.17809849,0.18748043,0.14414671,0.13480375
27264,0,0.08086553,0,0.16700067,0.08086553,0.09215471,0.15020626,0.14365207
27269,0,0.21249869,1,0.16700067,0.21249869,0.21983408,0.16025304,0.15938215
27274,1,0.38182369,1,0.16700067,0.38182369,0.37467291,0.18919540,0.21247298
27278,0,0.18833356,1,0.16700067,0.18833356,0.19715920,0.17596273,0.18673558
27279,0,0.14229398,0,0.16700067,0.14229398,0.15319257,0.17371357,0.18260823
27284,0,0.16633602,0,0.16700067,0.16633602,0.17629462,0.17115968,0.17800798
27285,0,0.18833356,1,0.16700067,0.18833356,0.19715920,0.17596273,0.18673558
27292,1,0.18833356,1,0.16700067,0.18833356,0.19715920,0.17596273,0.18673558
27295,0,0.18113233,1,0.16700067,0.18113233,0.19035444,0.18008164,0.19447958
27300,0,0.12411448,0,0.16700067,0.12411448,0.13547300,0.13100286,0.11718792
27301,0,0.12411448,0,0.16700067,0.12411448,0.13547300,0.13100286,0.11718792
27303,0,0.10861405,0,0.16700067,0.10861405,0.12015940,0.15014231,0.14355622
27309,0,0.12158563,0,0.16700067,0.12158563,0.13298845,0.17193663,0.17939780
27322,0,0.15431356,0,0.16700067,0.15431356,0.16478515,0.16017979,0.15926257
27323,0,0.18833356,1,0.16700067,0.18833356,0.19715920,0.17596273,0.18673558
27325,0,0.20525698,1,0.16700067,0.20525698,0.21306309,0.17709337,0.18883737
27326,1,0.60196044,1,0.16700067,0.60196044,0.57530716,0.39852165,0.77577031
27327,0,0.10861405,0,0.16700067,0.10861405,0.12015940,0.15014231,0.14355622
27332,0,0.24907891,1,0.16700067,0.24907891,0.25377017,0.21724114,0.27522717
27335,0,0.15981029,0,0.16700067,0.15981029,0.17005745,0.17388536,0.18292096
27338,0,0.14625640,0,0.16700067,0.14625640,0.15702430,0.17679763,0.18828586
27339,0,0.16633602,0,0.16700067,0.16633602,0.17629462,0.17115968,0.17800798
27346,0,0.10118062,0,0.16700067,0.10118062,0.11273827,0.16110445,0.16077738
27358,0,0.10861405,0,0.16700067,0.10861405,0.12015940,0.15014231,0.14355622
27362,0,0.12411448,0,0.16700067,0.12411448,0.13547300,0.13100286,0.11718792
27363,0,0.18833356,1,0.16700067,0.18833356,0.19715920,0.17596273,0.18673558
27368,0,0.18833356,1,0.16700067,0.18833356,0.19715920,0.17596273,0.18673558
27370,1,0.16633602,0,0.16700067,0.16633602,0.17629462,0.17115968,0.17800798
27372,0,0.14461588,0,0.16700067,0.14461588,0.15543913,0.16241143,0.16293834
27376,0,0.07564566,0,0.16700067,0.07564566,0.08678378,0.14639866,0.13803712
27377,0,0.17719923,0,0.16700067,0.17719923,0.18662769,0.17561498,0.18609278
27379,0,0.21249869,1,0.16700067,0.21249869,0.21983408,0.16025304,0.15938215
27407,0,0.24616136,1,0.16700067,0.24616136,0.25107801,0.18107853,0.19639004
27408,0,0.10861405,0,0.16700067,0.10861405,0.12015940,0.15014231,0.14355622
27409,0,0.09653601,0,0.16700067,0.09653601,0.10807319,0.16472425,0.16681958
27416,0,0.16633602,0,0.16700067,0.16633602,0.17629462,0.17115968,0.17800798
27418,0,0.15126940,0,0.16700067,0.15126940,0.16185762,0.16593627,0.16888290
27422,0,0.10861405,0,0.16700067,0.10861405,0.12015940,0.15014231,0.14355622
27426,1,0.14564094,0,0.16700067,0.14564094,0.15642981,0.16485955,0.16704892
27429,0,0.25782297,1,0.16700067,0.25782297,0.26182556,0.18374540,0.20157050
27431,0,0.10861405,0,0.16700067,0.10861405,0.12015940,0.15014231,0.14355622
27433,0,0.25398865,1,0.16700067,0.25398865,0.25829559,0.18100456,0.19624780
27442,0,0.10861405,0,0.16700067,0.10861405,0.12015940,0.15014231,0.14355622
27443,0,0.24550496,1,0.16700067,0.24550496,0.25047200,0.18325206,0.20060452
27448,1,0.18833356,1,0.16700067,0.18833356,0.19715920,0.17596273,0.18673558
27455,0,0.12411448,0,0.16700067,0.12411448,0.13547300,0.13100286,0.11718792
27462,0,0.22466063,1,0.16700067,0.22466063,0.23116357,0.18064658,0.19556050
27480,1,0.10861405,0,0.16700067,0.10861405,0.12015940,0.15014231,0.14355622
27486,0,0.12011140,0,0.16700067,0.12011140,0.13153766,0.17448864,0.18402248
27487,0,0.18833356,1,0.16700067,0.18833356,0.19715920,0.17596273,0.18673558
27493,1,0.10634506,0,0.16700067,0.10634506,0.11789983,0.17147157,0.17856489
27497,0,0.21249869,1,0.16700067,0.21249869,0.21983408,0.16025304,0.15938215
27501,0,0.18833356,1,0.16700067,0.18833356,0.19715920,0.17596273,0.18673558
27519,0,0.21249869,1,0.16700067,0.21249869,0.21983408,0.16025304,0.15938215
27520,0,0.09361164,0,0.16700067,0.09361164,0.10512415,0.15522734,0.15134565
27525,0,0.24288032,1,0.16700067,0.24288032,0.24804770,0.18438099,0.20282010
27527,0,0.10861405,0,0.16700067,0.10861405,0.12015940,0.15014231,0.14355622
27528,0,0.16633602,0,0.16700067,0.16633602,0.17629462,0.17115968,0.17800798
27532,0,0.15126940,0,0.16700067,0.15126940,0.16185762,0.16593627,0.16888290
27542,0,0.20253030,1,0.16700067,0.20253030,0.21050851,0.18049727,0.19527438
27551,1,0.24321141,1,0.16700067,0.24321141,0.24835363,0.20530025,0.24716370
27557,1,0.19422484,1,0.16700067,0.19422484,0.20270903,0.16226043,0.16268749
27560,0,0.18833356,1,0.16700067,0.18833356,0.19715920,0.17596273,0.18673558
27567,1,0.25886716,1,0.16700067,0.25886716,0.26278625,0.17120006,0.17808000
27568,0,0.06925868,0,0.16700067,0.06925868,0.08015914,0.12795311,0.11339685
27571,0,0.18833356,1,0.16700067,0.18833356,0.19715920,0.17596273,0.18673558
27575,0,0.04517512,0,0.16700067,0.04517512,0.05454029,0.15746282,0.15487849
27576,1,0.52835275,1,0.16700067,0.52835275,0.50753444,0.20485308,0.24615098
27582,0,0.04493240,0,0.16700067,0.04493240,0.05427587,0.14765806,0.13987362
27592,0,0.02367715,0,0.16700067,0.02367715,0.03042615,0.12551763,0.11044658
27597,0,0.09816023,0,0.16700067,0.09816023,0.10970713,0.14869861,0.14140639
27605,1,0.03736701,0,0.16700067,0.03736701,0.04595620,0.16069582,0.16010651
27607,1,0.18833356,1,0.16700067,0.18833356,0.19715920,0.17596273,0.18673558
27612,0,0.02706303,0,0.16700067,0.02706303,0.03433583,0.11023019,0.09342533
27616,0,0.15676798,0,0.16700067,0.15676798,0.16714151,0.17844460,0.19137295
27626,0,0.16633602,0,0.16700067,0.16633602,0.17629462,0.17115968,0.17800798
27627,0,0.16633602,0,0.16700067,0.16633602,0.17629462,0.17115968,0.17800798
27630,0,0.21249869,1,0.16700067,0.21249869,0.21983408,0.16025304,0.15938215
27633,0,0.32568381,1,0.16700067,0.32568381,0.32381627,0.24678257,0.35246752
27652,0,0.15981029,0,0.16700067,0.15981029,0.17005745,0.17388536,0.18292096
27665,0,0.16633602,0,0.16700067,0.16633602,0.17629462,0.17115968,0.17800798
27669,0,0.08712449,0,0.16700067,0.08712449,0.09854783,0.16112771,0.16081562
27670,0,0.04748125,0,0.16700067,0.04748125,0.05704536,0.13407955,0.12112337
27671,0,0.11675352,0,0.16700067,0.11675352,0.12822643,0.17673911,0.18817687
27681,0,0.10861405,0,0.16700067,0.10861405,0.12015940,0.15014231,0.14355622
27683,1,0.04328833,0,0.16700067,0.04328833,0.05248097,0.14942446,0.14248388
27687,0,0.10861405,0,0.16700067,0.10861405,0.12015940,0.15014231,0.14355622
27696,0,0.10861405,0,0.16700067,0.10861405,0.12015940,0.15014231,0.14355622
27698,0,0.15981029,0,0.16700067,0.15981029,0.17005745,0.17388536,0.18292096
27699,0,0.20910580,1,0.16700067,0.20910580,0.21666416,0.17382422,0.18280962
27705,0,0.29424160,1,0.16700067,0.29424160,0.29519265,0.16229329,0.16274204
27710,0,0.10861405,0,0.16700067,0.10861405,0.12015940,0.15014231,0.14355622
27714,0,0.13623584,0,0.16700067,0.13623584,0.14731400,0.16082614,0.16032022
27720,0,0.21249869,1,0.16700067,0.21249869,0.21983408,0.16025304,0.15938215
27721,1,0.18833356,1,0.16700067,0.18833356,0.19715920,0.17596273,0.18673558
27722,0,0.12411448,0,0.16700067,0.12411448,0.13547300,0.13100286,0.11718792
27725,0,0.16460293,0,0.16700067,0.16460293,0.17464043,0.16097890,0.16057101
27731,0,0.20525698,1,0.16700067,0.20525698,0.21306309,0.17709337,0.18883737
27732,0,0.13623584,0,0.16700067,0.13623584,0.14731400,0.16082614,0.16032022
27736,0,0.18833356,1,0.16700067,0.18833356,0.19715920,0.17596273,0.18673558
27740,0,0.06623890,0,0.16700067,0.06623890,0.07700520,0.13337351,0.12021031
27745,0,0.25886716,1,0.16700067,0.25886716,0.26278625,0.17120006,0.17808000
27747,0,0.12411448,0,0.16700067,0.12411448,0.13547300,0.13100286,0.11718792
27748,0,0.14417299,0,0.16700067,0.14417299,0.15501088,0.16346956,0.16470492
27761,0,0.04184259,0,0.16700067,0.04184259,0.05089681,0.15002637,0.14338257
27762,0,0.10634506,0,0.16700067,0.10634506,0.11789983,0.17147157,0.17856489
27764,1,0.18833356,1,0.16700067,0.18833356,0.19715920,0.17596273,0.18673558
27766,0,0.00693580,0,0.16700067,0.00693580,0.00999543,0.02172607,0.03385592
27771,0,0.15981029,0,0.16700067,0.15981029,0.17005745,0.17388536,0.18292096
27773,0,0.15255913,0,0.16700067,0.15255913,0.16309862,0.16484600,0.16702594
27774,0,0.43992624,1,0.16700067,0.43992624,0.42720605,0.23928341,0.33189866
27778,0,0.10610182,0,0.16700067,0.10610182,0.11765731,0.17281022,0.18097059
27786,0,0.16696409,0,0.16700067,0.16696409,0.17689370,0.13947290,0.12829702
27789,0,0.21249869,1,0.16700067,0.21249869,0.21983408,0.16025304,0.15938215
27795,0,0.12411448,0,0.16700067,0.12411448,0.13547300,0.13100286,0.11718792
27797,0,0.12411448,0,0.16700067,0.12411448,0.13547300,0.13100286,0.11718792
27807,0,0.10861405,0,0.16700067,0.10861405,0.12015940,0.15014231,0.14355622
27809,1,0.21249869,1,0.16700067,0.21249869,0.21983408,0.16025304,0.15938215
27811,0,0.10861405,0,0.16700067,0.10861405,0.12015940,0.15014231,0.14355622
27814,0,0.10861405,0,0.16700067,0.10861405,0.12015940,0.15014231,0.14355622
27819,0,0.15443388,0,0.16700067,0.15443388,0.16490075,0.20432629,0.24496151
27833,0,0.15126940,0,0.16700067,0.15126940,0.16185762,0.16593627,0.16888290
27845,0,0.12411448,0,0.16700067,0.12411448,0.13547300,0.13100286,0.11718792
27848,0,0.19981418,1,0.16700067,0.19981418,0.20796092,0.17445030,0.18395231
27852,0,0.16633602,0,0.16700067,0.16633602,0.17629462,0.17115968,0.17800798
27860,0,0.16633602,0,0.16700067,0.16633602,0.17629462,0.17115968,0.17800798
27861,0,0.20460639,1,0.16700067,0.20460639,0.21245382,0.16456016,0.16654181
27863,0,0.21844515,1,0.16700067,0.21844515,0.22537984,0.19140858,0.21702153
27866,0,0.18833356,1,0.16700067,0.18833356,0.19715920,0.17596273,0.18673558
27875,0,0.11900873,0,0.16700067,0.11900873,0.13045134,0.13959368,0.12846174
27881,1,0.18833356,1,0.16700067,0.18833356,0.19715920,0.17596273,0.18673558
27885,0,0.18833356,1,0.16700067,0.18833356,0.19715920,0.17596273,0.18673558
27902,0,0.38446518,1,0.16700067,0.38446518,0.37706145,0.21745548,0.27574859
27914,0,0.21249869,1,0.16700067,0.21249869,0.21983408,0.16025304,0.15938215
27922,0,0.06042517,0,0.16700067,0.06042517,0.07089042,0.15777344,0.15537466
27940,0,0.12411448,0,0.16700067,0.12411448,0.13547300,0.13100286,0.11718792
27941,1,0.20525698,1,0.16700067,0.20525698,0.21306309,0.17709337,0.18883737
27942,0,0.20806811,1,0.16700067,0.20806811,0.21569381,0.18766422,0.20936705
27944,0,0.12411448,0,0.16700067,0.12411448,0.13547300,0.13100286,0.11718792
27951,1,0.15126940,0,0.16700067,0.15126940,0.16185762,0.16593627,0.16888290
27952,0,0.20224826,1,0.16700067,0.20224826,0.21024410,0.18983358,0.21377738
27958,0,0.06925868,0,0.16700067,0.06925868,0.08015914,0.12795311,0.11339685
27962,0,0.16719777,0,0.16700067,0.16719777,0.17711654,0.14805703,0.14045967
27966,0,0.24173762,1,0.16700067,0.24173762,0.24699163,0.16994896,0.17585909
27967,1,0.15981029,0,0.16700067,0.15981029,0.17005745,0.17388536,0.18292096
27969,0,0.15126940,0,0.16700067,0.15126940,0.16185762,0.16593627,0.16888290
27979,0,0.12411448,0,0.16700067,0.12411448,0.13547300,0.13100286,0.11718792
27982,0,0.26821130,1,0.16700067,0.26821130,0.27137175,0.16905418,0.17428409
27991,1,0.20806811,1,0.16700067,0.20806811,0.21569381,0.18766422,0.20936705
27997,0,0.08625213,0,0.16700067,0.08625213,0.09765970,0.15891790,0.15721401
28002,1,0.18833356,1,0.16700067,0.18833356,0.19715920,0.17596273,0.18673558
28021,0,0.18130559,1,0.16700067,0.18130559,0.19051845,0.18495857,0.20396068
28031,1,0.20993335,1,0.16700067,0.20993335,0.21743772,0.19086469,0.21589723
28034,1,0.10861405,0,0.16700067,0.10861405,0.12015940,0.15014231,0.14355622
28036,0,0.13148718,0,0.16700067,0.13148718,0.14268816,0.17822784,0.19096447
28037,0,0.22997291,1,0.16700067,0.22997291,0.23609685,0.22796083,0.30203842
28052,0,0.12411448,0,0.16700067,0.12411448,0.13547300,0.13100286,0.11718792
28062,0,0.18833356,1,0.16700067,0.18833356,0.19715920,0.17596273,0.18673558
28063,0,0.21249869,1,0.16700067,0.21249869,0.21983408,0.16025304,0.15938215
28066,0,0.18833356,1,0.16700067,0.18833356,0.19715920,0.17596273,0.18673558
28068,0,0.10861405,0,0.16700067,0.10861405,0.12015940,0.15014231,0.14355622
28069,0,0.03952098,0,0.16700067,0.03952098,0.04834109,0.14729838,0.13934705
28071,0,0.26189786,1,0.16700067,0.26189786,0.26557310,0.18246204,0.19906489
28076,0,0.10861405,0,0.16700067,0.10861405,0.12015940,0.15014231,0.14355622
28078,0,0.16891778,0,0.16700067,0.16891778,0.17875587,0.18019521,0.19469651
28085,0,0.12411448,0,0.16700067,0.12411448,0.13547300,0.13100286,0.11718792
28087,1,0.21249869,1,0.16700067,0.21249869,0.21983408,0.16025304,0.15938215
28089,0,0.10861405,0,0.16700067,0.10861405,0.12015940,0.15014231,0.14355622
28094,1,0.34688489,1,0.16700067,0.34688489,0.34304974,0.18299912,0.20011062
28096,1,0.23946552,1,0.16700067,0.23946552,0.24489069,0.17601028,0.18682362
28099,0,0.18833356,1,0.16700067,0.18833356,0.19715920,0.17596273,0.18673558
28103,0,0.18928340,1,0.16700067,0.18928340,0.19805500,0.13553707,0.12302718
28105,0,0.16891778,0,0.16700067,0.16891778,0.17875587,0.18019521,0.19469651
28108,0,0.09583183,0,0.16700067,0.09583183,0.10736392,0.14985997,0.14313365
28113,0,0.12737172,0,0.16700067,0.12737172,0.13866576,0.16956854,0.17518810
28114,0,0.24288032,1,0.16700067,0.24288032,0.24804770,0.18438099,0.20282010
28120,0,0.21249869,1,0.16700067,0.21249869,0.21983408,0.16025304,0.15938215
28121,1,0.23097563,1,0.16700067,0.23097563,0.23702704,0.18478000,0.20360754
28122,0,0.18833356,1,0.16700067,0.18833356,0.19715920,0.17596273,0.18673558
28126,0,0.06925868,0,0.16700067,0.06925868,0.08015914,0.12795311,0.11339685
28129,0,0.15126940,0,0.16700067,0.15126940,0.16185762,0.16593627,0.16888290
28133,0,0.26401308,1,0.16700067,0.26401308,0.26751686,0.19472437,0.22396709
28135,0,0.18833356,1,0.16700067,0.18833356,0.19715920,0.17596273,0.18673558
28138,1,0.23097563,1,0.16700067,0.23097563,0.23702704,0.18478000,0.20360754
28139,0,0.00598061,0,0.16700067,0.00598061,0.00873674,0.04072806,0.04230586
28140,0,0.20525698,1,0.16700067,0.20525698,0.21306309,0.17709337,0.18883737
28141,0,0.00553563,0,0.16700067,0.00553563,0.00814408,0.03843002,0.04118550
28153,0,0.15126940,0,0.16700067,0.15126940,0.16185762,0.16593627,0.16888290
28155,0,0.18833356,1,0.16700067,0.18833356,0.19715920,0.17596273,0.18673558
28160,0,0.13204546,0,0.16700067,0.13204546,0.14323285,0.16599763,0.16898790
28169,0,0.16633602,0,0.16700067,0.16633602,0.17629462,0.17115968,0.17800798
28170,0,0.12388318,0,0.16700067,0.12388318,0.13524597,0.16352731,0.16480179
28172,1,0.21249869,1,0.16700067,0.21249869,0.21983408,0.16025304,0.15938215
28173,0,0.06232785,0,0.16700067,0.06232785,0.07289807,0.12888301,0.11454130
28187,0,0.18833356,1,0.16700067,0.18833356,0.19715920,0.17596273,0.18673558
28188,0,0.10861405,0,0.16700067,0.10861405,0.12015940,0.15014231,0.14355622
28194,0,0.10861405,0,0.16700067,0.10861405,0.12015940,0.15014231,0.14355622
28198,0,0.21249869,1,0.16700067,0.21249869,0.21983408,0.16025304,0.15938215
28199,0,0.16633602,0,0.16700067,0.16633602,0.17629462,0.17115968,0.17800798
28201,1,0.17168475,0,0.16700067,0.17168475,0.18138983,0.17096291,0.17765734
28206,0,0.18833356,1,0.16700067,0.18833356,0.19715920,0.17596273,0.18673558
28209,0,0.26125459,1,0.16700067,0.26125459,0.26498176,0.17006883,0.17607092
28210,0,0.06232785,0,0.16700067,0.06232785,0.07289807,0.12888301,0.11454130
28220,1,0.21249869,1,0.16700067,0.21249869,0.21983408,0.16025304,0.15938215
28226,0,0.40313799,1,0.16700067,0.40313799,0.39394223,0.22631990,0.29783905
28229,0,0.21249869,1,0.16700067,0.21249869,0.21983408,0.16025304,0.15938215
28231,0,0.12737172,0,0.16700067,0.12737172,0.13866576,0.16956854,0.17518810
28243,0,0.40313799,1,0.16700067,0.40313799,0.39394223,0.22631990,0.29783905
28244,0,0.13148718,0,0.16700067,0.13148718,0.14268816,0.17822784,0.19096447
28246,0,0.10861405,0,0.16700067,0.10861405,0.12015940,0.15014231,0.14355622
28250,0,0.21249869,1,0.16700067,0.21249869,0.21983408,0.16025304,0.15938215
28254,0,0.10861405,0,0.16700067,0.10861405,0.12015940,0.15014231,0.14355622
28256,0,0.00901535,0,0.16700067,0.00901535,0.01268238,0.04833172,0.04622401
28257,0,0.17148618,0,0.16700067,0.17148618,0.18120094,0.16194123,0.16215822
28258,0,0.18833356,1,0.16700067,0.18833356,0.19715920,0.17596273,0.18673558
28265,0,0.13452635,0,0.16700067,0.13452635,0.14565059,0.17466293,0.18434166
28267,0,0.24228642,1,0.16700067,0.24228642,0.24749888,0.17693215,0.18853655
28287,0,0.18794224,1,0.16700067,0.18794224,0.19679002,0.16025304,0.15938215
28293,0,0.01374936,0,0.16700067,0.01374936,0.01859822,0.04373040,0.04381353
28299,0,0.18833356,1,0.16700067,0.18833356,0.19715920,0.17596273,0.18673558
28302,0,0.06925868,0,0.16700067,0.06925868,0.08015914,0.12795311,0.11339685
28315,0,0.18833356,1,0.16700067,0.18833356,0.19715920,0.17596273,0.18673558
28321,0,0.16252152,0,0.16700067,0.16252152,0.17265163,0.16484600,0.16702594
28327,1,0.20910580,1,0.16700067,0.20910580,0.21666416,0.17382422,0.18280962
28329,0,0.10861405,0,0.16700067,0.10861405,0.12015940,0.15014231,0.14355622
28330,0,0.05266408,0,0.16700067,0.05266408,0.06263065,0.17201100,0.17953127
28333,0,0.17776999,0,0.16700067,0.17776999,0.18716897,0.15835743,0.15631102
28339,1,0.18833356,1,0.16700067,0.18833356,0.19715920,0.17596273,0.18673558
28342,0,0.03745053,0,0.16700067,0.03745053,0.04604893,0.15061200,0.14426148
28343,0,0.12394267,0,0.16700067,0.12394267,0.13530437,0.18650729,0.20704250
28362,0,0.17168475,0,0.16700067,0.17168475,0.18138983,0.17096291,0.17765734
28365,1,0.18833356,1,0.16700067,0.18833356,0.19715920,0.17596273,0.18673558
28383,0,0.21178701,1,0.16700067,0.21178701,0.21916952,0.17940620,0.19319318
28384,1,0.16633602,0,0.16700067,0.16633602,0.17629462,0.17115968,0.17800798
28388,1,0.10861405,0,0.16700067,0.10861405,0.12015940,0.15014231,0.14355622
28397,0,0.22257188,1,0.16700067,0.22257188,0.22922135,0.18901665,0.21210867
28406,1,0.26210335,1,0.16700067,0.26210335,0.26576198,0.18161447,0.19742298
28419,1,0.16502531,0,0.16700067,0.16502531,0.17504373,0.18064658,0.19556050
28424,0,0.40346181,1,0.16700067,0.40346181,0.39423494,0.28273918,0.45760920
28430,0,0.10861405,0,0.16700067,0.10861405,0.12015940,0.15014231,0.14355622
28434,0,0.18833356,1,0.16700067,0.18833356,0.19715920,0.17596273,0.18673558
28437,0,0.18113233,1,0.16700067,0.18113233,0.19035444,0.18008164,0.19447958
28442,0,0.06030285,0,0.16700067,0.06030285,0.07076113,0.12729640,0.11259462
28449,0,0.06757191,0,0.16700067,0.06757191,0.07839923,0.16384902,0.16534219
28454,0,0.14417299,0,0.16700067,0.14417299,0.15501088,0.16346956,0.16470492
28457,1,0.10861405,0,0.16700067,0.10861405,0.12015940,0.15014231,0.14355622
28461,0,0.15981029,0,0.16700067,0.15981029,0.17005745,0.17388536,0.18292096
28474,0,0.15038511,0,0.16700067,0.15038511,0.16100616,0.18749360,0.20902302
28475,0,0.16633602,0,0.16700067,0.16633602,0.17629462,0.17115968,0.17800798
28478,0,0.23397321,1,0.16700067,0.23397321,0.23980597,0.17384820,0.18285328
28479,0,0.06925868,0,0.16700067,0.06925868,0.08015914,0.12795311,0.11339685
28486,0,0.10861405,0,0.16700067,0.10861405,0.12015940,0.15014231,0.14355622
28491,0,0.06623890,0,0.16700067,0.06623890,0.07700520,0.13337351,0.12021031
28497,0,0.16633602,0,0.16700067,0.16633602,0.17629462,0.17115968,0.17800798
28499,1,0.36947286,1,0.16700067,0.36947286,0.36350153,0.21573055,0.27156983
28507,0,0.15982444,0,0.16700067,0.15982444,0.17007099,0.15777344,0.15537466
28508,0,0.09136631,0,0.16700067,0.09136631,0.10285344,0.15851327,0.15656168
28510,1,0.18833356,1,0.16700067,0.18833356,0.19715920,0.17596273,0.18673558
28518,0,0.10861405,0,0.16700067,0.10861405,0.12015940,0.15014231,0.14355622
28519,0,0.23378279,1,0.16700067,0.23378279,0.23962951,0.17626576,0.18729712
28521,0,0.21249869,1,0.16700067,0.21249869,0.21983408,0.16025304,0.15938215
28523,0,0.10861405,0,0.16700067,0.10861405,0.12015940,0.15014231,0.14355622
28524,0,0.06352418,0,0.16700067,0.06352418,0.07415714,0.15340162,0.14850975
28525,0,0.24741207,1,0.16700067,0.24741207,0.25223238,0.16846531,0.17325364
28528,0,0.06999362,0,0.16700067,0.06999362,0.08092455,0.17916898,0.19274291
28529,1,0.10861405,0,0.16700067,0.10861405,0.12015940,0.15014231,0.14355622
28531,0,0.00598061,0,0.16700067,0.00598061,0.00873674,0.04072806,0.04230586
28532,0,0.10861405,0,0.16700067,0.10861405,0.12015940,0.15014231,0.14355622
28537,0,0.23963852,1,0.16700067,0.23963852,0.24505071,0.18226284,0.19867808
28539,1,0.14224418,0,0.16700067,0.14224418,0.15314436,0.15310017,0.14804574
28540,1,0.13623584,0,0.16700067,0.13623584,0.14731400,0.16082614,0.16032022
28541,0,0.10861405,0,0.16700067,0.10861405,0.12015940,0.15014231,0.14355622
28546,0,0.10861405,0,0.16700067,0.10861405,0.12015940,0.15014231,0.14355622
28551,0,0.21249869,1,0.16700067,0.21249869,0.21983408,0.16025304,0.15938215
28556,0,0.11009146,0,0.16700067,0.11009146,0.12162809,0.15101608,0.14487052
28565,0,0.12411448,0,0.16700067,0.12411448,0.13547300,0.13100286,0.11718792
28576,1,0.15991753,0,0.16700067,0.15991753,0.17016013,0.18125581,0.19673127
28577,0,0.04286016,0,0.16700067,0.04286016,0.05201238,0.15383612,0.14918065
28578,0,0.05686014,0,0.16700067,0.05686014,0.06711086,0.12782760,0.11324313
28579,1,0.25436809,1,0.16700067,0.25436809,0.25864508,0.18443674,0.20293000
28583,0,0.10861405,0,0.16700067,0.10861405,0.12015940,0.15014231,0.14355622
28585,0,0.29640264,1,0.16700067,0.29640264,0.29716467,0.17642434,0.18759149
28592,0,0.21249869,1,0.16700067,0.21249869,0.21983408,0.16025304,0.15938215
28593,0,0.35282622,1,0.16700067,0.35282622,0.34843249,0.21308358,0.26523516
28599,0,0.13204546,0,0.16700067,0.13204546,0.14323285,0.16599763,0.16898790
28602,0,0.10861405,0,0.16700067,0.10861405,0.12015940,0.15014231,0.14355622
28604,1,0.21237958,1,0.16700067,0.21237958,0.21972287,0.17418471,0.18346690
28608,0,0.22674823,1,0.16700067,0.22674823,0.23310330,0.18686893,0.20776706
28610,0,0.06623890,0,0.16700067,0.06623890,0.07700520,0.13337351,0.12021031
28612,0,0.05959866,0,0.16700067,0.05959866,0.07001628,0.16679215,0.17035213
28616,0,0.07222116,0,0.16700067,0.07222116,0.08323940,0.12782760,0.11324313
28617,0,0.10861405,0,0.16700067,0.10861405,0.12015940,0.15014231,0.14355622
28625,0,0.24288032,1,0.16700067,0.24288032,0.24804770,0.18438099,0.20282010
28627,0,0.14468321,0,0.16700067,0.14468321,0.15550422,0.17331873,0.18189103
28629,0,0.10861405,0,0.16700067,0.10861405,0.12015940,0.15014231,0.14355622
28635,0,0.23099442,1,0.16700067,0.23099442,0.23704447,0.18555047,0.20513446
28640,0,0.16633602,0,0.16700067,0.16633602,0.17629462,0.17115968,0.17800798
28652,0,0.10861405,0,0.16700067,0.10861405,0.12015940,0.15014231,0.14355622
28659,0,0.16633602,0,0.16700067,0.16633602,0.17629462,0.17115968,0.17800798
28660,1,0.26691019,1,0.16700067,0.26691019,0.27017747,0.20237216,0.24058324
28662,0,0.06925868,0,0.16700067,0.06925868,0.08015914,0.12795311,0.11339685
28663,0,0.16633602,0,0.16700067,0.16633602,0.17629462,0.17115968,0.17800798
28665,0,0.14468321,0,0.16700067,0.14468321,0.15550422,0.17331873,0.18189103
28670,0,0.06574407,0,0.16700067,0.06574407,0.07648698,0.16147134,0.16138163
28679,0,0.18833356,1,0.16700067,0.18833356,0.19715920,0.17596273,0.18673558
28681,0,0.19981418,1,0.16700067,0.19981418,0.20796092,0.17445030,0.18395231
28685,0,0.00918867,0,0.16700067,0.00918867,0.01290348,0.05062965,0.04747458
28690,0,0.15126940,0,0.16700067,0.15126940,0.16185762,0.16593627,0.16888290
28691,0,0.29232489,1,0.16700067,0.29232489,0.29344294,0.17172264,0.17901417
28692,1,0.18833356,1,0.16700067,0.18833356,0.19715920,0.17596273,0.18673558
28694,0,0.10861405,0,0.16700067,0.10861405,0.12015940,0.15014231,0.14355622
28697,0,0.13700044,0,0.16700067,0.13700044,0.14805734,0.17652800,0.18778411
28698,0,0.14683204,0,0.16700067,0.14683204,0.15758011,0.17042088,0.17669426
28700,0,0.00553563,0,0.16700067,0.00553563,0.00814408,0.03843002,0.04118550
28703,0,0.10861405,0,0.16700067,0.10861405,0.12015940,0.15014231,0.14355622
28710,0,0.15981029,0,0.16700067,0.15981029,0.17005745,0.17388536,0.18292096
28715,0,0.18833356,1,0.16700067,0.18833356,0.19715920,0.17596273,0.18673558
28719,0,0.53385720,1,0.16700067,0.53385720,0.51256645,0.16533159,0.16785097
28720,0,0.84545029,1,0.16700067,0.84545029,0.81378926,0.74259677,0.99565672
28723,1,0.35817575,1,0.16700067,0.35817575,0.35327691,0.23990896,0.33359143
28724,1,0.20473636,1,0.16700067,0.20473636,0.21257555,0.17236437,0.18016656
28730,1,0.18833356,1,0.16700067,0.18833356,0.19715920,0.17596273,0.18673558
28732,0,0.20525698,1,0.16700067,0.20525698,0.21306309,0.17709337,0.18883737
28736,0,0.13623584,0,0.16700067,0.13623584,0.14731400,0.16082614,0.16032022
28738,0,0.12411448,0,0.16700067,0.12411448,0.13547300,0.13100286,0.11718792
28739,0,0.16633602,0,0.16700067,0.16633602,0.17629462,0.17115968,0.17800798
28740,1,0.20806811,1,0.16700067,0.20806811,0.21569381,0.18766422,0.20936705
28744,0,0.16875241,0,0.16700067,0.16875241,0.17859833,0.17445030,0.18395231
28746,0,0.17184889,0,0.16700067,0.17184889,0.18154596,0.17273146,0.18082835
28749,0,0.19076180,1,0.16700067,0.19076180,0.19944851,0.17985987,0.19405650
28756,0,0.18788567,1,0.16700067,0.18788567,0.19673665,0.16440632,0.16628171
28777,0,0.21249869,1,0.16700067,0.21249869,0.21983408,0.16025304,0.15938215
28779,0,0.18833356,1,0.16700067,0.18833356,0.19715920,0.17596273,0.18673558
28785,0,0.12411448,0,0.16700067,0.12411448,0.13547300,0.13100286,0.11718792
28792,0,0.55274225,1,0.16700067,0.55274225,0.52986989,0.25418934,0.37333484
28818,0,0.07788178,0,0.16700067,0.07788178,0.08908917,0.16113335,0.16082490
28823,0,0.18833356,1,0.16700067,0.18833356,0.19715920,0.17596273,0.18673558
28829,0,0.21249869,1,0.16700067,0.21249869,0.21983408,0.16025304,0.15938215
28832,0,0.10861405,0,0.16700067,0.10861405,0.12015940,0.15014231,0.14355622
28835,0,0.20175391,1,0.16700067,0.20175391,0.20978059,0.21784502,0.27669778
28837,1,0.18833356,1,0.16700067,0.18833356,0.19715920,0.17596273,0.18673558
28840,0,0.18833356,1,0.16700067,0.18833356,0.19715920,0.17596273,0.18673558
28845,0,0.16633602,0,0.16700067,0.16633602,0.17629462,0.17115968,0.17800798
28858,0,0.11003792,0,0.16700067,0.11003792,0.12157490,0.16282696,0.16363026
28863,0,0.23378279,1,0.16700067,0.23378279,0.23962951,0.17626576,0.18729712
28864,0,0.11568538,0,0.16700067,0.11568538,0.12717112,0.16189694,0.16208490
28874,0,0.13452635,0,0.16700067,0.13452635,0.14565059,0.17466293,0.18434166
28881,0,0.10861405,0,0.16700067,0.10861405,0.12015940,0.15014231,0.14355622
28885,0,0.10861405,0,0.16700067,0.10861405,0.12015940,0.15014231,0.14355622
28889,0,0.07546523,0,0.16700067,0.07546523,0.08659745,0.15777344,0.15537466
28890,0,0.07660983,0,0.16700067,0.07660983,0.08777867,0.13364470,0.12056031
28896,0,0.18833356,1,0.16700067,0.18833356,0.19715920,0.17596273,0.18673558
28897,0,0.10407019,0,0.16700067,0.10407019,0.11562946,0.15734031,0.15468315
28908,0,0.06925868,0,0.16700067,0.06925868,0.08015914,0.12795311,0.11339685
28920,0,0.18768353,1,0.16700067,0.18768353,0.19654592,0.17545308,0.18579408
28924,0,0.21249869,1,0.16700067,0.21249869,0.21983408,0.16025304,0.15938215
28935,0,0.10861405,0,0.16700067,0.10861405,0.12015940,0.15014231,0.14355622
28938,0,0.21828722,1,0.16700067,0.21828722,0.22523272,0.21547650,0.27095775
28941,0,0.10910461,0,0.16700067,0.10910461,0.12064729,0.17803670,0.19060480
28943,0,0.12584310,0,0.16700067,0.12584310,0.13716843,0.16472691,0.16682410
28953,0,0.03736701,0,0.16700067,0.03736701,0.04595620,0.16069582,0.16010651
28954,0,0.10861405,0,0.16700067,0.10861405,0.12015940,0.15014231,0.14355622
28959,0,0.18833356,1,0.16700067,0.18833356,0.19715920,0.17596273,0.18673558
28960,0,0.16460293,0,0.16700067,0.16460293,0.17464043,0.16097890,0.16057101
28963,0,0.16633602,0,0.16700067,0.16633602,0.17629462,0.17115968,0.17800798
28973,0,0.10861405,0,0.16700067,0.10861405,0.12015940,0.15014231,0.14355622
28974,0,0.15126940,0,0.16700067,0.15126940,0.16185762,0.16593627,0.16888290
28984,0,0.13148718,0,0.16700067,0.13148718,0.14268816,0.17822784,0.19096447
28985,0,0.10861405,0,0.16700067,0.10861405,0.12015940,0.15014231,0.14355622
28987,1,0.16381546,0,0.16700067,0.16381546,0.17388828,0.14518248,0.13628290
28989,0,0.39047573,1,0.16700067,0.39047573,0.38249577,0.24766397,0.35492321
28990,0,0.07929427,0,0.16700067,0.07929427,0.09054187,0.14746592,0.13959212
28993,1,0.24709955,1,0.16700067,0.24709955,0.25194397,0.18295441,0.20002341
29001,1,0.21200834,1,0.16700067,0.21200834,0.21937622,0.16903059,0.17424271
29004,0,0.11003792,0,0.16700067,0.11003792,0.12157490,0.16282696,0.16363026
29009,0,0.10861405,0,0.16700067,0.10861405,0.12015940,0.15014231,0.14355622
29011,1,0.90200020,1,0.16700067,0.90200020,0.87531701,0.77204912,0.99696268
29025,1,0.20553243,1,0.16700067,0.20553243,0.21332099,0.18064658,0.19556050
29027,0,0.16676620,0,0.16700067,0.16676620,0.17670496,0.17953942,0.19344638
29032,0,0.12411448,0,0.16700067,0.12411448,0.13547300,0.13100286,0.11718792
29035,1,0.18833356,1,0.16700067,0.18833356,0.19715920,0.17596273,0.18673558
29037,0,0.26427569,1,0.16700067,0.26427569,0.26775810,0.19487101,0.22427787
29038,0,0.06925868,0,0.16700067,0.06925868,0.08015914,0.12795311,0.11339685
29041,0,0.18833356,1,0.16700067,0.18833356,0.19715920,0.17596273,0.18673558
29044,0,0.34597024,1,0.16700067,0.34597024,0.34222083,0.19679920,0.22839295
29045,0,0.16633602,0,0.16700067,0.16633602,0.17629462,0.17115968,0.17800798
29046,0,0.18833356,1,0.16700067,0.18833356,0.19715920,0.17596273,0.18673558
29049,0,0.00693580,0,0.16700067,0.00693580,0.00999543,0.02172607,0.03385592
29052,0,0.16633602,0,0.16700067,0.16633602,0.17629462,0.17115968,0.17800798
29062,0,0.15126940,0,0.16700067,0.15126940,0.16185762,0.16593627,0.16888290
29066,0,0.14025978,0,0.16700067,0.14025978,0.15122145,0.16133326,0.16115401
29067,0,0.16302503,0,0.16700067,0.16302503,0.17313295,0.16025304,0.15938215
29068,0,0.03265905,0,0.16700067,0.03265905,0.04069334,0.14009250,0.12914394
29072,0,0.15981029,0,0.16700067,0.15981029,0.17005745,0.17388536,0.18292096
29080,0,0.12411448,0,0.16700067,0.12411448,0.13547300,0.13100286,0.11718792
29085,0,0.18833356,1,0.16700067,0.18833356,0.19715920,0.17596273,0.18673558
29091,0,0.15126940,0,0.16700067,0.15126940,0.16185762,0.16593627,0.16888290
29100,1,0.50271843,1,0.16700067,0.50271843,0.48415974,0.20013020,0.23562633
29103,0,0.15808656,0,0.16700067,0.15808656,0.16840597,0.14018068,0.12926486
29115,0,0.12476679,0,0.16700067,0.12476679,0.13611307,0.17586214,0.18654947
29124,1,0.25171864,1,0.16700067,0.25171864,0.25620405,0.18975010,0.21360643
29125,0,0.06925868,0,0.16700067,0.06925868,0.08015914,0.12795311,0.11339685
29126,0,0.18833356,1,0.16700067,0.18833356,0.19715920,0.17596273,0.18673558
29128,1,0.12411448,0,0.16700067,0.12411448,0.13547300,0.13100286,0.11718792
29134,0,0.12720154,0,0.16700067,0.12720154,0.13849916,0.17596273,0.18673558
29136,0,0.09776224,0,0.16700067,0.09776224,0.10930702,0.16989975,0.17577217
29150,0,0.18833356,1,0.16700067,0.18833356,0.19715920,0.17596273,0.18673558
29152,0,0.12411448,0,0.16700067,0.12411448,0.13547300,0.13100286,0.11718792
29155,0,0.16633602,0,0.16700067,0.16633602,0.17629462,0.17115968,0.17800798
29158,1,0.29202626,1,0.16700067,0.29202626,0.29317027,0.21421393,0.26792869
29163,0,0.10861405,0,0.16700067,0.10861405,0.12015940,0.15014231,0.14355622
29169,0,0.06925868,0,0.16700067,0.06925868,0.08015914,0.12795311,0.11339685
29172,0,0.12411448,0,0.16700067,0.12411448,0.13547300,0.13100286,0.11718792
29176,0,0.06925868,0,0.16700067,0.06925868,0.08015914,0.12795311,0.11339685
29180,0,0.18833356,1,0.16700067,0.18833356,0.19715920,0.17596273,0.18673558
29183,0,0.11247317,0,0.16700067,0.11247317,0.12399153,0.15730423,0.15462565
29187,0,0.06925868,0,0.16700067,0.06925868,0.08015914,0.12795311,0.11339685
29195,0,0.18833356,1,0.16700067,0.18833356,0.19715920,0.17596273,0.18673558
29201,0,0.21249869,1,0.16700067,0.21249869,0.21983408,0.16025304,0.15938215
29209,0,0.18833356,1,0.16700067,0.18833356,0.19715920,0.17596273,0.18673558
29212,0,0.12369377,0,0.16700067,0.12369377,0.13506002,0.15643067,0.15323904
29231,0,0.07109208,0,0.16700067,0.07109208,0.08206700,0.14985997,0.14313365
29234,0,0.16633602,0,0.16700067,0.16633602,0.17629462,0.17115968,0.17800798
29242,0,0.11838568,0,0.16700067,0.11838568,0.12983709,0.18246549,0.19907159
29244,1,0.10861405,0,0.16700067,0.10861405,0.12015940,0.15014231,0.14355622
29246,0,0.16633602,0,0.16700067,0.16633602,0.17629462,0.17115968,0.17800798
29248,0,0.22767038,1,0.16700067,0.22767038,0.23395969,0.18789920,0.20984151
29254,0,0.12737172,0,0.16700067,0.12737172,0.13866576,0.16956854,0.17518810
29266,1,0.10861405,0,0.16700067,0.10861405,0.12015940,0.15014231,0.14355622
29268,1,0.21473234,1,0.16700067,0.21473234,0.22191868,0.14950161,0.14259880
29273,0,0.12411448,0,0.16700067,0.12411448,0.13547300,0.13100286,0.11718792
29274,0,0.15126940,0,0.16700067,0.15126940,0.16185762,0.16593627,0.16888290
29278,0,0.13982969,0,0.16700067,0.13982969,0.15080435,0.17086035,0.17747480
29284,0,0.06232785,0,0.16700067,0.06232785,0.07289807,0.12888301,0.11454130
29287,0,0.11235682,0,0.16700067,0.11235682,0.12387620,0.13473599,0.12197765
29290,0,0.10861405,0,0.16700067,0.10861405,0.12015940,0.15014231,0.14355622
29298,0,0.21249869,1,0.16700067,0.21249869,0.21983408,0.16025304,0.15938215
29305,0,0.12411448,0,0.16700067,0.12411448,0.13547300,0.13100286,0.11718792
29318,0,0.19082744,1,0.16700067,0.19082744,0.19951037,0.18058399,0.19544052
29319,0,0.29232489,1,0.16700067,0.29232489,0.29344294,0.17172264,0.17901417
29330,0,0.18833356,1,0.16700067,0.18833356,0.19715920,0.17596273,0.18673558
29337,0,0.15126940,0,0.16700067,0.15126940,0.16185762,0.16593627,0.16888290
29338,0,0.18833356,1,0.16700067,0.18833356,0.19715920,0.17596273,0.18673558
29341,0,0.10861405,0,0.16700067,0.10861405,0.12015940,0.15014231,0.14355622
29342,0,0.14683204,0,0.16700067,0.14683204,0.15758011,0.17042088,0.17669426
29343,0,0.16633602,0,0.16700067,0.16633602,0.17629462,0.17115968,0.17800798
29345,1,0.16633602,0,0.16700067,0.16633602,0.17629462,0.17115968,0.17800798
29353,0,0.15981029,0,0.16700067,0.15981029,0.17005745,0.17388536,0.18292096
29358,1,0.68562369,1,0.16700067,0.68562369,0.65408698,0.19634087,0.22741001
29359,0,0.08785842,0,0.16700067,0.08785842,0.09929432,0.14014809,0.12922017
29361,1,0.18833356,1,0.16700067,0.18833356,0.19715920,0.17596273,0.18673558
29362,0,0.05062391,0,0.16700067,0.05062391,0.06043914,0.14635369,0.13797192
29364,0,0.10861405,0,0.16700067,0.10861405,0.12015940,0.15014231,0.14355622
29367,0,0.21249869,1,0.16700067,0.21249869,0.21983408,0.16025304,0.15938215
29370,0,0.17168475,0,0.16700067,0.17168475,0.18138983,0.17096291,0.17765734
29376,1,0.13826613,0,0.16700067,0.13826613,0.14928692,0.16661587,0.17004869
29392,0,0.84545029,1,0.16700067,0.84545029,0.81378926,0.74259677,0.99565672
29401,1,0.12411448,0,0.16700067,0.12411448,0.13547300,0.13100286,0.11718792
29406,0,0.21249869,1,0.16700067,0.21249869,0.21983408,0.16025304,0.15938215
29411,0,0.26591793,1,0.16700067,0.26591793,0.26926642,0.18967735,0.21345751
29425,0,0.16633602,0,0.16700067,0.16633602,0.17629462,0.17115968,0.17800798
29430,0,0.21620878,1,0.16700067,0.21620878,0.22329563,0.17818471,0.19088325
29436,0,0.18833356,1,0.16700067,0.18833356,0.19715920,0.17596273,0.18673558
29443,0,0.24228642,1,0.16700067,0.24228642,0.24749888,0.17693215,0.18853655
29450,1,0.54730217,1,0.16700067,0.54730217,0.52487888,0.27142040,0.42362141
29453,0,0.20525698,1,0.16700067,0.20525698,0.21306309,0.17709337,0.18883737
29458,0,0.06925868,0,0.16700067,0.06925868,0.08015914,0.12795311,0.11339685
29459,0,0.18833356,1,0.16700067,0.18833356,0.19715920,0.17596273,0.18673558
29466,0,0.10861405,0,0.16700067,0.10861405,0.12015940,0.15014231,0.14355622
29470,0,0.10861405,0,0.16700067,0.10861405,0.12015940,0.15014231,0.14355622
29478,0,0.06925868,0,0.16700067,0.06925868,0.08015914,0.12795311,0.11339685
29490,1,0.23751018,1,0.16700067,0.23751018,0.24308146,0.18348107,0.20105249
29493,0,0.21249869,1,0.16700067,0.21249869,0.21983408,0.16025304,0.15938215
29498,0,0.12411448,0,0.16700067,0.12411448,0.13547300,0.13100286,0.11718792
29504,0,0.03764958,0,0.16700067,0.03764958,0.04626985,0.12143954,0.10565700
29507,0,0.16633602,0,0.16700067,0.16633602,0.17629462,0.17115968,0.17800798
29512,1,0.18833356,1,0.16700067,0.18833356,0.19715920,0.17596273,0.18673558
29516,0,0.06925868,0,0.16700067,0.06925868,0.08015914,0.12795311,0.11339685
29517,0,0.26616262,1,0.16700067,0.26616262,0.26949110,0.20278671,0.24150758
29529,0,0.20622882,1,0.16700067,0.20622882,0.21397290,0.19016498,0.21445705
29531,0,0.13452635,0,0.16700067,0.13452635,0.14565059,0.17466293,0.18434166
29532,0,0.16633602,0,0.16700067,0.16633602,0.17629462,0.17115968,0.17800798
29548,0,0.12411448,0,0.16700067,0.12411448,0.13547300,0.13100286,0.11718792
29552,0,0.05876116,0,0.16700067,0.05876116,0.06912924,0.15340162,0.14850975
29553,0,0.06767113,0,0.16700067,0.06767113,0.07850288,0.14546511,0.13668889
29554,0,0.18833356,1,0.16700067,0.18833356,0.19715920,0.17596273,0.18673558
29558,0,0.10861405,0,0.16700067,0.10861405,0.12015940,0.15014231,0.14355622
29559,0,0.18788567,1,0.16700067,0.18788567,0.19673665,0.16440632,0.16628171
29564,0,0.16633602,0,0.16700067,0.16633602,0.17629462,0.17115968,0.17800798
29573,0,0.10861405,0,0.16700067,0.10861405,0.12015940,0.15014231,0.14355622
29579,0,0.17168475,0,0.16700067,0.17168475,0.18138983,0.17096291,0.17765734
29580,1,0.15126940,0,0.16700067,0.15126940,0.16185762,0.16593627,0.16888290
29584,0,0.06925868,0,0.16700067,0.06925868,0.08015914,0.12795311,0.11339685
29587,1,0.16633602,0,0.16700067,0.16633602,0.17629462,0.17115968,0.17800798
29588,0,0.15126940,0,0.16700067,0.15126940,0.16185762,0.16593627,0.16888290
29594,0,0.18833356,1,0.16700067,0.18833356,0.19715920,0.17596273,0.18673558
29598,1,0.27407855,1,0.16700067,0.27407855,0.27675273,0.17892514,0.19228094
29601,0,0.17544814,0,0.16700067,0.17544814,0.18496608,0.17170939,0.17899043
29607,0,0.10861405,0,0.16700067,0.10861405,0.12015940,0.15014231,0.14355622
29610,0,0.16633602,0,0.16700067,0.16633602,0.17629462,0.17115968,0.17800798
29616,0,0.18833356,1,0.16700067,0.18833356,0.19715920,0.17596273,0.18673558
29625,0,0.24709955,1,0.16700067,0.24709955,0.25194397,0.18295441,0.20002341
29629,1,0.15706508,0,0.16700067,0.15706508,0.16742651,0.15958890,0.15830064
29632,0,0.10407019,0,0.16700067,0.10407019,0.11562946,0.15734031,0.15468315
29640,0,0.18125078,1,0.16700067,0.18125078,0.19046657,0.18329517,0.20068880
29642,0,0.18833356,1,0.16700067,0.18833356,0.19715920,0.17596273,0.18673558
29651,0,0.15981029,0,0.16700067,0.15981029,0.17005745,0.17388536,0.18292096
29654,1,0.11956091,0,0.16700067,0.11956091,0.13099546,0.15324070,0.14826189
29662,0,0.12264914,0,0.16700067,0.12264914,0.13403396,0.15454247,0.15027666
29668,0,0.28217904,1,0.16700067,0.28217904,0.28417019,0.22243705,0.28803768
29679,0,0.23516401,1,0.16700067,0.23516401,0.24090915,0.18064658,0.19556050
29697,0,0.06925868,0,0.16700067,0.06925868,0.08015914,0.12795311,0.11339685
29698,0,0.10861405,0,0.16700067,0.10861405,0.12015940,0.15014231,0.14355622
29705,0,0.18833356,1,0.16700067,0.18833356,0.19715920,0.17596273,0.18673558
29709,0,0.10607804,0,0.16700067,0.10607804,0.11763359,0.18039952,0.19508724
29718,0,0.15499277,0,0.16700067,0.15499277,0.16543758,0.14521052,0.13632313
29728,0,0.09933053,0,0.16700067,0.09933053,0.11088271,0.14952296,0.14263063
29729,0,0.00598061,0,0.16700067,0.00598061,0.00873674,0.04072806,0.04230586
29730,0,0.18833356,1,0.16700067,0.18833356,0.19715920,0.17596273,0.18673558
29732,0,0.10407019,0,0.16700067,0.10407019,0.11562946,0.15734031,0.15468315
29743,1,0.08458531,0,0.16700067,0.08458531,0.09596015,0.15088091,0.14466655
29746,0,0.18833356,1,0.16700067,0.18833356,0.19715920,0.17596273,0.18673558
29750,0,0.08708823,0,0.16700067,0.08708823,0.09851094,0.13310145,0.11986006
29751,0,0.18833356,1,0.16700067,0.18833356,0.19715920,0.17596273,0.18673558
29756,0,0.21914144,1,0.16700067,0.21914144,0.22602842,0.16180521,0.16193311
29764,0,0.12720666,0,0.16700067,0.12720666,0.13850417,0.15045137,0.14401996
29774,0,0.12592402,0,0.16700067,0.12592402,0.13724774,0.16455447,0.16653217
29781,0,0.13623584,0,0.16700067,0.13623584,0.14731400,0.16082614,0.16032022
29783,0,0.10861405,0,0.16700067,0.10861405,0.12015940,0.15014231,0.14355622
29784,0,0.10866855,0,0.16700067,0.10866855,0.12021361,0.14000150,0.12901925
29793,0,0.12977324,0,0.16700067,0.12977324,0.14101452,0.19918792,0.23356418
29794,0,0.16633602,0,0.16700067,0.16633602,0.17629462,0.17115968,0.17800798
29797,0,0.10485632,0,0.16700067,0.10485632,0.11641460,0.13854633,0.12703932
29806,0,0.12839232,0,0.16700067,0.12839232,0.13966447,0.17787069,0.19029284
29807,0,0.10861405,0,0.16700067,0.10861405,0.12015940,0.15014231,0.14355622
29813,0,0.16633602,0,0.16700067,0.16633602,0.17629462,0.17115968,0.17800798
29814,1,0.57181062,1,0.16700067,0.57181062,0.54740997,0.43475016,0.84326684
29833,0,0.10607804,0,0.16700067,0.10607804,0.11763359,0.18039952,0.19508724
29834,0,0.18833356,1,0.16700067,0.18833356,0.19715920,0.17596273,0.18673558
29843,0,0.21648819,1,0.16700067,0.21648819,0.22355612,0.17445030,0.18395231
29851,1,0.18833356,1,0.16700067,0.18833356,0.19715920,0.17596273,0.18673558
29852,0,0.16633602,0,0.16700067,0.16633602,0.17629462,0.17115968,0.17800798
29860,0,0.15154274,0,0.16700067,0.15154274,0.16212072,0.18045448,0.19519245
29864,1,0.22676739,1,0.16700067,0.22676739,0.23312109,0.18064658,0.19556050
29872,0,0.18833356,1,0.16700067,0.18833356,0.19715920,0.17596273,0.18673558
29879,0,0.09383974,0,0.16700067,0.09383974,0.10535450,0.18143318,0.19707312
29883,0,0.08364411,0,0.16700067,0.08364411,0.09499894,0.16017945,0.15926202
29892,1,0.18833356,1,0.16700067,0.18833356,0.19715920,0.17596273,0.18673558
29904,0,0.09415313,0,0.16700067,0.09415313,0.10567091,0.13843542,0.12688950
29909,0,0.10861405,0,0.16700067,0.10861405,0.12015940,0.15014231,0.14355622
29929,0,0.09739293,0,0.16700067,0.09739293,0.10893559,0.15777344,0.15537466
29938,0,0.21249869,1,0.16700067,0.21249869,0.21983408,0.16025304,0.15938215
29940,0,0.16633602,0,0.16700067,0.16633602,0.17629462,0.17115968,0.17800798
29945,0,0.06925868,0,0.16700067,0.06925868,0.08015914,0.12795311,0.11339685
29946,1,0.25935236,1,0.16700067,0.25935236,0.26323255,0.18309774,0.20030309
29949,0,0.15126940,0,0.16700067,0.15126940,0.16185762,0.16593627,0.16888290
29952,0,0.18833356,1,0.16700067,0.18833356,0.19715920,0.17596273,0.18673558
29953,0,0.09588168,0,0.16700067,0.09588168,0.10741415,0.14616104,0.13769289
29970,0,0.18833356,1,0.16700067,0.18833356,0.19715920,0.17596273,0.18673558
29972,0,0.16633602,0,0.16700067,0.16633602,0.17629462,0.17115968,0.17800798
29973,0,0.10223915,0,0.16700067,0.10223915,0.11379836,0.17653748,0.18780174
29981,0,0.12411448,0,0.16700067,0.12411448,0.13547300,0.13100286,0.11718792
29987,0,0.28226461,1,0.16700067,0.28226461,0.28424848,0.17679763,0.18828586
29992,0,0.16633602,0,0.16700067,0.16633602,0.17629462,0.17115968,0.17800798
29995,0,0.10861405,0,0.16700067,0.10861405,0.12015940,0.15014231,0.14355622
29997,0,0.10861405,0,0.16700067,0.10861405,0.12015940,0.15014231,0.14355622
29999,0,0.10741850,0,0.16700067,0.10741850,0.11896941,0.15198638,0.14634173
30001,0,0.18833356,1,0.16700067,0.18833356,0.19715920,0.17596273,0.18673558
30002,0,0.16633602,0,0.16700067,0.16633602,0.17629462,0.17115968,0.17800798
30004,0,0.15263148,0,0.16700067,0.15263148,0.16316821,0.17851185,0.19149982
30005,0,0.10861405,0,0.16700067,0.10861405,0.12015940,0.15014231,0.14355622
30006,0,0.20522349,1,0.16700067,0.20522349,0.21303173,0.18650729,0.20704250
30009,0,0.09862723,0,0.16700067,0.09862723,0.11017640,0.14954472,0.14266306
30014,0,0.11687342,0,0.16700067,0.11687342,0.12834482,0.17717473,0.18898931
30021,0,0.21249869,1,0.16700067,0.21249869,0.21983408,0.16025304,0.15938215
30022,0,0.17719923,0,0.16700067,0.17719923,0.18662769,0.17561498,0.18609278
30043,0,0.12411448,0,0.16700067,0.12411448,0.13547300,0.13100286,0.11718792
30048,0,0.10861405,0,0.16700067,0.10861405,0.12015940,0.15014231,0.14355622
30049,0,0.06925868,0,0.16700067,0.06925868,0.08015914,0.12795311,0.11339685
30052,0,0.14564094,0,0.16700067,0.14564094,0.15642981,0.16485955,0.16704892
30058,1,0.13623584,0,0.16700067,0.13623584,0.14731400,0.16082614,0.16032022
30068,0,0.10861405,0,0.16700067,0.10861405,0.12015940,0.15014231,0.14355622
30069,0,0.16633602,0,0.16700067,0.16633602,0.17629462,0.17115968,0.17800798
30077,0,0.18833356,1,0.16700067,0.18833356,0.19715920,0.17596273,0.18673558
30078,0,0.09816023,0,0.16700067,0.09816023,0.10970713,0.14869861,0.14140639
30079,0,0.09816023,0,0.16700067,0.09816023,0.10970713,0.14869861,0.14140639
30085,0,0.18833356,1,0.16700067,0.18833356,0.19715920,0.17596273,0.18673558
30095,0,0.04795729,0,0.16700067,0.04795729,0.05756088,0.12176068,0.10602742
30100,0,0.16537966,0,0.16700067,0.16537966,0.17538200,0.15989694,0.15880152
30103,0,0.21249869,1,0.16700067,0.21249869,0.21983408,0.16025304,0.15938215
30104,1,0.18833356,1,0.16700067,0.18833356,0.19715920,0.17596273,0.18673558
30106,0,0.18833356,1,0.16700067,0.18833356,0.19715920,0.17596273,0.18673558
30117,1,0.14095950,0,0.16700067,0.14095950,0.15189979,0.14175753,0.13144349
30123,0,0.10861405,0,0.16700067,0.10861405,0.12015940,0.15014231,0.14355622
30127,0,0.16008963,0,0.16700067,0.16008963,0.17032491,0.18736190,0.20875776
30132,0,0.18833356,1,0.16700067,0.18833356,0.19715920,0.17596273,0.18673558
30136,0,0.09415313,0,0.16700067,0.09415313,0.10567091,0.13843542,0.12688950
30137,0,0.16633602,0,0.16700067,0.16633602,0.17629462,0.17115968,0.17800798
30158,1,0.21722044,1,0.16700067,0.21722044,0.22423867,0.21008114,0.25816508
30159,0,0.22416197,1,0.16700067,0.22416197,0.23070002,0.18286446,0.19984804
30164,1,0.18833356,1,0.16700067,0.18833356,0.19715920,0.17596273,0.18673558
30166,0,0.15720584,0,0.16700067,0.15720584,0.16756151,0.16495495,0.16721077
30167,1,0.09816023,0,0.16700067,0.09816023,0.10970713,0.14869861,0.14140639
30169,0,0.16633602,0,0.16700067,0.16633602,0.17629462,0.17115968,0.17800798
30172,0,0.17074328,0,0.16700067,0.17074328,0.18049406,0.17384496,0.18284738
30174,1,0.12126578,0,0.16700067,0.12126578,0.13267384,0.18564361,0.20531962
30182,0,0.06925868,0,0.16700067,0.06925868,0.08015914,0.12795311,0.11339685
30188,0,0.15126940,0,0.16700067,0.15126940,0.16185762,0.16593627,0.16888290
30196,0,0.14324619,0,0.16700067,0.14324619,0.15411431,0.17821626,0.19094265
30206,1,0.25558017,1,0.16700067,0.25558017,0.25976122,0.18108902,0.19641023
30213,0,0.18833356,1,0.16700067,0.18833356,0.19715920,0.17596273,0.18673558
30218,0,0.06925868,0,0.16700067,0.06925868,0.08015914,0.12795311,0.11339685
30220,0,0.17168475,0,0.16700067,0.17168475,0.18138983,0.17096291,0.17765734
30224,1,0.14538995,0,0.16700067,0.14538995,0.15618729,0.17940045,0.19318225
30226,0,0.09816023,0,0.16700067,0.09816023,0.10970713,0.14869861,0.14140639
30232,0,0.09816023,0,0.16700067,0.09816023,0.10970713,0.14869861,0.14140639
30234,0,0.10861405,0,0.16700067,0.10861405,0.12015940,0.15014231,0.14355622
30238,0,0.12183650,0,0.16700067,0.12183650,0.13323516,0.15553982,0.15183547
30240,0,0.21249869,1,0.16700067,0.21249869,0.21983408,0.16025304,0.15938215
30244,0,0.21249869,1,0.16700067,0.21249869,0.21983408,0.16025304,0.15938215
30252,0,0.10861405,0,0.16700067,0.10861405,0.12015940,0.15014231,0.14355622
30253,1,0.09816023,0,0.16700067,0.09816023,0.10970713,0.14869861,0.14140639
30256,0,0.10861405,0,0.16700067,0.10861405,0.12015940,0.15014231,0.14355622
30263,1,0.21249869,1,0.16700067,0.21249869,0.21983408,0.16025304,0.15938215
30266,1,0.13623584,0,0.16700067,0.13623584,0.14731400,0.16082614,0.16032022
30268,0,0.18833356,1,0.16700067,0.18833356,0.19715920,0.17596273,0.18673558
30271,0,0.21249869,1,0.16700067,0.21249869,0.21983408,0.16025304,0.15938215
30291,0,0.26975091,1,0.16700067,0.26975091,0.27278447,0.24281990,0.34152461
30298,0,0.12411448,0,0.16700067,0.12411448,0.13547300,0.13100286,0.11718792
30302,0,0.19981418,1,0.16700067,0.19981418,0.20796092,0.17445030,0.18395231
30307,0,0.20525698,1,0.16700067,0.20525698,0.21306309,0.17709337,0.18883737
30308,1,0.10407019,0,0.16700067,0.10407019,0.11562946,0.15734031,0.15468315
30313,0,0.16633602,0,0.16700067,0.16633602,0.17629462,0.17115968,0.17800798
30319,0,0.18833356,1,0.16700067,0.18833356,0.19715920,0.17596273,0.18673558
30320,1,0.16633602,0,0.16700067,0.16633602,0.17629462,0.17115968,0.17800798
30321,0,0.17988407,0,0.16700067,0.17988407,0.18917247,0.17477728,0.18455131
30325,0,0.07098535,0,0.16700067,0.07098535,0.08195608,0.14185450,0.13157848
30338,0,0.23963852,1,0.16700067,0.23963852,0.24505071,0.18226284,0.19867808
30355,1,0.20525698,1,0.16700067,0.20525698,0.21306309,0.17709337,0.18883737
30365,0,0.06232785,0,0.16700067,0.06232785,0.07289807,0.12888301,0.11454130
30366,0,0.28363418,1,0.16700067,0.28363418,0.28550127,0.18720084,0.20843371
30375,1,0.13847887,0,0.16700067,0.13847887,0.14949348,0.17791990,0.19038527
30378,0,0.34361061,1,0.16700067,0.34361061,0.34008207,0.20332556,0.24271265
30383,0,0.43992624,1,0.16700067,0.43992624,0.42720605,0.23928341,0.33189866
30384,0,0.02706303,0,0.16700067,0.02706303,0.03433583,0.11023019,0.09342533
30398,0,0.11288382,0,0.16700067,0.11288382,0.12439853,0.16425216,0.16602139
30399,0,0.10861405,0,0.16700067,0.10861405,0.12015940,0.15014231,0.14355622
30400,0,0.18833356,1,0.16700067,0.18833356,0.19715920,0.17596273,0.18673558
30409,0,0.12411448,0,0.16700067,0.12411448,0.13547300,0.13100286,0.11718792
30411,0,0.01459406,0,0.16700067,0.01459406,0.01963100,0.10460515,0.08777829
30419,0,0.18833356,1,0.16700067,0.18833356,0.19715920,0.17596273,0.18673558
30423,0,0.10861405,0,0.16700067,0.10861405,0.12015940,0.15014231,0.14355622
30425,0,0.16633602,0,0.16700067,0.16633602,0.17629462,0.17115968,0.17800798
30427,0,0.15126940,0,0.16700067,0.15126940,0.16185762,0.16593627,0.16888290
30432,1,0.30049515,1,0.16700067,0.30049515,0.30089713,0.25671032,0.38055080
30439,1,0.10861405,0,0.16700067,0.10861405,0.12015940,0.15014231,0.14355622
30448,0,0.24379008,1,0.16700067,0.24379008,0.24888824,0.19395220,0.22233562
30451,0,0.16633602,0,0.16700067,0.16633602,0.17629462,0.17115968,0.17800798
30454,1,0.18833356,1,0.16700067,0.18833356,0.19715920,0.17596273,0.18673558
30464,0,0.32860625,1,0.16700067,0.32860625,0.32647020,0.19328507,0.22093293
30469,0,0.12411448,0,0.16700067,0.12411448,0.13547300,0.13100286,0.11718792
30470,0,0.18833356,1,0.16700067,0.18833356,0.19715920,0.17596273,0.18673558
30474,0,0.15981029,0,0.16700067,0.15981029,0.17005745,0.17388536,0.18292096
30475,0,0.10426419,0,0.16700067,0.10426419,0.11582326,0.15899092,0.15733197
30478,0,0.21249869,1,0.16700067,0.21249869,0.21983408,0.16025304,0.15938215
30482,0,0.14985855,0,0.16700067,0.14985855,0.16049892,0.15777344,0.15537466
30491,0,0.18833356,1,0.16700067,0.18833356,0.19715920,0.17596273,0.18673558
30492,0,0.10625165,0,0.16700067,0.10625165,0.11780670,0.17865881,0.19177730
30493,1,0.16633602,0,0.16700067,0.16633602,0.17629462,0.17115968,0.17800798
30496,0,0.16633602,0,0.16700067,0.16633602,0.17629462,0.17115968,0.17800798
30503,0,0.10861405,0,0.16700067,0.10861405,0.12015940,0.15014231,0.14355622
30512,0,0.29210509,1,0.16700067,0.29210509,0.29324224,0.16881126,0.17385843
30529,1,0.23702997,1,0.16700067,0.23702997,0.24263696,0.19641262,0.22756369
30531,0,0.10861405,0,0.16700067,0.10861405,0.12015940,0.15014231,0.14355622
30532,0,0.15843349,0,0.16700067,0.15843349,0.16873849,0.16372818,0.16513904
30534,0,0.16633602,0,0.16700067,0.16633602,0.17629462,0.17115968,0.17800798
30536,0,0.20442594,1,0.16700067,0.20442594,0.21228481,0.17561498,0.18609278
30537,0,0.10694818,0,0.16700067,0.10694818,0.11850092,0.14755871,0.13972801
30555,1,0.18833356,1,0.16700067,0.18833356,0.19715920,0.17596273,0.18673558
30556,0,0.18833356,1,0.16700067,0.18833356,0.19715920,0.17596273,0.18673558
30568,0,0.12411448,0,0.16700067,0.12411448,0.13547300,0.13100286,0.11718792
30569,1,0.12411448,0,0.16700067,0.12411448,0.13547300,0.13100286,0.11718792
30570,1,0.18833356,1,0.16700067,0.18833356,0.19715920,0.17596273,0.18673558
30573,0,0.10861405,0,0.16700067,0.10861405,0.12015940,0.15014231,0.14355622
30574,0,0.16633602,0,0.16700067,0.16633602,0.17629462,0.17115968,0.17800798
30577,0,0.16633602,0,0.16700067,0.16633602,0.17629462,0.17115968,0.17800798
30581,0,0.09617458,0,0.16700067,0.09617458,0.10770921,0.16111517,0.16079499
30582,0,0.18833356,1,0.16700067,0.18833356,0.19715920,0.17596273,0.18673558
30586,0,0.15126940,0,0.16700067,0.15126940,0.16185762,0.16593627,0.16888290
30602,0,0.12411448,0,0.16700067,0.12411448,0.13547300,0.13100286,0.11718792
30606,1,0.12839232,0,0.16700067,0.12839232,0.13966447,0.17787069,0.19029284
30609,1,0.15126940,0,0.16700067,0.15126940,0.16185762,0.16593627,0.16888290
30610,0,0.10861405,0,0.16700067,0.10861405,0.12015940,0.15014231,0.14355622
30615,0,0.18599105,1,0.16700067,0.18599105,0.19494824,0.19034544,0.21482781
30619,0,0.18833356,1,0.16700067,0.18833356,0.19715920,0.17596273,0.18673558
30625,0,0.10861405,0,0.16700067,0.10861405,0.12015940,0.15014231,0.14355622
30627,0,0.19812002,1,0.16700067,0.19812002,0.20637039,0.17543650,0.18576352
30630,1,0.22009938,1,0.16700067,0.22009938,0.22692043,0.17675813,0.18821229
30631,0,0.06514587,0,0.16700067,0.06514587,0.07585997,0.14562540,0.13691958
30633,0,0.16633602,0,0.16700067,0.16633602,0.17629462,0.17115968,0.17800798
30636,0,0.16633602,0,0.16700067,0.16633602,0.17629462,0.17115968,0.17800798
30638,0,0.12411448,0,0.16700067,0.12411448,0.13547300,0.13100286,0.11718792
30639,0,0.38446518,1,0.16700067,0.38446518,0.37706145,0.21745548,0.27574859
30647,0,0.18039392,0,0.16700067,0.18039392,0.18965533,0.18273524,0.19959632
30652,0,0.18833356,1,0.16700067,0.18833356,0.19715920,0.17596273,0.18673558
30655,0,0.12411448,0,0.16700067,0.12411448,0.13547300,0.13100286,0.11718792
30657,0,0.24848273,1,0.16700067,0.24848273,0.25322023,0.17981512,0.19397120
30660,1,0.10610182,0,0.16700067,0.10610182,0.11765731,0.17281022,0.18097059
30664,0,0.10172811,0,0.16700067,0.10172811,0.11328671,0.14954472,0.14266306
30668,0,0.12799471,0,0.16700067,0.12799471,0.13927548,0.14018068,0.12926486
30669,0,0.10861405,0,0.16700067,0.10861405,0.12015940,0.15014231,0.14355622
30679,0,0.10861405,0,0.16700067,0.10861405,0.12015940,0.15014231,0.14355622
30680,1,0.16633602,0,0.16700067,0.16633602,0.17629462,0.17115968,0.17800798
30683,0,0.10861405,0,0.16700067,0.10861405,0.12015940,0.15014231,0.14355622
30686,0,0.09229556,0,0.16700067,0.09229556,0.10379388,0.13605418,0.12370879
30693,0,0.26909984,1,0.16700067,0.26909984,0.27218713,0.21294453,0.26490499
30715,0,0.10861405,0,0.16700067,0.10861405,0.12015940,0.15014231,0.14355622
30723,0,0.06925868,0,0.16700067,0.06925868,0.08015914,0.12795311,0.11339685
30728,0,0.20525698,1,0.16700067,0.20525698,0.21306309,0.17709337,0.18883737
30730,0,0.16633602,0,0.16700067,0.16633602,0.17629462,0.17115968,0.17800798
30732,0,0.15126940,0,0.16700067,0.15126940,0.16185762,0.16593627,0.16888290
30737,0,0.18833356,1,0.16700067,0.18833356,0.19715920,0.17596273,0.18673558
30738,0,0.12720666,0,0.16700067,0.12720666,0.13850417,0.15045137,0.14401996
30739,0,0.06925868,0,0.16700067,0.06925868,0.08015914,0.12795311,0.11339685
30741,0,0.08692272,0,0.16700067,0.08692272,0.09834250,0.17735071,0.18931828
30743,0,0.13623584,0,0.16700067,0.13623584,0.14731400,0.16082614,0.16032022
30749,0,0.06925868,0,0.16700067,0.06925868,0.08015914,0.12795311,0.11339685
30751,0,0.19256501,1,0.16700067,0.19256501,0.20114691,0.18525042,0.20453881
30752,0,0.21258767,1,0.16700067,0.21258767,0.21991716,0.17445030,0.18395231
30755,0,0.10769942,0,0.16700067,0.10769942,0.11924915,0.13861867,0.12713714
30757,0,0.11305546,0,0.16700067,0.11305546,0.12456858,0.14985997,0.14313365
30772,0,0.10861405,0,0.16700067,0.10861405,0.12015940,0.15014231,0.14355622
30783,0,0.23716234,1,0.16700067,0.23716234,0.24275950,0.16526621,0.16773969
30784,0,0.16633602,0,0.16700067,0.16633602,0.17629462,0.17115968,0.17800798
30785,0,0.12507197,0,0.16700067,0.12507197,0.13641240,0.15133724,0.14535612
30795,0,0.11019562,0,0.16700067,0.11019562,0.12173156,0.15951881,0.15818685
30797,0,0.16094184,0,0.16700067,0.16094184,0.17114064,0.15759112,0.15508326
30803,1,0.16633602,0,0.16700067,0.16633602,0.17629462,0.17115968,0.17800798
30804,0,0.12411448,0,0.16700067,0.12411448,0.13547300,0.13100286,0.11718792
30807,0,0.06925868,0,0.16700067,0.06925868,0.08015914,0.12795311,0.11339685
30814,0,0.09816023,0,0.16700067,0.09816023,0.10970713,0.14869861,0.14140639
30816,0,0.18833356,1,0.16700067,0.18833356,0.19715920,0.17596273,0.18673558
30820,1,0.18833356,1,0.16700067,0.18833356,0.19715920,0.17596273,0.18673558
30822,0,0.11334248,0,0.16700067,0.11334248,0.12485291,0.16108794,0.16075022
30826,0,0.10861405,0,0.16700067,0.10861405,0.12015940,0.15014231,0.14355622
30838,0,0.10861405,0,0.16700067,0.10861405,0.12015940,0.15014231,0.14355622
30840,0,0.10861405,0,0.16700067,0.10861405,0.12015940,0.15014231,0.14355622
30851,0,0.18833356,1,0.16700067,0.18833356,0.19715920,0.17596273,0.18673558
30861,0,0.12411448,0,0.16700067,0.12411448,0.13547300,0.13100286,0.11718792
30862,0,0.18833356,1,0.16700067,0.18833356,0.19715920,0.17596273,0.18673558
30865,0,0.16377044,0,0.16700067,0.16377044,0.17384526,0.18239597,0.19893653
30866,0,0.19422484,1,0.16700067,0.19422484,0.20270903,0.16226043,0.16268749
30867,0,0.18833356,1,0.16700067,0.18833356,0.19715920,0.17596273,0.18673558
30869,0,0.12411448,0,0.16700067,0.12411448,0.13547300,0.13100286,0.11718792
30873,0,0.10861405,0,0.16700067,0.10861405,0.12015940,0.15014231,0.14355622
30879,1,0.20806811,1,0.16700067,0.20806811,0.21569381,0.18766422,0.20936705
30882,0,0.13345415,0,0.16700067,0.13345415,0.14460623,0.15777344,0.15537466
30886,1,0.40954100,1,0.16700067,0.40954100,0.39973015,0.31679706,0.56097652
30887,0,0.19422484,1,0.16700067,0.19422484,0.20270903,0.16226043,0.16268749
30890,0,0.15126940,0,0.16700067,0.15126940,0.16185762,0.16593627,0.16888290
30894,1,0.08146308,0,0.16700067,0.08146308,0.09276722,0.15651801,0.15337720
30902,1,0.21249869,1,0.16700067,0.21249869,0.21983408,0.16025304,0.15938215
30905,0,0.16633602,0,0.16700067,0.16633602,0.17629462,0.17115968,0.17800798
30906,1,0.13982969,0,0.16700067,0.13982969,0.15080435,0.17086035,0.17747480
30913,0,0.16056928,0,0.16700067,0.16056928,0.17078409,0.19252634,0.21934536
30917,0,0.16633602,0,0.16700067,0.16633602,0.17629462,0.17115968,0.17800798
30918,0,0.21249869,1,0.16700067,0.21249869,0.21983408,0.16025304,0.15938215
30920,0,0.14417299,0,0.16700067,0.14417299,0.15501088,0.16346956,0.16470492
30922,0,0.10407019,0,0.16700067,0.10407019,0.11562946,0.15734031,0.15468315
30923,1,0.13826613,0,0.16700067,0.13826613,0.14928692,0.16661587,0.17004869
30925,0,0.13387489,0,0.16700067,0.13387489,0.14501614,0.17445030,0.18395231
30943,1,0.18833356,1,0.16700067,0.18833356,0.19715920,0.17596273,0.18673558
30957,0,0.18833356,1,0.16700067,0.18833356,0.19715920,0.17596273,0.18673558
30966,0,0.18833356,1,0.16700067,0.18833356,0.19715920,0.17596273,0.18673558
30990,0,0.20910580,1,0.16700067,0.20910580,0.21666416,0.17382422,0.18280962
31003,0,0.16598121,0,0.16700067,0.16598121,0.17595610,0.17893897,0.19230711
31004,0,0.31909064,1,0.16700067,0.31909064,0.31782524,0.20188988,0.23951096
31005,0,0.15126940,0,0.16700067,0.15126940,0.16185762,0.16593627,0.16888290
31011,0,0.19063097,1,0.16700067,0.19063097,0.19932523,0.15281021,0.14760055
31026,0,0.15126940,0,0.16700067,0.15126940,0.16185762,0.16593627,0.16888290
31031,0,0.43992624,1,0.16700067,0.43992624,0.42720605,0.23928341,0.33189866
31039,1,0.12411448,0,0.16700067,0.12411448,0.13547300,0.13100286,0.11718792
31041,0,0.18113233,1,0.16700067,0.18113233,0.19035444,0.18008164,0.19447958
31045,0,0.10861405,0,0.16700067,0.10861405,0.12015940,0.15014231,0.14355622
31049,0,0.12411448,0,0.16700067,0.12411448,0.13547300,0.13100286,0.11718792
31051,0,0.18833356,1,0.16700067,0.18833356,0.19715920,0.17596273,0.18673558
31052,0,0.16633602,0,0.16700067,0.16633602,0.17629462,0.17115968,0.17800798
31054,0,0.13577651,0,0.16700067,0.13577651,0.14686726,0.15951049,0.15817334
31064,0,0.14417299,0,0.16700067,0.14417299,0.15501088,0.16346956,0.16470492
31065,0,0.10861405,0,0.16700067,0.10861405,0.12015940,0.15014231,0.14355622
31066,0,0.18833356,1,0.16700067,0.18833356,0.19715920,0.17596273,0.18673558
31068,1,0.12411448,0,0.16700067,0.12411448,0.13547300,0.13100286,0.11718792
31073,0,0.25886716,1,0.16700067,0.25886716,0.26278625,0.17120006,0.17808000
31075,0,0.06987794,0,0.16700067,0.06987794,0.08080413,0.16139965,0.16126343
31091,0,0.18833356,1,0.16700067,0.18833356,0.19715920,0.17596273,0.18673558
31094,0,0.26401308,1,0.16700067,0.26401308,0.26751686,0.19472437,0.22396709
31095,0,0.13880625,0,0.16700067,0.13880625,0.14981129,0.17326822,0.18179945
31098,0,0.12799471,0,0.16700067,0.12799471,0.13927548,0.14018068,0.12926486
31101,1,0.16633602,0,0.16700067,0.16633602,0.17629462,0.17115968,0.17800798
31110,0,0.18833356,1,0.16700067,0.18833356,0.19715920,0.17596273,0.18673558
31113,0,0.12411448,0,0.16700067,0.12411448,0.13547300,0.13100286,0.11718792
31114,0,0.17168475,0,0.16700067,0.17168475,0.18138983,0.17096291,0.17765734
31122,0,0.12411448,0,0.16700067,0.12411448,0.13547300,0.13100286,0.11718792
31126,0,0.17042428,0,0.16700067,0.17042428,0.18019044,0.16558816,0.16828820
31129,0,0.10861405,0,0.16700067,0.10861405,0.12015940,0.15014231,0.14355622
31133,0,0.16633602,0,0.16700067,0.16633602,0.17629462,0.17115968,0.17800798
31135,0,0.06925868,0,0.16700067,0.06925868,0.08015914,0.12795311,0.11339685
31139,0,0.18833356,1,0.16700067,0.18833356,0.19715920,0.17596273,0.18673558
31140,0,0.06925868,0,0.16700067,0.06925868,0.08015914,0.12795311,0.11339685
31146,1,0.16707648,0,0.16700067,0.16707648,0.17700087,0.18230795,0.19876562
31147,0,0.00553563,0,0.16700067,0.00553563,0.00814408,0.03843002,0.04118550
31148,0,0.09015277,0,0.16700067,0.09015277,0.10162380,0.17679777,0.18828611
31150,0,0.15255913,0,0.16700067,0.15255913,0.16309862,0.16484600,0.16702594
31154,0,0.33269616,1,0.16700067,0.33269616,0.33018276,0.19737533,0.22963278
31156,1,0.10861405,0,0.16700067,0.10861405,0.12015940,0.15014231,0.14355622
31158,1,0.26983038,1,0.16700067,0.26983038,0.27285739,0.19328157,0.22092558
31161,0,0.18833356,1,0.16700067,0.18833356,0.19715920,0.17596273,0.18673558
31165,0,0.06402565,0,0.16700067,0.06402565,0.07468417,0.14805703,0.14045967
31169,0,0.18833356,1,0.16700067,0.18833356,0.19715920,0.17596273,0.18673558
31185,0,0.16633602,0,0.16700067,0.16633602,0.17629462,0.17115968,0.17800798
31186,0,0.22997291,1,0.16700067,0.22997291,0.23609685,0.22796083,0.30203842
31187,0,0.09469073,0,0.16700067,0.09469073,0.10621343,0.16812118,0.17265370
31189,0,0.14439690,0,0.16700067,0.14439690,0.15522740,0.14334946,0.13367447
31190,0,0.12411448,0,0.16700067,0.12411448,0.13547300,0.13100286,0.11718792
31193,0,0.10407019,0,0.16700067,0.10407019,0.11562946,0.15734031,0.15468315
31200,0,0.09891539,0,0.16700067,0.09891539,0.11046587,0.14132514,0.13084300
31202,0,0.11900873,0,0.16700067,0.11900873,0.13045134,0.13959368,0.12846174
31203,0,0.10407019,0,0.16700067,0.10407019,0.11562946,0.15734031,0.15468315
31210,0,0.47071338,1,0.16700067,0.47071338,0.45508861,0.29129956,0.48359657
31214,0,0.15126940,0,0.16700067,0.15126940,0.16185762,0.16593627,0.16888290
31224,1,0.18833356,1,0.16700067,0.18833356,0.19715920,0.17596273,0.18673558
31228,0,0.18833356,1,0.16700067,0.18833356,0.19715920,0.17596273,0.18673558
31232,0,0.03745053,0,0.16700067,0.03745053,0.04604893,0.15061200,0.14426148
31254,0,0.10861405,0,0.16700067,0.10861405,0.12015940,0.15014231,0.14355622
31256,0,0.19063097,1,0.16700067,0.19063097,0.19932523,0.15281021,0.14760055
31257,0,0.20303631,1,0.16700067,0.20303631,0.21098280,0.14351744,0.13391174
31258,0,0.16633602,0,0.16700067,0.16633602,0.17629462,0.17115968,0.17800798
31260,0,0.10861405,0,0.16700067,0.10861405,0.12015940,0.15014231,0.14355622
31274,0,0.10861405,0,0.16700067,0.10861405,0.12015940,0.15014231,0.14355622
31283,0,0.10861405,0,0.16700067,0.10861405,0.12015940,0.15014231,0.14355622
31295,1,0.09816023,0,0.16700067,0.09816023,0.10970713,0.14869861,0.14140639
31299,0,0.16633602,0,0.16700067,0.16633602,0.17629462,0.17115968,0.17800798
31304,0,0.26210335,1,0.16700067,0.26210335,0.26576198,0.18161447,0.19742298
31305,0,0.18833356,1,0.16700067,0.18833356,0.19715920,0.17596273,0.18673558
31306,0,0.06162391,0,0.16700067,0.06162391,0.07215604,0.17674187,0.18818201
31309,0,0.10861405,0,0.16700067,0.10861405,0.12015940,0.15014231,0.14355622
31315,0,0.21249869,1,0.16700067,0.21249869,0.21983408,0.16025304,0.15938215
31316,1,0.18833356,1,0.16700067,0.18833356,0.19715920,0.17596273,0.18673558
31325,0,0.15126940,0,0.16700067,0.15126940,0.16185762,0.16593627,0.16888290
31331,0,0.19749008,1,0.16700067,0.19749008,0.20577870,0.16828025,0.17293082
31333,0,0.12411448,0,0.16700067,0.12411448,0.13547300,0.13100286,0.11718792
31337,0,0.10861405,0,0.16700067,0.10861405,0.12015940,0.15014231,0.14355622
31340,0,0.25782297,1,0.16700067,0.25782297,0.26182556,0.18374540,0.20157050
31352,0,0.06925868,0,0.16700067,0.06925868,0.08015914,0.12795311,0.11339685
31354,1,0.27613935,1,0.16700067,0.27613935,0.27864101,0.18587179,0.20577375
31358,0,0.10443805,0,0.16700067,0.10443805,0.11599693,0.17821626,0.19094265
31359,0,0.23848269,1,0.16700067,0.23848269,0.24398144,0.14817501,0.14063336
31365,0,0.30513610,1,0.16700067,0.30513610,0.30512659,0.19421603,0.22289210
31367,0,0.21082199,1,0.16700067,0.21082199,0.21826809,0.19356945,0.22153007
31369,0,0.01887948,0,0.16700067,0.01887948,0.02478784,0.11523503,0.09872147
31370,0,0.16633602,0,0.16700067,0.16633602,0.17629462,0.17115968,0.17800798
31374,0,0.18833356,1,0.16700067,0.18833356,0.19715920,0.17596273,0.18673558
31379,0,0.15126940,0,0.16700067,0.15126940,0.16185762,0.16593627,0.16888290
31391,0,0.15126940,0,0.16700067,0.15126940,0.16185762,0.16593627,0.16888290
31397,0,0.21249869,1,0.16700067,0.21249869,0.21983408,0.16025304,0.15938215
31399,0,0.13901682,0,0.16700067,0.13901682,0.15001566,0.15777344,0.15537466
31400,1,0.49538267,1,0.16700067,0.49538267,0.47748664,0.28974896,0.47887857
31402,0,0.09816023,0,0.16700067,0.09816023,0.10970713,0.14869861,0.14140639
31405,1,0.21249869,1,0.16700067,0.21249869,0.21983408,0.16025304,0.15938215
31411,0,0.18833356,1,0.16700067,0.18833356,0.19715920,0.17596273,0.18673558
31419,0,0.18833356,1,0.16700067,0.18833356,0.19715920,0.17596273,0.18673558
31428,0,0.25171864,1,0.16700067,0.25171864,0.25620405,0.18975010,0.21360643
31432,1,0.47071338,1,0.16700067,0.47071338,0.45508861,0.29129956,0.48359657
31437,0,0.21258767,1,0.16700067,0.21258767,0.21991716,0.17445030,0.18395231
31453,0,0.19316641,1,0.16700067,0.19316641,0.20171304,0.14920601,0.14215888
31455,1,0.18833356,1,0.16700067,0.18833356,0.19715920,0.17596273,0.18673558
31464,0,0.18833356,1,0.16700067,0.18833356,0.19715920,0.17596273,0.18673558
31465,0,0.15126940,0,0.16700067,0.15126940,0.16185762,0.16593627,0.16888290
31466,0,0.21249869,1,0.16700067,0.21249869,0.21983408,0.16025304,0.15938215
31471,0,0.09061305,0,0.16700067,0.09061305,0.10209038,0.15995463,0.15889547
31474,0,0.07300950,0,0.16700067,0.07300950,0.08405684,0.15985754,0.15873738
31479,0,0.15126940,0,0.16700067,0.15126940,0.16185762,0.16593627,0.16888290
31481,0,0.16633602,0,0.16700067,0.16633602,0.17629462,0.17115968,0.17800798
31488,0,0.17168475,0,0.16700067,0.17168475,0.18138983,0.17096291,0.17765734
31495,1,0.18833356,1,0.16700067,0.18833356,0.19715920,0.17596273,0.18673558
31497,0,0.06925868,0,0.16700067,0.06925868,0.08015914,0.12795311,0.11339685
31498,0,0.10861405,0,0.16700067,0.10861405,0.12015940,0.15014231,0.14355622
31499,0,0.03684990,0,0.16700067,0.03684990,0.04538158,0.12808100,0.11355365
31504,0,0.18833356,1,0.16700067,0.18833356,0.19715920,0.17596273,0.18673558
31505,1,0.20199910,1,0.16700067,0.20199910,0.21001050,0.15777344,0.15537466
31506,0,0.23378279,1,0.16700067,0.23378279,0.23962951,0.17626576,0.18729712
31508,0,0.18133390,1,0.16700067,0.18133390,0.19054524,0.17025028,0.17639198
31516,1,0.23901620,1,0.16700067,0.23901620,0.24447504,0.17799751,0.19053112
31518,0,0.06925868,0,0.16700067,0.06925868,0.08015914,0.12795311,0.11339685
31520,0,0.23963852,1,0.16700067,0.23963852,0.24505071,0.18226284,0.19867808
31524,0,0.12981375,0,0.16700067,0.12981375,0.14105411,0.15783121,0.15546709
31529,0,0.10861405,0,0.16700067,0.10861405,0.12015940,0.15014231,0.14355622
31532,0,0.13668372,0,0.16700067,0.13668372,0.14774947,0.17974908,0.19384540
31535,0,0.21249869,1,0.16700067,0.21249869,0.21983408,0.16025304,0.15938215
31537,0,0.28722507,1,0.16700067,0.28722507,0.28878432,0.19649396,0.22773799
31539,1,0.17168475,0,0.16700067,0.17168475,0.18138983,0.17096291,0.17765734
31541,0,0.21249869,1,0.16700067,0.21249869,0.21983408,0.16025304,0.15938215
31554,0,0.19505146,1,0.16700067,0.19505146,0.20348656,0.18535884,0.20475390
31555,1,0.06925868,0,0.16700067,0.06925868,0.08015914,0.12795311,0.11339685
31556,0,0.18833356,1,0.16700067,0.18833356,0.19715920,0.17596273,0.18673558
31558,1,0.23510018,1,0.16700067,0.23510018,0.24085002,0.21478047,0.26928522
31559,0,0.10861405,0,0.16700067,0.10861405,0.12015940,0.15014231,0.14355622
31560,0,0.21249869,1,0.16700067,0.21249869,0.21983408,0.16025304,0.15938215
31573,1,0.18833356,1,0.16700067,0.18833356,0.19715920,0.17596273,0.18673558
31576,0,0.08741492,0,0.16700067,0.08741492,0.09884331,0.15515650,0.15123480
31580,0,0.09510621,0,0.16700067,0.09510621,0.10663249,0.15617414,0.15283378
31581,0,0.15981029,0,0.16700067,0.15981029,0.17005745,0.17388536,0.18292096
31602,0,0.10861405,0,0.16700067,0.10861405,0.12015940,0.15014231,0.14355622
31604,0,0.18833356,1,0.16700067,0.18833356,0.19715920,0.17596273,0.18673558
31609,0,0.21249869,1,0.16700067,0.21249869,0.21983408,0.16025304,0.15938215
31611,0,0.06623890,0,0.16700067,0.06623890,0.07700520,0.13337351,0.12021031
31614,0,0.35282622,1,0.16700067,0.35282622,0.34843249,0.21308358,0.26523516
31615,0,0.16633602,0,0.16700067,0.16633602,0.17629462,0.17115968,0.17800798
31617,0,0.13911666,0,0.16700067,0.13911666,0.15011256,0.14954472,0.14266306
31620,0,0.15981029,0,0.16700067,0.15981029,0.17005745,0.17388536,0.18292096
31622,0,0.16438185,0,0.16700067,0.16438185,0.17442930,0.17842259,0.19133145
31623,0,0.10861405,0,0.16700067,0.10861405,0.12015940,0.15014231,0.14355622
31628,0,0.14417299,0,0.16700067,0.14417299,0.15501088,0.16346956,0.16470492
31631,1,0.30075362,1,0.16700067,0.30075362,0.30113277,0.18771486,0.20946923
31636,0,0.19267374,1,0.16700067,0.19267374,0.20124927,0.16944891,0.17497753
31643,0,0.09816023,0,0.16700067,0.09816023,0.10970713,0.14869861,0.14140639
31650,0,0.11247195,0,0.16700067,0.11247195,0.12399032,0.15439347,0.15004491
31651,0,0.16633602,0,0.16700067,0.16633602,0.17629462,0.17115968,0.17800798
31661,0,0.18833356,1,0.16700067,0.18833356,0.19715920,0.17596273,0.18673558
31662,0,0.21249869,1,0.16700067,0.21249869,0.21983408,0.16025304,0.15938215
31666,0,0.21249869,1,0.16700067,0.21249869,0.21983408,0.16025304,0.15938215
31670,0,0.06232785,0,0.16700067,0.06232785,0.07289807,0.12888301,0.11454130
31672,0,0.18833356,1,0.16700067,0.18833356,0.19715920,0.17596273,0.18673558
31676,0,0.09816023,0,0.16700067,0.09816023,0.10970713,0.14869861,0.14140639
31684,1,0.21061596,1,0.16700067,0.21061596,0.21807560,0.18650446,0.20703683
31687,0,0.10861405,0,0.16700067,0.10861405,0.12015940,0.15014231,0.14355622
31689,0,0.18833356,1,0.16700067,0.18833356,0.19715920,0.17596273,0.18673558
31690,0,0.10861405,0,0.16700067,0.10861405,0.12015940,0.15014231,0.14355622
31692,0,0.16438185,0,0.16700067,0.16438185,0.17442930,0.17842259,0.19133145
31693,1,0.18833356,1,0.16700067,0.18833356,0.19715920,0.17596273,0.18673558
31694,0,0.06072377,0,0.16700067,0.06072377,0.07120591,0.15789013,0.15556140
31695,0,0.21178701,1,0.16700067,0.21178701,0.21916952,0.17940620,0.19319318
31696,0,0.12345339,0,0.16700067,0.12345339,0.13482399,0.17115968,0.17800798
31698,0,0.18833356,1,0.16700067,0.18833356,0.19715920,0.17596273,0.18673558
31701,0,0.23516401,1,0.16700067,0.23516401,0.24090915,0.18064658,0.19556050
31704,1,0.18833356,1,0.16700067,0.18833356,0.19715920,0.17596273,0.18673558
31710,0,0.10861405,0,0.16700067,0.10861405,0.12015940,0.15014231,0.14355622
31712,0,0.05881557,0,0.16700067,0.05881557,0.06918690,0.14691461,0.13878703
31715,0,0.25004581,1,0.16700067,0.25004581,0.25466188,0.17142601,0.17848344
31717,0,0.18833356,1,0.16700067,0.18833356,0.19715920,0.17596273,0.18673558
31723,1,0.27836521,1,0.16700067,0.27836521,0.28067957,0.19786082,0.23068120
31727,0,0.06925868,0,0.16700067,0.06925868,0.08015914,0.12795311,0.11339685
31728,1,0.90200020,1,0.16700067,0.90200020,0.87531701,0.77204912,0.99696268
31733,0,0.18833356,1,0.16700067,0.18833356,0.19715920,0.17596273,0.18673558
31737,0,0.21620878,1,0.16700067,0.21620878,0.22329563,0.17818471,0.19088325
31741,0,0.18113233,1,0.16700067,0.18113233,0.19035444,0.18008164,0.19447958
31747,0,0.16633602,0,0.16700067,0.16633602,0.17629462,0.17115968,0.17800798
31751,0,0.27147281,1,0.16700067,0.27147281,0.27436386,0.17502994,0.18501519
31753,0,0.09816023,0,0.16700067,0.09816023,0.10970713,0.14869861,0.14140639
31754,0,0.17809849,0,0.16700067,0.17809849,0.18748043,0.14414671,0.13480375
31755,0,0.21249869,1,0.16700067,0.21249869,0.21983408,0.16025304,0.15938215
31756,0,0.17184889,0,0.16700067,0.17184889,0.18154596,0.17273146,0.18082835
31765,0,0.26975091,1,0.16700067,0.26975091,0.27278447,0.24281990,0.34152461
31773,0,0.04058317,0,0.16700067,0.04058317,0.04951225,0.15120107,0.14515007
31775,0,0.18833356,1,0.16700067,0.18833356,0.19715920,0.17596273,0.18673558
31777,1,0.15720584,0,0.16700067,0.15720584,0.16756151,0.16495495,0.16721077
31801,0,0.10861405,0,0.16700067,0.10861405,0.12015940,0.15014231,0.14355622
31804,0,0.15126940,0,0.16700067,0.15126940,0.16185762,0.16593627,0.16888290
31811,0,0.18833356,1,0.16700067,0.18833356,0.19715920,0.17596273,0.18673558
31817,0,0.16633602,0,0.16700067,0.16633602,0.17629462,0.17115968,0.17800798
31822,0,0.21249869,1,0.16700067,0.21249869,0.21983408,0.16025304,0.15938215
31825,1,0.18833356,1,0.16700067,0.18833356,0.19715920,0.17596273,0.18673558
31826,0,0.24288032,1,0.16700067,0.24288032,0.24804770,0.18438099,0.20282010
31831,0,0.18833356,1,0.16700067,0.18833356,0.19715920,0.17596273,0.18673558
31833,0,0.21322272,1,0.16700067,0.21322272,0.22051000,0.17445030,0.18395231
31834,0,0.18833356,1,0.16700067,0.18833356,0.19715920,0.17596273,0.18673558
31836,1,0.15676798,0,0.16700067,0.15676798,0.16714151,0.17844460,0.19137295
31845,0,0.23097563,1,0.16700067,0.23097563,0.23702704,0.18478000,0.20360754
31851,0,0.11151630,0,0.16700067,0.11151630,0.12304262,0.16302531,0.16396137
31855,0,0.48147045,1,0.16700067,0.48147045,0.46484786,0.36937454,0.70805173
31864,1,0.16633602,0,0.16700067,0.16633602,0.17629462,0.17115968,0.17800798
31876,0,0.21249869,1,0.16700067,0.21249869,0.21983408,0.16025304,0.15938215
31877,0,0.07109208,0,0.16700067,0.07109208,0.08206700,0.14985997,0.14313365
31880,0,0.18833356,1,0.16700067,0.18833356,0.19715920,0.17596273,0.18673558
31891,0,0.13883075,0,0.16700067,0.13883075,0.14983507,0.13627884,0.12400593
31907,0,0.15034904,0,0.16700067,0.15034904,0.16097142,0.14018068,0.12926486
31918,0,0.15126940,0,0.16700067,0.15126940,0.16185762,0.16593627,0.16888290
31921,0,0.23963852,1,0.16700067,0.23963852,0.24505071,0.18226284,0.19867808
31926,1,0.90200020,1,0.16700067,0.90200020,0.87531701,0.77204912,0.99696268
31936,0,0.26754089,1,0.16700067,0.26754089,0.27075643,0.18336174,0.20081899
31942,0,0.21249869,1,0.16700067,0.21249869,0.21983408,0.16025304,0.15938215
31943,0,0.16633602,0,0.16700067,0.16633602,0.17629462,0.17115968,0.17800798
31946,0,0.10861405,0,0.16700067,0.10861405,0.12015940,0.15014231,0.14355622
31950,1,0.33927218,1,0.16700067,0.33927218,0.33614850,0.19705785,0.22894898
31958,0,0.14468321,0,0.16700067,0.14468321,0.15550422,0.17331873,0.18189103
31959,0,0.16633602,0,0.16700067,0.16633602,0.17629462,0.17115968,0.17800798
31962,0,0.18833356,1,0.16700067,0.18833356,0.19715920,0.17596273,0.18673558
31970,0,0.06925868,0,0.16700067,0.06925868,0.08015914,0.12795311,0.11339685
31978,0,0.09229556,0,0.16700067,0.09229556,0.10379388,0.13605418,0.12370879
31988,0,0.10861405,0,0.16700067,0.10861405,0.12015940,0.15014231,0.14355622
31992,0,0.16633602,0,0.16700067,0.16633602,0.17629462,0.17115968,0.17800798
31994,0,0.15689206,0,0.16700067,0.15689206,0.16726054,0.17679763,0.18828586
31999,0,0.21215875,1,0.16700067,0.21215875,0.21951668,0.15565494,0.15201625
32002,0,0.16633602,0,0.16700067,0.16633602,0.17629462,0.17115968,0.17800798
32004,0,0.10861405,0,0.16700067,0.10861405,0.12015940,0.15014231,0.14355622
32007,1,0.21249869,1,0.16700067,0.21249869,0.21983408,0.16025304,0.15938215
32009,0,0.09402897,0,0.16700067,0.09402897,0.10554557,0.15621143,0.15289263
32017,0,0.10426419,0,0.16700067,0.10426419,0.11582326,0.15899092,0.15733197
32019,0,0.16633602,0,0.16700067,0.16633602,0.17629462,0.17115968,0.17800798
32024,0,0.20525698,1,0.16700067,0.20525698,0.21306309,0.17709337,0.18883737
32032,0,0.21620878,1,0.16700067,0.21620878,0.22329563,0.17818471,0.19088325
32043,0,0.23397321,1,0.16700067,0.23397321,0.23980597,0.17384820,0.18285328
32054,1,0.27170150,1,0.16700067,0.27170150,0.27457357,0.16900062,0.17419016
32066,1,0.43258511,1,0.16700067,0.43258511,0.42056531,0.23727592,0.32649571
32067,1,0.18833356,1,0.16700067,0.18833356,0.19715920,0.17596273,0.18673558
32068,0,0.18833356,1,0.16700067,0.18833356,0.19715920,0.17596273,0.18673558
32069,0,0.05009347,0,0.16700067,0.05009347,0.05986787,0.12766066,0.11303898
32071,0,0.16633602,0,0.16700067,0.16633602,0.17629462,0.17115968,0.17800798
32076,1,0.26210335,1,0.16700067,0.26210335,0.26576198,0.18161447,0.19742298
32079,0,0.57181062,1,0.16700067,0.57181062,0.54740997,0.43475016,0.84326684
32102,0,0.17719923,0,0.16700067,0.17719923,0.18662769,0.17561498,0.18609278
32107,0,0.15981029,0,0.16700067,0.15981029,0.17005745,0.17388536,0.18292096
32112,1,0.09180981,0,0.16700067,0.09180981,0.10330240,0.14423769,0.13493314
32124,0,0.20525698,1,0.16700067,0.20525698,0.21306309,0.17709337,0.18883737
32128,0,0.10861405,0,0.16700067,0.10861405,0.12015940,0.15014231,0.14355622
32131,0,0.15090955,0,0.16700067,0.15090955,0.16151119,0.13788828,0.12615253
32144,0,0.16633602,0,0.16700067,0.16633602,0.17629462,0.17115968,0.17800798
32145,0,0.13623584,0,0.16700067,0.13623584,0.14731400,0.16082614,0.16032022
32146,0,0.16633602,0,0.16700067,0.16633602,0.17629462,0.17115968,0.17800798
32148,0,0.10861405,0,0.16700067,0.10861405,0.12015940,0.15014231,0.14355622
32163,0,0.06190266,0,0.16700067,0.06190266,0.07244997,0.14985997,0.14313365
32166,1,0.18833356,1,0.16700067,0.18833356,0.19715920,0.17596273,0.18673558
32172,0,0.21249869,1,0.16700067,0.21249869,0.21983408,0.16025304,0.15938215
32177,0,0.16633602,0,0.16700067,0.16633602,0.17629462,0.17115968,0.17800798
32180,1,0.20433624,1,0.16700067,0.20433624,0.21220079,0.21627841,0.27289274
32184,0,0.12411448,0,0.16700067,0.12411448,0.13547300,0.13100286,0.11718792
32185,0,0.31917085,1,0.16700067,0.31917085,0.31789815,0.20443908,0.24521585
32192,0,0.13030702,0,0.16700067,0.13030702,0.14153598,0.16986602,0.17571262
32197,0,0.06925868,0,0.16700067,0.06925868,0.08015914,0.12795311,0.11339685
32199,1,0.18833356,1,0.16700067,0.18833356,0.19715920,0.17596273,0.18673558
32209,0,0.16633602,0,0.16700067,0.16633602,0.17629462,0.17115968,0.17800798
32212,0,0.16633602,0,0.16700067,0.16633602,0.17629462,0.17115968,0.17800798
32218,0,0.04795729,0,0.16700067,0.04795729,0.05756088,0.12176068,0.10602742
32221,0,0.10861405,0,0.16700067,0.10861405,0.12015940,0.15014231,0.14355622
32226,0,0.05206651,0,0.16700067,0.05206651,0.06198968,0.14869354,0.14139888
32239,0,0.27079723,1,0.16700067,0.27079723,0.27374427,0.22529010,0.29522086
32240,0,0.06352424,0,0.16700067,0.06352424,0.07415720,0.14985997,0.14313365
32243,1,0.35965745,1,0.16700067,0.35965745,0.35461837,0.23075252,0.30925924
32250,0,0.20525698,1,0.16700067,0.20525698,0.21306309,0.17709337,0.18883737
32252,0,0.28363418,1,0.16700067,0.28363418,0.28550127,0.18720084,0.20843371
32255,0,0.21249869,1,0.16700067,0.21249869,0.21983408,0.16025304,0.15938215
32263,0,0.06925868,0,0.16700067,0.06925868,0.08015914,0.12795311,0.11339685
32266,0,0.16633602,0,0.16700067,0.16633602,0.17629462,0.17115968,0.17800798
32268,0,0.10910461,0,0.16700067,0.10910461,0.12064729,0.17803670,0.19060480
32269,1,0.18833356,1,0.16700067,0.18833356,0.19715920,0.17596273,0.18673558
32278,0,0.06925868,0,0.16700067,0.06925868,0.08015914,0.12795311,0.11339685
32279,0,0.14417299,0,0.16700067,0.14417299,0.15501088,0.16346956,0.16470492
32280,0,0.18833356,1,0.16700067,0.18833356,0.19715920,0.17596273,0.18673558
32281,0,0.10861405,0,0.16700067,0.10861405,0.12015940,0.15014231,0.14355622
32286,0,0.17544814,0,0.16700067,0.17544814,0.18496608,0.17170939,0.17899043
32287,1,0.21249869,1,0.16700067,0.21249869,0.21983408,0.16025304,0.15938215
32294,1,0.16633602,0,0.16700067,0.16633602,0.17629462,0.17115968,0.17800798
32298,0,0.10861405,0,0.16700067,0.10861405,0.12015940,0.15014231,0.14355622
32308,0,0.14417299,0,0.16700067,0.14417299,0.15501088,0.16346956,0.16470492
32326,0,0.07634373,0,0.16700067,0.07634373,0.08750422,0.13756300,0.12571613
32328,0,0.21249869,1,0.16700067,0.21249869,0.21983408,0.16025304,0.15938215
32332,0,0.06964863,0,0.16700067,0.06964863,0.08056536,0.14737549,0.13945980
32340,0,0.15126940,0,0.16700067,0.15126940,0.16185762,0.16593627,0.16888290
32341,0,0.06925868,0,0.16700067,0.06925868,0.08015914,0.12795311,0.11339685
32346,0,0.18833356,1,0.16700067,0.18833356,0.19715920,0.17596273,0.18673558
32360,1,0.17970168,0,0.16700067,0.17970168,0.18899971,0.16160904,0.16160890
32378,0,0.18833356,1,0.16700067,0.18833356,0.19715920,0.17596273,0.18673558
32379,0,0.18768353,1,0.16700067,0.18768353,0.19654592,0.17545308,0.18579408
32385,0,0.16633602,0,0.16700067,0.16633602,0.17629462,0.17115968,0.17800798
32390,0,0.15126940,0,0.16700067,0.15126940,0.16185762,0.16593627,0.16888290
32397,0,0.16633602,0,0.16700067,0.16633602,0.17629462,0.17115968,0.17800798
32402,0,0.09335735,0,0.16700067,0.09335735,0.10486727,0.14985997,0.14313365
32406,0,0.18833356,1,0.16700067,0.18833356,0.19715920,0.17596273,0.18673558
32409,0,0.12584310,0,0.16700067,0.12584310,0.13716843,0.16472691,0.16682410
32413,0,0.15126940,0,0.16700067,0.15126940,0.16185762,0.16593627,0.16888290
32426,0,0.04201424,0,0.16700067,0.04201424,0.05108519,0.15454247,0.15027666
32428,1,0.22776877,1,0.16700067,0.22776877,0.23405105,0.20324167,0.24252479
32432,0,0.21249869,1,0.16700067,0.21249869,0.21983408,0.16025304,0.15938215
32442,0,0.14701046,0,0.16700067,0.14701046,0.15775234,0.15650324,0.15335384
32444,1,0.16633602,0,0.16700067,0.16633602,0.17629462,0.17115968,0.17800798
32445,1,0.38173284,1,0.16700067,0.38173284,0.37459076,0.18670669,0.20744177
32448,0,0.11086117,0,0.16700067,0.11086117,0.12239245,0.15777344,0.15537466
32454,1,0.16633602,0,0.16700067,0.16633602,0.17629462,0.17115968,0.17800798
32461,0,0.09816023,0,0.16700067,0.09816023,0.10970713,0.14869861,0.14140639
32473,0,0.12411448,0,0.16700067,0.12411448,0.13547300,0.13100286,0.11718792
32482,0,0.30007065,1,0.16700067,0.30007065,0.30051010,0.19117905,0.21654654
32485,0,0.21249869,1,0.16700067,0.21249869,0.21983408,0.16025304,0.15938215
32502,1,0.12411448,0,0.16700067,0.12411448,0.13547300,0.13100286,0.11718792
32507,0,0.05813038,0,0.16700067,0.05813038,0.06846027,0.13707241,0.12506041
32509,0,0.10861405,0,0.16700067,0.10861405,0.12015940,0.15014231,0.14355622
32510,0,0.05120823,0,0.16700067,0.05120823,0.06106772,0.14031755,0.12945274
32519,0,0.21249869,1,0.16700067,0.21249869,0.21983408,0.16025304,0.15938215
32522,0,0.51519810,1,0.16700067,0.51519810,0.49552777,0.27411580,0.43166211
32530,0,0.23097563,1,0.16700067,0.23097563,0.23702704,0.18478000,0.20360754
32536,0,0.10861405,0,0.16700067,0.10861405,0.12015940,0.15014231,0.14355622
32538,1,0.11500028,0,0.16700067,0.11500028,0.12649374,0.15130112,0.14530143
32542,1,0.74225883,1,0.16700067,0.74225883,0.70895508,0.44980985,0.86602798
32545,1,0.12411448,0,0.16700067,0.12411448,0.13547300,0.13100286,0.11718792
32546,0,0.12411448,0,0.16700067,0.12411448,0.13547300,0.13100286,0.11718792
32547,0,0.10607804,0,0.16700067,0.10607804,0.11763359,0.18039952,0.19508724
32550,0,0.11247195,0,0.16700067,0.11247195,0.12399032,0.15439347,0.15004491
32553,1,0.23970061,1,0.16700067,0.23970061,0.24510814,0.19780452,0.23055945
32555,1,0.13117377,0,0.16700067,0.13117377,0.14238228,0.17160550,0.17880443
32558,0,0.11623310,0,0.16700067,0.11623310,0.12771238,0.15340162,0.14850975
32560,0,0.20433624,1,0.16700067,0.20433624,0.21220079,0.21627841,0.27289274
32567,0,0.09087185,0,0.16700067,0.09087185,0.10235262,0.15834528,0.15629151
32570,0,0.06925868,0,0.16700067,0.06925868,0.08015914,0.12795311,0.11339685
32572,0,0.10861405,0,0.16700067,0.10861405,0.12015940,0.15014231,0.14355622
32573,0,0.23127555,1,0.16700067,0.23127555,0.23730521,0.16526621,0.16773969
32574,0,0.25882777,1,0.16700067,0.25882777,0.26275001,0.18454012,0.20313388
32577,1,0.21515591,1,0.16700067,0.21515591,0.22231378,0.18137046,0.19695219
32581,0,0.03745053,0,0.16700067,0.03745053,0.04604893,0.15061200,0.14426148
32582,0,0.16633602,0,0.16700067,0.16633602,0.17629462,0.17115968,0.17800798
32590,0,0.21249869,1,0.16700067,0.21249869,0.21983408,0.16025304,0.15938215
32600,0,0.27939278,1,0.16700067,0.27939278,0.28162033,0.18698512,0.20800024
32606,0,0.08441822,0,0.16700067,0.08441822,0.09578959,0.15216340,0.14661147
32608,0,0.12411448,0,0.16700067,0.12411448,0.13547300,0.13100286,0.11718792
32609,0,0.23963852,1,0.16700067,0.23963852,0.24505071,0.18226284,0.19867808
32613,0,0.18425012,1,0.16700067,0.18425012,0.19330348,0.16309784,0.16408258
32614,0,0.18833356,1,0.16700067,0.18833356,0.19715920,0.17596273,0.18673558
32618,0,0.12411448,0,0.16700067,0.12411448,0.13547300,0.13100286,0.11718792
32624,1,0.20525698,1,0.16700067,0.20525698,0.21306309,0.17709337,0.18883737
32631,0,0.12477188,0,0.16700067,0.12477188,0.13611806,0.17883273,0.19210606
32638,1,0.33927218,1,0.16700067,0.33927218,0.33614850,0.19705785,0.22894898
32646,0,0.16633602,0,0.16700067,0.16633602,0.17629462,0.17115968,0.17800798
32661,0,0.18833356,1,0.16700067,0.18833356,0.19715920,0.17596273,0.18673558
32667,0,0.18833356,1,0.16700067,0.18833356,0.19715920,0.17596273,0.18673558
32673,0,0.21249869,1,0.16700067,0.21249869,0.21983408,0.16025304,0.15938215
32677,0,0.18833356,1,0.16700067,0.18833356,0.19715920,0.17596273,0.18673558
32683,0,0.38167134,1,0.16700067,0.38167134,0.37453515,0.27281230,0.42776884
32687,0,0.21249869,1,0.16700067,0.21249869,0.21983408,0.16025304,0.15938215
32688,0,0.16633602,0,0.16700067,0.16633602,0.17629462,0.17115968,0.17800798
32689,0,0.10861405,0,0.16700067,0.10861405,0.12015940,0.15014231,0.14355622
32699,0,0.12592402,0,0.16700067,0.12592402,0.13724774,0.16455447,0.16653217
32706,0,0.16633602,0,0.16700067,0.16633602,0.17629462,0.17115968,0.17800798
32709,0,0.21249869,1,0.16700067,0.21249869,0.21983408,0.16025304,0.15938215
32713,0,0.18833356,1,0.16700067,0.18833356,0.19715920,0.17596273,0.18673558
32718,0,0.18833356,1,0.16700067,0.18833356,0.19715920,0.17596273,0.18673558
32719,1,0.24288032,1,0.16700067,0.24288032,0.24804770,0.18438099,0.20282010
32720,0,0.12705338,0,0.16700067,0.12705338,0.13835408,0.16546259,0.16807411
32728,0,0.11799805,0,0.16700067,0.11799805,0.12945477,0.13913496,0.12783709
32736,0,0.23264366,1,0.16700067,0.23264366,0.23857373,0.18444677,0.20294978
32737,0,0.06925868,0,0.16700067,0.06925868,0.08015914,0.12795311,0.11339685
32740,0,0.18833356,1,0.16700067,0.18833356,0.19715920,0.17596273,0.18673558
32741,0,0.31147487,1,0.16700067,0.31147487,0.31089819,0.19422976,0.22292107
32747,1,0.32568381,1,0.16700067,0.32568381,0.32381627,0.24678257,0.35246752
32753,0,0.14340672,0,0.16700067,0.14340672,0.15426965,0.14558830,0.13686615
32754,0,0.08754567,0,0.16700067,0.08754567,0.09897629,0.13581660,0.12339524
32759,0,0.16633602,0,0.16700067,0.16633602,0.17629462,0.17115968,0.17800798
32761,0,0.10861405,0,0.16700067,0.10861405,0.12015940,0.15014231,0.14355622
32766,1,0.21249869,1,0.16700067,0.21249869,0.21983408,0.16025304,0.15938215
32771,0,0.03707787,0,0.16700067,0.03707787,0.04563501,0.17023363,0.17636251
32781,1,0.10861405,0,0.16700067,0.10861405,0.12015940,0.15014231,0.14355622
32782,0,0.16633602,0,0.16700067,0.16633602,0.17629462,0.17115968,0.17800798
32784,1,0.17732549,0,0.16700067,0.17732549,0.18674745,0.17445030,0.18395231
32790,0,0.01738788,0,0.16700067,0.01738788,0.02300740,0.06624436,0.05686067
32794,0,0.14417299,0,0.16700067,0.14417299,0.15501088,0.16346956,0.16470492
32804,0,0.18833356,1,0.16700067,0.18833356,0.19715920,0.17596273,0.18673558
32814,0,0.17825411,0,0.16700067,0.17825411,0.18762795,0.14964899,0.14281857
32821,0,0.10861405,0,0.16700067,0.10861405,0.12015940,0.15014231,0.14355622
32835,1,0.10861405,0,0.16700067,0.10861405,0.12015940,0.15014231,0.14355622
32839,0,0.07212776,0,0.16700067,0.07212776,0.08314248,0.16120935,0.16094996
32840,0,0.18833356,1,0.16700067,0.18833356,0.19715920,0.17596273,0.18673558
32843,0,0.10861405,0,0.16700067,0.10861405,0.12015940,0.15014231,0.14355622
32853,0,0.29896113,1,0.16700067,0.29896113,0.29949838,0.19383580,0.22209042
32857,0,0.16633602,0,0.16700067,0.16633602,0.17629462,0.17115968,0.17800798
32858,1,0.26754089,1,0.16700067,0.26754089,0.27075643,0.18336174,0.20081899
32868,1,0.06925868,0,0.16700067,0.06925868,0.08015914,0.12795311,0.11339685
32875,0,0.18833356,1,0.16700067,0.18833356,0.19715920,0.17596273,0.18673558
32876,0,0.10861405,0,0.16700067,0.10861405,0.12015940,0.15014231,0.14355622
32892,1,0.18833356,1,0.16700067,0.18833356,0.19715920,0.17596273,0.18673558
32897,0,0.18373776,1,0.16700067,0.18373776,0.19281916,0.17373722,0.18265125
32898,0,0.18833356,1,0.16700067,0.18833356,0.19715920,0.17596273,0.18673558
32904,0,0.18113233,1,0.16700067,0.18113233,0.19035444,0.18008164,0.19447958
32909,1,0.10407019,0,0.16700067,0.10407019,0.11562946,0.15734031,0.15468315
32912,1,0.31527759,1,0.16700067,0.31527759,0.31435796,0.17182047,0.17918948
32923,0,0.21712784,1,0.16700067,0.21712784,0.22415237,0.19049185,0.21512896
32939,0,0.26189786,1,0.16700067,0.26189786,0.26557310,0.18246204,0.19906489
32952,1,0.19981418,1,0.16700067,0.19981418,0.20796092,0.17445030,0.18395231
32953,0,0.15126940,0,0.16700067,0.15126940,0.16185762,0.16593627,0.16888290
32954,1,0.18833356,1,0.16700067,0.18833356,0.19715920,0.17596273,0.18673558
32959,0,0.09816023,0,0.16700067,0.09816023,0.10970713,0.14869861,0.14140639
32966,1,0.13623584,0,0.16700067,0.13623584,0.14731400,0.16082614,0.16032022
32967,0,0.10861405,0,0.16700067,0.10861405,0.12015940,0.15014231,0.14355622
32968,1,0.16085683,0,0.16700067,0.16085683,0.17105929,0.17616464,0.18710958
32970,1,0.18833356,1,0.16700067,0.18833356,0.19715920,0.17596273,0.18673558
32981,1,0.06925868,0,0.16700067,0.06925868,0.08015914,0.12795311,0.11339685
32986,0,0.26401308,1,0.16700067,0.26401308,0.26751686,0.19472437,0.22396709
32990,0,0.15126940,0,0.16700067,0.15126940,0.16185762,0.16593627,0.16888290
32999,0,0.21651392,1,0.16700067,0.21651392,0.22358010,0.20220468,0.24021050
33008,0,0.17003238,0,0.16700067,0.17003238,0.17981737,0.15044433,0.14400938
33024,0,0.06925868,0,0.16700067,0.06925868,0.08015914,0.12795311,0.11339685
33034,0,0.01890485,0,0.16700067,0.01890485,0.02481800,0.12906640,0.11476819
33036,1,0.16633602,0,0.16700067,0.16633602,0.17629462,0.17115968,0.17800798
33037,0,0.14998342,0,0.16700067,0.14998342,0.16061923,0.13274290,0.11939982
33046,1,0.17825411,0,0.16700067,0.17825411,0.18762795,0.14964899,0.14281857
33047,0,0.10861405,0,0.16700067,0.10861405,0.12015940,0.15014231,0.14355622
33058,0,0.09816023,0,0.16700067,0.09816023,0.10970713,0.14869861,0.14140639
33076,0,0.40346181,1,0.16700067,0.40346181,0.39423494,0.28273918,0.45760920
33094,0,0.10861405,0,0.16700067,0.10861405,0.12015940,0.15014231,0.14355622
33098,1,0.18833356,1,0.16700067,0.18833356,0.19715920,0.17596273,0.18673558
33099,0,0.20553243,1,0.16700067,0.20553243,0.21332099,0.18064658,0.19556050
33101,0,0.15126940,0,0.16700067,0.15126940,0.16185762,0.16593627,0.16888290
33111,0,0.18046845,0,0.16700067,0.18046845,0.18972591,0.14985997,0.14313365
33112,0,0.18833356,1,0.16700067,0.18833356,0.19715920,0.17596273,0.18673558
33113,0,0.10201850,0,0.16700067,0.10201850,0.11357748,0.16257321,0.16320743
33117,1,0.21249869,1,0.16700067,0.21249869,0.21983408,0.16025304,0.15938215
33118,1,0.16633602,0,0.16700067,0.16633602,0.17629462,0.17115968,0.17800798
33119,0,0.01374936,0,0.16700067,0.01374936,0.01859822,0.04373040,0.04381353
33120,0,0.19324753,1,0.16700067,0.19324753,0.20178939,0.18650729,0.20704250
33129,0,0.17581826,0,0.16700067,0.17581826,0.18531741,0.17829578,0.19109242
33130,0,0.06925868,0,0.16700067,0.06925868,0.08015914,0.12795311,0.11339685
33131,1,0.21249869,1,0.16700067,0.21249869,0.21983408,0.16025304,0.15938215
33148,0,0.12411448,0,0.16700067,0.12411448,0.13547300,0.13100286,0.11718792
33149,0,0.12411448,0,0.16700067,0.12411448,0.13547300,0.13100286,0.11718792
33161,0,0.22324560,1,0.16700067,0.22324560,0.22984796,0.17065759,0.17711435
33183,0,0.06514587,0,0.16700067,0.06514587,0.07585997,0.14562540,0.13691958
33186,0,0.00553563,0,0.16700067,0.00553563,0.00814408,0.03843002,0.04118550
33194,0,0.23377216,1,0.16700067,0.23377216,0.23961966,0.17713894,0.18892246
33196,0,0.16633602,0,0.16700067,0.16633602,0.17629462,0.17115968,0.17800798
33214,1,0.23894869,1,0.16700067,0.23894869,0.24441258,0.18064658,0.19556050
33219,0,0.21249869,1,0.16700067,0.21249869,0.21983408,0.16025304,0.15938215
33221,0,0.18833356,1,0.16700067,0.18833356,0.19715920,0.17596273,0.18673558
33230,0,0.15255913,0,0.16700067,0.15255913,0.16309862,0.16484600,0.16702594
33231,0,0.18833356,1,0.16700067,0.18833356,0.19715920,0.17596273,0.18673558
33245,0,0.21249869,1,0.16700067,0.21249869,0.21983408,0.16025304,0.15938215
33247,0,0.18833356,1,0.16700067,0.18833356,0.19715920,0.17596273,0.18673558
33253,0,0.16884982,0,0.16700067,0.16884982,0.17869112,0.18825601,0.21056349
33261,0,0.10694818,0,0.16700067,0.10694818,0.11850092,0.14755871,0.13972801
33262,1,0.24709955,1,0.16700067,0.24709955,0.25194397,0.18295441,0.20002341
33267,0,0.10728541,0,0.16700067,0.10728541,0.11883686,0.13612752,0.12380573
33268,0,0.16633602,0,0.16700067,0.16633602,0.17629462,0.17115968,0.17800798
33273,0,0.16633602,0,0.16700067,0.16633602,0.17629462,0.17115968,0.17800798
33278,0,0.16633602,0,0.16700067,0.16633602,0.17629462,0.17115968,0.17800798
33297,0,0.13864593,0,0.16700067,0.13864593,0.14965566,0.15918566,0.15764689
33301,1,0.14935427,0,0.16700067,0.14935427,0.16001298,0.17572148,0.18628946
33304,1,0.57181062,1,0.16700067,0.57181062,0.54740997,0.43475016,0.84326684
33307,0,0.21620878,1,0.16700067,0.21620878,0.22329563,0.17818471,0.19088325
33316,0,0.18833356,1,0.16700067,0.18833356,0.19715920,0.17596273,0.18673558
33337,1,0.18833356,1,0.16700067,0.18833356,0.19715920,0.17596273,0.18673558
33338,0,0.12411448,0,0.16700067,0.12411448,0.13547300,0.13100286,0.11718792
33345,0,0.61531378,1,0.16700067,0.61531378,0.58773559,0.23542099,0.32154396
33353,0,0.25787166,1,0.16700067,0.25787166,0.26187036,0.18208949,0.19834194
33358,0,0.05694705,0,0.16700067,0.05694705,0.06720329,0.12782760,0.11324313
33372,1,0.40313799,1,0.16700067,0.40313799,0.39394223,0.22631990,0.29783905
33390,0,0.23510018,1,0.16700067,0.23510018,0.24085002,0.21478047,0.26928522
33394,0,0.16633602,0,0.16700067,0.16633602,0.17629462,0.17115968,0.17800798
33401,0,0.00596985,0,0.16700067,0.00596985,0.00872246,0.03418693,0.03919109
33405,1,0.16633602,0,0.16700067,0.16633602,0.17629462,0.17115968,0.17800798
33406,0,0.12411448,0,0.16700067,0.12411448,0.13547300,0.13100286,0.11718792
33407,1,0.22997291,1,0.16700067,0.22997291,0.23609685,0.22796083,0.30203842
33413,0,0.18833356,1,0.16700067,0.18833356,0.19715920,0.17596273,0.18673558
33414,0,0.10861405,0,0.16700067,0.10861405,0.12015940,0.15014231,0.14355622
33415,0,0.14461064,0,0.16700067,0.14461064,0.15543406,0.12927531,0.11502713
33419,0,0.14834604,0,0.16700067,0.14834604,0.15904095,0.18799361,0.21003238
33420,0,0.18833356,1,0.16700067,0.18833356,0.19715920,0.17596273,0.18673558
33421,1,0.12411448,0,0.16700067,0.12411448,0.13547300,0.13100286,0.11718792
33429,1,0.18833356,1,0.16700067,0.18833356,0.19715920,0.17596273,0.18673558
33436,0,0.20749071,1,0.16700067,0.20749071,0.21515371,0.17540224,0.18570037
33439,0,0.10861405,0,0.16700067,0.10861405,0.12015940,0.15014231,0.14355622
33444,0,0.23702997,1,0.16700067,0.23702997,0.24263696,0.19641262,0.22756369
33459,0,0.18833356,1,0.16700067,0.18833356,0.19715920,0.17596273,0.18673558
33464,1,0.10861405,0,0.16700067,0.10861405,0.12015940,0.15014231,0.14355622
33466,0,0.18833356,1,0.16700067,0.18833356,0.19715920,0.17596273,0.18673558
33471,0,0.10861405,0,0.16700067,0.10861405,0.12015940,0.15014231,0.14355622
33472,0,0.00918867,0,0.16700067,0.00918867,0.01290348,0.05062965,0.04747458
33475,0,0.09141824,0,0.16700067,0.09141824,0.10290602,0.17162670,0.17884238
33477,0,0.27833024,1,0.16700067,0.27833024,0.28064755,0.18359448,0.20127462
33482,0,0.16633602,0,0.16700067,0.16633602,0.17629462,0.17115968,0.17800798
33485,0,0.15126940,0,0.16700067,0.15126940,0.16185762,0.16593627,0.16888290
33492,0,0.26210335,1,0.16700067,0.26210335,0.26576198,0.18161447,0.19742298
33497,0,0.17042428,0,0.16700067,0.17042428,0.18019044,0.16558816,0.16828820
33498,0,0.10223915,0,0.16700067,0.10223915,0.11379836,0.17653748,0.18780174
33500,0,0.14200157,0,0.16700067,0.14200157,0.15290940,0.15990534,0.15881519
33504,0,0.15676798,0,0.16700067,0.15676798,0.16714151,0.17844460,0.19137295
33505,0,0.21249869,1,0.16700067,0.21249869,0.21983408,0.16025304,0.15938215
33513,0,0.20460639,1,0.16700067,0.20460639,0.21245382,0.16456016,0.16654181
33514,0,0.12411448,0,0.16700067,0.12411448,0.13547300,0.13100286,0.11718792
33516,1,0.21249869,1,0.16700067,0.21249869,0.21983408,0.16025304,0.15938215
33519,0,0.10861405,0,0.16700067,0.10861405,0.12015940,0.15014231,0.14355622
33525,0,0.09816023,0,0.16700067,0.09816023,0.10970713,0.14869861,0.14140639
33526,0,0.12411448,0,0.16700067,0.12411448,0.13547300,0.13100286,0.11718792
33533,0,0.09229556,0,0.16700067,0.09229556,0.10379388,0.13605418,0.12370879
33534,1,0.18833356,1,0.16700067,0.18833356,0.19715920,0.17596273,0.18673558
33540,1,0.18117538,1,0.16700067,0.18117538,0.19039519,0.16092140,0.16047656
33541,0,0.14488239,0,0.16700067,0.14488239,0.15569677,0.17548718,0.18585696
33542,0,0.10861405,0,0.16700067,0.10861405,0.12015940,0.15014231,0.14355622
33564,0,0.18833356,1,0.16700067,0.18833356,0.19715920,0.17596273,0.18673558
33572,0,0.10861405,0,0.16700067,0.10861405,0.12015940,0.15014231,0.14355622
33590,0,0.09756796,0,0.16700067,0.09756796,0.10911164,0.16391025,0.16544520
33593,0,0.21249869,1,0.16700067,0.21249869,0.21983408,0.16025304,0.15938215
33600,0,0.12761961,0,0.16700067,0.12761961,0.13890841,0.17673912,0.18817689
33601,0,0.38279185,1,0.16700067,0.38279185,0.37554838,0.16025304,0.15938215
33611,1,0.10861405,0,0.16700067,0.10861405,0.12015940,0.15014231,0.14355622
33614,0,0.10861405,0,0.16700067,0.10861405,0.12015940,0.15014231,0.14355622
33619,0,0.01374936,0,0.16700067,0.01374936,0.01859822,0.04373040,0.04381353
33628,0,0.21249869,1,0.16700067,0.21249869,0.21983408,0.16025304,0.15938215
33634,0,0.16633602,0,0.16700067,0.16633602,0.17629462,0.17115968,0.17800798
33635,0,0.21648819,1,0.16700067,0.21648819,0.22355612,0.17445030,0.18395231
33636,0,0.15643282,0,0.16700067,0.15643282,0.16681996,0.17193663,0.17939780
33639,0,0.06925868,0,0.16700067,0.06925868,0.08015914,0.12795311,0.11339685
33640,0,0.15126940,0,0.16700067,0.15126940,0.16185762,0.16593627,0.16888290
33653,0,0.15126940,0,0.16700067,0.15126940,0.16185762,0.16593627,0.16888290
33656,0,0.00598061,0,0.16700067,0.00598061,0.00873674,0.04072806,0.04230586
33657,0,0.06925868,0,0.16700067,0.06925868,0.08015914,0.12795311,0.11339685
33661,0,0.15126940,0,0.16700067,0.15126940,0.16185762,0.16593627,0.16888290
33673,1,0.48201014,1,0.16700067,0.48201014,0.46533778,0.32684037,0.59086301
33683,0,0.10861405,0,0.16700067,0.10861405,0.12015940,0.15014231,0.14355622
33688,0,0.18833356,1,0.16700067,0.18833356,0.19715920,0.17596273,0.18673558
33696,0,0.02781453,0,0.16700067,0.02781453,0.03519675,0.14678019,0.13859133
33697,0,0.11247195,0,0.16700067,0.11247195,0.12399032,0.15439347,0.15004491
33698,1,0.16633602,0,0.16700067,0.16633602,0.17629462,0.17115968,0.17800798
33703,1,0.16252152,0,0.16700067,0.16252152,0.17265163,0.16484600,0.16702594
33724,0,0.18833356,1,0.16700067,0.18833356,0.19715920,0.17596273,0.18673558
33726,0,0.16633602,0,0.16700067,0.16633602,0.17629462,0.17115968,0.17800798
33728,0,0.18833356,1,0.16700067,0.18833356,0.19715920,0.17596273,0.18673558
33731,0,0.16381546,0,0.16700067,0.16381546,0.17388828,0.14518248,0.13628290
33739,0,0.24577549,1,0.16700067,0.24577549,0.25072179,0.18212295,0.19840678
33749,0,0.10861405,0,0.16700067,0.10861405,0.12015940,0.15014231,0.14355622
33754,0,0.16633602,0,0.16700067,0.16633602,0.17629462,0.17115968,0.17800798
33755,0,0.17825411,0,0.16700067,0.17825411,0.18762795,0.14964899,0.14281857
33756,0,0.16633602,0,0.16700067,0.16633602,0.17629462,0.17115968,0.17800798
33762,0,0.18833356,1,0.16700067,0.18833356,0.19715920,0.17596273,0.18673558
33764,1,0.17970168,0,0.16700067,0.17970168,0.18899971,0.16160904,0.16160890
33765,1,0.10861405,0,0.16700067,0.10861405,0.12015940,0.15014231,0.14355622
33774,0,0.17168475,0,0.16700067,0.17168475,0.18138983,0.17096291,0.17765734
33781,0,0.10861405,0,0.16700067,0.10861405,0.12015940,0.15014231,0.14355622
33784,0,0.01066984,0,0.16700067,0.01066984,0.01477753,0.03175734,0.03809114
33793,1,0.16633602,0,0.16700067,0.16633602,0.17629462,0.17115968,0.17800798
33797,1,0.10861405,0,0.16700067,0.10861405,0.12015940,0.15014231,0.14355622
33800,0,0.18833356,1,0.16700067,0.18833356,0.19715920,0.17596273,0.18673558
33801,0,0.09236646,0,0.16700067,0.09236646,0.10386560,0.17887160,0.19217961
33806,0,0.10861405,0,0.16700067,0.10861405,0.12015940,0.15014231,0.14355622
33809,0,0.16633602,0,0.16700067,0.16633602,0.17629462,0.17115968,0.17800798
33810,0,0.10861405,0,0.16700067,0.10861405,0.12015940,0.15014231,0.14355622
33816,1,0.26401308,1,0.16700067,0.26401308,0.26751686,0.19472437,0.22396709
33817,0,0.24114578,1,0.16700067,0.24114578,0.24644452,0.19621940,0.22715001
33819,0,0.11288382,0,0.16700067,0.11288382,0.12439853,0.16425216,0.16602139
33826,0,0.19900568,1,0.16700067,0.19900568,0.20720203,0.17919957,0.19280094
33829,0,0.21249869,1,0.16700067,0.21249869,0.21983408,0.16025304,0.15938215
33830,0,0.16633602,0,0.16700067,0.16633602,0.17629462,0.17115968,0.17800798
33839,0,0.12584310,0,0.16700067,0.12584310,0.13716843,0.16472691,0.16682410
33840,1,0.16434828,0,0.16700067,0.16434828,0.17439724,0.18279538,0.19971344
33844,0,0.18833356,1,0.16700067,0.18833356,0.19715920,0.17596273,0.18673558
33845,0,0.35282622,1,0.16700067,0.35282622,0.34843249,0.21308358,0.26523516
33853,0,0.05895590,0,0.16700067,0.05895590,0.06933561,0.14873651,0.14146249
33855,0,0.18833356,1,0.16700067,0.18833356,0.19715920,0.17596273,0.18673558
33858,0,0.01838330,0,0.16700067,0.01838330,0.02419717,0.12826366,0.11377793
33860,0,0.06951370,0,0.16700067,0.06951370,0.08042482,0.14616104,0.13769289
33861,0,0.01738788,0,0.16700067,0.01738788,0.02300740,0.06624436,0.05686067
33862,0,0.10861405,0,0.16700067,0.10861405,0.12015940,0.15014231,0.14355622
33863,0,0.19256501,1,0.16700067,0.19256501,0.20114691,0.18525042,0.20453881
33865,0,0.10607804,0,0.16700067,0.10607804,0.11763359,0.18039952,0.19508724
33866,0,0.16001607,0,0.16700067,0.16001607,0.17025448,0.18182075,0.19782164
33873,0,0.18833356,1,0.16700067,0.18833356,0.19715920,0.17596273,0.18673558
33879,0,0.25105514,1,0.16700067,0.25105514,0.25559246,0.18064658,0.19556050
33882,0,0.07919884,0,0.16700067,0.07919884,0.09044381,0.14762171,0.13982033
33884,1,0.22375120,1,0.16700067,0.22375120,0.23031811,0.17445030,0.18395231
33885,0,0.12365233,0,0.16700067,0.12365233,0.13501933,0.16068873,0.16009489
33887,0,0.17726029,0,0.16700067,0.17726029,0.18668561,0.12973440,0.11559795
33888,0,0.17970168,0,0.16700067,0.17970168,0.18899971,0.16160904,0.16160890
33893,0,0.10861405,0,0.16700067,0.10861405,0.12015940,0.15014231,0.14355622
33913,0,0.06232785,0,0.16700067,0.06232785,0.07289807,0.12888301,0.11454130
33915,0,0.18833356,1,0.16700067,0.18833356,0.19715920,0.17596273,0.18673558
33919,0,0.08322953,0,0.16700067,0.08322953,0.09457519,0.13640824,0.12417734
33927,0,0.32568381,1,0.16700067,0.32568381,0.32381627,0.24678257,0.35246752
33934,0,0.10861405,0,0.16700067,0.10861405,0.12015940,0.15014231,0.14355622
33940,0,0.21061596,1,0.16700067,0.21061596,0.21807560,0.18650446,0.20703683
33947,0,0.06232785,0,0.16700067,0.06232785,0.07289807,0.12888301,0.11454130
33948,0,0.12365233,0,0.16700067,0.12365233,0.13501933,0.16068873,0.16009489
33960,0,0.21249869,1,0.16700067,0.21249869,0.21983408,0.16025304,0.15938215
33962,0,0.10861405,0,0.16700067,0.10861405,0.12015940,0.15014231,0.14355622
33966,0,0.23963852,1,0.16700067,0.23963852,0.24505071,0.18226284,0.19867808
33973,0,0.06925868,0,0.16700067,0.06925868,0.08015914,0.12795311,0.11339685
33976,1,0.12411448,0,0.16700067,0.12411448,0.13547300,0.13100286,0.11718792
33981,1,0.46503920,1,0.16700067,0.46503920,0.44994482,0.22687500,0.29925585
33988,0,0.21490444,1,0.16700067,0.21490444,0.22207922,0.17193663,0.17939780
33992,1,0.15126940,0,0.16700067,0.15126940,0.16185762,0.16593627,0.16888290
33997,0,0.15126940,0,0.16700067,0.15126940,0.16185762,0.16593627,0.16888290
33999,0,0.12411448,0,0.16700067,0.12411448,0.13547300,0.13100286,0.11718792
34011,1,0.30049515,1,0.16700067,0.30049515,0.30089713,0.25671032,0.38055080
34024,0,0.06925868,0,0.16700067,0.06925868,0.08015914,0.12795311,0.11339685
34028,0,0.11107321,0,0.16700067,0.11107321,0.12260294,0.13407955,0.12112337
34029,0,0.16633602,0,0.16700067,0.16633602,0.17629462,0.17115968,0.17800798
34032,1,0.19981418,1,0.16700067,0.19981418,0.20796092,0.17445030,0.18395231
34038,0,0.10861405,0,0.16700067,0.10861405,0.12015940,0.15014231,0.14355622
34044,0,0.16633602,0,0.16700067,0.16633602,0.17629462,0.17115968,0.17800798
34045,1,0.10861405,0,0.16700067,0.10861405,0.12015940,0.15014231,0.14355622
34050,0,0.16633602,0,0.16700067,0.16633602,0.17629462,0.17115968,0.17800798
34052,1,0.06925868,0,0.16700067,0.06925868,0.08015914,0.12795311,0.11339685
34066,0,0.06232785,0,0.16700067,0.06232785,0.07289807,0.12888301,0.11454130
34069,0,0.10861405,0,0.16700067,0.10861405,0.12015940,0.15014231,0.14355622
34074,0,0.26616262,1,0.16700067,0.26616262,0.26949110,0.20278671,0.24150758
34081,1,0.14357560,0,0.16700067,0.14357560,0.15443304,0.16779216,0.17208163
34082,0,0.11799805,0,0.16700067,0.11799805,0.12945477,0.13913496,0.12783709
34083,1,0.27600690,1,0.16700067,0.27600690,0.27851967,0.18614180,0.20631210
34088,0,0.16140399,0,0.16700067,0.16140399,0.17158284,0.14235238,0.13227341
34089,0,0.25787166,1,0.16700067,0.25787166,0.26187036,0.18208949,0.19834194
34094,0,0.26025163,1,0.16700067,0.26025163,0.26405959,0.16526621,0.16773969
34097,0,0.18833356,1,0.16700067,0.18833356,0.19715920,0.17596273,0.18673558
34098,0,0.19020343,1,0.16700067,0.19020343,0.19892232,0.22529287,0.29522790
34102,0,0.16633602,0,0.16700067,0.16633602,0.17629462,0.17115968,0.17800798
34104,0,0.06186438,0,0.16700067,0.06186438,0.07240962,0.14618068,0.13772132
34105,0,0.10861405,0,0.16700067,0.10861405,0.12015940,0.15014231,0.14355622
34107,0,0.18114795,1,0.16700067,0.18114795,0.19036923,0.14230804,0.13221139
34116,0,0.09510621,0,0.16700067,0.09510621,0.10663249,0.15617414,0.15283378
34122,0,0.24288032,1,0.16700067,0.24288032,0.24804770,0.18438099,0.20282010
34130,0,0.16690220,0,0.16700067,0.16690220,0.17683467,0.16025304,0.15938215
34133,1,0.21178701,1,0.16700067,0.21178701,0.21916952,0.17940620,0.19319318
34136,0,0.06925868,0,0.16700067,0.06925868,0.08015914,0.12795311,0.11339685
34150,1,0.10407019,0,0.16700067,0.10407019,0.11562946,0.15734031,0.15468315
34152,0,0.10861405,0,0.16700067,0.10861405,0.12015940,0.15014231,0.14355622
34153,1,0.25431880,1,0.16700067,0.25431880,0.25859969,0.16526621,0.16773969
34161,0,0.57181062,1,0.16700067,0.57181062,0.54740997,0.43475016,0.84326684
34170,1,0.27170150,1,0.16700067,0.27170150,0.27457357,0.16900062,0.17419016
34171,0,0.11526070,0,0.16700067,0.11526070,0.12675128,0.15332281,0.14838831
34174,1,0.16633602,0,0.16700067,0.16633602,0.17629462,0.17115968,0.17800798
34178,0,0.20782312,1,0.16700067,0.20782312,0.21546466,0.16886280,0.17394867
34181,0,0.06925868,0,0.16700067,0.06925868,0.08015914,0.12795311,0.11339685
34184,1,0.21249869,1,0.16700067,0.21249869,0.21983408,0.16025304,0.15938215
34186,0,0.11568538,0,0.16700067,0.11568538,0.12717112,0.16189694,0.16208490
34188,0,0.12411448,0,0.16700067,0.12411448,0.13547300,0.13100286,0.11718792
34195,0,0.10861405,0,0.16700067,0.10861405,0.12015940,0.15014231,0.14355622
34199,0,0.12135519,0,0.16700067,0.12135519,0.13276179,0.15470974,0.15053718
34223,0,0.06925868,0,0.16700067,0.06925868,0.08015914,0.12795311,0.11339685
34228,0,0.00553563,0,0.16700067,0.00553563,0.00814408,0.03843002,0.04118550
34233,0,0.14278207,0,0.16700067,0.14278207,0.15366512,0.17019120,0.17628739
34236,0,0.24318350,1,0.16700067,0.24318350,0.24832784,0.18064658,0.19556050
34244,0,0.15236411,0,0.16700067,0.15236411,0.16291104,0.17806127,0.19065100
34250,0,0.17970168,0,0.16700067,0.17970168,0.18899971,0.16160904,0.16160890
34261,1,0.14962889,0,0.16700067,0.14962889,0.16027763,0.17892514,0.19228094
34263,0,0.06925868,0,0.16700067,0.06925868,0.08015914,0.12795311,0.11339685
34283,0,0.21249869,1,0.16700067,0.21249869,0.21983408,0.16025304,0.15938215
34284,0,0.21176304,1,0.16700067,0.21176304,0.21914714,0.19065860,0.21547232
34286,0,0.27600690,1,0.16700067,0.27600690,0.27851967,0.18614180,0.20631210
34287,0,0.10861405,0,0.16700067,0.10861405,0.12015940,0.15014231,0.14355622
34289,0,0.14538995,0,0.16700067,0.14538995,0.15618729,0.17940045,0.19318225
34297,0,0.09262044,0,0.16700067,0.09262044,0.10412244,0.15464178,0.15043128
34298,0,0.16633602,0,0.16700067,0.16633602,0.17629462,0.17115968,0.17800798
34301,0,0.15981029,0,0.16700067,0.15981029,0.17005745,0.17388536,0.18292096
34306,1,0.15126940,0,0.16700067,0.15126940,0.16185762,0.16593627,0.16888290
34316,1,0.21249869,1,0.16700067,0.21249869,0.21983408,0.16025304,0.15938215
34330,0,0.15126940,0,0.16700067,0.15126940,0.16185762,0.16593627,0.16888290
34331,0,0.16633602,0,0.16700067,0.16633602,0.17629462,0.17115968,0.17800798
34345,1,0.18833356,1,0.16700067,0.18833356,0.19715920,0.17596273,0.18673558
34363,0,0.10861405,0,0.16700067,0.10861405,0.12015940,0.15014231,0.14355622
34365,0,0.10861405,0,0.16700067,0.10861405,0.12015940,0.15014231,0.14355622
34368,1,0.18833356,1,0.16700067,0.18833356,0.19715920,0.17596273,0.18673558
34372,0,0.10407019,0,0.16700067,0.10407019,0.11562946,0.15734031,0.15468315
34373,0,0.18833356,1,0.16700067,0.18833356,0.19715920,0.17596273,0.18673558
34374,0,0.13864593,0,0.16700067,0.13864593,0.14965566,0.15918566,0.15764689
34380,0,0.15706508,0,0.16700067,0.15706508,0.16742651,0.15958890,0.15830064
34388,1,0.84545029,1,0.16700067,0.84545029,0.81378926,0.74259677,0.99565672
34390,0,0.10861405,0,0.16700067,0.10861405,0.12015940,0.15014231,0.14355622
34400,0,0.00693580,0,0.16700067,0.00693580,0.00999543,0.02172607,0.03385592
34403,0,0.08498244,0,0.16700067,0.08498244,0.09636539,0.15198638,0.14634173
34405,0,0.06925868,0,0.16700067,0.06925868,0.08015914,0.12795311,0.11339685
34414,0,0.09653601,0,0.16700067,0.09653601,0.10807319,0.16472425,0.16681958
34415,0,0.26821130,1,0.16700067,0.26821130,0.27137175,0.16905418,0.17428409
34419,0,0.21082199,1,0.16700067,0.21082199,0.21826809,0.19356945,0.22153007
34429,0,0.06925868,0,0.16700067,0.06925868,0.08015914,0.12795311,0.11339685
34431,0,0.28930396,1,0.16700067,0.28930396,0.29068392,0.18282046,0.19976229
34432,0,0.21249869,1,0.16700067,0.21249869,0.21983408,0.16025304,0.15938215
34441,0,0.16438185,0,0.16700067,0.16438185,0.17442930,0.17842259,0.19133145
34447,0,0.16633602,0,0.16700067,0.16633602,0.17629462,0.17115968,0.17800798
34458,0,0.17168475,0,0.16700067,0.17168475,0.18138983,0.17096291,0.17765734
34468,0,0.16633602,0,0.16700067,0.16633602,0.17629462,0.17115968,0.17800798
34470,0,0.31253652,1,0.16700067,0.31253652,0.31186429,0.19772317,0.23038360
34471,0,0.20525698,1,0.16700067,0.20525698,0.21306309,0.17709337,0.18883737
34479,0,0.11120466,0,0.16700067,0.11120466,0.12273339,0.16206613,0.16236515
34482,0,0.19976890,1,0.16700067,0.19976890,0.20791843,0.23328357,0.31588749
34485,0,0.16633602,0,0.16700067,0.16633602,0.17629462,0.17115968,0.17800798
34487,0,0.18833356,1,0.16700067,0.18833356,0.19715920,0.17596273,0.18673558
34489,0,0.10861405,0,0.16700067,0.10861405,0.12015940,0.15014231,0.14355622
34495,1,0.17719923,0,0.16700067,0.17719923,0.18662769,0.17561498,0.18609278
34503,1,0.26331923,1,0.16700067,0.26331923,0.26687937,0.22793451,0.30197080
34505,0,0.24636362,1,0.16700067,0.24636362,0.25126472,0.18363187,0.20134790
34506,0,0.15126940,0,0.16700067,0.15126940,0.16185762,0.16593627,0.16888290
34523,0,0.10861405,0,0.16700067,0.10861405,0.12015940,0.15014231,0.14355622
34530,0,0.15126940,0,0.16700067,0.15126940,0.16185762,0.16593627,0.16888290
34544,0,0.14357560,0,0.16700067,0.14357560,0.15443304,0.16779216,0.17208163
34550,0,0.08653287,0,0.16700067,0.08653287,0.09794561,0.17679763,0.18828586
34552,0,0.08966096,0,0.16700067,0.08966096,0.10112498,0.16225432,0.16267733
34564,0,0.14176115,0,0.16700067,0.14176115,0.15267654,0.18374191,0.20156365
34572,0,0.10407019,0,0.16700067,0.10407019,0.11562946,0.15734031,0.15468315
34575,0,0.03779720,0,0.16700067,0.03779720,0.04643361,0.16280725,0.16359739
34580,1,0.16633602,0,0.16700067,0.16633602,0.17629462,0.17115968,0.17800798
34581,0,0.10861405,0,0.16700067,0.10861405,0.12015940,0.15014231,0.14355622
34593,0,0.06925868,0,0.16700067,0.06925868,0.08015914,0.12795311,0.11339685
34595,0,0.18788567,1,0.16700067,0.18788567,0.19673665,0.16440632,0.16628171
34597,0,0.12411448,0,0.16700067,0.12411448,0.13547300,0.13100286,0.11718792
34614,0,0.06925868,0,0.16700067,0.06925868,0.08015914,0.12795311,0.11339685
34628,1,0.30629780,1,0.16700067,0.30629780,0.30618478,0.19086157,0.21589079
34635,0,0.16633602,0,0.16700067,0.16633602,0.17629462,0.17115968,0.17800798
34638,0,0.22767038,1,0.16700067,0.22767038,0.23395969,0.18789920,0.20984151
34644,0,0.16633602,0,0.16700067,0.16633602,0.17629462,0.17115968,0.17800798
34647,0,0.16633602,0,0.16700067,0.16633602,0.17629462,0.17115968,0.17800798
34650,0,0.15373326,0,0.16700067,0.15373326,0.16422751,0.13861109,0.12712688
34661,0,0.16633602,0,0.16700067,0.16633602,0.17629462,0.17115968,0.17800798
34665,0,0.26210335,1,0.16700067,0.26210335,0.26576198,0.18161447,0.19742298
34670,0,0.18833356,1,0.16700067,0.18833356,0.19715920,0.17596273,0.18673558
34674,0,0.19063097,1,0.16700067,0.19063097,0.19932523,0.15281021,0.14760055
34675,0,0.21249869,1,0.16700067,0.21249869,0.21983408,0.16025304,0.15938215
34697,0,0.10861405,0,0.16700067,0.10861405,0.12015940,0.15014231,0.14355622
34703,0,0.18833356,1,0.16700067,0.18833356,0.19715920,0.17596273,0.18673558
34704,0,0.06232785,0,0.16700067,0.06232785,0.07289807,0.12888301,0.11454130
34709,0,0.25886716,1,0.16700067,0.25886716,0.26278625,0.17120006,0.17808000
34713,0,0.18833356,1,0.16700067,0.18833356,0.19715920,0.17596273,0.18673558
34714,0,0.23963852,1,0.16700067,0.23963852,0.24505071,0.18226284,0.19867808
34719,0,0.00693580,0,0.16700067,0.00693580,0.00999543,0.02172607,0.03385592
34721,0,0.15126940,0,0.16700067,0.15126940,0.16185762,0.16593627,0.16888290
34724,0,0.15126940,0,0.16700067,0.15126940,0.16185762,0.16593627,0.16888290
34737,0,0.15126940,0,0.16700067,0.15126940,0.16185762,0.16593627,0.16888290
34743,0,0.18238207,1,0.16700067,0.18238207,0.19153708,0.14446513,0.13525703
34755,0,0.06925868,0,0.16700067,0.06925868,0.08015914,0.12795311,0.11339685
34757,0,0.10861405,0,0.16700067,0.10861405,0.12015940,0.15014231,0.14355622
34762,0,0.22137586,1,0.16700067,0.22137586,0.22810858,0.17430215,0.18368142
34765,0,0.21249869,1,0.16700067,0.21249869,0.21983408,0.16025304,0.15938215
34766,0,0.09526481,0,0.16700067,0.09526481,0.10679240,0.13942043,0.12822550
34771,0,0.16633602,0,0.16700067,0.16633602,0.17629462,0.17115968,0.17800798
34774,0,0.18833356,1,0.16700067,0.18833356,0.19715920,0.17596273,0.18673558
34777,0,0.06821963,0,0.16700067,0.06821963,0.07907557,0.14985997,0.14313365
34778,0,0.24228642,1,0.16700067,0.24228642,0.24749888,0.17693215,0.18853655
34780,1,0.14095950,0,0.16700067,0.14095950,0.15189979,0.14175753,0.13144349
34785,1,0.40313799,1,0.16700067,0.40313799,0.39394223,0.22631990,0.29783905
34790,0,0.10861405,0,0.16700067,0.10861405,0.12015940,0.15014231,0.14355622
34802,0,0.21009851,1,0.16700067,0.21009851,0.21759207,0.16903059,0.17424271
34810,0,0.10861405,0,0.16700067,0.10861405,0.12015940,0.15014231,0.14355622
34814,0,0.10861405,0,0.16700067,0.10861405,0.12015940,0.15014231,0.14355622
34830,0,0.39597673,1,0.16700067,0.39597673,0.38746879,0.22522437,0.29505421
34832,0,0.14739842,0,0.16700067,0.14739842,0.15812677,0.16351652,0.16478370
34845,0,0.18833356,1,0.16700067,0.18833356,0.19715920,0.17596273,0.18673558
34847,0,0.18113233,1,0.16700067,0.18113233,0.19035444,0.18008164,0.19447958
34852,0,0.21249869,1,0.16700067,0.21249869,0.21983408,0.16025304,0.15938215
34857,0,0.15662466,0,0.16700067,0.15662466,0.16700402,0.14046409,0.12965416
34864,0,0.01374936,0,0.16700067,0.01374936,0.01859822,0.04373040,0.04381353
34865,0,0.10861405,0,0.16700067,0.10861405,0.12015940,0.15014231,0.14355622
34866,0,0.18833356,1,0.16700067,0.18833356,0.19715920,0.17596273,0.18673558
34867,0,0.12584310,0,0.16700067,0.12584310,0.13716843,0.16472691,0.16682410
34868,1,0.12575875,0,0.16700067,0.12575875,0.13708575,0.18225247,0.19865795
34872,0,0.21249869,1,0.16700067,0.21249869,0.21983408,0.16025304,0.15938215
34883,0,0.11790064,0,0.16700067,0.11790064,0.12935868,0.16962111,0.17528071
34894,0,0.18833356,1,0.16700067,0.18833356,0.19715920,0.17596273,0.18673558
34902,0,0.06925868,0,0.16700067,0.06925868,0.08015914,0.12795311,0.11339685
34904,0,0.12737172,0,0.16700067,0.12737172,0.13866576,0.16956854,0.17518810
34908,0,0.20199910,1,0.16700067,0.20199910,0.21001050,0.15777344,0.15537466
34915,0,0.18833356,1,0.16700067,0.18833356,0.19715920,0.17596273,0.18673558
34917,0,0.05505097,0,0.16700067,0.05505097,0.06518352,0.14900686,0.14186313
34919,0,0.26401308,1,0.16700067,0.26401308,0.26751686,0.19472437,0.22396709
34923,0,0.16719777,0,0.16700067,0.16719777,0.17711654,0.14805703,0.14045967
34926,0,0.10861405,0,0.16700067,0.10861405,0.12015940,0.15014231,0.14355622
34932,0,0.10861405,0,0.16700067,0.10861405,0.12015940,0.15014231,0.14355622
34940,0,0.04973533,0,0.16700067,0.04973533,0.05948181,0.15353367,0.14871338
34941,0,0.15664898,0,0.16700067,0.15664898,0.16702735,0.17908905,0.19259138
34949,0,0.18833356,1,0.16700067,0.18833356,0.19715920,0.17596273,0.18673558
34967,1,0.30558530,1,0.16700067,0.30558530,0.30553579,0.17438500,0.18383289
34974,0,0.10861405,0,0.16700067,0.10861405,0.12015940,0.15014231,0.14355622
34994,0,0.28589334,1,0.16700067,0.28589334,0.28756704,0.20677963,0.25053401
34995,1,0.19626419,1,0.16700067,0.19626419,0.20462675,0.23481699,0.31994014
34998,0,0.13783125,0,0.16700067,0.13783125,0.14886457,0.17258353,0.18056144
35004,0,0.29640264,1,0.16700067,0.29640264,0.29716467,0.17642434,0.18759149
35013,0,0.04455247,0,0.16700067,0.04455247,0.05386169,0.14553897,0.13679515
35021,0,0.18833356,1,0.16700067,0.18833356,0.19715920,0.17596273,0.18673558
35031,1,0.16884982,0,0.16700067,0.16884982,0.17869112,0.18825601,0.21056349
35040,0,0.08785842,0,0.16700067,0.08785842,0.09929432,0.14014809,0.12922017
35041,0,0.17776999,0,0.16700067,0.17776999,0.18716897,0.15835743,0.15631102
35049,0,0.10174467,0,0.16700067,0.10174467,0.11330329,0.16706795,0.17082774
35053,0,0.12183650,0,0.16700067,0.12183650,0.13323516,0.15553982,0.15183547
35056,0,0.18833356,1,0.16700067,0.18833356,0.19715920,0.17596273,0.18673558
35057,0,0.15126940,0,0.16700067,0.15126940,0.16185762,0.16593627,0.16888290
35062,0,0.16633602,0,0.16700067,0.16633602,0.17629462,0.17115968,0.17800798
35070,0,0.16633602,0,0.16700067,0.16633602,0.17629462,0.17115968,0.17800798
35080,0,0.21913935,1,0.16700067,0.21913935,0.22602647,0.16686658,0.17048038
35089,0,0.30007065,1,0.16700067,0.30007065,0.30051010,0.19117905,0.21654654
35090,0,0.16633602,0,0.16700067,0.16633602,0.17629462,0.17115968,0.17800798
35097,0,0.12524060,0,0.16700067,0.12524060,0.13657777,0.16470938,0.16679440
35098,0,0.12737172,0,0.16700067,0.12737172,0.13866576,0.16956854,0.17518810
35105,1,0.10196023,0,0.16700067,0.10196023,0.11351914,0.13207254,0.11854344
35115,0,0.27600690,1,0.16700067,0.27600690,0.27851967,0.18614180,0.20631210
35118,0,0.18833356,1,0.16700067,0.18833356,0.19715920,0.17596273,0.18673558
35119,0,0.18833356,1,0.16700067,0.18833356,0.19715920,0.17596273,0.18673558
35120,0,0.10861405,0,0.16700067,0.10861405,0.12015940,0.15014231,0.14355622
35122,0,0.23099442,1,0.16700067,0.23099442,0.23704447,0.18555047,0.20513446
35124,0,0.14200157,0,0.16700067,0.14200157,0.15290940,0.15990534,0.15881519
35135,0,0.06232785,0,0.16700067,0.06232785,0.07289807,0.12888301,0.11454130
35138,0,0.14936848,0,0.16700067,0.14936848,0.16002668,0.17160932,0.17881128
35139,0,0.10407019,0,0.16700067,0.10407019,0.11562946,0.15734031,0.15468315
35140,1,0.10861405,0,0.16700067,0.10861405,0.12015940,0.15014231,0.14355622
35142,0,0.32001661,1,0.16700067,0.32001661,0.31866696,0.18925438,0.21259329
35145,0,0.10861405,0,0.16700067,0.10861405,0.12015940,0.15014231,0.14355622
35147,0,0.16633602,0,0.16700067,0.16633602,0.17629462,0.17115968,0.17800798
35153,1,0.12411448,0,0.16700067,0.12411448,0.13547300,0.13100286,0.11718792
35155,0,0.10485632,0,0.16700067,0.10485632,0.11641460,0.13854633,0.12703932
35157,0,0.21249869,1,0.16700067,0.21249869,0.21983408,0.16025304,0.15938215
35163,0,0.06064847,0,0.16700067,0.06064847,0.07112637,0.13808457,0.12641650
35174,0,0.04458249,0,0.16700067,0.04458249,0.05389444,0.12576323,0.11074102
35183,0,0.29259974,1,0.16700067,0.29259974,0.29369388,0.19684176,0.22848438
35193,0,0.18833356,1,0.16700067,0.18833356,0.19715920,0.17596273,0.18673558
35197,0,0.08955268,0,0.16700067,0.08955268,0.10101511,0.13820229,0.12657503
35198,0,0.16164600,0,0.16700067,0.16164600,0.17181435,0.17679763,0.18828586
35202,0,0.25095737,1,0.16700067,0.25095737,0.25550232,0.17732091,0.18926253
35209,0,0.18113233,1,0.16700067,0.18113233,0.19035444,0.18008164,0.19447958
35211,1,0.24146464,1,0.16700067,0.24146464,0.24673929,0.17679763,0.18828586
35217,0,0.13606924,0,0.16700067,0.13606924,0.14715199,0.12984882,0.11574059
35221,0,0.07109208,0,0.16700067,0.07109208,0.08206700,0.14985997,0.14313365
35226,0,0.05876116,0,0.16700067,0.05876116,0.06912924,0.15340162,0.14850975
35229,0,0.16577213,0,0.16700067,0.16577213,0.17575658,0.19184111,0.21791864
35231,0,0.10407019,0,0.16700067,0.10407019,0.11562946,0.15734031,0.15468315
35232,0,0.23097563,1,0.16700067,0.23097563,0.23702704,0.18478000,0.20360754
35244,0,0.02975355,0,0.16700067,0.02975355,0.03740747,0.14712563,0.13909472
35247,0,0.23510018,1,0.16700067,0.23510018,0.24085002,0.21478047,0.26928522
35253,0,0.12737172,0,0.16700067,0.12737172,0.13866576,0.16956854,0.17518810
35269,0,0.10861405,0,0.16700067,0.10861405,0.12015940,0.15014231,0.14355622
35276,1,0.15126940,0,0.16700067,0.15126940,0.16185762,0.16593627,0.16888290
35291,0,0.10861405,0,0.16700067,0.10861405,0.12015940,0.15014231,0.14355622
35293,0,0.21082199,1,0.16700067,0.21082199,0.21826809,0.19356945,0.22153007
35301,0,0.42007925,1,0.16700067,0.42007925,0.40925683,0.18039745,0.19508328
35307,0,0.10861405,0,0.16700067,0.10861405,0.12015940,0.15014231,0.14355622
35314,0,0.20806811,1,0.16700067,0.20806811,0.21569381,0.18766422,0.20936705
35320,0,0.05835832,0,0.16700067,0.05835832,0.06870210,0.15289373,0.14772866
35323,0,0.00694671,0,0.16700067,0.00694671,0.01000971,0.05410564,0.04942753
35324,0,0.01046887,0,0.16700067,0.01046887,0.01452480,0.03105388,0.03777824
35343,0,0.18833356,1,0.16700067,0.18833356,0.19715920,0.17596273,0.18673558
35346,0,0.10861405,0,0.16700067,0.10861405,0.12015940,0.15014231,0.14355622
35352,0,0.16633602,0,0.16700067,0.16633602,0.17629462,0.17115968,0.17800798
35353,0,0.10407019,0,0.16700067,0.10407019,0.11562946,0.15734031,0.15468315
35354,0,0.13623584,0,0.16700067,0.13623584,0.14731400,0.16082614,0.16032022
35368,0,0.16318640,0,0.16700067,0.16318640,0.17328718,0.17702787,0.18871511
35373,0,0.08086553,0,0.16700067,0.08086553,0.09215471,0.15020626,0.14365207
35375,0,0.13708576,0,0.16700067,0.13708576,0.14814026,0.15992704,0.15885053
35381,0,0.10475302,0,0.16700067,0.10475302,0.11631146,0.17391846,0.18298127
35386,0,0.12787136,0,0.16700067,0.12787136,0.13915479,0.18092221,0.19608953
35392,1,0.16633602,0,0.16700067,0.16633602,0.17629462,0.17115968,0.17800798
35397,0,0.10710135,0,0.16700067,0.10710135,0.11865351,0.15133724,0.14535612
35414,0,0.06925868,0,0.16700067,0.06925868,0.08015914,0.12795311,0.11339685
35416,0,0.16633602,0,0.16700067,0.16633602,0.17629462,0.17115968,0.17800798
35418,0,0.24688383,1,0.16700067,0.24688383,0.25174488,0.17994551,0.19421980
35422,0,0.10861405,0,0.16700067,0.10861405,0.12015940,0.15014231,0.14355622
35424,0,0.10861405,0,0.16700067,0.10861405,0.12015940,0.15014231,0.14355622
35427,0,0.07896422,0,0.16700067,0.07896422,0.09020266,0.13407955,0.12112337
35428,0,0.05895590,0,0.16700067,0.05895590,0.06933561,0.14873651,0.14146249
35429,0,0.15431356,0,0.16700067,0.15431356,0.16478515,0.16017979,0.15926257
35432,0,0.25540637,1,0.16700067,0.25540637,0.25960120,0.16922098,0.17457684
35434,0,0.16633602,0,0.16700067,0.16633602,0.17629462,0.17115968,0.17800798
35441,0,0.26821130,1,0.16700067,0.26821130,0.27137175,0.16905418,0.17428409
35459,0,0.18833356,1,0.16700067,0.18833356,0.19715920,0.17596273,0.18673558
35464,1,0.34781431,1,0.16700067,0.34781431,0.34389196,0.17596273,0.18673558
35465,0,0.23225768,1,0.16700067,0.23225768,0.23821590,0.18280018,0.19972278
35477,1,0.10484376,0,0.16700067,0.10484376,0.11640206,0.14985997,0.14313365
35479,1,0.21722044,1,0.16700067,0.21722044,0.22423867,0.21008114,0.25816508
35480,0,0.16633602,0,0.16700067,0.16633602,0.17629462,0.17115968,0.17800798
35484,0,0.44484925,1,0.16700067,0.44484925,0.43166072,0.22529010,0.29522086
35486,0,0.18833356,1,0.16700067,0.18833356,0.19715920,0.17596273,0.18673558
35490,1,0.57181062,1,0.16700067,0.57181062,0.54740997,0.43475016,0.84326684
35491,0,0.17168475,0,0.16700067,0.17168475,0.18138983,0.17096291,0.17765734
35492,0,0.29202626,1,0.16700067,0.29202626,0.29317027,0.21421393,0.26792869
35507,1,0.15126940,0,0.16700067,0.15126940,0.16185762,0.16593627,0.16888290
35517,0,0.10861405,0,0.16700067,0.10861405,0.12015940,0.15014231,0.14355622
35518,1,0.11334252,0,0.16700067,0.11334252,0.12485296,0.17044356,0.17673447
35519,0,0.23510018,1,0.16700067,0.23510018,0.24085002,0.21478047,0.26928522
35520,0,0.48147045,1,0.16700067,0.48147045,0.46484786,0.36937454,0.70805173
35525,1,0.18833356,1,0.16700067,0.18833356,0.19715920,0.17596273,0.18673558
35530,1,0.18833356,1,0.16700067,0.18833356,0.19715920,0.17596273,0.18673558
35531,0,0.10861405,0,0.16700067,0.10861405,0.12015940,0.15014231,0.14355622
35534,0,0.05068182,0,0.16700067,0.05068182,0.06050147,0.14950231,0.14259985
35538,0,0.25431880,1,0.16700067,0.25431880,0.25859969,0.16526621,0.16773969
35546,0,0.43944517,1,0.16700067,0.43944517,0.42677081,0.18786560,0.20977363
35556,0,0.12411448,0,0.16700067,0.12411448,0.13547300,0.13100286,0.11718792
35561,0,0.10348346,0,0.16700067,0.10348346,0.11504307,0.12969757,0.11555206
35573,1,0.13117377,0,0.16700067,0.13117377,0.14238228,0.17160550,0.17880443
35577,0,0.07500770,0,0.16700067,0.07500770,0.08612477,0.14294516,0.13310485
35583,0,0.06925868,0,0.16700067,0.06925868,0.08015914,0.12795311,0.11339685
35593,0,0.25971243,1,0.16700067,0.25971243,0.26356373,0.19995828,0.23524916
35598,0,0.18833356,1,0.16700067,0.18833356,0.19715920,0.17596273,0.18673558
35602,0,0.11235682,0,0.16700067,0.11235682,0.12387620,0.13473599,0.12197765
35609,0,0.16633602,0,0.16700067,0.16633602,0.17629462,0.17115968,0.17800798
35611,0,0.10861405,0,0.16700067,0.10861405,0.12015940,0.15014231,0.14355622
35615,0,0.21249869,1,0.16700067,0.21249869,0.21983408,0.16025304,0.15938215
35619,1,0.18833356,1,0.16700067,0.18833356,0.19715920,0.17596273,0.18673558
35620,0,0.12411448,0,0.16700067,0.12411448,0.13547300,0.13100286,0.11718792
35623,0,0.21878474,1,0.16700067,0.21878474,0.22569618,0.14985997,0.14313365
35636,0,0.18113233,1,0.16700067,0.18113233,0.19035444,0.18008164,0.19447958
35638,0,0.10861405,0,0.16700067,0.10861405,0.12015940,0.15014231,0.14355622
35642,0,0.21249869,1,0.16700067,0.21249869,0.21983408,0.16025304,0.15938215
35644,1,0.15843349,0,0.16700067,0.15843349,0.16873849,0.16372818,0.16513904
35647,0,0.10861405,0,0.16700067,0.10861405,0.12015940,0.15014231,0.14355622
35648,0,0.34680913,1,0.16700067,0.34680913,0.34298108,0.15827418,0.15617726
35657,0,0.19228061,1,0.16700067,0.19228061,0.20087913,0.20769187,0.25262745
35659,0,0.21249869,1,0.16700067,0.21249869,0.21983408,0.16025304,0.15938215
35663,0,0.24288032,1,0.16700067,0.24288032,0.24804770,0.18438099,0.20282010
35673,0,0.05895590,0,0.16700067,0.05895590,0.06933561,0.14873651,0.14146249
35675,0,0.09816023,0,0.16700067,0.09816023,0.10970713,0.14869861,0.14140639
35680,0,0.02674947,0,0.16700067,0.02674947,0.03397591,0.13489422,0.12218434
35682,0,0.16633602,0,0.16700067,0.16633602,0.17629462,0.17115968,0.17800798
35690,0,0.14025978,0,0.16700067,0.14025978,0.15122145,0.16133326,0.16115401
35693,1,0.10475302,0,0.16700067,0.10475302,0.11631146,0.17391846,0.18298127
35701,0,0.00598061,0,0.16700067,0.00598061,0.00873674,0.04072806,0.04230586
35715,0,0.16633602,0,0.16700067,0.16633602,0.17629462,0.17115968,0.17800798
35721,0,0.17505501,0,0.16700067,0.17505501,0.18459283,0.14258703,0.13260200
35741,0,0.10861405,0,0.16700067,0.10861405,0.12015940,0.15014231,0.14355622
35744,0,0.11960561,0,0.16700067,0.11960561,0.13103950,0.15476517,0.15062359
35753,0,0.10861405,0,0.16700067,0.10861405,0.12015940,0.15014231,0.14355622
35758,0,0.15126940,0,0.16700067,0.15126940,0.16185762,0.16593627,0.16888290
35763,0,0.35282622,1,0.16700067,0.35282622,0.34843249,0.21308358,0.26523516
35764,0,0.02908908,0,0.16700067,0.02908908,0.03665158,0.12271029,0.10712948
35766,0,0.12158563,0,0.16700067,0.12158563,0.13298845,0.17193663,0.17939780
35769,0,0.24477253,1,0.16700067,0.24477253,0.24979567,0.18959902,0.21329727
35774,0,0.21249869,1,0.16700067,0.21249869,0.21983408,0.16025304,0.15938215
35782,0,0.06925868,0,0.16700067,0.06925868,0.08015914,0.12795311,0.11339685
35785,0,0.18113233,1,0.16700067,0.18113233,0.19035444,0.18008164,0.19447958
35794,1,0.25782297,1,0.16700067,0.25782297,0.26182556,0.18374540,0.20157050
35795,0,0.16598121,0,0.16700067,0.16598121,0.17595610,0.17893897,0.19230711
35801,0,0.10407019,0,0.16700067,0.10407019,0.11562946,0.15734031,0.15468315
35803,1,0.38800791,1,0.16700067,0.38800791,0.38026465,0.19297312,0.22027920
35806,0,0.10861405,0,0.16700067,0.10861405,0.12015940,0.15014231,0.14355622
35809,0,0.18833356,1,0.16700067,0.18833356,0.19715920,0.17596273,0.18673558
35812,0,0.12702211,0,0.16700067,0.12702211,0.13832347,0.16398819,0.16557642
35820,0,0.16633602,0,0.16700067,0.16633602,0.17629462,0.17115968,0.17800798
35830,0,0.14908724,0,0.16700067,0.14908724,0.15975561,0.17115968,0.17800798
35833,0,0.28038207,1,0.16700067,0.28038207,0.28252586,0.18351719,0.20112322
35834,0,0.21249869,1,0.16700067,0.21249869,0.21983408,0.16025304,0.15938215
35840,0,0.02224055,0,0.16700067,0.02224055,0.02875084,0.12387348,0.10849311
35849,1,0.25131541,1,0.16700067,0.25131541,0.25583237,0.18064658,0.19556050
35853,0,0.06925868,0,0.16700067,0.06925868,0.08015914,0.12795311,0.11339685
35858,0,0.24109786,1,0.16700067,0.24109786,0.24640022,0.18508602,0.20421300
35859,0,0.10861405,0,0.16700067,0.10861405,0.12015940,0.15014231,0.14355622
35864,1,0.16633602,0,0.16700067,0.16633602,0.17629462,0.17115968,0.17800798
35865,0,0.29640264,1,0.16700067,0.29640264,0.29716467,0.17642434,0.18759149
35890,0,0.12369377,0,0.16700067,0.12369377,0.13506002,0.15643067,0.15323904
35891,0,0.10658595,0,0.16700067,0.10658595,0.11813995,0.16712994,0.17093478
35892,0,0.16633602,0,0.16700067,0.16633602,0.17629462,0.17115968,0.17800798
35897,1,0.23963852,1,0.16700067,0.23963852,0.24505071,0.18226284,0.19867808
35900,0,0.15126940,0,0.16700067,0.15126940,0.16185762,0.16593627,0.16888290
35902,0,0.18833356,1,0.16700067,0.18833356,0.19715920,0.17596273,0.18673558
35908,0,0.24109786,1,0.16700067,0.24109786,0.24640022,0.18508602,0.20421300
35919,1,0.24228642,1,0.16700067,0.24228642,0.24749888,0.17693215,0.18853655
35931,0,0.16633602,0,0.16700067,0.16633602,0.17629462,0.17115968,0.17800798
35935,0,0.06925868,0,0.16700067,0.06925868,0.08015914,0.12795311,0.11339685
35951,0,0.10861405,0,0.16700067,0.10861405,0.12015940,0.15014231,0.14355622
35968,0,0.17127812,0,0.16700067,0.17127812,0.18100299,0.17445030,0.18395231
35971,0,0.07416842,0,0.16700067,0.07416842,0.08525691,0.14985997,0.14313365
35973,0,0.21249869,1,0.16700067,0.21249869,0.21983408,0.16025304,0.15938215
35976,0,0.10861405,0,0.16700067,0.10861405,0.12015940,0.15014231,0.14355622
35981,0,0.11900873,0,0.16700067,0.11900873,0.13045134,0.13959368,0.12846174
35983,0,0.12411448,0,0.16700067,0.12411448,0.13547300,0.13100286,0.11718792
35984,0,0.18833356,1,0.16700067,0.18833356,0.19715920,0.17596273,0.18673558
35986,0,0.16633602,0,0.16700067,0.16633602,0.17629462,0.17115968,0.17800798
35994,0,0.15126940,0,0.16700067,0.15126940,0.16185762,0.16593627,0.16888290
36005,0,0.16633602,0,0.16700067,0.16633602,0.17629462,0.17115968,0.17800798
36006,0,0.07834515,0,0.16700067,0.07834515,0.08956603,0.14985997,0.14313365
36009,0,0.10861405,0,0.16700067,0.10861405,0.12015940,0.15014231,0.14355622
36012,0,0.15126940,0,0.16700067,0.15126940,0.16185762,0.16593627,0.16888290
36015,0,0.12839232,0,0.16700067,0.12839232,0.13966447,0.17787069,0.19029284
36024,0,0.10861405,0,0.16700067,0.10861405,0.12015940,0.15014231,0.14355622
36029,1,0.15126940,0,0.16700067,0.15126940,0.16185762,0.16593627,0.16888290
36042,1,0.09178583,0,0.16700067,0.09178583,0.10327814,0.15766624,0.15520327
36044,0,0.01890485,0,0.16700067,0.01890485,0.02481800,0.12906640,0.11476819
36052,0,0.18833356,1,0.16700067,0.18833356,0.19715920,0.17596273,0.18673558
36056,0,0.10861405,0,0.16700067,0.10861405,0.12015940,0.15014231,0.14355622
36057,0,0.12411448,0,0.16700067,0.12411448,0.13547300,0.13100286,0.11718792
36058,1,0.18833356,1,0.16700067,0.18833356,0.19715920,0.17596273,0.18673558
36067,0,0.06925868,0,0.16700067,0.06925868,0.08015914,0.12795311,0.11339685
36068,0,0.26843024,1,0.16700067,0.26843024,0.27157268,0.28176001,0.45464865
36076,0,0.01374936,0,0.16700067,0.01374936,0.01859822,0.04373040,0.04381353
36077,0,0.10861405,0,0.16700067,0.10861405,0.12015940,0.15014231,0.14355622
36082,0,0.24703640,1,0.16700067,0.24703640,0.25188569,0.17445030,0.18395231
36086,0,0.07020660,0,0.16700067,0.07020660,0.08114620,0.15827473,0.15617815
36087,1,0.43258511,1,0.16700067,0.43258511,0.42056531,0.23727592,0.32649571
36103,0,0.20525698,1,0.16700067,0.20525698,0.21306309,0.17709337,0.18883737
36104,0,0.10861405,0,0.16700067,0.10861405,0.12015940,0.15014231,0.14355622
36111,0,0.26616262,1,0.16700067,0.26616262,0.26949110,0.20278671,0.24150758
36117,0,0.20433624,1,0.16700067,0.20433624,0.21220079,0.21627841,0.27289274
36120,0,0.16875241,0,0.16700067,0.16875241,0.17859833,0.17445030,0.18395231
36124,0,0.17970168,0,0.16700067,0.17970168,0.18899971,0.16160904,0.16160890
36125,0,0.21620878,1,0.16700067,0.21620878,0.22329563,0.17818471,0.19088325
36127,0,0.18768353,1,0.16700067,0.18768353,0.19654592,0.17545308,0.18579408
36131,0,0.12411448,0,0.16700067,0.12411448,0.13547300,0.13100286,0.11718792
36136,1,0.18833356,1,0.16700067,0.18833356,0.19715920,0.17596273,0.18673558
36146,0,0.18833356,1,0.16700067,0.18833356,0.19715920,0.17596273,0.18673558
36149,0,0.04328833,0,0.16700067,0.04328833,0.05248097,0.14942446,0.14248388
36155,0,0.18833356,1,0.16700067,0.18833356,0.19715920,0.17596273,0.18673558
36158,0,0.39047573,1,0.16700067,0.39047573,0.38249577,0.24766397,0.35492321
36161,1,0.18125078,1,0.16700067,0.18125078,0.19046657,0.18329517,0.20068880
36165,0,0.15981029,0,0.16700067,0.15981029,0.17005745,0.17388536,0.18292096
36168,0,0.15041955,0,0.16700067,0.15041955,0.16103933,0.18245495,0.19905112
36184,0,0.10658595,0,0.16700067,0.10658595,0.11813995,0.16712994,0.17093478
36186,1,0.16633602,0,0.16700067,0.16633602,0.17629462,0.17115968,0.17800798
36187,0,0.16633602,0,0.16700067,0.16633602,0.17629462,0.17115968,0.17800798
36188,1,0.18833356,1,0.16700067,0.18833356,0.19715920,0.17596273,0.18673558
36206,0,0.18833356,1,0.16700067,0.18833356,0.19715920,0.17596273,0.18673558
36209,0,0.16793709,0,0.16700067,0.16793709,0.17782137,0.17596273,0.18673558
36215,0,0.18833356,1,0.16700067,0.18833356,0.19715920,0.17596273,0.18673558
36238,0,0.10861405,0,0.16700067,0.10861405,0.12015940,0.15014231,0.14355622
36240,0,0.16633602,0,0.16700067,0.16633602,0.17629462,0.17115968,0.17800798
36244,0,0.06925868,0,0.16700067,0.06925868,0.08015914,0.12795311,0.11339685
36247,0,0.12411448,0,0.16700067,0.12411448,0.13547300,0.13100286,0.11718792
36272,0,0.02975355,0,0.16700067,0.02975355,0.03740747,0.14712563,0.13909472
36283,0,0.20925546,1,0.16700067,0.20925546,0.21680407,0.17892514,0.19228094
36296,1,0.26975091,1,0.16700067,0.26975091,0.27278447,0.24281990,0.34152461
36303,0,0.09522879,0,0.16700067,0.09522879,0.10675609,0.13337178,0.12020807
36305,0,0.10861405,0,0.16700067,0.10861405,0.12015940,0.15014231,0.14355622
36309,0,0.17736847,0,0.16700067,0.17736847,0.18678821,0.17951941,0.19340834
36323,0,0.10641789,0,0.16700067,0.10641789,0.11797243,0.15621815,0.15290325
36330,1,0.16633602,0,0.16700067,0.16633602,0.17629462,0.17115968,0.17800798
36331,1,0.10861405,0,0.16700067,0.10861405,0.12015940,0.15014231,0.14355622
36337,0,0.18833356,1,0.16700067,0.18833356,0.19715920,0.17596273,0.18673558
36338,0,0.10861405,0,0.16700067,0.10861405,0.12015940,0.15014231,0.14355622
36339,0,0.06925868,0,0.16700067,0.06925868,0.08015914,0.12795311,0.11339685
36343,0,0.18833356,1,0.16700067,0.18833356,0.19715920,0.17596273,0.18673558
36345,0,0.58768008,1,0.16700067,0.58768008,0.56206689,0.31767846,0.56362047
36349,1,0.15126940,0,0.16700067,0.15126940,0.16185762,0.16593627,0.16888290
36352,0,0.16633602,0,0.16700067,0.16633602,0.17629462,0.17115968,0.17800798
36356,0,0.16633602,0,0.16700067,0.16633602,0.17629462,0.17115968,0.17800798
36357,0,0.05453332,0,0.16700067,0.05453332,0.06463086,0.12340633,0.10794363
36362,0,0.21249869,1,0.16700067,0.21249869,0.21983408,0.16025304,0.15938215
36366,0,0.10861405,0,0.16700067,0.10861405,0.12015940,0.15014231,0.14355622
36368,0,0.22997291,1,0.16700067,0.22997291,0.23609685,0.22796083,0.30203842
36371,1,0.51519810,1,0.16700067,0.51519810,0.49552777,0.27411580,0.43166211
36372,1,0.18833356,1,0.16700067,0.18833356,0.19715920,0.17596273,0.18673558
36373,1,0.18833356,1,0.16700067,0.18833356,0.19715920,0.17596273,0.18673558
36375,0,0.04795729,0,0.16700067,0.04795729,0.05756088,0.12176068,0.10602742
36379,0,0.06925868,0,0.16700067,0.06925868,0.08015914,0.12795311,0.11339685
36386,0,0.16633602,0,0.16700067,0.16633602,0.17629462,0.17115968,0.17800798
36397,0,0.13510438,0,0.16700067,0.13510438,0.14621327,0.15349223,0.14864944
36401,0,0.16633602,0,0.16700067,0.16633602,0.17629462,0.17115968,0.17800798
36406,0,0.15126940,0,0.16700067,0.15126940,0.16185762,0.16593627,0.16888290
36408,0,0.14468321,0,0.16700067,0.14468321,0.15550422,0.17331873,0.18189103
36412,0,0.16094184,0,0.16700067,0.16094184,0.17114064,0.15759112,0.15508326
36417,0,0.10861405,0,0.16700067,0.10861405,0.12015940,0.15014231,0.14355622
36421,0,0.10861405,0,0.16700067,0.10861405,0.12015940,0.15014231,0.14355622
36423,0,0.14034805,0,0.16700067,0.14034805,0.15130705,0.14018068,0.12926486
36429,0,0.18113233,1,0.16700067,0.18113233,0.19035444,0.18008164,0.19447958
36434,0,0.06925868,0,0.16700067,0.06925868,0.08015914,0.12795311,0.11339685
36435,0,0.06925868,0,0.16700067,0.06925868,0.08015914,0.12795311,0.11339685
36442,0,0.16438185,0,0.16700067,0.16438185,0.17442930,0.17842259,0.19133145
36443,1,0.24688383,1,0.16700067,0.24688383,0.25174488,0.17994551,0.19421980
36451,1,0.37404739,1,0.16700067,0.37404739,0.36763993,0.17679763,0.18828586
36467,0,0.11163096,0,0.16700067,0.11163096,0.12315637,0.17596273,0.18673558
36469,1,0.39712256,1,0.16700067,0.39712256,0.38850459,0.20444269,0.24522401
36470,0,0.06925868,0,0.16700067,0.06925868,0.08015914,0.12795311,0.11339685
36471,0,0.06925868,0,0.16700067,0.06925868,0.08015914,0.12795311,0.11339685
36474,0,0.16633602,0,0.16700067,0.16633602,0.17629462,0.17115968,0.17800798
36478,0,0.16633602,0,0.16700067,0.16633602,0.17629462,0.17115968,0.17800798
36482,1,0.16633602,0,0.16700067,0.16633602,0.17629462,0.17115968,0.17800798
36484,0,0.29648177,1,0.16700067,0.29648177,0.29723686,0.21787369,0.27676772
36487,1,0.72692570,1,0.16700067,0.72692570,0.69395047,0.44355584,0.85693491
36489,1,0.20303631,1,0.16700067,0.20303631,0.21098280,0.14351744,0.13391174
36494,0,0.12411448,0,0.16700067,0.12411448,0.13547300,0.13100286,0.11718792
36498,0,0.06757191,0,0.16700067,0.06757191,0.07839923,0.16384902,0.16534219
36503,0,0.10861405,0,0.16700067,0.10861405,0.12015940,0.15014231,0.14355622
36506,0,0.18833356,1,0.16700067,0.18833356,0.19715920,0.17596273,0.18673558
36513,0,0.10407019,0,0.16700067,0.10407019,0.11562946,0.15734031,0.15468315
36519,0,0.16633602,0,0.16700067,0.16633602,0.17629462,0.17115968,0.17800798
36520,0,0.10694818,0,0.16700067,0.10694818,0.11850092,0.14755871,0.13972801
36521,1,0.18833356,1,0.16700067,0.18833356,0.19715920,0.17596273,0.18673558
36522,0,0.19704719,1,0.16700067,0.19704719,0.20536259,0.16452997,0.16649073
36529,0,0.25787166,1,0.16700067,0.25787166,0.26187036,0.18208949,0.19834194
36533,0,0.16633602,0,0.16700067,0.16633602,0.17629462,0.17115968,0.17800798
36542,0,0.16056928,0,0.16700067,0.16056928,0.17078409,0.19252634,0.21934536
36544,0,0.00596985,0,0.16700067,0.00596985,0.00872246,0.03418693,0.03919109
36545,0,0.18833356,1,0.16700067,0.18833356,0.19715920,0.17596273,0.18673558
36556,0,0.17358912,0,0.16700067,0.17358912,0.18320039,0.15568694,0.15206653
36558,0,0.06925868,0,0.16700067,0.06925868,0.08015914,0.12795311,0.11339685
36561,0,0.30160766,1,0.16700067,0.30160766,0.30191130,0.16023254,0.15934868
36565,1,0.06925868,0,0.16700067,0.06925868,0.08015914,0.12795311,0.11339685
36566,0,0.06925868,0,0.16700067,0.06925868,0.08015914,0.12795311,0.11339685
36571,0,0.18833356,1,0.16700067,0.18833356,0.19715920,0.17596273,0.18673558
36585,0,0.11207170,0,0.16700067,0.11207170,0.12359350,0.15777344,0.15537466
36590,0,0.18833356,1,0.16700067,0.18833356,0.19715920,0.17596273,0.18673558
36597,0,0.15126940,0,0.16700067,0.15126940,0.16185762,0.16593627,0.16888290
36599,0,0.21249869,1,0.16700067,0.21249869,0.21983408,0.16025304,0.15938215
36600,0,0.12640011,0,0.16700067,0.12640011,0.13771424,0.16402958,0.16564613
36601,0,0.25313253,1,0.16700067,0.25313253,0.25750693,0.18508602,0.20421300
36603,0,0.16546308,0,0.16700067,0.16546308,0.17546162,0.15088091,0.14466655
36606,0,0.12411448,0,0.16700067,0.12411448,0.13547300,0.13100286,0.11718792
36612,0,0.20460639,1,0.16700067,0.20460639,0.21245382,0.16456016,0.16654181
36615,0,0.16633602,0,0.16700067,0.16633602,0.17629462,0.17115968,0.17800798
36624,0,0.16633602,0,0.16700067,0.16633602,0.17629462,0.17115968,0.17800798
36630,0,0.21249869,1,0.16700067,0.21249869,0.21983408,0.16025304,0.15938215
36632,1,0.06925868,0,0.16700067,0.06925868,0.08015914,0.12795311,0.11339685
36635,0,0.15981029,0,0.16700067,0.15981029,0.17005745,0.17388536,0.18292096
36636,0,0.18833356,1,0.16700067,0.18833356,0.19715920,0.17596273,0.18673558
36640,0,0.13231855,0,0.16700067,0.13231855,0.14349920,0.15777344,0.15537466
36641,0,0.06925868,0,0.16700067,0.06925868,0.08015914,0.12795311,0.11339685
36642,0,0.16633602,0,0.16700067,0.16633602,0.17629462,0.17115968,0.17800798
36650,0,0.09838337,0,0.16700067,0.09838337,0.10993139,0.17418933,0.18347533
36654,0,0.18833356,1,0.16700067,0.18833356,0.19715920,0.17596273,0.18673558
36657,0,0.06925868,0,0.16700067,0.06925868,0.08015914,0.12795311,0.11339685
36670,0,0.10910461,0,0.16700067,0.10910461,0.12064729,0.17803670,0.19060480
36679,0,0.04580624,0,0.16700067,0.04580624,0.05522713,0.15342664,0.14854831
36681,0,0.19187496,1,0.16700067,0.19187496,0.20049713,0.18064658,0.19556050
36682,0,0.08458531,0,0.16700067,0.08458531,0.09596015,0.15088091,0.14466655
36687,1,0.15981029,0,0.16700067,0.15981029,0.17005745,0.17388536,0.18292096
36691,0,0.10723038,0,0.16700067,0.10723038,0.11878205,0.18736190,0.20875776
36694,0,0.21249869,1,0.16700067,0.21249869,0.21983408,0.16025304,0.15938215
36704,0,0.18833356,1,0.16700067,0.18833356,0.19715920,0.17596273,0.18673558
36706,1,0.06925868,0,0.16700067,0.06925868,0.08015914,0.12795311,0.11339685
36711,1,0.28363418,1,0.16700067,0.28363418,0.28550127,0.18720084,0.20843371
36723,0,0.13936876,0,0.16700067,0.13936876,0.15035719,0.13203822,0.11849973
36733,0,0.12411448,0,0.16700067,0.12411448,0.13547300,0.13100286,0.11718792
36736,1,0.20525698,1,0.16700067,0.20525698,0.21306309,0.17709337,0.18883737
36738,0,0.28005702,1,0.16700067,0.28005702,0.28222835,0.20564807,0.24795334
36745,1,0.18833356,1,0.16700067,0.18833356,0.19715920,0.17596273,0.18673558
36749,0,0.16633602,0,0.16700067,0.16633602,0.17629462,0.17115968,0.17800798
36751,1,0.35282622,1,0.16700067,0.35282622,0.34843249,0.21308358,0.26523516
36752,0,0.10861405,0,0.16700067,0.10861405,0.12015940,0.15014231,0.14355622
36760,0,0.46503920,1,0.16700067,0.46503920,0.44994482,0.22687500,0.29925585
36764,0,0.16633602,0,0.16700067,0.16633602,0.17629462,0.17115968,0.17800798
36765,0,0.16633602,0,0.16700067,0.16633602,0.17629462,0.17115968,0.17800798
36776,0,0.18833356,1,0.16700067,0.18833356,0.19715920,0.17596273,0.18673558
36777,0,0.04058317,0,0.16700067,0.04058317,0.04951225,0.15120107,0.14515007
36779,0,0.15126940,0,0.16700067,0.15126940,0.16185762,0.16593627,0.16888290
36786,0,0.18833356,1,0.16700067,0.18833356,0.19715920,0.17596273,0.18673558
36798,0,0.18833356,1,0.16700067,0.18833356,0.19715920,0.17596273,0.18673558
36800,1,0.20806811,1,0.16700067,0.20806811,0.21569381,0.18766422,0.20936705
36806,0,0.06925868,0,0.16700067,0.06925868,0.08015914,0.12795311,0.11339685
36812,0,0.05214418,0,0.16700067,0.05214418,0.06207303,0.17448864,0.18402248
36819,0,0.06304017,0,0.16700067,0.06304017,0.07364805,0.16584700,0.16873024
36826,0,0.06925868,0,0.16700067,0.06925868,0.08015914,0.12795311,0.11339685
36829,0,0.15981029,0,0.16700067,0.15981029,0.17005745,0.17388536,0.18292096
36833,0,0.26210335,1,0.16700067,0.26210335,0.26576198,0.18161447,0.19742298
36834,0,0.21249869,1,0.16700067,0.21249869,0.21983408,0.16025304,0.15938215
36840,1,0.17168475,0,0.16700067,0.17168475,0.18138983,0.17096291,0.17765734
36843,1,0.50841542,1,0.16700067,0.50841542,0.48934670,0.29659416,0.49972331
36865,0,0.16633602,0,0.16700067,0.16633602,0.17629462,0.17115968,0.17800798
36875,0,0.08876171,0,0.16700067,0.08876171,0.10021218,0.17451124,0.18406384
36885,0,0.18833356,1,0.16700067,0.18833356,0.19715920,0.17596273,0.18673558
36889,0,0.16633602,0,0.16700067,0.16633602,0.17629462,0.17115968,0.17800798
36896,0,0.21249869,1,0.16700067,0.21249869,0.21983408,0.16025304,0.15938215
36912,1,0.16008963,0,0.16700067,0.16008963,0.17032491,0.18736190,0.20875776
36924,0,0.15431356,0,0.16700067,0.15431356,0.16478515,0.16017979,0.15926257
36926,0,0.00643031,0,0.16700067,0.00643031,0.00933151,0.04937369,0.04678714
36941,0,0.13901682,0,0.16700067,0.13901682,0.15001566,0.15777344,0.15537466
36943,0,0.06925868,0,0.16700067,0.06925868,0.08015914,0.12795311,0.11339685
36945,1,0.45794744,1,0.16700067,0.45794744,0.44351943,0.18366090,0.20140479
36950,1,0.18833356,1,0.16700067,0.18833356,0.19715920,0.17596273,0.18673558
36954,0,0.08653287,0,0.16700067,0.08653287,0.09794561,0.17679763,0.18828586
36962,0,0.16633602,0,0.16700067,0.16633602,0.17629462,0.17115968,0.17800798
36966,0,0.10861405,0,0.16700067,0.10861405,0.12015940,0.15014231,0.14355622
36967,0,0.18833356,1,0.16700067,0.18833356,0.19715920,0.17596273,0.18673558
36970,1,0.06925868,0,0.16700067,0.06925868,0.08015914,0.12795311,0.11339685
36974,0,0.21249869,1,0.16700067,0.21249869,0.21983408,0.16025304,0.15938215
36976,0,0.12411448,0,0.16700067,0.12411448,0.13547300,0.13100286,0.11718792
36986,1,0.18833356,1,0.16700067,0.18833356,0.19715920,0.17596273,0.18673558
36988,0,0.18113233,1,0.16700067,0.18113233,0.19035444,0.18008164,0.19447958
36997,0,0.10861405,0,0.16700067,0.10861405,0.12015940,0.15014231,0.14355622
37002,0,0.10861405,0,0.16700067,0.10861405,0.12015940,0.15014231,0.14355622
37005,0,0.16056928,0,0.16700067,0.16056928,0.17078409,0.19252634,0.21934536
37012,0,0.51519810,1,0.16700067,0.51519810,0.49552777,0.27411580,0.43166211
37015,0,0.16633602,0,0.16700067,0.16633602,0.17629462,0.17115968,0.17800798
37025,0,0.18833356,1,0.16700067,0.18833356,0.19715920,0.17596273,0.18673558
37029,0,0.18833356,1,0.16700067,0.18833356,0.19715920,0.17596273,0.18673558
37058,0,0.25131541,1,0.16700067,0.25131541,0.25583237,0.18064658,0.19556050
37063,0,0.29232489,1,0.16700067,0.29232489,0.29344294,0.17172264,0.17901417
37067,0,0.23901620,1,0.16700067,0.23901620,0.24447504,0.17799751,0.19053112
37070,1,0.15126940,0,0.16700067,0.15126940,0.16185762,0.16593627,0.16888290
37074,0,0.46503920,1,0.16700067,0.46503920,0.44994482,0.22687500,0.29925585
37082,0,0.16633602,0,0.16700067,0.16633602,0.17629462,0.17115968,0.17800798
37085,0,0.04761131,0,0.16700067,0.04761131,0.05718626,0.15132801,0.14534214
37086,0,0.06925868,0,0.16700067,0.06925868,0.08015914,0.12795311,0.11339685
37091,1,0.28504638,1,0.16700067,0.28504638,0.28679270,0.15378152,0.14909621
37093,0,0.19900568,1,0.16700067,0.19900568,0.20720203,0.17919957,0.19280094
37112,0,0.24000129,1,0.16700067,0.24000129,0.24538623,0.18385427,0.20178414
37117,0,0.16633602,0,0.16700067,0.16633602,0.17629462,0.17115968,0.17800798
37119,1,0.18833356,1,0.16700067,0.18833356,0.19715920,0.17596273,0.18673558
37121,0,0.21082199,1,0.16700067,0.21082199,0.21826809,0.19356945,0.22153007
37124,1,0.40346181,1,0.16700067,0.40346181,0.39423494,0.28273918,0.45760920
37125,1,0.15126940,0,0.16700067,0.15126940,0.16185762,0.16593627,0.16888290
37126,0,0.12411448,0,0.16700067,0.12411448,0.13547300,0.13100286,0.11718792
37128,0,0.03952098,0,0.16700067,0.03952098,0.04834109,0.14729838,0.13934705
37129,0,0.29199546,1,0.16700067,0.29199546,0.29314215,0.17540819,0.18571133
37146,0,0.16633602,0,0.16700067,0.16633602,0.17629462,0.17115968,0.17800798
37150,1,0.10861405,0,0.16700067,0.10861405,0.12015940,0.15014231,0.14355622
37151,0,0.15981029,0,0.16700067,0.15981029,0.17005745,0.17388536,0.18292096
37159,0,0.13623584,0,0.16700067,0.13623584,0.14731400,0.16082614,0.16032022
37161,0,0.16633602,0,0.16700067,0.16633602,0.17629462,0.17115968,0.17800798
37165,0,0.06925868,0,0.16700067,0.06925868,0.08015914,0.12795311,0.11339685
37166,0,0.21249869,1,0.16700067,0.21249869,0.21983408,0.16025304,0.15938215
37171,0,0.09816023,0,0.16700067,0.09816023,0.10970713,0.14869861,0.14140639
37174,0,0.16633602,0,0.16700067,0.16633602,0.17629462,0.17115968,0.17800798
37176,0,0.16680283,0,0.16700067,0.16680283,0.17673990,0.16326866,0.16436833
37182,1,0.10861405,0,0.16700067,0.10861405,0.12015940,0.15014231,0.14355622
37183,0,0.20806811,1,0.16700067,0.20806811,0.21569381,0.18766422,0.20936705
37186,0,0.18833356,1,0.16700067,0.18833356,0.19715920,0.17596273,0.18673558
37191,1,0.15126940,0,0.16700067,0.15126940,0.16185762,0.16593627,0.16888290
37192,1,0.09141824,0,0.16700067,0.09141824,0.10290602,0.17162670,0.17884238
37194,0,0.12393759,0,0.16700067,0.12393759,0.13529938,0.16962521,0.17528793
37204,0,0.18833356,1,0.16700067,0.18833356,0.19715920,0.17596273,0.18673558
37205,0,0.25787166,1,0.16700067,0.25787166,0.26187036,0.18208949,0.19834194
37209,1,0.25431880,1,0.16700067,0.25431880,0.25859969,0.16526621,0.16773969
37211,0,0.40293788,1,0.16700067,0.40293788,0.39376134,0.16593627,0.16888290
37216,0,0.10861405,0,0.16700067,0.10861405,0.12015940,0.15014231,0.14355622
37225,0,0.34680913,1,0.16700067,0.34680913,0.34298108,0.15827418,0.15617726
37226,0,0.04758449,0,0.16700067,0.04758449,0.05715721,0.12860805,0.11420185
37232,0,0.16633602,0,0.16700067,0.16633602,0.17629462,0.17115968,0.17800798
37233,0,0.05737395,0,0.16700067,0.05737395,0.06765706,0.13988308,0.12885716
37239,0,0.15126940,0,0.16700067,0.15126940,0.16185762,0.16593627,0.16888290
37242,1,0.20910580,1,0.16700067,0.20910580,0.21666416,0.17382422,0.18280962
37244,0,0.70345434,1,0.16700067,0.70345434,0.67120383,0.56330095,0.96265571
37252,0,0.16633602,0,0.16700067,0.16633602,0.17629462,0.17115968,0.17800798
37255,0,0.11151630,0,0.16700067,0.11151630,0.12304262,0.16302531,0.16396137
37256,0,0.00553563,0,0.16700067,0.00553563,0.00814408,0.03843002,0.04118550
37260,1,0.24695562,1,0.16700067,0.24695562,0.25181114,0.21597271,0.27215407
37264,0,0.31430192,1,0.16700067,0.31430192,0.31347047,0.17973909,0.19382637
37270,0,0.18833356,1,0.16700067,0.18833356,0.19715920,0.17596273,0.18673558
37272,0,0.16633602,0,0.16700067,0.16633602,0.17629462,0.17115968,0.17800798
37274,0,0.18833356,1,0.16700067,0.18833356,0.19715920,0.17596273,0.18673558
37275,1,0.26189786,1,0.16700067,0.26189786,0.26557310,0.18246204,0.19906489
37277,0,0.08964598,0,0.16700067,0.08964598,0.10110978,0.15118417,0.14512451
37278,0,0.21322272,1,0.16700067,0.21322272,0.22051000,0.17445030,0.18395231
37279,1,0.15981029,0,0.16700067,0.15981029,0.17005745,0.17388536,0.18292096
37282,0,0.21249869,1,0.16700067,0.21249869,0.21983408,0.16025304,0.15938215
37283,0,0.18833356,1,0.16700067,0.18833356,0.19715920,0.17596273,0.18673558
37284,1,0.12844360,0,0.16700067,0.12844360,0.13971463,0.14011992,0.12918154
37286,0,0.18833356,1,0.16700067,0.18833356,0.19715920,0.17596273,0.18673558
37291,0,0.06030285,0,0.16700067,0.06030285,0.07076113,0.12729640,0.11259462
37292,0,0.24520757,1,0.16700067,0.24520757,0.25019742,0.19246389,0.21921505
37294,0,0.00553563,0,0.16700067,0.00553563,0.00814408,0.03843002,0.04118550
37296,0,0.06924800,0,0.16700067,0.06924800,0.08014801,0.16573831,0.16854451
37298,0,0.18833356,1,0.16700067,0.18833356,0.19715920,0.17596273,0.18673558
37313,0,0.16633602,0,0.16700067,0.16633602,0.17629462,0.17115968,0.17800798
37326,0,0.24491546,1,0.16700067,0.24491546,0.24992767,0.16987813,0.17573400
37330,0,0.18833356,1,0.16700067,0.18833356,0.19715920,0.17596273,0.18673558
37334,1,0.10861405,0,0.16700067,0.10861405,0.12015940,0.15014231,0.14355622
37348,0,0.18833356,1,0.16700067,0.18833356,0.19715920,0.17596273,0.18673558
37356,0,0.11857332,0,0.16700067,0.11857332,0.13002211,0.18158958,0.19737492
37369,0,0.10861405,0,0.16700067,0.10861405,0.12015940,0.15014231,0.14355622
37379,0,0.11235682,0,0.16700067,0.11235682,0.12387620,0.13473599,0.12197765
37381,0,0.27657458,1,0.16700067,0.27657458,0.27903969,0.17103673,0.17778882
37383,0,0.16633602,0,0.16700067,0.16633602,0.17629462,0.17115968,0.17800798
37386,0,0.21249869,1,0.16700067,0.21249869,0.21983408,0.16025304,0.15938215
37387,0,0.06925868,0,0.16700067,0.06925868,0.08015914,0.12795311,0.11339685
37388,1,0.18833356,1,0.16700067,0.18833356,0.19715920,0.17596273,0.18673558
37390,0,0.26754089,1,0.16700067,0.26754089,0.27075643,0.18336174,0.20081899
37400,0,0.15126940,0,0.16700067,0.15126940,0.16185762,0.16593627,0.16888290
37413,0,0.18833356,1,0.16700067,0.18833356,0.19715920,0.17596273,0.18673558
37422,0,0.16633602,0,0.16700067,0.16633602,0.17629462,0.17115968,0.17800798
37434,1,0.18833356,1,0.16700067,0.18833356,0.19715920,0.17596273,0.18673558
37435,0,0.10861405,0,0.16700067,0.10861405,0.12015940,0.15014231,0.14355622
37438,0,0.14200157,0,0.16700067,0.14200157,0.15290940,0.15990534,0.15881519
37439,0,0.18617866,1,0.16700067,0.18617866,0.19512541,0.16304222,0.16398963
37441,0,0.12411448,0,0.16700067,0.12411448,0.13547300,0.13100286,0.11718792
37442,0,0.20525698,1,0.16700067,0.20525698,0.21306309,0.17709337,0.18883737
37450,0,0.10407019,0,0.16700067,0.10407019,0.11562946,0.15734031,0.15468315
37458,0,0.26189786,1,0.16700067,0.26189786,0.26557310,0.18246204,0.19906489
37463,0,0.19981418,1,0.16700067,0.19981418,0.20796092,0.17445030,0.18395231
37464,0,0.04493240,0,0.16700067,0.04493240,0.05427587,0.14765806,0.13987362
37468,1,0.21061596,1,0.16700067,0.21061596,0.21807560,0.18650446,0.20703683
37472,0,0.23702997,1,0.16700067,0.23702997,0.24263696,0.19641262,0.22756369
37494,0,0.08844107,0,0.16700067,0.08844107,0.09988647,0.14776839,0.14003549
37499,0,0.00918867,0,0.16700067,0.00918867,0.01290348,0.05062965,0.04747458
37501,0,0.23225768,1,0.16700067,0.23225768,0.23821590,0.18280018,0.19972278
37507,0,0.06925868,0,0.16700067,0.06925868,0.08015914,0.12795311,0.11339685
37516,0,0.21822318,1,0.16700067,0.21822318,0.22517305,0.19080664,0.21577749
37517,0,0.09816023,0,0.16700067,0.09816023,0.10970713,0.14869861,0.14140639
37532,0,0.22399163,1,0.16700067,0.22399163,0.23054165,0.17445030,0.18395231
37541,0,0.21249869,1,0.16700067,0.21249869,0.21983408,0.16025304,0.15938215
37547,0,0.17241522,0,0.16700067,0.17241522,0.18208454,0.16223650,0.16264776
37550,0,0.10861405,0,0.16700067,0.10861405,0.12015940,0.15014231,0.14355622
37552,0,0.16633602,0,0.16700067,0.16633602,0.17629462,0.17115968,0.17800798
37553,0,0.08172867,0,0.16700067,0.08172867,0.09303931,0.13087734,0.11702974
37565,1,0.27405214,1,0.16700067,0.27405214,0.27672853,0.18838275,0.21082038
37568,0,0.07256617,0,0.16700067,0.07256617,0.08359726,0.16823331,0.17284900
37570,0,0.06925868,0,0.16700067,0.06925868,0.08015914,0.12795311,0.11339685
37576,0,0.21249869,1,0.16700067,0.21249869,0.21983408,0.16025304,0.15938215
37579,0,0.23894869,1,0.16700067,0.23894869,0.24441258,0.18064658,0.19556050
37581,0,0.11632207,0,0.16700067,0.11632207,0.12780027,0.15777344,0.15537466
37588,0,0.12411448,0,0.16700067,0.12411448,0.13547300,0.13100286,0.11718792
37590,0,0.12737172,0,0.16700067,0.12737172,0.13866576,0.16956854,0.17518810
37593,1,0.19256501,1,0.16700067,0.19256501,0.20114691,0.18525042,0.20453881
37595,0,0.18833356,1,0.16700067,0.18833356,0.19715920,0.17596273,0.18673558
37600,1,0.31527759,1,0.16700067,0.31527759,0.31435796,0.17182047,0.17918948
37601,0,0.12411448,0,0.16700067,0.12411448,0.13547300,0.13100286,0.11718792
37606,0,0.11063544,0,0.16700067,0.11063544,0.12216835,0.17582752,0.18648544
37607,0,0.21249869,1,0.16700067,0.21249869,0.21983408,0.16025304,0.15938215
37626,0,0.05051620,0,0.16700067,0.05051620,0.06032319,0.12177545,0.10604449
37628,0,0.00694671,0,0.16700067,0.00694671,0.01000971,0.05410564,0.04942753
37642,0,0.16633602,0,0.16700067,0.16633602,0.17629462,0.17115968,0.17800798
37646,0,0.18833356,1,0.16700067,0.18833356,0.19715920,0.17596273,0.18673558
37650,1,0.29232489,1,0.16700067,0.29232489,0.29344294,0.17172264,0.17901417
37658,0,0.14417299,0,0.16700067,0.14417299,0.15501088,0.16346956,0.16470492
37660,0,0.21249869,1,0.16700067,0.21249869,0.21983408,0.16025304,0.15938215
37661,0,0.34724270,1,0.16700067,0.34724270,0.34337398,0.20110604,0.23777518
37663,0,0.10861405,0,0.16700067,0.10861405,0.12015940,0.15014231,0.14355622
37670,0,0.20525698,1,0.16700067,0.20525698,0.21306309,0.17709337,0.18883737
37674,0,0.10861405,0,0.16700067,0.10861405,0.12015940,0.15014231,0.14355622
37676,0,0.15706508,0,0.16700067,0.15706508,0.16742651,0.15958890,0.15830064
37677,1,0.10861405,0,0.16700067,0.10861405,0.12015940,0.15014231,0.14355622
37680,0,0.10861405,0,0.16700067,0.10861405,0.12015940,0.15014231,0.14355622
37693,0,0.10861405,0,0.16700067,0.10861405,0.12015940,0.15014231,0.14355622
37696,0,0.12411448,0,0.16700067,0.12411448,0.13547300,0.13100286,0.11718792
37713,0,0.09816023,0,0.16700067,0.09816023,0.10970713,0.14869861,0.14140639
37724,0,0.12411448,0,0.16700067,0.12411448,0.13547300,0.13100286,0.11718792
37726,0,0.18833356,1,0.16700067,0.18833356,0.19715920,0.17596273,0.18673558
37732,0,0.13982969,0,0.16700067,0.13982969,0.15080435,0.17086035,0.17747480
37738,0,0.08181443,0,0.16700067,0.08181443,0.09312715,0.17193663,0.17939780
37741,0,0.18833356,1,0.16700067,0.18833356,0.19715920,0.17596273,0.18673558
37744,0,0.18833356,1,0.16700067,0.18833356,0.19715920,0.17596273,0.18673558
37752,0,0.11233729,0,0.16700067,0.11233729,0.12385684,0.14805703,0.14045967
37754,0,0.08081088,0,0.16700067,0.08081088,0.09209867,0.13924879,0.12799185
37757,1,0.18833356,1,0.16700067,0.18833356,0.19715920,0.17596273,0.18673558
37758,0,0.19532052,1,0.16700067,0.19532052,0.20373957,0.17596273,0.18673558
37759,0,0.32525077,1,0.16700067,0.32525077,0.32342293,0.18064658,0.19556050
37771,0,0.17042428,0,0.16700067,0.17042428,0.18019044,0.16558816,0.16828820
37773,1,0.17168475,0,0.16700067,0.17168475,0.18138983,0.17096291,0.17765734
37776,0,0.06925868,0,0.16700067,0.06925868,0.08015914,0.12795311,0.11339685
37784,1,0.10861405,0,0.16700067,0.10861405,0.12015940,0.15014231,0.14355622
37791,0,0.21249869,1,0.16700067,0.21249869,0.21983408,0.16025304,0.15938215
37813,0,0.31917085,1,0.16700067,0.31917085,0.31789815,0.20443908,0.24521585
37817,0,0.18434240,1,0.16700067,0.18434240,0.19339069,0.15801716,0.15576488
37828,0,0.31917085,1,0.16700067,0.31917085,0.31789815,0.20443908,0.24521585
37830,0,0.10861405,0,0.16700067,0.10861405,0.12015940,0.15014231,0.14355622
37832,0,0.10861405,0,0.16700067,0.10861405,0.12015940,0.15014231,0.14355622
37833,1,0.20525698,1,0.16700067,0.20525698,0.21306309,0.17709337,0.18883737
37842,0,0.08754567,0,0.16700067,0.08754567,0.09897629,0.13581660,0.12339524
37844,0,0.16522612,0,0.16700067,0.16522612,0.17523544,0.14488385,0.13585504
37853,0,0.15126940,0,0.16700067,0.15126940,0.16185762,0.16593627,0.16888290
37855,1,0.29640264,1,0.16700067,0.29640264,0.29716467,0.17642434,0.18759149
37856,0,0.18624201,1,0.16700067,0.18624201,0.19518523,0.18481497,0.20367665
37858,0,0.16385901,0,0.16700067,0.16385901,0.17392988,0.18018300,0.19467318
37860,0,0.15255913,0,0.16700067,0.15255913,0.16309862,0.16484600,0.16702594
37874,1,0.11568538,0,0.16700067,0.11568538,0.12717112,0.16189694,0.16208490
37877,0,0.15499277,0,0.16700067,0.15499277,0.16543758,0.14521052,0.13632313
37886,0,0.10861405,0,0.16700067,0.10861405,0.12015940,0.15014231,0.14355622
37888,0,0.10861405,0,0.16700067,0.10861405,0.12015940,0.15014231,0.14355622
37916,0,0.16633602,0,0.16700067,0.16633602,0.17629462,0.17115968,0.17800798
37920,0,0.18833356,1,0.16700067,0.18833356,0.19715920,0.17596273,0.18673558
37921,0,0.06925868,0,0.16700067,0.06925868,0.08015914,0.12795311,0.11339685
37935,0,0.21914144,1,0.16700067,0.21914144,0.22602842,0.16180521,0.16193311
37940,0,0.12517928,0,0.16700067,0.12517928,0.13651763,0.16452997,0.16649073
37944,0,0.06925868,0,0.16700067,0.06925868,0.08015914,0.12795311,0.11339685
37953,0,0.15126940,0,0.16700067,0.15126940,0.16185762,0.16593627,0.16888290
37954,0,0.27613935,1,0.16700067,0.27613935,0.27864101,0.18587179,0.20577375
37957,0,0.21914144,1,0.16700067,0.21914144,0.22602842,0.16180521,0.16193311
37959,0,0.20525698,1,0.16700067,0.20525698,0.21306309,0.17709337,0.18883737
37962,1,0.20553243,1,0.16700067,0.20553243,0.21332099,0.18064658,0.19556050
37965,0,0.18768172,1,0.16700067,0.18768172,0.19654421,0.17654074,0.18780779
37982,0,0.10861405,0,0.16700067,0.10861405,0.12015940,0.15014231,0.14355622
37988,0,0.10861405,0,0.16700067,0.10861405,0.12015940,0.15014231,0.14355622
37996,0,0.16633602,0,0.16700067,0.16633602,0.17629462,0.17115968,0.17800798
37998,0,0.18833356,1,0.16700067,0.18833356,0.19715920,0.17596273,0.18673558
38002,1,0.84545029,1,0.16700067,0.84545029,0.81378926,0.74259677,0.99565672
38017,1,0.21249869,1,0.16700067,0.21249869,0.21983408,0.16025304,0.15938215
38018,0,0.16633602,0,0.16700067,0.16633602,0.17629462,0.17115968,0.17800798
38019,0,0.06925868,0,0.16700067,0.06925868,0.08015914,0.12795311,0.11339685
38031,0,0.21249869,1,0.16700067,0.21249869,0.21983408,0.16025304,0.15938215
38032,0,0.18833356,1,0.16700067,0.18833356,0.19715920,0.17596273,0.18673558
38041,1,0.10861405,0,0.16700067,0.10861405,0.12015940,0.15014231,0.14355622
38046,0,0.30629780,1,0.16700067,0.30629780,0.30618478,0.19086157,0.21589079
38049,0,0.26401308,1,0.16700067,0.26401308,0.26751686,0.19472437,0.22396709
38053,0,0.20253030,1,0.16700067,0.20253030,0.21050851,0.18049727,0.19527438
38060,0,0.20910580,1,0.16700067,0.20910580,0.21666416,0.17382422,0.18280962
38074,0,0.12369377,0,0.16700067,0.12369377,0.13506002,0.15643067,0.15323904
38084,1,0.18833356,1,0.16700067,0.18833356,0.19715920,0.17596273,0.18673558
38091,0,0.16633602,0,0.16700067,0.16633602,0.17629462,0.17115968,0.17800798
38092,0,0.07966715,0,0.16700067,0.07966715,0.09092491,0.16098965,0.16058867
38100,0,0.15126940,0,0.16700067,0.15126940,0.16185762,0.16593627,0.16888290
38111,0,0.07122621,0,0.16700067,0.07122621,0.08220638,0.13695537,0.12490441
38117,0,0.22651887,1,0.16700067,0.22651887,0.23289025,0.16223230,0.16264079
38124,1,0.15910627,0,0.16700067,0.15910627,0.16938314,0.16294595,0.16382883
38135,0,0.17809849,0,0.16700067,0.17809849,0.18748043,0.14414671,0.13480375
38138,0,0.21515591,1,0.16700067,0.21515591,0.22231378,0.18137046,0.19695219
38152,0,0.35282622,1,0.16700067,0.35282622,0.34843249,0.21308358,0.26523516
38156,0,0.13945467,0,0.16700067,0.13945467,0.15044054,0.17679763,0.18828586
38161,0,0.18833356,1,0.16700067,0.18833356,0.19715920,0.17596273,0.18673558
38168,0,0.29202626,1,0.16700067,0.29202626,0.29317027,0.21421393,0.26792869
38175,0,0.19267374,1,0.16700067,0.19267374,0.20124927,0.16944891,0.17497753
38178,0,0.13623584,0,0.16700067,0.13623584,0.14731400,0.16082614,0.16032022
38188,1,0.16633602,0,0.16700067,0.16633602,0.17629462,0.17115968,0.17800798
38196,0,0.16274431,0,0.16700067,0.16274431,0.17286462,0.18635979,0.20674750
38205,0,0.06925868,0,0.16700067,0.06925868,0.08015914,0.12795311,0.11339685
38207,1,0.21249869,1,0.16700067,0.21249869,0.21983408,0.16025304,0.15938215
38209,0,0.12601590,0,0.16700067,0.12601590,0.13733779,0.16690733,0.17055062
38210,0,0.18833356,1,0.16700067,0.18833356,0.19715920,0.17596273,0.18673558
38212,1,0.06925868,0,0.16700067,0.06925868,0.08015914,0.12795311,0.11339685
38213,0,0.12702211,0,0.16700067,0.12702211,0.13832347,0.16398819,0.16557642
38220,0,0.10861405,0,0.16700067,0.10861405,0.12015940,0.15014231,0.14355622
38232,0,0.10861405,0,0.16700067,0.10861405,0.12015940,0.15014231,0.14355622
38239,0,0.10861405,0,0.16700067,0.10861405,0.12015940,0.15014231,0.14355622
38241,0,0.36947286,1,0.16700067,0.36947286,0.36350153,0.21573055,0.27156983
38254,1,0.11960561,0,0.16700067,0.11960561,0.13103950,0.15476517,0.15062359
38255,0,0.29813608,1,0.16700067,0.29813608,0.29874594,0.17244815,0.18031742
38256,0,0.16875241,0,0.16700067,0.16875241,0.17859833,0.17445030,0.18395231
38262,0,0.18833356,1,0.16700067,0.18833356,0.19715920,0.17596273,0.18673558
38266,1,0.10861405,0,0.16700067,0.10861405,0.12015940,0.15014231,0.14355622
38271,1,0.16633602,0,0.16700067,0.16633602,0.17629462,0.17115968,0.17800798
38272,0,0.26975091,1,0.16700067,0.26975091,0.27278447,0.24281990,0.34152461
38279,0,0.10861405,0,0.16700067,0.10861405,0.12015940,0.15014231,0.14355622
38280,0,0.12411448,0,0.16700067,0.12411448,0.13547300,0.13100286,0.11718792
38284,0,0.11120466,0,0.16700067,0.11120466,0.12273339,0.16206613,0.16236515
38287,0,0.19076180,1,0.16700067,0.19076180,0.19944851,0.17985987,0.19405650
38298,0,0.23101271,1,0.16700067,0.23101271,0.23706143,0.18385914,0.20179370
38311,0,0.10861405,0,0.16700067,0.10861405,0.12015940,0.15014231,0.14355622
38312,0,0.16633602,0,0.16700067,0.16633602,0.17629462,0.17115968,0.17800798
38320,0,0.19082744,1,0.16700067,0.19082744,0.19951037,0.18058399,0.19544052
38322,1,0.18833356,1,0.16700067,0.18833356,0.19715920,0.17596273,0.18673558
38325,0,0.18833356,1,0.16700067,0.18833356,0.19715920,0.17596273,0.18673558
38332,0,0.10861405,0,0.16700067,0.10861405,0.12015940,0.15014231,0.14355622
38342,0,0.24288032,1,0.16700067,0.24288032,0.24804770,0.18438099,0.20282010
38345,0,0.23097563,1,0.16700067,0.23097563,0.23702704,0.18478000,0.20360754
38350,0,0.06925868,0,0.16700067,0.06925868,0.08015914,0.12795311,0.11339685
38359,0,0.28038207,1,0.16700067,0.28038207,0.28252586,0.18351719,0.20112322
38363,0,0.08625213,0,0.16700067,0.08625213,0.09765970,0.15891790,0.15721401
38394,0,0.21249869,1,0.16700067,0.21249869,0.21983408,0.16025304,0.15938215
38397,0,0.29813608,1,0.16700067,0.29813608,0.29874594,0.17244815,0.18031742
38401,0,0.38167134,1,0.16700067,0.38167134,0.37453515,0.27281230,0.42776884
38406,0,0.15820101,0,0.16700067,0.15820101,0.16851567,0.14985997,0.14313365
38427,0,0.16633602,0,0.16700067,0.16633602,0.17629462,0.17115968,0.17800798
38435,0,0.48147045,1,0.16700067,0.48147045,0.46484786,0.36937454,0.70805173
38441,0,0.16633602,0,0.16700067,0.16633602,0.17629462,0.17115968,0.17800798
38455,0,0.19626419,1,0.16700067,0.19626419,0.20462675,0.23481699,0.31994014
38456,0,0.05290080,0,0.16700067,0.05290080,0.06288436,0.15485732,0.15076733
38458,0,0.00693580,0,0.16700067,0.00693580,0.00999543,0.02172607,0.03385592
38466,1,0.21541241,1,0.16700067,0.21541241,0.22255301,0.16526621,0.16773969
38467,0,0.16438185,0,0.16700067,0.16438185,0.17442930,0.17842259,0.19133145
38475,0,0.16633602,0,0.16700067,0.16633602,0.17629462,0.17115968,0.17800798
38481,0,0.10861405,0,0.16700067,0.10861405,0.12015940,0.15014231,0.14355622
38485,0,0.15981029,0,0.16700067,0.15981029,0.17005745,0.17388536,0.18292096
38487,1,0.12411448,0,0.16700067,0.12411448,0.13547300,0.13100286,0.11718792
38490,0,0.18833356,1,0.16700067,0.18833356,0.19715920,0.17596273,0.18673558
38497,1,0.12839232,0,0.16700067,0.12839232,0.13966447,0.17787069,0.19029284
38500,0,0.12411448,0,0.16700067,0.12411448,0.13547300,0.13100286,0.11718792
38502,0,0.26978290,1,0.16700067,0.26978290,0.27281383,0.19016498,0.21445705
38508,0,0.26189786,1,0.16700067,0.26189786,0.26557310,0.18246204,0.19906489
38509,0,0.00643031,0,0.16700067,0.00643031,0.00933151,0.04937369,0.04678714
38510,0,0.21712784,1,0.16700067,0.21712784,0.22415237,0.19049185,0.21512896
38512,0,0.15982444,0,0.16700067,0.15982444,0.17007099,0.15777344,0.15537466
38513,0,0.18833356,1,0.16700067,0.18833356,0.19715920,0.17596273,0.18673558
38517,0,0.16633602,0,0.16700067,0.16633602,0.17629462,0.17115968,0.17800798
38518,0,0.12411448,0,0.16700067,0.12411448,0.13547300,0.13100286,0.11718792
38523,0,0.06925868,0,0.16700067,0.06925868,0.08015914,0.12795311,0.11339685
38525,0,0.18833356,1,0.16700067,0.18833356,0.19715920,0.17596273,0.18673558
38526,0,0.17481032,0,0.16700067,0.17481032,0.18436047,0.17115968,0.17800798
38531,1,0.13231855,0,0.16700067,0.13231855,0.14349920,0.15777344,0.15537466
38538,0,0.16633602,0,0.16700067,0.16633602,0.17629462,0.17115968,0.17800798
38551,0,0.25171864,1,0.16700067,0.25171864,0.25620405,0.18975010,0.21360643
38552,0,0.15640487,0,0.16700067,0.15640487,0.16679314,0.17332313,0.18189902
38554,0,0.21082199,1,0.16700067,0.21082199,0.21826809,0.19356945,0.22153007
38559,1,0.16633602,0,0.16700067,0.16633602,0.17629462,0.17115968,0.17800798
38562,0,0.19952206,1,0.16700067,0.19952206,0.20768675,0.18270215,0.19953189
38566,0,0.18833356,1,0.16700067,0.18833356,0.19715920,0.17596273,0.18673558
38569,0,0.15981029,0,0.16700067,0.15981029,0.17005745,0.17388536,0.18292096
38584,1,0.15502011,0,0.16700067,0.15502011,0.16546384,0.16347215,0.16470927
38585,0,0.39745360,1,0.16700067,0.39745360,0.38880384,0.24617121,0.35076876
38589,0,0.12411448,0,0.16700067,0.12411448,0.13547300,0.13100286,0.11718792
38593,0,0.12411448,0,0.16700067,0.12411448,0.13547300,0.13100286,0.11718792
38618,0,0.07471548,0,0.16700067,0.07471548,0.08582271,0.13742331,0.12552913
38620,0,0.10861405,0,0.16700067,0.10861405,0.12015940,0.15014231,0.14355622
38630,1,0.18833356,1,0.16700067,0.18833356,0.19715920,0.17596273,0.18673558
38643,0,0.25131541,1,0.16700067,0.25131541,0.25583237,0.18064658,0.19556050
38650,0,0.03019143,0,0.16700067,0.03019143,0.03790468,0.10819082,0.09134127
38664,0,0.09816023,0,0.16700067,0.09816023,0.10970713,0.14869861,0.14140639
38676,0,0.06925868,0,0.16700067,0.06925868,0.08015914,0.12795311,0.11339685
38682,0,0.15981029,0,0.16700067,0.15981029,0.17005745,0.17388536,0.18292096
38685,0,0.12411448,0,0.16700067,0.12411448,0.13547300,0.13100286,0.11718792
38686,0,0.00552503,0,0.16700067,0.00552503,0.00812990,0.03980956,0.04185461
38688,0,0.10861405,0,0.16700067,0.10861405,0.12015940,0.15014231,0.14355622
38689,0,0.12411448,0,0.16700067,0.12411448,0.13547300,0.13100286,0.11718792
38690,0,0.15126940,0,0.16700067,0.15126940,0.16185762,0.16593627,0.16888290
38698,0,0.10861405,0,0.16700067,0.10861405,0.12015940,0.15014231,0.14355622
38702,0,0.23963852,1,0.16700067,0.23963852,0.24505071,0.18226284,0.19867808
38708,0,0.16633602,0,0.16700067,0.16633602,0.17629462,0.17115968,0.17800798
38714,1,0.18833356,1,0.16700067,0.18833356,0.19715920,0.17596273,0.18673558
38723,0,0.37388315,1,0.16700067,0.37388315,0.36749136,0.18167748,0.19754469
38724,0,0.18833356,1,0.16700067,0.18833356,0.19715920,0.17596273,0.18673558
38727,1,0.09816023,0,0.16700067,0.09816023,0.10970713,0.14869861,0.14140639
38732,0,0.09816023,0,0.16700067,0.09816023,0.10970713,0.14869861,0.14140639
38743,0,0.16633602,0,0.16700067,0.16633602,0.17629462,0.17115968,0.17800798
38751,0,0.15126940,0,0.16700067,0.15126940,0.16185762,0.16593627,0.16888290
38752,0,0.16633602,0,0.16700067,0.16633602,0.17629462,0.17115968,0.17800798
38759,0,0.10861405,0,0.16700067,0.10861405,0.12015940,0.15014231,0.14355622
38763,0,0.15126940,0,0.16700067,0.15126940,0.16185762,0.16593627,0.16888290
38764,0,0.06377911,0,0.16700067,0.06377911,0.07442512,0.16340900,0.16460342
38765,0,0.12411448,0,0.16700067,0.12411448,0.13547300,0.13100286,0.11718792
38781,0,0.18113233,1,0.16700067,0.18113233,0.19035444,0.18008164,0.19447958
38788,1,0.27208046,1,0.16700067,0.27208046,0.27492106,0.19504750,0.22465235
38791,0,0.18135963,1,0.16700067,0.18135963,0.19056959,0.18386010,0.20179558
38793,0,0.19505146,1,0.16700067,0.19505146,0.20348656,0.18535884,0.20475390
38795,1,0.17212981,0,0.16700067,0.17212981,0.18181313,0.16432770,0.16614891
38800,0,0.10861405,0,0.16700067,0.10861405,0.12015940,0.15014231,0.14355622
38803,0,0.23097563,1,0.16700067,0.23097563,0.23702704,0.18478000,0.20360754
38807,0,0.18833356,1,0.16700067,0.18833356,0.19715920,0.17596273,0.18673558
38808,0,0.16633602,0,0.16700067,0.16633602,0.17629462,0.17115968,0.17800798
38817,1,0.18833356,1,0.16700067,0.18833356,0.19715920,0.17596273,0.18673558
38828,0,0.10861405,0,0.16700067,0.10861405,0.12015940,0.15014231,0.14355622
38837,0,0.16633602,0,0.16700067,0.16633602,0.17629462,0.17115968,0.17800798
38838,1,0.25793941,1,0.16700067,0.25793941,0.26193271,0.15254221,0.14719006
38840,0,0.18833356,1,0.16700067,0.18833356,0.19715920,0.17596273,0.18673558
38845,0,0.15310651,0,0.16700067,0.15310651,0.16362502,0.17679763,0.18828586
38846,1,0.15981029,0,0.16700067,0.15981029,0.17005745,0.17388536,0.18292096
38863,0,0.16381546,0,0.16700067,0.16381546,0.17388828,0.14518248,0.13628290
38871,0,0.27308877,1,0.16700067,0.27308877,0.27584549,0.17557895,0.18602628
38875,0,0.24741207,1,0.16700067,0.24741207,0.25223238,0.16846531,0.17325364
38881,0,0.33690523,1,0.16700067,0.33690523,0.33400170,0.16838501,0.17311351
38882,0,0.10861405,0,0.16700067,0.10861405,0.12015940,0.15014231,0.14355622
38888,0,0.15754662,0,0.16700067,0.15754662,0.16788832,0.18007474,0.19446641
38893,0,0.07241301,0,0.16700067,0.07241301,0.08343842,0.15400100,0.14943589
38898,0,0.14417299,0,0.16700067,0.14417299,0.15501088,0.16346956,0.16470492
38904,1,0.14417299,0,0.16700067,0.14417299,0.15501088,0.16346956,0.16470492
38905,0,0.12839232,0,0.16700067,0.12839232,0.13966447,0.17787069,0.19029284
38914,0,0.15126940,0,0.16700067,0.15126940,0.16185762,0.16593627,0.16888290
38918,0,0.06925868,0,0.16700067,0.06925868,0.08015914,0.12795311,0.11339685
38919,1,0.18833356,1,0.16700067,0.18833356,0.19715920,0.17596273,0.18673558
38922,1,0.21490444,1,0.16700067,0.21490444,0.22207922,0.17193663,0.17939780
38925,0,0.18833356,1,0.16700067,0.18833356,0.19715920,0.17596273,0.18673558
38933,0,0.06925868,0,0.16700067,0.06925868,0.08015914,0.12795311,0.11339685
38935,0,0.11338876,0,0.16700067,0.11338876,0.12489875,0.15519258,0.15129126
38936,1,0.15720584,0,0.16700067,0.15720584,0.16756151,0.16495495,0.16721077
38940,0,0.20460639,1,0.16700067,0.20460639,0.21245382,0.16456016,0.16654181
38941,1,0.43258511,1,0.16700067,0.43258511,0.42056531,0.23727592,0.32649571
38959,0,0.10599290,0,0.16700067,0.10599290,0.11754868,0.17554140,0.18595698
38963,0,0.18113233,1,0.16700067,0.18113233,0.19035444,0.18008164,0.19447958
38966,1,0.09816023,0,0.16700067,0.09816023,0.10970713,0.14869861,0.14140639
38977,0,0.12839232,0,0.16700067,0.12839232,0.13966447,0.17787069,0.19029284
38982,0,0.10861405,0,0.16700067,0.10861405,0.12015940,0.15014231,0.14355622
38986,0,0.10894004,0,0.16700067,0.10894004,0.12048363,0.13957477,0.12843594
38989,1,0.23097563,1,0.16700067,0.23097563,0.23702704,0.18478000,0.20360754
38990,0,0.16633602,0,0.16700067,0.16633602,0.17629462,0.17115968,0.17800798
39000,1,0.28589334,1,0.16700067,0.28589334,0.28756704,0.20677963,0.25053401
39001,0,0.10407019,0,0.16700067,0.10407019,0.11562946,0.15734031,0.15468315
39005,0,0.08081088,0,0.16700067,0.08081088,0.09209867,0.13924879,0.12799185
39016,1,0.18833356,1,0.16700067,0.18833356,0.19715920,0.17596273,0.18673558
39017,0,0.25787166,1,0.16700067,0.25787166,0.26187036,0.18208949,0.19834194
39018,0,0.22009938,1,0.16700067,0.22009938,0.22692043,0.17675813,0.18821229
39020,1,0.18833356,1,0.16700067,0.18833356,0.19715920,0.17596273,0.18673558
39024,0,0.15981029,0,0.16700067,0.15981029,0.17005745,0.17388536,0.18292096
39035,0,0.18833356,1,0.16700067,0.18833356,0.19715920,0.17596273,0.18673558
39036,0,0.18833356,1,0.16700067,0.18833356,0.19715920,0.17596273,0.18673558
39042,0,0.15532727,0,0.16700067,0.15532727,0.16575879,0.16254445,0.16315958
39046,1,0.27407855,1,0.16700067,0.27407855,0.27675273,0.17892514,0.19228094
39047,1,0.12411448,0,0.16700067,0.12411448,0.13547300,0.13100286,0.11718792
39049,0,0.08675345,0,0.16700067,0.08675345,0.09817020,0.14985997,0.14313365
39051,0,0.18833356,1,0.16700067,0.18833356,0.19715920,0.17596273,0.18673558
39057,1,0.50841542,1,0.16700067,0.50841542,0.48934670,0.29659416,0.49972331
39059,0,0.12411448,0,0.16700067,0.12411448,0.13547300,0.13100286,0.11718792
39071,1,0.23946552,1,0.16700067,0.23946552,0.24489069,0.17601028,0.18682362
39073,1,0.21178701,1,0.16700067,0.21178701,0.21916952,0.17940620,0.19319318
39079,0,0.24741207,1,0.16700067,0.24741207,0.25223238,0.16846531,0.17325364
39082,0,0.21249869,1,0.16700067,0.21249869,0.21983408,0.16025304,0.15938215
39092,0,0.16696409,0,0.16700067,0.16696409,0.17689370,0.13947290,0.12829702
39094,0,0.20525698,1,0.16700067,0.20525698,0.21306309,0.17709337,0.18883737
39099,0,0.21249869,1,0.16700067,0.21249869,0.21983408,0.16025304,0.15938215
39100,0,0.10694818,0,0.16700067,0.10694818,0.11850092,0.14755871,0.13972801
39105,1,0.21322272,1,0.16700067,0.21322272,0.22051000,0.17445030,0.18395231
39116,0,0.16633602,0,0.16700067,0.16633602,0.17629462,0.17115968,0.17800798
39120,0,0.26189786,1,0.16700067,0.26189786,0.26557310,0.18246204,0.19906489
39126,0,0.07687732,0,0.16700067,0.07687732,0.08805445,0.14985997,0.14313365
39140,0,0.08754567,0,0.16700067,0.08754567,0.09897629,0.13581660,0.12339524
39144,0,0.15630705,0,0.16700067,0.15630705,0.16669927,0.14954472,0.14266306
39147,1,0.51519810,1,0.16700067,0.51519810,0.49552777,0.27411580,0.43166211
39152,0,0.10861405,0,0.16700067,0.10861405,0.12015940,0.15014231,0.14355622
39155,1,0.18833356,1,0.16700067,0.18833356,0.19715920,0.17596273,0.18673558
39162,1,0.84545029,1,0.16700067,0.84545029,0.81378926,0.74259677,0.99565672
39164,0,0.10861405,0,0.16700067,0.10861405,0.12015940,0.15014231,0.14355622
39171,0,0.11900873,0,0.16700067,0.11900873,0.13045134,0.13959368,0.12846174
39174,0,0.07456850,0,0.16700067,0.07456850,0.08567074,0.16340900,0.16460342
39175,0,0.10861405,0,0.16700067,0.10861405,0.12015940,0.15014231,0.14355622
39179,0,0.13577651,0,0.16700067,0.13577651,0.14686726,0.15951049,0.15817334
39184,0,0.18833356,1,0.16700067,0.18833356,0.19715920,0.17596273,0.18673558
39185,0,0.09816023,0,0.16700067,0.09816023,0.10970713,0.14869861,0.14140639
39190,0,0.10861405,0,0.16700067,0.10861405,0.12015940,0.15014231,0.14355622
39191,0,0.18833356,1,0.16700067,0.18833356,0.19715920,0.17596273,0.18673558
39200,1,0.18812094,1,0.16700067,0.18812094,0.19695862,0.15044834,0.14401541
39209,0,0.12411448,0,0.16700067,0.12411448,0.13547300,0.13100286,0.11718792
39220,0,0.10861405,0,0.16700067,0.10861405,0.12015940,0.15014231,0.14355622
39222,0,0.11334252,0,0.16700067,0.11334252,0.12485296,0.17044356,0.17673447
39238,0,0.12411448,0,0.16700067,0.12411448,0.13547300,0.13100286,0.11718792
39241,0,0.01046887,0,0.16700067,0.01046887,0.01452480,0.03105388,0.03777824
39247,0,0.18238207,1,0.16700067,0.18238207,0.19153708,0.14446513,0.13525703
39249,1,0.47071338,1,0.16700067,0.47071338,0.45508861,0.29129956,0.48359657
39251,0,0.20525698,1,0.16700067,0.20525698,0.21306309,0.17709337,0.18883737
39252,0,0.20806811,1,0.16700067,0.20806811,0.21569381,0.18766422,0.20936705
39256,0,0.06623890,0,0.16700067,0.06623890,0.07700520,0.13337351,0.12021031
39260,0,0.21322272,1,0.16700067,0.21322272,0.22051000,0.17445030,0.18395231
39266,0,0.06925868,0,0.16700067,0.06925868,0.08015914,0.12795311,0.11339685
39267,0,0.21322272,1,0.16700067,0.21322272,0.22051000,0.17445030,0.18395231
39271,0,0.14200157,0,0.16700067,0.14200157,0.15290940,0.15990534,0.15881519
39272,0,0.06925868,0,0.16700067,0.06925868,0.08015914,0.12795311,0.11339685
39275,0,0.27775167,1,0.16700067,0.27775167,0.28011776,0.18107765,0.19638836
39280,0,0.26189786,1,0.16700067,0.26189786,0.26557310,0.18246204,0.19906489
39301,0,0.04119226,0,0.16700067,0.04119226,0.05018240,0.14244004,0.13239608
39302,0,0.20525698,1,0.16700067,0.20525698,0.21306309,0.17709337,0.18883737
39308,0,0.06925868,0,0.16700067,0.06925868,0.08015914,0.12795311,0.11339685
39309,0,0.18833356,1,0.16700067,0.18833356,0.19715920,0.17596273,0.18673558
39313,0,0.18833356,1,0.16700067,0.18833356,0.19715920,0.17596273,0.18673558
39316,0,0.18114795,1,0.16700067,0.18114795,0.19036923,0.14230804,0.13221139
39318,0,0.21249869,1,0.16700067,0.21249869,0.21983408,0.16025304,0.15938215
39319,0,0.32568381,1,0.16700067,0.32568381,0.32381627,0.24678257,0.35246752
39333,0,0.04606621,0,0.16700067,0.04606621,0.05550977,0.12661351,0.11176569
39337,1,0.21082199,1,0.16700067,0.21082199,0.21826809,0.19356945,0.22153007
39340,0,0.14273387,0,0.16700067,0.14273387,0.15361847,0.16820336,0.17279682
39341,0,0.03334874,0,0.16700067,0.03334874,0.04146889,0.15316169,0.14814034
39343,1,0.20139460,1,0.16700067,0.20139460,0.20944364,0.17445030,0.18395231
39344,1,0.14544393,0,0.16700067,0.14544393,0.15623945,0.15685747,0.15391523
39346,0,0.06232785,0,0.16700067,0.06232785,0.07289807,0.12888301,0.11454130
39354,0,0.17530700,0,0.16700067,0.17530700,0.18483208,0.12668466,0.11185180
39358,0,0.40313799,1,0.16700067,0.40313799,0.39394223,0.22631990,0.29783905
39367,0,0.18833356,1,0.16700067,0.18833356,0.19715920,0.17596273,0.18673558
39381,1,0.10861405,0,0.16700067,0.10861405,0.12015940,0.15014231,0.14355622
39387,0,0.15236411,0,0.16700067,0.15236411,0.16291104,0.17806127,0.19065100
39395,0,0.23011681,1,0.16700067,0.23011681,0.23623036,0.16664319,0.17009569
39398,0,0.18893802,1,0.16700067,0.18893802,0.19772931,0.18564361,0.20531962
39405,0,0.11915468,0,0.16700067,0.11915468,0.13059519,0.16524160,0.16769783
39408,0,0.16633602,0,0.16700067,0.16633602,0.17629462,0.17115968,0.17800798
39425,1,0.24850769,1,0.16700067,0.24850769,0.25324326,0.18949189,0.21307825
39426,1,0.10861405,0,0.16700067,0.10861405,0.12015940,0.15014231,0.14355622
39428,0,0.10861405,0,0.16700067,0.10861405,0.12015940,0.15014231,0.14355622
39430,0,0.30629780,1,0.16700067,0.30629780,0.30618478,0.19086157,0.21589079
39431,0,0.16633602,0,0.16700067,0.16633602,0.17629462,0.17115968,0.17800798
39432,0,0.04781383,0,0.16700067,0.04781383,0.05740558,0.17731395,0.18924952
39441,1,0.18833356,1,0.16700067,0.18833356,0.19715920,0.17596273,0.18673558
39453,0,0.12411448,0,0.16700067,0.12411448,0.13547300,0.13100286,0.11718792
39465,0,0.10861405,0,0.16700067,0.10861405,0.12015940,0.15014231,0.14355622
39467,0,0.12411448,0,0.16700067,0.12411448,0.13547300,0.13100286,0.11718792
39468,0,0.18833356,1,0.16700067,0.18833356,0.19715920,0.17596273,0.18673558
39479,1,0.27544777,1,0.16700067,0.27544777,0.27800742,0.18688661,0.20780252
39482,0,0.10861405,0,0.16700067,0.10861405,0.12015940,0.15014231,0.14355622
39499,1,0.18833356,1,0.16700067,0.18833356,0.19715920,0.17596273,0.18673558
39502,0,0.18833356,1,0.16700067,0.18833356,0.19715920,0.17596273,0.18673558
39506,0,0.19946277,1,0.16700067,0.19946277,0.20763110,0.17445030,0.18395231
39508,0,0.09583183,0,0.16700067,0.09583183,0.10736392,0.14985997,0.14313365
39510,1,0.13621168,0,0.16700067,0.13621168,0.14729051,0.16397065,0.16554687
39517,1,0.20460639,1,0.16700067,0.20460639,0.21245382,0.16456016,0.16654181
39526,1,0.18833356,1,0.16700067,0.18833356,0.19715920,0.17596273,0.18673558
39528,0,0.21249869,1,0.16700067,0.21249869,0.21983408,0.16025304,0.15938215
39529,0,0.18410597,1,0.16700067,0.18410597,0.19316723,0.18384028,0.20175667
39530,0,0.10861405,0,0.16700067,0.10861405,0.12015940,0.15014231,0.14355622
39531,0,0.10861405,0,0.16700067,0.10861405,0.12015940,0.15014231,0.14355622
39534,0,0.18833356,1,0.16700067,0.18833356,0.19715920,0.17596273,0.18673558
39535,0,0.10861405,0,0.16700067,0.10861405,0.12015940,0.15014231,0.14355622
39539,1,0.18833356,1,0.16700067,0.18833356,0.19715920,0.17596273,0.18673558
39544,0,0.04676549,0,0.16700067,0.04676549,0.05626921,0.14436679,0.13511690
39547,1,0.18833356,1,0.16700067,0.18833356,0.19715920,0.17596273,0.18673558
39549,0,0.25928031,1,0.16700067,0.25928031,0.26316628,0.17662417,0.18796297
39556,0,0.15706508,0,0.16700067,0.15706508,0.16742651,0.15958890,0.15830064
39558,0,0.15499277,0,0.16700067,0.15499277,0.16543758,0.14521052,0.13632313
39565,0,0.21249869,1,0.16700067,0.21249869,0.21983408,0.16025304,0.15938215
39579,0,0.12411448,0,0.16700067,0.12411448,0.13547300,0.13100286,0.11718792
39580,0,0.13204546,0,0.16700067,0.13204546,0.14323285,0.16599763,0.16898790
39584,0,0.15997155,0,0.16700067,0.15997155,0.17021185,0.18866933,0.21140208
39589,0,0.06965996,0,0.16700067,0.06965996,0.08057716,0.15985132,0.15872726
39595,0,0.12584310,0,0.16700067,0.12584310,0.13716843,0.16472691,0.16682410
39597,0,0.15126940,0,0.16700067,0.15126940,0.16185762,0.16593627,0.16888290
39611,1,0.36785397,1,0.16700067,0.36785397,0.36203676,0.29321552,0.48943017
39612,0,0.31917085,1,0.16700067,0.31917085,0.31789815,0.20443908,0.24521585
39614,0,0.18833356,1,0.16700067,0.18833356,0.19715920,0.17596273,0.18673558
39621,0,0.15981029,0,0.16700067,0.15981029,0.17005745,0.17388536,0.18292096
39623,0,0.17809849,0,0.16700067,0.17809849,0.18748043,0.14414671,0.13480375
39629,0,0.05214418,0,0.16700067,0.05214418,0.06207303,0.17448864,0.18402248
39639,1,0.09653601,0,0.16700067,0.09653601,0.10807319,0.16472425,0.16681958
39645,1,0.30405504,1,0.16700067,0.30405504,0.30414167,0.18376538,0.20160970
39650,0,0.21913935,1,0.16700067,0.21913935,0.22602647,0.16686658,0.17048038
39672,0,0.16633602,0,0.16700067,0.16633602,0.17629462,0.17115968,0.17800798
39684,0,0.15126940,0,0.16700067,0.15126940,0.16185762,0.16593627,0.16888290
39708,1,0.18833356,1,0.16700067,0.18833356,0.19715920,0.17596273,0.18673558
39713,1,0.20462007,1,0.16700067,0.20462007,0.21246663,0.17445030,0.18395231
39723,0,0.18768353,1,0.16700067,0.18768353,0.19654592,0.17545308,0.18579408
39726,0,0.18833356,1,0.16700067,0.18833356,0.19715920,0.17596273,0.18673558
39735,0,0.26401308,1,0.16700067,0.26401308,0.26751686,0.19472437,0.22396709
39736,0,0.18833356,1,0.16700067,0.18833356,0.19715920,0.17596273,0.18673558
39741,1,0.43258511,1,0.16700067,0.43258511,0.42056531,0.23727592,0.32649571
39748,1,0.18833356,1,0.16700067,0.18833356,0.19715920,0.17596273,0.18673558
39751,0,0.16633602,0,0.16700067,0.16633602,0.17629462,0.17115968,0.17800798
39755,0,0.12411448,0,0.16700067,0.12411448,0.13547300,0.13100286,0.11718792
39758,0,0.17212981,0,0.16700067,0.17212981,0.18181313,0.16432770,0.16614891
39773,0,0.29232489,1,0.16700067,0.29232489,0.29344294,0.17172264,0.17901417
39776,0,0.15126940,0,0.16700067,0.15126940,0.16185762,0.16593627,0.16888290
39784,0,0.15126940,0,0.16700067,0.15126940,0.16185762,0.16593627,0.16888290
39787,0,0.27308877,1,0.16700067,0.27308877,0.27584549,0.17557895,0.18602628
39791,0,0.22504396,1,0.16700067,0.22504396,0.23151985,0.18064658,0.19556050
39797,0,0.16633602,0,0.16700067,0.16633602,0.17629462,0.17115968,0.17800798
39800,1,0.24492254,1,0.16700067,0.24492254,0.24993421,0.20371192,0.24357923
39810,0,0.16633602,0,0.16700067,0.16633602,0.17629462,0.17115968,0.17800798
39822,0,0.24379008,1,0.16700067,0.24379008,0.24888824,0.19395220,0.22233562
39828,0,0.06925868,0,0.16700067,0.06925868,0.08015914,0.12795311,0.11339685
39830,0,0.15645674,0,0.16700067,0.15645674,0.16684290,0.19104505,0.21626960
39833,0,0.16633602,0,0.16700067,0.16633602,0.17629462,0.17115968,0.17800798
39838,1,0.05198631,0,0.16700067,0.05198631,0.06190359,0.16250817,0.16309921
39853,0,0.23340704,1,0.16700067,0.23340704,0.23928130,0.15480024,0.15067828
39855,0,0.12411448,0,0.16700067,0.12411448,0.13547300,0.13100286,0.11718792
39871,0,0.16633602,0,0.16700067,0.16633602,0.17629462,0.17115968,0.17800798
39879,0,0.12411448,0,0.16700067,0.12411448,0.13547300,0.13100286,0.11718792
39884,0,0.09816023,0,0.16700067,0.09816023,0.10970713,0.14869861,0.14140639
39885,1,0.18833356,1,0.16700067,0.18833356,0.19715920,0.17596273,0.18673558
39893,0,0.09953318,0,0.16700067,0.09953318,0.11108613,0.15270942,0.14744607
39897,0,0.10407019,0,0.16700067,0.10407019,0.11562946,0.15734031,0.15468315
39903,1,0.24288032,1,0.16700067,0.24288032,0.24804770,0.18438099,0.20282010
39913,1,0.07599395,0,0.16700067,0.07599395,0.08714331,0.17449859,0.18404069
39914,1,0.10861405,0,0.16700067,0.10861405,0.12015940,0.15014231,0.14355622
39916,0,0.19324753,1,0.16700067,0.19324753,0.20178939,0.18650729,0.20704250
39920,0,0.14732057,0,0.16700067,0.14732057,0.15805165,0.14985997,0.14313365
39923,0,0.18833356,1,0.16700067,0.18833356,0.19715920,0.17596273,0.18673558
39925,0,0.15126940,0,0.16700067,0.15126940,0.16185762,0.16593627,0.16888290
