row_id,actual,baseline_score,logistic_regression_score,predicted,random_forest_score
5,1,0.16888592,0.18979604,1,0.17931470
6,0,0.16888592,0.11081162,0,0.15050329
8,0,0.16888592,0.17924356,1,0.13704200
15,0,0.16888592,0.16527858,0,0.17592375
16,0,0.16888592,0.11446165,0,0.15128147
29,0,0.16888592,0.14814401,0,0.16239025
31,0,0.16888592,0.17657565,1,0.17744196
35,0,0.16888592,0.21671430,1,0.16856925
44,1,0.16888592,0.19936569,1,0.17965676
58,0,0.16888592,0.16551480,0,0.17239091
73,0,0.16888592,0.10085231,0,0.13787322
78,0,0.16888592,0.16551480,0,0.17239091
88,0,0.16888592,0.10642242,0,0.13434760
90,0,0.16888592,0.16551480,0,0.17239091
92,0,0.16888592,0.11081162,0,0.15050329
110,0,0.16888592,0.25623426,1,0.19056042
114,1,0.16888592,0.11422001,0,0.15571781
115,0,0.16888592,0.00576675,0,0.05462914
117,1,0.16888592,0.21671430,1,0.16856925
118,1,0.16888592,0.17199677,0,0.14486105
123,0,0.16888592,0.08435170,0,0.16879211
132,0,0.16888592,0.10176637,0,0.15434772
142,0,0.16888592,0.20097839,1,0.17664054
152,0,0.16888592,0.11969287,0,0.17854355
158,0,0.16888592,0.14896551,0,0.15571781
159,0,0.16888592,0.07261478,0,0.12636211
167,0,0.16888592,0.23858661,1,0.18264940
168,1,0.16888592,0.18979604,1,0.17931470
175,0,0.16888592,0.09117311,0,0.17329385
179,0,0.16888592,0.16551480,0,0.17239091
183,0,0.16888592,0.13621114,0,0.15673293
193,1,0.16888592,0.25302001,1,0.18155879
195,0,0.16888592,0.11921270,0,0.15403488
204,0,0.16888592,0.15277146,0,0.17589957
206,0,0.16888592,0.12830167,0,0.13032181
218,0,0.16888592,0.11081162,0,0.15050329
219,0,0.16888592,0.11081162,0,0.15050329
224,0,0.16888592,0.25702772,1,0.19899603
229,0,0.16888592,0.18673159,1,0.18759882
231,0,0.16888592,0.18979604,1,0.17931470
238,0,0.16888592,0.12830167,0,0.13032181
243,0,0.16888592,0.16551480,0,0.17239091
255,0,0.16888592,0.04027055,0,0.12173169
256,0,0.16888592,0.07261478,0,0.12636211
258,0,0.16888592,0.16527858,0,0.17592375
260,0,0.16888592,0.20524777,1,0.20581976
261,0,0.16888592,0.11064312,0,0.15404680
262,0,0.16888592,0.08074672,0,0.15258521
276,0,0.16888592,0.12830167,0,0.13032181
289,0,0.16888592,0.10359083,0,0.18182153
294,0,0.16888592,0.07261478,0,0.12636211
299,0,0.16888592,0.16426244,0,0.16175214
300,0,0.16888592,0.18673159,1,0.18759882
307,0,0.16888592,0.16551480,0,0.17239091
312,0,0.16888592,0.18979604,1,0.17931470
314,0,0.16888592,0.16551480,0,0.17239091
316,0,0.16888592,0.10465376,0,0.17050258
320,0,0.16888592,0.70985575,1,0.56162109
323,0,0.16888592,0.21671430,1,0.16856925
327,0,0.16888592,0.11081162,0,0.15050329
330,1,0.16888592,0.21671430,1,0.16856925
331,0,0.16888592,0.58043639,1,0.38763497
332,1,0.16888592,0.24636552,1,0.18735033
340,0,0.16888592,0.07261478,0,0.12636211
345,0,0.16888592,0.16551480,0,0.17239091
352,0,0.16888592,0.16551480,0,0.17239091
353,0,0.16888592,0.09908250,0,0.13272274
355,0,0.16888592,0.15549777,0,0.17700183
356,0,0.16888592,0.16527858,0,0.17592375
357,0,0.16888592,0.03871564,0,0.15672610
361,0,0.16888592,0.16551480,0,0.17239091
362,0,0.16888592,0.11415274,0,0.15571781
365,0,0.16888592,0.09068598,0,0.15377142
366,0,0.16888592,0.19606976,1,0.17744196
370,1,0.16888592,0.16551480,0,0.17239091
375,0,0.16888592,0.16551480,0,0.17239091
396,1,0.16888592,0.18693492,1,0.13812625
398,0,0.16888592,0.39648611,1,0.19901898
408,0,0.16888592,0.14050105,0,0.15436499
416,0,0.16888592,0.12358886,0,0.17531751
420,0,0.16888592,0.18979604,1,0.17931470
424,1,0.16888592,0.21693128,1,0.18661483
437,0,0.16888592,0.18317773,1,0.17895204
438,0,0.16888592,0.12830167,0,0.13032181
439,0,0.16888592,0.07249963,0,0.13120452
441,1,0.16888592,0.17657565,1,0.17744196
450,1,0.16888592,0.11081162,0,0.15050329
452,1,0.16888592,0.12124797,0,0.17296901
453,0,0.16888592,0.18979604,1,0.17931470
454,0,0.16888592,0.15277146,0,0.17589957
459,0,0.16888592,0.18979604,1,0.17931470
462,0,0.16888592,0.40117438,1,0.21997919
466,0,0.16888592,0.11081162,0,0.15050329
468,1,0.16888592,0.11081162,0,0.15050329
469,0,0.16888592,0.07261478,0,0.12636211
481,0,0.16888592,0.27358031,1,0.18100010
486,0,0.16888592,0.07261478,0,0.12636211
503,0,0.16888592,0.16551480,0,0.17239091
504,0,0.16888592,0.08050278,0,0.17268347
506,1,0.16888592,0.16551480,0,0.17239091
509,0,0.16888592,0.18953304,1,0.18284755
517,0,0.16888592,0.10176637,0,0.15434772
522,1,0.16888592,0.21671430,1,0.16856925
524,0,0.16888592,0.23858661,1,0.18264940
527,0,0.16888592,0.11081162,0,0.15050329
538,0,0.16888592,0.10440968,0,0.17351483
539,0,0.16888592,0.16551480,0,0.17239091
544,1,0.16888592,0.18979604,1,0.17931470
553,1,0.16888592,0.11801825,0,0.13885794
557,0,0.16888592,0.11081162,0,0.15050329
561,0,0.16888592,0.37205806,1,0.25305174
573,0,0.16888592,0.56048175,1,0.32698736
581,0,0.16888592,0.22363221,1,0.18436576
591,0,0.16888592,0.11839328,0,0.16665834
593,0,0.16888592,0.09355419,0,0.16550102
596,0,0.16888592,0.07642648,0,0.15528448
601,0,0.16888592,0.11064312,0,0.15404680
603,0,0.16888592,0.11081162,0,0.15050329
607,0,0.16888592,0.18979604,1,0.17931470
613,0,0.16888592,0.11081162,0,0.15050329
614,0,0.16888592,0.18979604,1,0.17931470
622,0,0.16888592,0.19313111,1,0.16759624
628,1,0.16888592,0.58043639,1,0.38763497
629,0,0.16888592,0.18979604,1,0.17931470
633,0,0.16888592,0.02017550,0,0.14091889
637,0,0.16888592,0.11081162,0,0.15050329
641,0,0.16888592,0.06854516,0,0.11839219
643,0,0.16888592,0.07249963,0,0.13120452
644,0,0.16888592,0.16551480,0,0.17239091
646,0,0.16888592,0.16527858,0,0.17592375
648,1,0.16888592,0.14861673,0,0.16548268
651,0,0.16888592,0.09160152,0,0.15231883
653,1,0.16888592,0.12830167,0,0.13032181
656,0,0.16888592,0.06382819,0,0.17510395
660,0,0.16888592,0.29488204,1,0.19129757
663,0,0.16888592,0.10885112,0,0.15754388
667,0,0.16888592,0.16561255,0,0.17589957
672,0,0.16888592,0.16551480,0,0.17239091
675,1,0.16888592,0.44140627,1,0.20014711
680,0,0.16888592,0.11081162,0,0.15050329
681,0,0.16888592,0.12259878,0,0.13704200
685,0,0.16888592,0.20097839,1,0.17664054
692,1,0.16888592,0.21671430,1,0.16856925
694,0,0.16888592,0.18979604,1,0.17931470
696,0,0.16888592,0.25302001,1,0.18155879
698,0,0.16888592,0.11081162,0,0.15050329
705,1,0.16888592,0.16551480,0,0.17239091
713,0,0.16888592,0.16527858,0,0.17592375
715,0,0.16888592,0.21671430,1,0.16856925
723,0,0.16888592,0.07261478,0,0.12636211
729,1,0.16888592,0.32499486,1,0.21398943
733,1,0.16888592,0.18979604,1,0.17931470
736,0,0.16888592,0.06795632,0,0.14660845
738,1,0.16888592,0.28085636,1,0.18897376
739,0,0.16888592,0.21671430,1,0.16856925
746,0,0.16888592,0.11081162,0,0.15050329
749,0,0.16888592,0.11150369,0,0.15571781
752,0,0.16888592,0.24433603,1,0.17278352
756,0,0.16888592,0.18979604,1,0.17931470
759,1,0.16888592,0.16551480,0,0.17239091
764,0,0.16888592,0.16551480,0,0.17239091
776,0,0.16888592,0.16551480,0,0.17239091
780,0,0.16888592,0.18979604,1,0.17931470
781,0,0.16888592,0.18979604,1,0.17931470
783,0,0.16888592,0.21671430,1,0.16856925
784,0,0.16888592,0.19606976,1,0.17744196
785,0,0.16888592,0.16736438,0,0.15795785
793,0,0.16888592,0.26924965,1,0.21777008
797,0,0.16888592,0.07216423,0,0.18131732
810,0,0.16888592,0.11081162,0,0.15050329
816,0,0.16888592,0.28574272,1,0.18516860
823,0,0.16888592,0.11081162,0,0.15050329
830,0,0.16888592,0.16551480,0,0.17239091
841,0,0.16888592,0.29623377,1,0.22177902
844,0,0.16888592,0.18979604,1,0.17931470
853,0,0.16888592,0.16527858,0,0.17592375
854,0,0.16888592,0.10176637,0,0.15434772
855,0,0.16888592,0.05958270,0,0.13002833
858,0,0.16888592,0.12830167,0,0.13032181
860,1,0.16888592,0.18317773,1,0.17895204
865,0,0.16888592,0.14814401,0,0.16239025
867,0,0.16888592,0.23563171,1,0.18703030
872,0,0.16888592,0.20808412,1,0.15261676
880,0,0.16888592,0.20698462,1,0.18010650
882,1,0.16888592,0.17875589,1,0.14765096
886,0,0.16888592,0.07261478,0,0.12636211
896,0,0.16888592,0.09850424,0,0.13825724
903,0,0.16888592,0.08630804,0,0.17486286
904,1,0.16888592,0.33321275,1,0.18952493
917,0,0.16888592,0.16551480,0,0.17239091
918,0,0.16888592,0.12830167,0,0.13032181
927,0,0.16888592,0.22865502,1,0.17133469
928,0,0.16888592,0.12830167,0,0.13032181
931,0,0.16888592,0.16551480,0,0.17239091
933,0,0.16888592,0.14248959,0,0.18544661
934,0,0.16888592,0.10176637,0,0.15434772
936,1,0.16888592,0.10481761,0,0.17700183
938,0,0.16888592,0.15569558,0,0.18436576
943,0,0.16888592,0.16551480,0,0.17239091
947,0,0.16888592,0.19313111,1,0.16759624
957,1,0.16888592,0.17557658,1,0.18267720
960,0,0.16888592,0.21671430,1,0.16856925
965,0,0.16888592,0.16551480,0,0.17239091
973,0,0.16888592,0.17557658,1,0.18267720
982,0,0.16888592,0.04437651,0,0.14540741
990,0,0.16888592,0.11081162,0,0.15050329
994,0,0.16888592,0.34700461,1,0.18867998
995,0,0.16888592,0.06607577,0,0.17594958
998,1,0.16888592,0.71298435,1,0.47216567
1008,0,0.16888592,0.09850424,0,0.13825724
1009,0,0.16888592,0.16527858,0,0.17592375
1012,1,0.16888592,0.18979604,1,0.17931470
1015,0,0.16888592,0.18979604,1,0.17931470
1017,1,0.16888592,0.11081162,0,0.15050329
1020,0,0.16888592,0.24771202,1,0.18107877
1027,0,0.16888592,0.24237550,1,0.17963967
1033,0,0.16888592,0.18409011,1,0.17821622
1039,1,0.16888592,0.18979604,1,0.17931470
1041,0,0.16888592,0.09354028,0,0.18018535
1042,0,0.16888592,0.11081162,0,0.15050329
1048,1,0.16888592,0.18979604,1,0.17931470
1049,0,0.16888592,0.11801825,0,0.13885794
1058,0,0.16888592,0.18979604,1,0.17931470
1061,0,0.16888592,0.19703325,1,0.13098029
1065,0,0.16888592,0.21311287,1,0.17970732
1072,0,0.16888592,0.07261478,0,0.12636211
1075,0,0.16888592,0.16551480,0,0.17239091
1079,1,0.16888592,0.11081162,0,0.15050329
1099,0,0.16888592,0.15120023,0,0.18552829
1100,0,0.16888592,0.21671430,1,0.16856925
1106,0,0.16888592,0.31663804,1,0.18639928
1108,0,0.16888592,0.12830167,0,0.13032181
1111,0,0.16888592,0.11081162,0,0.15050329
1115,0,0.16888592,0.29027279,1,0.18591182
1118,0,0.16888592,0.15212735,0,0.17925920
1125,0,0.16888592,0.12429283,0,0.13581096
1135,0,0.16888592,0.13894014,0,0.15630620
1141,0,0.16888592,0.10176637,0,0.15434772
1145,1,0.16888592,0.21678357,1,0.18154393
1149,0,0.16888592,0.15934712,0,0.18269930
1154,0,0.16888592,0.11081162,0,0.15050329
1159,0,0.16888592,0.16551480,0,0.17239091
1171,0,0.16888592,0.16527858,0,0.17592375
1172,0,0.16888592,0.18979604,1,0.17931470
1176,1,0.16888592,0.11081162,0,0.15050329
1177,0,0.16888592,0.23114690,1,0.18173098
1179,0,0.16888592,0.08349064,0,0.17243800
1191,0,0.16888592,0.11064312,0,0.15404680
1198,0,0.16888592,0.12830167,0,0.13032181
1203,0,0.16888592,0.16551480,0,0.17239091
1204,0,0.16888592,0.21671430,1,0.16856925
1210,1,0.16888592,0.11081162,0,0.15050329
1214,0,0.16888592,0.18979604,1,0.17931470
1215,0,0.16888592,0.21671430,1,0.16856925
1216,0,0.16888592,0.11064312,0,0.15404680
1218,0,0.16888592,0.18979604,1,0.17931470
1235,1,0.16888592,0.33206083,1,0.20225419
1236,0,0.16888592,0.19313111,1,0.16759624
1238,0,0.16888592,0.27164871,1,0.20771195
1248,1,0.16888592,0.18193026,1,0.18436576
1254,0,0.16888592,0.07249963,0,0.13120452
1257,0,0.16888592,0.13409871,0,0.18131732
1258,0,0.16888592,0.03271181,0,0.14891235
1263,0,0.16888592,0.13073053,0,0.14678184
1264,0,0.16888592,0.20133341,1,0.18268504
1265,0,0.16888592,0.12830167,0,0.13032181
1268,0,0.16888592,0.07261478,0,0.12636211
1272,1,0.16888592,0.07261478,0,0.12636211
1280,1,0.16888592,0.16551480,0,0.17239091
1283,0,0.16888592,0.11081162,0,0.15050329
1298,1,0.16888592,0.44300708,1,0.22891258
1299,0,0.16888592,0.09173628,0,0.16191215
1306,0,0.16888592,0.06540243,0,0.14448781
1308,0,0.16888592,0.18979604,1,0.17931470
1322,0,0.16888592,0.16551480,0,0.17239091
1330,1,0.16888592,0.27422695,1,0.19098074
1333,0,0.16888592,0.16551480,0,0.17239091
1342,0,0.16888592,0.11081162,0,0.15050329
1347,0,0.16888592,0.16845090,0,0.18208965
1352,0,0.16888592,0.21671430,1,0.16856925
1362,0,0.16888592,0.11081162,0,0.15050329
1363,0,0.16888592,0.02690247,0,0.15911815
1364,1,0.16888592,0.25968128,1,0.19011176
1366,0,0.16888592,0.21671430,1,0.16856925
1367,0,0.16888592,0.16527858,0,0.17592375
1375,0,0.16888592,0.21642397,1,0.17503848
1384,0,0.16888592,0.09448543,0,0.15269593
1385,0,0.16888592,0.11081162,0,0.15050329
1391,0,0.16888592,0.18979604,1,0.17931470
1396,0,0.16888592,0.18979604,1,0.17931470
1402,0,0.16888592,0.11081162,0,0.15050329
1403,0,0.16888592,0.10745961,0,0.18644319
1407,0,0.16888592,0.14012568,0,0.17989280
1419,0,0.16888592,0.21671430,1,0.16856925
1421,1,0.16888592,0.16551480,0,0.17239091
1436,0,0.16888592,0.03382788,0,0.14794304
1449,0,0.16888592,0.13621114,0,0.15673293
1450,0,0.16888592,0.17657565,1,0.17744196
1454,0,0.16888592,0.11081162,0,0.15050329
1458,0,0.16888592,0.11081162,0,0.15050329
1459,1,0.16888592,0.16551480,0,0.17239091
1471,0,0.16888592,0.04675766,0,0.14923460
1472,0,0.16888592,0.11081162,0,0.15050329
1474,0,0.16888592,0.18979604,1,0.17931470
1477,0,0.16888592,0.26978617,1,0.18876052
1487,0,0.16888592,0.23787858,1,0.18388712
1488,0,0.16888592,0.14171686,0,0.18321013
1490,0,0.16888592,0.11081162,0,0.15050329
1492,0,0.16888592,0.18564565,1,0.18215487
1496,0,0.16888592,0.18979604,1,0.17931470
1497,0,0.16888592,0.21886318,1,0.19256212
1499,0,0.16888592,0.04675766,0,0.14923460
1500,0,0.16888592,0.21671430,1,0.16856925
1504,0,0.16888592,0.11081162,0,0.15050329
1513,0,0.16888592,0.11081162,0,0.15050329
1515,0,0.16888592,0.11081162,0,0.15050329
1517,0,0.16888592,0.16551480,0,0.17239091
1519,0,0.16888592,0.04415188,0,0.12271509
1526,0,0.16888592,0.17557658,1,0.18267720
1527,0,0.16888592,0.05811099,0,0.12271509
1528,1,0.16888592,0.08378381,0,0.17821985
1533,0,0.16888592,0.11809228,0,0.17744196
1538,0,0.16888592,0.00729765,0,0.04888093
1541,1,0.16888592,0.16195194,0,0.17919469
1542,0,0.16888592,0.18979604,1,0.17931470
1556,0,0.16888592,0.26984918,1,0.17655670
1558,1,0.16888592,0.16551480,0,0.17239091
1560,0,0.16888592,0.19784085,1,0.16125984
1566,0,0.16888592,0.18059095,1,0.16694017
1576,0,0.16888592,0.11081162,0,0.15050329
1583,0,0.16888592,0.17461846,0,0.16371434
1585,0,0.16888592,0.18979604,1,0.17931470
1593,0,0.16888592,0.18979604,1,0.17931470
1599,0,0.16888592,0.16527858,0,0.17592375
1602,0,0.16888592,0.20065181,1,0.17823715
1608,0,0.16888592,0.25010781,1,0.18436576
1609,0,0.16888592,0.26978617,1,0.18876052
1611,0,0.16888592,0.07909583,0,0.16436065
1612,0,0.16888592,0.18979604,1,0.17931470
1614,0,0.16888592,0.17557658,1,0.18267720
1624,0,0.16888592,0.31494198,1,0.29291975
1629,0,0.16888592,0.12357980,0,0.12622858
1631,0,0.16888592,0.14301935,0,0.16550102
1644,0,0.16888592,0.11081162,0,0.15050329
1648,0,0.16888592,0.18979604,1,0.17931470
1654,1,0.16888592,0.13073053,0,0.14678184
1662,0,0.16888592,0.71298435,1,0.47216567
1664,0,0.16888592,0.12830167,0,0.13032181
1669,0,0.16888592,0.26978617,1,0.18876052
1671,0,0.16888592,0.20698462,1,0.18010650
1676,1,0.16888592,0.16551480,0,0.17239091
1678,1,0.16888592,0.18979604,1,0.17931470
1684,0,0.16888592,0.12181426,0,0.15897000
1687,1,0.16888592,0.11081162,0,0.15050329
1692,0,0.16888592,0.07249963,0,0.13120452
1697,0,0.16888592,0.22717413,1,0.20143462
1699,0,0.16888592,0.16551480,0,0.17239091
1703,0,0.16888592,0.21671430,1,0.16856925
1711,1,0.16888592,0.12025231,0,0.17700183
1716,0,0.16888592,0.21379101,1,0.17547592
1717,0,0.16888592,0.11081162,0,0.15050329
1722,0,0.16888592,0.28959962,1,0.21863884
1725,0,0.16888592,0.13850425,0,0.14778762
1732,0,0.16888592,0.18979604,1,0.17931470
1741,1,0.16888592,0.18979604,1,0.17931470
1749,0,0.16888592,0.12358886,0,0.17531751
1753,0,0.16888592,0.09205113,0,0.13330440
1769,0,0.16888592,0.16551480,0,0.17239091
1780,0,0.16888592,0.07261478,0,0.12636211
1785,0,0.16888592,0.21723080,1,0.22393975
1799,0,0.16888592,0.13244411,0,0.17576401
1810,0,0.16888592,0.13871924,0,0.17839647
1812,0,0.16888592,0.18979604,1,0.17931470
1814,0,0.16888592,0.17557658,1,0.18267720
1819,0,0.16888592,0.11064312,0,0.15404680
1823,0,0.16888592,0.20753525,1,0.17002900
1830,1,0.16888592,0.25166902,1,0.18851831
1832,0,0.16888592,0.14984956,0,0.19128121
1834,0,0.16888592,0.07261478,0,0.12636211
1835,0,0.16888592,0.12830167,0,0.13032181
1844,0,0.16888592,0.25952071,1,0.18436576
1847,0,0.16888592,0.12830167,0,0.13032181
1853,0,0.16888592,0.18979604,1,0.17931470
1856,0,0.16888592,0.16551480,0,0.17239091
1862,0,0.16888592,0.07928540,0,0.12636120
1865,0,0.16888592,0.21671430,1,0.16856925
1869,0,0.16888592,0.17004104,0,0.18100010
1872,0,0.16888592,0.18979604,1,0.17931470
1877,1,0.16888592,0.11081162,0,0.15050329
1880,0,0.16888592,0.10176637,0,0.15434772
1885,0,0.16888592,0.12926867,0,0.16224689
1887,1,0.16888592,0.37205806,1,0.25305174
1900,0,0.16888592,0.18979604,1,0.17931470
1914,0,0.16888592,0.10176637,0,0.15434772
1915,0,0.16888592,0.00570162,0,0.01743081
1918,0,0.16888592,0.11064312,0,0.15404680
1922,0,0.16888592,0.16551480,0,0.17239091
1925,1,0.16888592,0.17557658,1,0.18267720
1931,0,0.16888592,0.21671430,1,0.16856925
1939,0,0.16888592,0.11081162,0,0.15050329
1942,0,0.16888592,0.11081162,0,0.15050329
1945,0,0.16888592,0.26224698,1,0.20981507
1946,0,0.16888592,0.16551480,0,0.17239091
1947,0,0.16888592,0.18979604,1,0.17931470
1950,1,0.16888592,0.16551480,0,0.17239091
1963,0,0.16888592,0.16527858,0,0.17592375
1969,0,0.16888592,0.10971658,0,0.13344561
1973,0,0.16888592,0.24846453,1,0.18436576
1983,0,0.16888592,0.11290862,0,0.13073643
1997,1,0.16888592,0.25172885,1,0.22238518
2002,0,0.16888592,0.26489788,1,0.19512707
2007,0,0.16888592,0.18979604,1,0.17931470
2008,0,0.16888592,0.11081162,0,0.15050329
2014,0,0.16888592,0.07261478,0,0.12636211
2016,0,0.16888592,0.11081162,0,0.15050329
2017,1,0.16888592,0.20921826,1,0.18164249
2020,0,0.16888592,0.21040928,1,0.18279593
2022,1,0.16888592,0.22020780,1,0.17664921
2027,0,0.16888592,0.11064312,0,0.15404680
2031,1,0.16888592,0.07261478,0,0.12636211
2032,0,0.16888592,0.11081162,0,0.15050329
2036,0,0.16888592,0.16551480,0,0.17239091
2037,0,0.16888592,0.18979604,1,0.17931470
2040,0,0.16888592,0.06088921,0,0.15715989
2052,0,0.16888592,0.25803790,1,0.19200181
2057,0,0.16888592,0.12724252,0,0.16142797
2063,0,0.16888592,0.04363993,0,0.13306129
2071,1,0.16888592,0.10359083,0,0.18182153
2075,1,0.16888592,0.20884941,1,0.17823715
2076,1,0.16888592,0.21301564,1,0.18274489
2082,1,0.16888592,0.16551480,0,0.17239091
2084,0,0.16888592,0.07261478,0,0.12636211
2089,0,0.16888592,0.15277146,0,0.17589957
2091,0,0.16888592,0.08102253,0,0.13285932
2113,1,0.16888592,0.21671430,1,0.16856925
2116,1,0.16888592,0.05832023,0,0.17577884
2121,1,0.16888592,0.18979604,1,0.17931470
2126,0,0.16888592,0.11081162,0,0.15050329
2133,0,0.16888592,0.12830167,0,0.13032181
2155,0,0.16888592,0.07261478,0,0.12636211
2156,0,0.16888592,0.19313111,1,0.16759624
2158,0,0.16888592,0.17800088,1,0.17485368
2159,0,0.16888592,0.22071771,1,0.17939771
2163,1,0.16888592,0.18979604,1,0.17931470
2164,0,0.16888592,0.18979604,1,0.17931470
2166,0,0.16888592,0.17637977,1,0.19164599
2168,0,0.16888592,0.09074644,0,0.16721825
2170,0,0.16888592,0.21671430,1,0.16856925
2179,0,0.16888592,0.18979604,1,0.17931470
2186,0,0.16888592,0.12830167,0,0.13032181
2189,0,0.16888592,0.11457963,0,0.16242130
2192,0,0.16888592,0.10544505,0,0.17414205
2196,0,0.16888592,0.12830167,0,0.13032181
2199,0,0.16888592,0.04997011,0,0.17739444
2211,0,0.16888592,0.12830167,0,0.13032181
2212,1,0.16888592,0.23015433,1,0.20556301
2214,0,0.16888592,0.32499486,1,0.21398943
2225,0,0.16888592,0.16561255,0,0.17589957
2226,0,0.16888592,0.18979604,1,0.17931470
2238,1,0.16888592,0.07880532,0,0.16831939
2239,0,0.16888592,0.07261478,0,0.12636211
2244,0,0.16888592,0.16237667,0,0.15547598
2246,0,0.16888592,0.16551480,0,0.17239091
2248,0,0.16888592,0.12830167,0,0.13032181
2250,0,0.16888592,0.20884941,1,0.17823715
2256,0,0.16888592,0.11008333,0,0.13422148
2261,0,0.16888592,0.18979604,1,0.17931470
2267,1,0.16888592,0.43691064,1,0.20359870
2270,0,0.16888592,0.11081162,0,0.15050329
2273,0,0.16888592,0.14896551,0,0.15571781
2280,1,0.16888592,0.16551480,0,0.17239091
2288,1,0.16888592,0.21353007,1,0.19684087
2294,0,0.16888592,0.18953304,1,0.18284755
2301,0,0.16888592,0.16551480,0,0.17239091
2318,0,0.16888592,0.07684955,0,0.14660845
2327,1,0.16888592,0.21671430,1,0.16856925
2337,1,0.16888592,0.18979604,1,0.17931470
2339,0,0.16888592,0.18979604,1,0.17931470
2342,0,0.16888592,0.15867242,0,0.18255119
2343,0,0.16888592,0.11081162,0,0.15050329
2345,1,0.16888592,0.87456676,1,0.67213027
2360,0,0.16888592,0.25010781,1,0.18436576
2361,1,0.16888592,0.14814401,0,0.16239025
2368,0,0.16888592,0.10127010,0,0.15215473
2374,0,0.16888592,0.19185457,1,0.14112757
2381,0,0.16888592,0.16551480,0,0.17239091
2390,0,0.16888592,0.12830167,0,0.13032181
2394,0,0.16888592,0.14814401,0,0.16239025
2397,0,0.16888592,0.08074672,0,0.15258521
2404,0,0.16888592,0.05929427,0,0.15323730
2406,0,0.16888592,0.17416273,0,0.15571781
2415,0,0.16888592,0.22889014,1,0.18436576
2416,1,0.16888592,0.14814401,0,0.16239025
2418,1,0.16888592,0.20884941,1,0.17823715
2424,0,0.16888592,0.21671430,1,0.16856925
2430,0,0.16888592,0.12830167,0,0.13032181
2434,0,0.16888592,0.16551480,0,0.17239091
2437,0,0.16888592,0.15888208,0,0.16181030
2438,0,0.16888592,0.06088921,0,0.15715989
2440,0,0.16888592,0.26978617,1,0.18876052
2449,0,0.16888592,0.16527858,0,0.17592375
2450,0,0.16888592,0.16551480,0,0.17239091
2459,0,0.16888592,0.11081162,0,0.15050329
2460,0,0.16888592,0.18979604,1,0.17931470
2461,0,0.16888592,0.06645442,0,0.13344003
2466,0,0.16888592,0.11081162,0,0.15050329
2467,0,0.16888592,0.06645442,0,0.13344003
2471,0,0.16888592,0.11956296,0,0.14975614
2472,0,0.16888592,0.18979604,1,0.17931470
2477,0,0.16888592,0.35739660,1,0.17944536
2482,0,0.16888592,0.18979604,1,0.17931470
2484,0,0.16888592,0.11081162,0,0.15050329
2494,0,0.16888592,0.08224589,0,0.13945385
2496,1,0.16888592,0.18979604,1,0.17931470
2506,1,0.16888592,0.18299496,1,0.20203816
2508,0,0.16888592,0.19252564,1,0.15276025
2509,0,0.16888592,0.18949609,1,0.19801856
2510,0,0.16888592,0.21671430,1,0.16856925
2518,0,0.16888592,0.16551480,0,0.17239091
2537,0,0.16888592,0.25354473,1,0.19049139
2539,0,0.16888592,0.06125078,0,0.15538369
2543,0,0.16888592,0.18979604,1,0.17931470
2548,0,0.16888592,0.20281939,1,0.18436576
2554,0,0.16888592,0.00693922,0,0.07273888
2556,0,0.16888592,0.16551480,0,0.17239091
2568,1,0.16888592,0.31675983,1,0.19136769
2572,0,0.16888592,0.23653954,1,0.17695946
2574,1,0.16888592,0.07261478,0,0.12636211
2588,0,0.16888592,0.18840144,1,0.14433260
2590,0,0.16888592,0.23176569,1,0.17970732
2597,0,0.16888592,0.28959962,1,0.21863884
2600,0,0.16888592,0.13829639,0,0.17577550
2609,1,0.16888592,0.18979604,1,0.17931470
2614,0,0.16888592,0.14171686,0,0.18321013
2636,0,0.16888592,0.34419704,1,0.26463952
2640,0,0.16888592,0.11081162,0,0.15050329
2650,0,0.16888592,0.17557658,1,0.18267720
2663,0,0.16888592,0.18979604,1,0.17931470
2666,0,0.16888592,0.17018960,0,0.17744196
2669,0,0.16888592,0.41026304,1,0.22633296
2675,0,0.16888592,0.12830167,0,0.13032181
2677,1,0.16888592,0.29508726,1,0.20511758
2679,0,0.16888592,0.16551480,0,0.17239091
2693,0,0.16888592,0.22865502,1,0.17133469
2708,1,0.16888592,0.26934917,1,0.19031097
2719,1,0.16888592,0.18979604,1,0.17931470
2720,0,0.16888592,0.23767723,1,0.18529320
2730,0,0.16888592,0.12265537,0,0.17628633
2740,0,0.16888592,0.23999769,1,0.20354153
2742,1,0.16888592,0.23828117,1,0.18256309
2744,0,0.16888592,0.16551480,0,0.17239091
2749,1,0.16888592,0.11801825,0,0.13885794
2757,0,0.16888592,0.11081162,0,0.15050329
2758,0,0.16888592,0.15047989,0,0.18118169
2763,0,0.16888592,0.18979604,1,0.17931470
2764,1,0.16888592,0.20536973,1,0.17660554
2767,1,0.16888592,0.16551480,0,0.17239091
2780,0,0.16888592,0.12830167,0,0.13032181
2794,0,0.16888592,0.12124797,0,0.17296901
2805,0,0.16888592,0.16551480,0,0.17239091
2813,0,0.16888592,0.27011767,1,0.18775725
2814,1,0.16888592,0.21353007,1,0.19684087
2821,0,0.16888592,0.17557658,1,0.18267720
2822,0,0.16888592,0.18979604,1,0.17931470
2825,1,0.16888592,0.11081162,0,0.15050329
2831,0,0.16888592,0.21671430,1,0.16856925
2837,0,0.16888592,0.09111256,0,0.17591003
2843,1,0.16888592,0.16551480,0,0.17239091
2869,0,0.16888592,0.16551480,0,0.17239091
2879,0,0.16888592,0.04330864,0,0.16132191
2887,0,0.16888592,0.07261478,0,0.12636211
2888,0,0.16888592,0.11622386,0,0.16725512
2889,0,0.16888592,0.16551480,0,0.17239091
2892,0,0.16888592,0.11081162,0,0.15050329
2898,1,0.16888592,0.18100954,1,0.18220648
2900,0,0.16888592,0.07261478,0,0.12636211
2913,0,0.16888592,0.07249963,0,0.13120452
2916,0,0.16888592,0.18979604,1,0.17931470
2918,0,0.16888592,0.07261478,0,0.12636211
2922,0,0.16888592,0.35498882,1,0.18215567
2923,1,0.16888592,0.16313830,0,0.17744196
2928,1,0.16888592,0.17790864,1,0.16503252
2932,1,0.16888592,0.29966598,1,0.19397555
2944,0,0.16888592,0.18979604,1,0.17931470
2948,1,0.16888592,0.20032865,1,0.17124286
2972,0,0.16888592,0.16527858,0,0.17592375
2975,0,0.16888592,0.18979604,1,0.17931470
2984,0,0.16888592,0.09490033,0,0.13492282
2988,0,0.16888592,0.18979604,1,0.17931470
2997,0,0.16888592,0.11081162,0,0.15050329
2998,0,0.16888592,0.11801825,0,0.13885794
3000,0,0.16888592,0.29508726,1,0.20511758
3006,0,0.16888592,0.18979604,1,0.17931470
3007,0,0.16888592,0.18979604,1,0.17931470
3009,0,0.16888592,0.08604496,0,0.17594958
3010,0,0.16888592,0.06889251,0,0.17050258
3011,1,0.16888592,0.23787858,1,0.18388712
3013,0,0.16888592,0.10562156,0,0.13342946
3014,0,0.16888592,0.11801825,0,0.13885794
3017,0,0.16888592,0.11081162,0,0.15050329
3023,0,0.16888592,0.05393061,0,0.14075282
3030,0,0.16888592,0.07261478,0,0.12636211
3034,0,0.16888592,0.39273848,1,0.24290558
3035,0,0.16888592,0.09111256,0,0.17591003
3041,0,0.16888592,0.11081162,0,0.15050329
3044,0,0.16888592,0.07261478,0,0.12636211
3045,0,0.16888592,0.06645442,0,0.13344003
3054,0,0.16888592,0.09456825,0,0.13765861
3058,1,0.16888592,0.12830167,0,0.13032181
3064,0,0.16888592,0.12830167,0,0.13032181
3066,1,0.16888592,0.16551480,0,0.17239091
3073,0,0.16888592,0.04646070,0,0.14912537
3085,1,0.16888592,0.22942463,1,0.18759882
3086,0,0.16888592,0.11081162,0,0.15050329
3087,0,0.16888592,0.10176637,0,0.15434772
3095,0,0.16888592,0.11081162,0,0.15050329
3103,0,0.16888592,0.21671430,1,0.16856925
3107,1,0.16888592,0.40117438,1,0.21997919
3110,0,0.16888592,0.14711925,0,0.18827777
3112,0,0.16888592,0.11081162,0,0.15050329
3120,0,0.16888592,0.20310073,1,0.19866743
3127,0,0.16888592,0.18979604,1,0.17931470
3128,1,0.16888592,0.17862405,1,0.16550102
3129,0,0.16888592,0.10544505,0,0.17414205
3140,0,0.16888592,0.29275465,1,0.17655670
3155,0,0.16888592,0.12830167,0,0.13032181
3176,0,0.16888592,0.21671430,1,0.16856925
3186,0,0.16888592,0.11081162,0,0.15050329
3192,0,0.16888592,0.18979604,1,0.17931470
3202,0,0.16888592,0.53975426,1,0.24379470
3203,1,0.16888592,0.18979604,1,0.17931470
3211,0,0.16888592,0.11081162,0,0.15050329
3213,0,0.16888592,0.31067625,1,0.19216527
3216,0,0.16888592,0.07261478,0,0.12636211
3218,0,0.16888592,0.23105796,1,0.17655670
3219,0,0.16888592,0.07384069,0,0.15190418
3224,0,0.16888592,0.07261478,0,0.12636211
3229,0,0.16888592,0.07261478,0,0.12636211
3234,0,0.16888592,0.15840055,0,0.17744196
3238,0,0.16888592,0.10176637,0,0.15434772
3242,0,0.16888592,0.18979604,1,0.17931470
3243,0,0.16888592,0.16551480,0,0.17239091
3249,0,0.16888592,0.12830167,0,0.13032181
3258,1,0.16888592,0.31889649,1,0.18132488
3266,0,0.16888592,0.11081162,0,0.15050329
3274,0,0.16888592,0.12830167,0,0.13032181
3278,0,0.16888592,0.16551480,0,0.17239091
3293,1,0.16888592,0.18979604,1,0.17931470
3301,0,0.16888592,0.11081162,0,0.15050329
3319,0,0.16888592,0.14048797,0,0.17944238
3320,1,0.16888592,0.16551480,0,0.17239091
3321,0,0.16888592,0.07196759,0,0.17278352
3329,0,0.16888592,0.05933943,0,0.14660845
3334,0,0.16888592,0.07080293,0,0.13444117
3338,1,0.16888592,0.14241992,0,0.17706820
3340,0,0.16888592,0.20884941,1,0.17823715
3341,0,0.16888592,0.16551480,0,0.17239091
3343,0,0.16888592,0.11081162,0,0.15050329
3357,1,0.16888592,0.17557658,1,0.18267720
3358,0,0.16888592,0.07261478,0,0.12636211
3365,1,0.16888592,0.30052538,1,0.17655670
3376,0,0.16888592,0.11081162,0,0.15050329
3378,0,0.16888592,0.16527858,0,0.17592375
3379,0,0.16888592,0.10911786,0,0.15475866
3382,0,0.16888592,0.20884941,1,0.17823715
3387,0,0.16888592,0.14782600,0,0.17394405
3396,0,0.16888592,0.16551480,0,0.17239091
3399,0,0.16888592,0.18979604,1,0.17931470
3401,0,0.16888592,0.15348976,0,0.18971208
3407,0,0.16888592,0.21000083,1,0.18196844
3413,1,0.16888592,0.18067248,1,0.18064750
3424,0,0.16888592,0.07261478,0,0.12636211
3426,0,0.16888592,0.14248959,0,0.18544661
3428,0,0.16888592,0.12830167,0,0.13032181
3446,0,0.16888592,0.09850424,0,0.13825724
3452,0,0.16888592,0.16551480,0,0.17239091
3453,1,0.16888592,0.26445409,1,0.19350474
3463,0,0.16888592,0.12957340,0,0.15203530
3464,0,0.16888592,0.08611795,0,0.15253374
3466,0,0.16888592,0.31675983,1,0.19136769
3468,0,0.16888592,0.18979604,1,0.17931470
3471,0,0.16888592,0.23563171,1,0.18703030
3477,0,0.16888592,0.12830167,0,0.13032181
3480,1,0.16888592,0.12830167,0,0.13032181
3500,0,0.16888592,0.18979604,1,0.17931470
3501,0,0.16888592,0.16551480,0,0.17239091
3502,0,0.16888592,0.25803790,1,0.19200181
3505,0,0.16888592,0.18979604,1,0.17931470
3509,0,0.16888592,0.21671430,1,0.16856925
3512,0,0.16888592,0.18979604,1,0.17931470
3514,0,0.16888592,0.12830167,0,0.13032181
3515,1,0.16888592,0.18953304,1,0.18284755
3516,0,0.16888592,0.10176637,0,0.15434772
3524,0,0.16888592,0.16476057,0,0.14010473
3528,0,0.16888592,0.16527858,0,0.17592375
3534,0,0.16888592,0.18979604,1,0.17931470
3536,0,0.16888592,0.13387117,0,0.17278352
3538,0,0.16888592,0.12830167,0,0.13032181
3541,0,0.16888592,0.11081162,0,0.15050329
3545,0,0.16888592,0.07261478,0,0.12636211
3546,0,0.16888592,0.43439627,1,0.19209105
3547,0,0.16888592,0.11064312,0,0.15404680
3549,0,0.16888592,0.18979604,1,0.17931470
3550,1,0.16888592,0.18979604,1,0.17931470
3554,0,0.16888592,0.11064312,0,0.15404680
3566,0,0.16888592,0.12830167,0,0.13032181
3568,0,0.16888592,0.12811042,0,0.13552379
3575,0,0.16888592,0.14814401,0,0.16239025
3576,0,0.16888592,0.18979604,1,0.17931470
3577,0,0.16888592,0.16551480,0,0.17239091
3592,0,0.16888592,0.11081162,0,0.15050329
3598,0,0.16888592,0.19097471,1,0.18205900
3602,0,0.16888592,0.22256476,1,0.17655670
3608,0,0.16888592,0.08690950,0,0.14660845
3609,0,0.16888592,0.09677258,0,0.15510925
3614,0,0.16888592,0.08224589,0,0.13945385
3615,0,0.16888592,0.58043639,1,0.38763497
3624,0,0.16888592,0.12811042,0,0.13552379
3635,0,0.16888592,0.21671430,1,0.16856925
3637,1,0.16888592,0.16551480,0,0.17239091
3651,0,0.16888592,0.22711378,1,0.18436576
3652,0,0.16888592,0.10544505,0,0.17414205
3653,1,0.16888592,0.14735740,0,0.18321013
3654,0,0.16888592,0.16551480,0,0.17239091
3658,0,0.16888592,0.42411979,1,0.21821458
3665,0,0.16888592,0.11081162,0,0.15050329
3677,0,0.16888592,0.18979604,1,0.17931470
3684,0,0.16888592,0.04411353,0,0.16130356
3691,0,0.16888592,0.09341404,0,0.13364414
3694,1,0.16888592,0.11166244,0,0.14778367
3697,1,0.16888592,0.19313111,1,0.16759624
3698,0,0.16888592,0.25219115,1,0.17793149
3700,0,0.16888592,0.12830167,0,0.13032181
3702,1,0.16888592,0.12830167,0,0.13032181
3705,1,0.16888592,0.11081162,0,0.15050329
3707,0,0.16888592,0.10964228,0,0.18452314
3709,0,0.16888592,0.11081162,0,0.15050329
3718,0,0.16888592,0.11081162,0,0.15050329
3720,0,0.16888592,0.04411353,0,0.16130356
3722,0,0.16888592,0.16551480,0,0.17239091
3730,0,0.16888592,0.11081162,0,0.15050329
3732,0,0.16888592,0.18979604,1,0.17931470
3734,0,0.16888592,0.16379461,0,0.18421157
3737,0,0.16888592,0.18979604,1,0.17931470
3747,0,0.16888592,0.21671430,1,0.16856925
3749,0,0.16888592,0.06076080,0,0.17787069
3753,1,0.16888592,0.21671430,1,0.16856925
3755,0,0.16888592,0.13807570,0,0.14780449
3767,0,0.16888592,0.10911786,0,0.15475866
3779,0,0.16888592,0.11421649,0,0.18555775
3780,0,0.16888592,0.11064312,0,0.15404680
3781,0,0.16888592,0.16551480,0,0.17239091
3785,0,0.16888592,0.11081162,0,0.15050329
3791,0,0.16888592,0.15612634,0,0.17965676
3796,0,0.16888592,0.17557658,1,0.18267720
3797,0,0.16888592,0.12830167,0,0.13032181
3799,0,0.16888592,0.25384582,1,0.17655670
3801,0,0.16888592,0.16551480,0,0.17239091
3802,0,0.16888592,0.07249963,0,0.13120452
3807,0,0.16888592,0.11081162,0,0.15050329
3809,0,0.16888592,0.12124797,0,0.17296901
3812,0,0.16888592,0.18979604,1,0.17931470
3822,1,0.16888592,0.58043639,1,0.38763497
3823,0,0.16888592,0.18979604,1,0.17931470
3825,0,0.16888592,0.04511218,0,0.15271268
3830,0,0.16888592,0.11081162,0,0.15050329
3833,0,0.16888592,0.12830167,0,0.13032181
3835,0,0.16888592,0.09970519,0,0.16651986
3839,0,0.16888592,0.02473745,0,0.12479379
3846,0,0.16888592,0.11422001,0,0.15571781
3859,1,0.16888592,0.12830167,0,0.13032181
3862,0,0.16888592,0.16527858,0,0.17592375
3872,1,0.16888592,0.07980269,0,0.12462188
3881,0,0.16888592,0.14231752,0,0.13704200
3885,1,0.16888592,0.11081162,0,0.15050329
3893,1,0.16888592,0.19865192,1,0.16313404
3895,1,0.16888592,0.16551480,0,0.17239091
3899,0,0.16888592,0.16551480,0,0.17239091
3907,0,0.16888592,0.10176637,0,0.15434772
3918,0,0.16888592,0.11081162,0,0.15050329
3927,0,0.16888592,0.08435170,0,0.16879211
3935,0,0.16888592,0.12830167,0,0.13032181
3944,0,0.16888592,0.21671430,1,0.16856925
3949,1,0.16888592,0.18979604,1,0.17931470
3952,0,0.16888592,0.11081162,0,0.15050329
3955,0,0.16888592,0.07261478,0,0.12636211
3956,1,0.16888592,0.18979604,1,0.17931470
3962,0,0.16888592,0.14698192,0,0.14660845
3967,0,0.16888592,0.03713229,0,0.15089939
3968,0,0.16888592,0.16551480,0,0.17239091
3970,0,0.16888592,0.11081162,0,0.15050329
3972,0,0.16888592,0.16551480,0,0.17239091
3976,0,0.16888592,0.21671430,1,0.16856925
3977,1,0.16888592,0.29292764,1,0.19986879
3989,0,0.16888592,0.18979604,1,0.17931470
3990,0,0.16888592,0.16527858,0,0.17592375
3992,1,0.16888592,0.16551480,0,0.17239091
4000,0,0.16888592,0.09160152,0,0.15231883
4016,0,0.16888592,0.11081162,0,0.15050329
4021,0,0.16888592,0.17557658,1,0.18267720
4028,1,0.16888592,0.18186558,1,0.18436576
4033,1,0.16888592,0.08336305,0,0.14660845
4042,0,0.16888592,0.08171197,0,0.14660845
4046,0,0.16888592,0.16551480,0,0.17239091
4049,1,0.16888592,0.10593278,0,0.18021765
4065,1,0.16888592,0.18979604,1,0.17931470
4069,0,0.16888592,0.07196759,0,0.17278352
4074,0,0.16888592,0.15480307,0,0.18198107
4079,1,0.16888592,0.20884941,1,0.17823715
4086,0,0.16888592,0.26375138,1,0.17655670
4089,1,0.16888592,0.16426244,0,0.16175214
4096,0,0.16888592,0.21671430,1,0.16856925
4110,0,0.16888592,0.16551480,0,0.17239091
4111,0,0.16888592,0.08097955,0,0.16823223
4114,0,0.16888592,0.11081162,0,0.15050329
4116,0,0.16888592,0.14253814,0,0.16161856
4118,0,0.16888592,0.23858661,1,0.18264940
4123,0,0.16888592,0.19499639,1,0.18436576
4126,1,0.16888592,0.18979604,1,0.17931470
4145,0,0.16888592,0.06993303,0,0.17787069
4148,0,0.16888592,0.11081162,0,0.15050329
4151,0,0.16888592,0.18979604,1,0.17931470
4160,0,0.16888592,0.21671430,1,0.16856925
4167,0,0.16888592,0.18979604,1,0.17931470
4169,0,0.16888592,0.21671430,1,0.16856925
4170,0,0.16888592,0.12830167,0,0.13032181
4173,0,0.16888592,0.18979604,1,0.17931470
4176,0,0.16888592,0.07261478,0,0.12636211
4180,0,0.16888592,0.07261478,0,0.12636211
4186,0,0.16888592,0.12830167,0,0.13032181
4194,0,0.16888592,0.18979604,1,0.17931470
4199,1,0.16888592,0.16663533,0,0.14156582
4201,0,0.16888592,0.00395209,0,0.05369790
4210,0,0.16888592,0.11081162,0,0.15050329
4214,0,0.16888592,0.20884941,1,0.17823715
4219,1,0.16888592,0.18979604,1,0.17931470
4228,0,0.16888592,0.48258868,1,0.37630465
4238,0,0.16888592,0.12830167,0,0.13032181
4244,0,0.16888592,0.21000083,1,0.18196844
4255,0,0.16888592,0.24819881,1,0.19335792
4256,1,0.16888592,0.19792979,1,0.15914478
4282,0,0.16888592,0.07261478,0,0.12636211
4284,0,0.16888592,0.19606976,1,0.17744196
4292,0,0.16888592,0.20032865,1,0.17124286
4297,0,0.16888592,0.07909071,0,0.12636120
4304,0,0.16888592,0.18979604,1,0.17931470
4306,1,0.16888592,0.18979604,1,0.17931470
4325,1,0.16888592,0.20891958,1,0.18157034
4330,0,0.16888592,0.10328093,0,0.16935801
4331,0,0.16888592,0.12830167,0,0.13032181
4332,1,0.16888592,0.19606976,1,0.17744196
4335,0,0.16888592,0.08951883,0,0.12636120
4348,1,0.16888592,0.31876612,1,0.22427308
4351,1,0.16888592,0.11081162,0,0.15050329
4356,0,0.16888592,0.37778010,1,0.19334571
4359,0,0.16888592,0.09205113,0,0.13330440
4364,0,0.16888592,0.12062912,0,0.13331685
4366,0,0.16888592,0.16752821,0,0.18131732
4370,0,0.16888592,0.12830167,0,0.13032181
4372,0,0.16888592,0.11961221,0,0.17736597
4376,0,0.16888592,0.11081162,0,0.15050329
4377,0,0.16888592,0.21671430,1,0.16856925
4384,0,0.16888592,0.00750071,0,0.07252113
4386,0,0.16888592,0.11809228,0,0.17744196
4390,0,0.16888592,0.23808167,1,0.18856628
4396,0,0.16888592,0.11081162,0,0.15050329
4424,0,0.16888592,0.14507548,0,0.17205666
4427,0,0.16888592,0.12830167,0,0.13032181
4431,1,0.16888592,0.18979604,1,0.17931470
4437,1,0.16888592,0.16551480,0,0.17239091
4452,0,0.16888592,0.11081162,0,0.15050329
4453,0,0.16888592,0.03050821,0,0.11706353
4455,1,0.16888592,0.11081162,0,0.15050329
4456,0,0.16888592,0.13650020,0,0.17744196
4473,0,0.16888592,0.11801825,0,0.13885794
4476,1,0.16888592,0.18979604,1,0.17931470
4485,0,0.16888592,0.09287973,0,0.13651381
4486,0,0.16888592,0.23563171,1,0.18703030
4502,0,0.16888592,0.14311644,0,0.15878054
4508,0,0.16888592,0.21671430,1,0.16856925
4510,0,0.16888592,0.13621114,0,0.15673293
4529,0,0.16888592,0.16551480,0,0.17239091
4538,0,0.16888592,0.14395260,0,0.14912537
4547,0,0.16888592,0.11081162,0,0.15050329
4550,1,0.16888592,0.11081162,0,0.15050329
4555,1,0.16888592,0.42457867,1,0.27308405
4556,0,0.16888592,0.18979604,1,0.17931470
4568,0,0.16888592,0.07261478,0,0.12636211
4576,0,0.16888592,0.18979604,1,0.17931470
4581,0,0.16888592,0.14770788,0,0.15962117
4583,1,0.16888592,0.31565781,1,0.17592739
4584,0,0.16888592,0.18979604,1,0.17931470
4588,0,0.16888592,0.14460012,0,0.15873541
4591,0,0.16888592,0.18979604,1,0.17931470
4606,0,0.16888592,0.16551480,0,0.17239091
4613,0,0.16888592,0.44172705,1,0.24829060
4615,1,0.16888592,0.16551480,0,0.17239091
4616,0,0.16888592,0.26489788,1,0.19512707
4621,0,0.16888592,0.28259637,1,0.17738753
4632,0,0.16888592,0.11081162,0,0.15050329
4633,0,0.16888592,0.08405248,0,0.16668649
4634,0,0.16888592,0.21288289,1,0.21762562
4642,1,0.16888592,0.53975426,1,0.24379470
4646,0,0.16888592,0.14088956,0,0.15471211
4653,0,0.16888592,0.11081162,0,0.15050329
4655,0,0.16888592,0.16318964,0,0.17655670
4659,1,0.16888592,0.20833219,1,0.18414430
4662,0,0.16888592,0.11081162,0,0.15050329
4665,0,0.16888592,0.16551480,0,0.17239091
4667,0,0.16888592,0.18317773,1,0.17895204
4674,0,0.16888592,0.11064312,0,0.15404680
4693,0,0.16888592,0.21671430,1,0.16856925
4704,0,0.16888592,0.09173628,0,0.16191215
4711,0,0.16888592,0.17202271,0,0.15348489
4712,0,0.16888592,0.16397887,0,0.18349206
4716,0,0.16888592,0.18979604,1,0.17931470
4718,0,0.16888592,0.13073053,0,0.14678184
4722,1,0.16888592,0.18979604,1,0.17931470
4732,0,0.16888592,0.11873698,0,0.15518989
4744,0,0.16888592,0.08414446,0,0.16140763
4745,0,0.16888592,0.08921502,0,0.14660845
4752,0,0.16888592,0.10176637,0,0.15434772
4761,1,0.16888592,0.11081162,0,0.15050329
4767,1,0.16888592,0.16527858,0,0.17592375
4770,0,0.16888592,0.20776571,1,0.17970732
4786,0,0.16888592,0.06528914,0,0.12911096
4788,0,0.16888592,0.15277146,0,0.17589957
4796,0,0.16888592,0.18979604,1,0.17931470
4797,0,0.16888592,0.26690915,1,0.17747810
4803,0,0.16888592,0.28259637,1,0.17738753
4811,0,0.16888592,0.25803790,1,0.19200181
4815,0,0.16888592,0.11081162,0,0.15050329
4826,0,0.16888592,0.21671430,1,0.16856925
4833,0,0.16888592,0.18979604,1,0.17931470
4837,0,0.16888592,0.17268247,0,0.18436576
4843,1,0.16888592,0.06645442,0,0.13344003
4844,0,0.16888592,0.18979604,1,0.17931470
4846,1,0.16888592,0.14233729,0,0.17700183
4849,0,0.16888592,0.20208658,1,0.18436576
4858,0,0.16888592,0.12318684,0,0.15571781
4863,1,0.16888592,0.15334341,0,0.17089520
4870,0,0.16888592,0.15909905,0,0.13069868
4878,0,0.16888592,0.18979604,1,0.17931470
4879,1,0.16888592,0.40101834,1,0.24344539
4882,0,0.16888592,0.14253814,0,0.16161856
4886,0,0.16888592,0.16551480,0,0.17239091
4887,0,0.16888592,0.30379536,1,0.18351750
4891,0,0.16888592,0.06432556,0,0.12103601
4893,0,0.16888592,0.17932686,1,0.16562097
4894,0,0.16888592,0.12145871,0,0.15332884
4896,0,0.16888592,0.17790318,1,0.21504118
4897,1,0.16888592,0.16527858,0,0.17592375
4899,0,0.16888592,0.12830167,0,0.13032181
4900,0,0.16888592,0.19097471,1,0.18205900
4903,0,0.16888592,0.19321805,1,0.18674637
4929,0,0.16888592,0.18979604,1,0.17931470
4932,0,0.16888592,0.11081162,0,0.15050329
4937,0,0.16888592,0.11081162,0,0.15050329
4942,0,0.16888592,0.07739396,0,0.13321783
4948,0,0.16888592,0.07261478,0,0.12636211
4949,0,0.16888592,0.21671430,1,0.16856925
4952,0,0.16888592,0.11081162,0,0.15050329
4956,0,0.16888592,0.12275909,0,0.17488910
4959,0,0.16888592,0.21671430,1,0.16856925
4963,0,0.16888592,0.16551480,0,0.17239091
4971,0,0.16888592,0.11064312,0,0.15404680
5016,0,0.16888592,0.03193973,0,0.12862889
5017,1,0.16888592,0.11213205,0,0.13680831
5019,0,0.16888592,0.35542817,1,0.18940579
5020,0,0.16888592,0.15277146,0,0.17589957
5022,0,0.16888592,0.18979604,1,0.17931470
5023,0,0.16888592,0.11081162,0,0.15050329
5024,1,0.16888592,0.25010781,1,0.18436576
5030,1,0.16888592,0.20133341,1,0.18268504
5033,0,0.16888592,0.28591443,1,0.18459375
5041,0,0.16888592,0.07261478,0,0.12636211
5042,0,0.16888592,0.15277146,0,0.17589957
5044,0,0.16888592,0.12124797,0,0.17296901
5045,0,0.16888592,0.15047989,0,0.18118169
5046,0,0.16888592,0.14896551,0,0.15571781
5048,0,0.16888592,0.09061647,0,0.12636120
5049,0,0.16888592,0.21671430,1,0.16856925
5052,0,0.16888592,0.12830167,0,0.13032181
5053,0,0.16888592,0.15277146,0,0.17589957
5055,0,0.16888592,0.21671430,1,0.16856925
5068,1,0.16888592,0.58043639,1,0.38763497
5069,0,0.16888592,0.16551480,0,0.17239091
5070,0,0.16888592,0.07261478,0,0.12636211
5071,0,0.16888592,0.18979604,1,0.17931470
5077,0,0.16888592,0.07261478,0,0.12636211
5078,0,0.16888592,0.21671430,1,0.16856925
5081,0,0.16888592,0.07249963,0,0.13120452
5082,0,0.16888592,0.21671430,1,0.16856925
5085,1,0.16888592,0.66034458,1,0.21909403
5086,0,0.16888592,0.16476057,0,0.14010473
5087,0,0.16888592,0.18979604,1,0.17931470
5090,1,0.16888592,0.36625280,1,0.17972124
5092,1,0.16888592,0.40242160,1,0.21423406
5099,1,0.16888592,0.16551480,0,0.17239091
5110,0,0.16888592,0.16551480,0,0.17239091
5115,0,0.16888592,0.11081162,0,0.15050329
5124,0,0.16888592,0.16551480,0,0.17239091
5129,0,0.16888592,0.26489788,1,0.19512707
5135,0,0.16888592,0.11406328,0,0.17902984
5138,0,0.16888592,0.12998222,0,0.16564061
5140,0,0.16888592,0.21642397,1,0.17503848
5150,0,0.16888592,0.18979604,1,0.17931470
5159,0,0.16888592,0.16551480,0,0.17239091
5162,0,0.16888592,0.15069264,0,0.15585262
5166,1,0.16888592,0.38954152,1,0.20704937
5167,0,0.16888592,0.11354588,0,0.17278352
5179,0,0.16888592,0.21671430,1,0.16856925
5180,0,0.16888592,0.21671430,1,0.16856925
5182,0,0.16888592,0.15888208,0,0.16181030
5188,0,0.16888592,0.09903323,0,0.15561390
5194,0,0.16888592,0.01101501,0,0.05981027
5195,0,0.16888592,0.16551480,0,0.17239091
5197,0,0.16888592,0.26445409,1,0.19350474
5199,0,0.16888592,0.12830167,0,0.13032181
5201,0,0.16888592,0.11081162,0,0.15050329
5210,0,0.16888592,0.07977647,0,0.15518962
5222,0,0.16888592,0.17557658,1,0.18267720
5230,1,0.16888592,0.23858661,1,0.18264940
5239,1,0.16888592,0.18979604,1,0.17931470
5247,1,0.16888592,0.17818333,1,0.18557521
5258,0,0.16888592,0.17557658,1,0.18267720
5261,0,0.16888592,0.14226570,0,0.15715989
5268,0,0.16888592,0.18186558,1,0.18436576
5280,0,0.16888592,0.19606976,1,0.17744196
5287,0,0.16888592,0.11081162,0,0.15050329
5298,0,0.16888592,0.13486196,0,0.17744196
5304,0,0.16888592,0.16551480,0,0.17239091
5321,0,0.16888592,0.29920061,1,0.18604697
5322,0,0.16888592,0.16551480,0,0.17239091
5328,1,0.16888592,0.35190029,1,0.26559147
5335,0,0.16888592,0.11081162,0,0.15050329
5341,0,0.16888592,0.16551480,0,0.17239091
5358,0,0.16888592,0.15787217,0,0.18441476
5365,1,0.16888592,0.58043639,1,0.38763497
5366,0,0.16888592,0.11081162,0,0.15050329
5368,0,0.16888592,0.16551480,0,0.17239091
5374,0,0.16888592,0.16551480,0,0.17239091
5375,0,0.16888592,0.18979604,1,0.17931470
5385,0,0.16888592,0.21703503,1,0.18982189
5386,0,0.16888592,0.31786523,1,0.19278210
5398,0,0.16888592,0.07261478,0,0.12636211
5405,0,0.16888592,0.20208658,1,0.18436576
5407,0,0.16888592,0.13969950,0,0.16601128
5410,0,0.16888592,0.14814401,0,0.16239025
5413,1,0.16888592,0.16551480,0,0.17239091
5414,0,0.16888592,0.22883881,1,0.17744196
5419,1,0.16888592,0.12830167,0,0.13032181
5420,0,0.16888592,0.16551480,0,0.17239091
5426,0,0.16888592,0.12830167,0,0.13032181
5427,0,0.16888592,0.18979604,1,0.17931470
5437,1,0.16888592,0.18979604,1,0.17931470
5440,0,0.16888592,0.25803790,1,0.19200181
5444,0,0.16888592,0.17202271,0,0.15348489
5445,0,0.16888592,0.20356455,1,0.15190959
5458,1,0.16888592,0.18979604,1,0.17931470
5464,1,0.16888592,0.18979604,1,0.17931470
5466,0,0.16888592,0.18979604,1,0.17931470
5471,0,0.16888592,0.18979604,1,0.17931470
5482,0,0.16888592,0.24863883,1,0.17131653
5489,0,0.16888592,0.00792122,0,0.06353769
5492,0,0.16888592,0.11064312,0,0.15404680
5497,0,0.16888592,0.09655706,0,0.12838083
5501,0,0.16888592,0.14226570,0,0.15715989
5503,0,0.16888592,0.36765575,1,0.19338547
5505,0,0.16888592,0.21671430,1,0.16856925
5507,0,0.16888592,0.13073053,0,0.14678184
5517,0,0.16888592,0.09223034,0,0.15518291
5518,0,0.16888592,0.16551480,0,0.17239091
5538,1,0.16888592,0.16551480,0,0.17239091
5544,0,0.16888592,0.10176637,0,0.15434772
5559,0,0.16888592,0.04549329,0,0.12291616
5561,0,0.16888592,0.10534755,0,0.17862312
5566,0,0.16888592,0.32056027,1,0.20885310
5567,0,0.16888592,0.16527858,0,0.17592375
5569,0,0.16888592,0.16551480,0,0.17239091
5571,1,0.16888592,0.09327463,0,0.13704200
5573,0,0.16888592,0.07261478,0,0.12636211
5575,1,0.16888592,0.23828117,1,0.18256309
5578,0,0.16888592,0.00860765,0,0.04082672
5581,1,0.16888592,0.23858661,1,0.18264940
5588,0,0.16888592,0.22831976,1,0.15313738
5590,0,0.16888592,0.16551480,0,0.17239091
5596,0,0.16888592,0.08300188,0,0.17262432
5602,0,0.16888592,0.12830167,0,0.13032181
5622,0,0.16888592,0.06663801,0,0.15041370
5626,0,0.16888592,0.15937650,0,0.18249446
5638,0,0.16888592,0.21671430,1,0.16856925
5640,0,0.16888592,0.16551480,0,0.17239091
5642,0,0.16888592,0.18979604,1,0.17931470
5654,0,0.16888592,0.14271169,0,0.15571781
5656,0,0.16888592,0.06645442,0,0.13344003
5666,0,0.16888592,0.27315192,1,0.18712075
5673,0,0.16888592,0.16551480,0,0.17239091
5674,0,0.16888592,0.41901425,1,0.23886718
5677,0,0.16888592,0.00533437,0,0.05751326
5680,0,0.16888592,0.24957701,1,0.19033580
5687,0,0.16888592,0.18979604,1,0.17931470
5697,0,0.16888592,0.10406013,0,0.15539543
5700,0,0.16888592,0.11081162,0,0.15050329
5701,0,0.16888592,0.15277146,0,0.17589957
5703,0,0.16888592,0.11081162,0,0.15050329
5717,0,0.16888592,0.11973375,0,0.18366568
5719,0,0.16888592,0.14248959,0,0.18544661
5723,0,0.16888592,0.08074672,0,0.15258521
5728,0,0.16888592,0.21671430,1,0.16856925
5730,0,0.16888592,0.16551480,0,0.17239091
5738,0,0.16888592,0.02990800,0,0.11322318
5742,0,0.16888592,0.21083086,1,0.17653655
5744,0,0.16888592,0.16551480,0,0.17239091
5747,0,0.16888592,0.13637500,0,0.15571781
5748,0,0.16888592,0.12830167,0,0.13032181
5749,0,0.16888592,0.16551480,0,0.17239091
5752,0,0.16888592,0.12830167,0,0.13032181
5757,0,0.16888592,0.10176637,0,0.15434772
5774,0,0.16888592,0.27586448,1,0.19287224
5778,0,0.16888592,0.09500944,0,0.16065528
5781,0,0.16888592,0.11081162,0,0.15050329
5782,0,0.16888592,0.24636552,1,0.18735033
5783,1,0.16888592,0.44300708,1,0.22891258
5787,0,0.16888592,0.18183392,1,0.18654255
5789,0,0.16888592,0.22363221,1,0.18436576
5804,0,0.16888592,0.08782480,0,0.13225851
5808,0,0.16888592,0.18979604,1,0.17931470
5816,1,0.16888592,0.11181108,0,0.17947708
5819,0,0.16888592,0.16527858,0,0.17592375
5821,0,0.16888592,0.12757186,0,0.18436792
5837,1,0.16888592,0.18979604,1,0.17931470
5839,0,0.16888592,0.12830167,0,0.13032181
5845,0,0.16888592,0.15277146,0,0.17589957
5847,1,0.16888592,0.18979604,1,0.17931470
5849,1,0.16888592,0.25166902,1,0.18851831
5850,0,0.16888592,0.11081162,0,0.15050329
5856,0,0.16888592,0.11081162,0,0.15050329
5867,0,0.16888592,0.15212735,0,0.17925920
5868,1,0.16888592,0.58043639,1,0.38763497
5869,0,0.16888592,0.18979604,1,0.17931470
5872,1,0.16888592,0.14814401,0,0.16239025
5878,0,0.16888592,0.11081162,0,0.15050329
5882,0,0.16888592,0.14147888,0,0.17963481
5887,0,0.16888592,0.06276625,0,0.15197687
5889,1,0.16888592,0.48004180,1,0.26616025
5892,0,0.16888592,0.16527858,0,0.17592375
5893,0,0.16888592,0.09399306,0,0.13506502
5897,0,0.16888592,0.10186165,0,0.13688287
5898,0,0.16888592,0.30088442,1,0.17732902
5899,0,0.16888592,0.11081162,0,0.15050329
5906,0,0.16888592,0.06884176,0,0.14901578
5907,0,0.16888592,0.11406328,0,0.17902984
5908,0,0.16888592,0.25887247,1,0.19489917
5911,0,0.16888592,0.15277146,0,0.17589957
5920,0,0.16888592,0.16551480,0,0.17239091
5926,0,0.16888592,0.22959576,1,0.15615838
5930,0,0.16888592,0.16551480,0,0.17239091
5944,0,0.16888592,0.16551480,0,0.17239091
5949,0,0.16888592,0.16551480,0,0.17239091
5952,0,0.16888592,0.17790318,1,0.21504118
5963,0,0.16888592,0.00570162,0,0.01743081
5964,0,0.16888592,0.26883669,1,0.21814919
5969,0,0.16888592,0.11081162,0,0.15050329
5971,0,0.16888592,0.16449349,0,0.16100028
5974,1,0.16888592,0.35383276,1,0.26706643
5984,0,0.16888592,0.29418928,1,0.19326222
5986,0,0.16888592,0.14188381,0,0.15646961
5991,0,0.16888592,0.18979604,1,0.17931470
5997,0,0.16888592,0.18979604,1,0.17931470
6002,0,0.16888592,0.04769526,0,0.14031678
6007,0,0.16888592,0.11081162,0,0.15050329
6016,0,0.16888592,0.07977647,0,0.15518962
6020,0,0.16888592,0.12926867,0,0.16224689
6025,0,0.16888592,0.09014668,0,0.13217840
6027,0,0.16888592,0.30053538,1,0.18810455
6030,0,0.16888592,0.11081162,0,0.15050329
6059,0,0.16888592,0.16551480,0,0.17239091
6066,0,0.16888592,0.15277146,0,0.17589957
6069,0,0.16888592,0.18979604,1,0.17931470
6070,0,0.16888592,0.16551480,0,0.17239091
6075,0,0.16888592,0.02990800,0,0.11322318
6078,0,0.16888592,0.18953304,1,0.18284755
6084,0,0.16888592,0.05568089,0,0.15165808
6086,0,0.16888592,0.12830167,0,0.13032181
6091,0,0.16888592,0.16551480,0,0.17239091
6099,0,0.16888592,0.23563171,1,0.18703030
6103,1,0.16888592,0.23833922,1,0.18436576
6107,1,0.16888592,0.21671430,1,0.16856925
6112,0,0.16888592,0.29205614,1,0.18361749
6118,0,0.16888592,0.15047989,0,0.18118169
6138,0,0.16888592,0.21000083,1,0.18196844
6140,1,0.16888592,0.22863926,1,0.16665834
6145,0,0.16888592,0.16148141,0,0.18755737
6146,0,0.16888592,0.21671430,1,0.16856925
6149,0,0.16888592,0.25414735,1,0.19466587
6153,0,0.16888592,0.27586448,1,0.19287224
6154,0,0.16888592,0.18207279,1,0.17744196
6157,0,0.16888592,0.07261478,0,0.12636211
6161,0,0.16888592,0.11081162,0,0.15050329
6168,0,0.16888592,0.16551480,0,0.17239091
6177,0,0.16888592,0.13287606,0,0.15551076
6182,0,0.16888592,0.31786523,1,0.19278210
6196,0,0.16888592,0.11081162,0,0.15050329
6203,1,0.16888592,0.16551480,0,0.17239091
6204,0,0.16888592,0.11081162,0,0.15050329
6205,0,0.16888592,0.11081162,0,0.15050329
6209,0,0.16888592,0.11081162,0,0.15050329
6219,0,0.16888592,0.18979604,1,0.17931470
6220,0,0.16888592,0.12830167,0,0.13032181
6221,1,0.16888592,0.12830167,0,0.13032181
6222,1,0.16888592,0.07931399,0,0.18248521
6233,1,0.16888592,0.18979604,1,0.17931470
6235,0,0.16888592,0.15057333,0,0.17394405
6239,0,0.16888592,0.21671430,1,0.16856925
6240,0,0.16888592,0.21671430,1,0.16856925
6241,0,0.16888592,0.11081162,0,0.15050329
6250,1,0.16888592,0.18979604,1,0.17931470
6257,1,0.16888592,0.18979604,1,0.17931470
6261,0,0.16888592,0.18979604,1,0.17931470
6263,1,0.16888592,0.18979604,1,0.17931470
6276,1,0.16888592,0.16551480,0,0.17239091
6278,0,0.16888592,0.18979604,1,0.17931470
6279,0,0.16888592,0.21671430,1,0.16856925
6280,0,0.16888592,0.20433820,1,0.17744196
6284,1,0.16888592,0.34513946,1,0.20580241
6290,0,0.16888592,0.17867156,1,0.17161462
6291,1,0.16888592,0.24572364,1,0.19008284
6292,0,0.16888592,0.18979604,1,0.17931470
6293,0,0.16888592,0.16551480,0,0.17239091
6294,0,0.16888592,0.21487811,1,0.17744196
6295,0,0.16888592,0.18979604,1,0.17931470
6299,0,0.16888592,0.12830167,0,0.13032181
6300,0,0.16888592,0.13818228,0,0.17330253
6305,0,0.16888592,0.10248144,0,0.14134581
6306,0,0.16888592,0.19153034,1,0.20430672
6307,0,0.16888592,0.21671430,1,0.16856925
6311,0,0.16888592,0.16527858,0,0.17592375
6318,1,0.16888592,0.14226242,0,0.18111174
6334,0,0.16888592,0.12830167,0,0.13032181
6338,0,0.16888592,0.12830167,0,0.13032181
6343,0,0.16888592,0.11081162,0,0.15050329
6344,0,0.16888592,0.27011767,1,0.18775725
6345,0,0.16888592,0.16551480,0,0.17239091
6346,0,0.16888592,0.16736438,0,0.15795785
6347,0,0.16888592,0.07743373,0,0.12414818
6350,0,0.16888592,0.00570162,0,0.01743081
6354,0,0.16888592,0.13073053,0,0.14678184
6357,1,0.16888592,0.16551480,0,0.17239091
6358,0,0.16888592,0.20133341,1,0.18268504
6365,0,0.16888592,0.05820935,0,0.15119660
6369,0,0.16888592,0.16527858,0,0.17592375
6370,0,0.16888592,0.04437723,0,0.18690621
6387,0,0.16888592,0.11784333,0,0.17258838
6390,1,0.16888592,0.11081162,0,0.15050329
6401,0,0.16888592,0.27586448,1,0.19287224
6405,0,0.16888592,0.13041884,0,0.17425789
6409,0,0.16888592,0.05331478,0,0.18042253
6418,1,0.16888592,0.16527858,0,0.17592375
6431,0,0.16888592,0.18979604,1,0.17931470
6432,0,0.16888592,0.11081162,0,0.15050329
6434,1,0.16888592,0.42494857,1,0.32002221
6455,0,0.16888592,0.11081162,0,0.15050329
6467,0,0.16888592,0.11081162,0,0.15050329
6470,0,0.16888592,0.07261478,0,0.12636211
6471,0,0.16888592,0.07873377,0,0.16244392
6473,0,0.16888592,0.16551480,0,0.17239091
6474,0,0.16888592,0.07261478,0,0.12636211
6482,1,0.16888592,0.12593329,0,0.14912537
6488,1,0.16888592,0.43691064,1,0.20359870
6489,0,0.16888592,0.18979604,1,0.17931470
6491,0,0.16888592,0.16551480,0,0.17239091
6497,0,0.16888592,0.18979604,1,0.17931470
6500,0,0.16888592,0.16551480,0,0.17239091
6501,0,0.16888592,0.12830167,0,0.13032181
6505,0,0.16888592,0.55378868,1,0.25327186
6508,1,0.16888592,0.21678357,1,0.18154393
6509,0,0.16888592,0.18979604,1,0.17931470
6513,0,0.16888592,0.16069686,0,0.17782361
6519,0,0.16888592,0.18979604,1,0.17931470
6520,0,0.16888592,0.22162437,1,0.15342534
6521,1,0.16888592,0.14782600,0,0.17394405
6522,0,0.16888592,0.05568089,0,0.15165808
6525,0,0.16888592,0.25172885,1,0.22238518
6526,0,0.16888592,0.12830167,0,0.13032181
6527,0,0.16888592,0.07329813,0,0.13210767
6531,0,0.16888592,0.10176637,0,0.15434772
6533,0,0.16888592,0.21671430,1,0.16856925
6540,0,0.16888592,0.07261478,0,0.12636211
6546,0,0.16888592,0.18979604,1,0.17931470
6551,0,0.16888592,0.10176637,0,0.15434772
6553,0,0.16888592,0.18979604,1,0.17931470
6554,0,0.16888592,0.11081162,0,0.15050329
6559,0,0.16888592,0.18953304,1,0.18284755
6562,0,0.16888592,0.15714810,0,0.15571781
6565,0,0.16888592,0.12830167,0,0.13032181
6570,0,0.16888592,0.16527858,0,0.17592375
6582,0,0.16888592,0.23858661,1,0.18264940
6583,0,0.16888592,0.18979604,1,0.17931470
6589,1,0.16888592,0.18953304,1,0.18284755
6597,0,0.16888592,0.18979604,1,0.17931470
6605,1,0.16888592,0.13424932,0,0.17969081
6607,0,0.16888592,0.43317677,1,0.17970732
6609,1,0.16888592,0.21671430,1,0.16856925
6613,0,0.16888592,0.18979604,1,0.17931470
6619,1,0.16888592,0.31688110,1,0.18779273
6627,0,0.16888592,0.03879519,0,0.15280966
6633,0,0.16888592,0.07261478,0,0.12636211
6647,0,0.16888592,0.26978617,1,0.18876052
6649,0,0.16888592,0.11081162,0,0.15050329
6653,0,0.16888592,0.11081162,0,0.15050329
6655,0,0.16888592,0.11081162,0,0.15050329
6664,0,0.16888592,0.18979604,1,0.17931470
6668,0,0.16888592,0.67776168,1,0.46894729
6676,0,0.16888592,0.12816733,0,0.17941328
6681,1,0.16888592,0.18979604,1,0.17931470
6683,1,0.16888592,0.07632155,0,0.15294895
6696,0,0.16888592,0.16551480,0,0.17239091
6697,0,0.16888592,0.28959962,1,0.21863884
6702,0,0.16888592,0.18489773,1,0.17744196
6704,0,0.16888592,0.11081162,0,0.15050329
6705,1,0.16888592,0.50722637,1,0.36585466
6706,0,0.16888592,0.21671430,1,0.16856925
6707,0,0.16888592,0.05381096,0,0.14591884
6711,0,0.16888592,0.24847010,1,0.16114667
6715,1,0.16888592,0.18979604,1,0.17931470
6718,1,0.16888592,0.07642648,0,0.15528448
6722,0,0.16888592,0.28591443,1,0.18459375
6725,0,0.16888592,0.12811042,0,0.13552379
6732,1,0.16888592,0.15277146,0,0.17589957
6733,0,0.16888592,0.21671430,1,0.16856925
6736,0,0.16888592,0.23893958,1,0.18889224
6743,0,0.16888592,0.16527858,0,0.17592375
6746,1,0.16888592,0.30605330,1,0.17655670
6752,0,0.16888592,0.18953304,1,0.18284755
6755,0,0.16888592,0.13287606,0,0.15551076
6761,0,0.16888592,0.11064312,0,0.15404680
6768,0,0.16888592,0.07923107,0,0.14660845
6773,1,0.16888592,0.47082487,1,0.26565765
6775,0,0.16888592,0.19510081,1,0.18436576
6786,1,0.16888592,0.19547628,1,0.12576677
6787,0,0.16888592,0.16527858,0,0.17592375
6788,0,0.16888592,0.21676463,1,0.18298544
6791,1,0.16888592,0.17821753,1,0.16981083
6798,0,0.16888592,0.12830167,0,0.13032181
6801,0,0.16888592,0.14226570,0,0.15715989
6806,1,0.16888592,0.16551480,0,0.17239091
6809,1,0.16888592,0.18979604,1,0.17931470
6812,1,0.16888592,0.10616673,0,0.18670801
6819,0,0.16888592,0.20433820,1,0.17744196
6825,0,0.16888592,0.18979604,1,0.17931470
6833,0,0.16888592,0.16551480,0,0.17239091
6845,0,0.16888592,0.07261478,0,0.12636211
6847,0,0.16888592,0.11081162,0,0.15050329
6853,1,0.16888592,0.42494857,1,0.32002221
6855,1,0.16888592,0.21671430,1,0.16856925
6868,0,0.16888592,0.37345092,1,0.24132276
6872,0,0.16888592,0.11081162,0,0.15050329
6873,1,0.16888592,0.18979604,1,0.17931470
6877,0,0.16888592,0.11081162,0,0.15050329
6879,0,0.16888592,0.18979604,1,0.17931470
6886,0,0.16888592,0.07261478,0,0.12636211
6888,0,0.16888592,0.19943089,1,0.17735353
6891,0,0.16888592,0.18979604,1,0.17931470
6897,1,0.16888592,0.18979604,1,0.17931470
6901,0,0.16888592,0.15895547,0,0.18310961
6910,0,0.16888592,0.15047989,0,0.18118169
6912,1,0.16888592,0.11921270,0,0.15403488
6920,0,0.16888592,0.11081162,0,0.15050329
6921,0,0.16888592,0.31565781,1,0.17592739
6926,0,0.16888592,0.31675983,1,0.19136769
6928,0,0.16888592,0.10971658,0,0.13344561
6938,0,0.16888592,0.06162429,0,0.12562430
6945,0,0.16888592,0.16551480,0,0.17239091
6956,0,0.16888592,0.18979604,1,0.17931470
6963,1,0.16888592,0.21678357,1,0.18154393
6966,0,0.16888592,0.21671430,1,0.16856925
6976,0,0.16888592,0.07115206,0,0.13880894
6978,0,0.16888592,0.21671430,1,0.16856925
6983,0,0.16888592,0.42457867,1,0.27308405
6984,1,0.16888592,0.25172885,1,0.22238518
6997,1,0.16888592,0.18979604,1,0.17931470
6998,1,0.16888592,0.21671430,1,0.16856925
6999,0,0.16888592,0.17557658,1,0.18267720
7003,0,0.16888592,0.11081162,0,0.15050329
7015,0,0.16888592,0.11081162,0,0.15050329
7018,0,0.16888592,0.08380243,0,0.17089520
7023,0,0.16888592,0.47249085,1,0.33463488
7025,0,0.16888592,0.10176637,0,0.15434772
7045,0,0.16888592,0.40117438,1,0.21997919
7053,0,0.16888592,0.12830167,0,0.13032181
7054,1,0.16888592,0.17557658,1,0.18267720
7077,0,0.16888592,0.11081162,0,0.15050329
7079,0,0.16888592,0.21671430,1,0.16856925
7080,0,0.16888592,0.16551480,0,0.17239091
7095,1,0.16888592,0.18979604,1,0.17931470
7107,0,0.16888592,0.18979604,1,0.17931470
7115,0,0.16888592,0.20884941,1,0.17823715
7126,1,0.16888592,0.11064312,0,0.15404680
7128,0,0.16888592,0.08656158,0,0.15307036
7129,0,0.16888592,0.21671430,1,0.16856925
7139,0,0.16888592,0.11081162,0,0.15050329
7142,0,0.16888592,0.18979604,1,0.17931470
7144,0,0.16888592,0.18979604,1,0.17931470
7148,0,0.16888592,0.16551480,0,0.17239091
7155,0,0.16888592,0.07249963,0,0.13120452
7159,0,0.16888592,0.18979604,1,0.17931470
7163,0,0.16888592,0.11064312,0,0.15404680
7164,1,0.16888592,0.16527858,0,0.17592375
7165,0,0.16888592,0.12830167,0,0.13032181
7166,0,0.16888592,0.12830167,0,0.13032181
7169,0,0.16888592,0.07261478,0,0.12636211
7178,1,0.16888592,0.13289100,0,0.17823715
7180,0,0.16888592,0.16670688,0,0.17307704
7182,0,0.16888592,0.19112295,1,0.17957629
7183,0,0.16888592,0.18979604,1,0.17931470
7184,0,0.16888592,0.21671430,1,0.16856925
7187,0,0.16888592,0.21671430,1,0.16856925
7200,0,0.16888592,0.11081162,0,0.15050329
7201,0,0.16888592,0.18979604,1,0.17931470
7216,0,0.16888592,0.05661656,0,0.12344332
7226,0,0.16888592,0.21671430,1,0.16856925
7227,1,0.16888592,0.15069264,0,0.15585262
7230,0,0.16888592,0.21671430,1,0.16856925
7233,0,0.16888592,0.13621114,0,0.15673293
7236,0,0.16888592,0.21671430,1,0.16856925
7237,0,0.16888592,0.07261478,0,0.12636211
7239,0,0.16888592,0.42457867,1,0.27308405
7245,0,0.16888592,0.08886435,0,0.15873661
7248,0,0.16888592,0.29731673,1,0.20831180
7252,0,0.16888592,0.17268247,0,0.18436576
7253,0,0.16888592,0.16551480,0,0.17239091
7256,0,0.16888592,0.20032726,1,0.17744196
7260,0,0.16888592,0.39273848,1,0.24290558
7273,0,0.16888592,0.16551480,0,0.17239091
7275,1,0.16888592,0.18979604,1,0.17931470
7278,0,0.16888592,0.14050105,0,0.15436499
7285,0,0.16888592,0.23547786,1,0.17976346
7293,1,0.16888592,0.24636552,1,0.18735033
7294,0,0.16888592,0.07249963,0,0.13120452
7296,0,0.16888592,0.17028355,0,0.17939016
7304,0,0.16888592,0.08363871,0,0.18345204
7307,0,0.16888592,0.21671430,1,0.16856925
7308,0,0.16888592,0.06432556,0,0.12103601
7310,0,0.16888592,0.11081162,0,0.15050329
7312,1,0.16888592,0.19489362,1,0.15848537
7322,1,0.16888592,0.16551480,0,0.17239091
7328,0,0.16888592,0.21671430,1,0.16856925
7337,0,0.16888592,0.18979604,1,0.17931470
7338,0,0.16888592,0.16551480,0,0.17239091
7341,0,0.16888592,0.12830167,0,0.13032181
7344,0,0.16888592,0.20698462,1,0.18010650
7366,0,0.16888592,0.18979604,1,0.17931470
7370,0,0.16888592,0.16551480,0,0.17239091
7372,0,0.16888592,0.07261478,0,0.12636211
7374,0,0.16888592,0.16527858,0,0.17592375
7384,0,0.16888592,0.05602542,0,0.15313871
7401,1,0.16888592,0.18979604,1,0.17931470
7402,0,0.16888592,0.32056027,1,0.20885310
7408,1,0.16888592,0.24757340,1,0.18436576
7414,1,0.16888592,0.21671430,1,0.16856925
7418,0,0.16888592,0.15133842,0,0.18843321
7437,0,0.16888592,0.07249963,0,0.13120452
7451,0,0.16888592,0.21671430,1,0.16856925
7453,0,0.16888592,0.16527858,0,0.17592375
7462,0,0.16888592,0.21671430,1,0.16856925
7463,0,0.16888592,0.11081162,0,0.15050329
7464,0,0.16888592,0.18979604,1,0.17931470
7469,0,0.16888592,0.10176637,0,0.15434772
7470,0,0.16888592,0.20084730,1,0.17744196
7491,1,0.16888592,0.67069649,1,0.28012039
7502,0,0.16888592,0.11081162,0,0.15050329
7512,0,0.16888592,0.06801253,0,0.13005875
7515,0,0.16888592,0.02990800,0,0.11322318
7519,0,0.16888592,0.12830167,0,0.13032181
7522,0,0.16888592,0.16551480,0,0.17239091
7529,0,0.16888592,0.11181108,0,0.17947708
7535,0,0.16888592,0.07261478,0,0.12636211
7536,0,0.16888592,0.18979604,1,0.17931470
7539,0,0.16888592,0.15277146,0,0.17589957
7543,0,0.16888592,0.28653136,1,0.19391718
7552,1,0.16888592,0.18442751,1,0.18240332
7553,0,0.16888592,0.24237550,1,0.17963967
7554,0,0.16888592,0.21642397,1,0.17503848
7562,0,0.16888592,0.19865192,1,0.16313404
7563,0,0.16888592,0.16527858,0,0.17592375
7564,0,0.16888592,0.11081162,0,0.15050329
7565,1,0.16888592,0.18979604,1,0.17931470
7581,1,0.16888592,0.21671430,1,0.16856925
7593,0,0.16888592,0.14188381,0,0.15646961
7601,1,0.16888592,0.25166902,1,0.18851831
7611,0,0.16888592,0.11081162,0,0.15050329
7616,0,0.16888592,0.16187722,0,0.18178340
7625,0,0.16888592,0.12781651,0,0.15983825
7627,0,0.16888592,0.18979604,1,0.17931470
7633,0,0.16888592,0.37557354,1,0.26565977
7636,1,0.16888592,0.24177895,1,0.17394405
7640,0,0.16888592,0.16551480,0,0.17239091
7645,0,0.16888592,0.16551480,0,0.17239091
7651,0,0.16888592,0.21671430,1,0.16856925
7653,0,0.16888592,0.11081162,0,0.15050329
7656,0,0.16888592,0.37971503,1,0.21521564
7661,0,0.16888592,0.16551480,0,0.17239091
7662,0,0.16888592,0.17557658,1,0.18267720
7672,0,0.16888592,0.24237550,1,0.17963967
7676,0,0.16888592,0.11064312,0,0.15404680
7683,0,0.16888592,0.02562139,0,0.13354067
7689,0,0.16888592,0.18979604,1,0.17931470
7691,0,0.16888592,0.12265537,0,0.17628633
7705,0,0.16888592,0.07928540,0,0.12636120
7713,1,0.16888592,0.15348976,0,0.18971208
7717,0,0.16888592,0.27586448,1,0.19287224
7722,0,0.16888592,0.07261478,0,0.12636211
7729,0,0.16888592,0.18979604,1,0.17931470
7734,0,0.16888592,0.07865012,0,0.15528448
7737,0,0.16888592,0.11081162,0,0.15050329
7739,0,0.16888592,0.18979604,1,0.17931470
7752,0,0.16888592,0.11007144,0,0.17271746
7758,1,0.16888592,0.35604730,1,0.19466587
7768,0,0.16888592,0.11081162,0,0.15050329
7769,0,0.16888592,0.11081162,0,0.15050329
7774,0,0.16888592,0.12830167,0,0.13032181
7778,0,0.16888592,0.11081162,0,0.15050329
7782,0,0.16888592,0.07080293,0,0.13444117
7796,0,0.16888592,0.18979604,1,0.17931470
7807,0,0.16888592,0.18979604,1,0.17931470
7808,0,0.16888592,0.46955920,1,0.20107455
7811,0,0.16888592,0.18186558,1,0.18436576
7816,0,0.16888592,0.21671430,1,0.16856925
7826,0,0.16888592,0.11081162,0,0.15050329
7846,0,0.16888592,0.11081162,0,0.15050329
7848,0,0.16888592,0.11064312,0,0.15404680
7859,0,0.16888592,0.20390693,1,0.16592001
7860,0,0.16888592,0.23176569,1,0.17970732
7868,0,0.16888592,0.20698462,1,0.18010650
7870,0,0.16888592,0.09188807,0,0.15761593
7874,0,0.16888592,0.13041884,0,0.17425789
7888,1,0.16888592,0.11081162,0,0.15050329
7889,0,0.16888592,0.18979604,1,0.17931470
7900,0,0.16888592,0.38319378,1,0.26994143
7903,0,0.16888592,0.18979604,1,0.17931470
7905,0,0.16888592,0.27422695,1,0.19098074
7906,1,0.16888592,0.18979604,1,0.17931470
7910,1,0.16888592,0.25702772,1,0.19899603
7912,0,0.16888592,0.22824358,1,0.18907239
7916,0,0.16888592,0.14253814,0,0.16161856
7921,0,0.16888592,0.38060619,1,0.15563818
7922,0,0.16888592,0.23787858,1,0.18388712
7925,0,0.16888592,0.11150369,0,0.15571781
7928,0,0.16888592,0.18046737,1,0.13704200
7929,0,0.16888592,0.11637673,0,0.17965676
7931,0,0.16888592,0.16527858,0,0.17592375
7933,0,0.16888592,0.18979604,1,0.17931470
7934,0,0.16888592,0.11181108,0,0.17947708
7937,0,0.16888592,0.12830167,0,0.13032181
7941,0,0.16888592,0.05684162,0,0.12638954
7946,0,0.16888592,0.31245746,1,0.20321061
7948,1,0.16888592,0.11024444,0,0.17947801
7955,0,0.16888592,0.11081162,0,0.15050329
7960,0,0.16888592,0.12830167,0,0.13032181
7962,0,0.16888592,0.16551480,0,0.17239091
7965,0,0.16888592,0.11801825,0,0.13885794
7967,1,0.16888592,0.14147888,0,0.17963481
7986,0,0.16888592,0.11081162,0,0.15050329
7988,1,0.16888592,0.09003942,0,0.17698200
7990,0,0.16888592,0.11081162,0,0.15050329
8003,1,0.16888592,0.18979604,1,0.17931470
8009,0,0.16888592,0.19606976,1,0.17744196
8020,0,0.16888592,0.18979604,1,0.17931470
8025,0,0.16888592,0.10176637,0,0.15434772
8038,1,0.16888592,0.15277146,0,0.17589957
8044,0,0.16888592,0.07261478,0,0.12636211
8056,0,0.16888592,0.18979604,1,0.17931470
8064,0,0.16888592,0.18979604,1,0.17931470
8068,0,0.16888592,0.16527858,0,0.17592375
8079,1,0.16888592,0.26956963,1,0.18039224
8081,0,0.16888592,0.04974987,0,0.17744196
8091,0,0.16888592,0.16551480,0,0.17239091
8093,0,0.16888592,0.16527858,0,0.17592375
8103,0,0.16888592,0.07249963,0,0.13120452
8105,0,0.16888592,0.16551480,0,0.17239091
8110,0,0.16888592,0.18714910,1,0.18436576
8118,1,0.16888592,0.18979604,1,0.17931470
8119,0,0.16888592,0.11081162,0,0.15050329
8121,0,0.16888592,0.10176637,0,0.15434772
8123,0,0.16888592,0.10176637,0,0.15434772
8124,0,0.16888592,0.20698462,1,0.18010650
8129,0,0.16888592,0.15277146,0,0.17589957
8134,0,0.16888592,0.16551480,0,0.17239091
8143,0,0.16888592,0.11081162,0,0.15050329
8146,1,0.16888592,0.18979604,1,0.17931470
8155,0,0.16888592,0.12830167,0,0.13032181
8157,0,0.16888592,0.12956392,0,0.18906109
8162,0,0.16888592,0.16527858,0,0.17592375
8163,1,0.16888592,0.18979604,1,0.17931470
8174,0,0.16888592,0.23858661,1,0.18264940
8180,1,0.16888592,0.43691064,1,0.20359870
8181,0,0.16888592,0.18979604,1,0.17931470
8185,0,0.16888592,0.00533437,0,0.05751326
8187,0,0.16888592,0.21678357,1,0.18154393
8189,0,0.16888592,0.18979604,1,0.17931470
8196,0,0.16888592,0.21000083,1,0.18196844
8197,0,0.16888592,0.58043639,1,0.38763497
8209,1,0.16888592,0.18186558,1,0.18436576
8210,0,0.16888592,0.12830167,0,0.13032181
8213,0,0.16888592,0.12926867,0,0.16224689
8214,0,0.16888592,0.12830167,0,0.13032181
8231,0,0.16888592,0.20921826,1,0.18164249
8232,0,0.16888592,0.16551480,0,0.17239091
8246,0,0.16888592,0.07261478,0,0.12636211
8255,0,0.16888592,0.11081162,0,0.15050329
8258,0,0.16888592,0.21862820,1,0.21861754
8272,0,0.16888592,0.18979604,1,0.17931470
8275,0,0.16888592,0.11559120,0,0.17700183
8276,0,0.16888592,0.24904595,1,0.16643836
8282,0,0.16888592,0.18979604,1,0.17931470
8285,0,0.16888592,0.00570162,0,0.01743081
8294,0,0.16888592,0.12830167,0,0.13032181
8305,0,0.16888592,0.15285833,0,0.15441253
8312,0,0.16888592,0.18979604,1,0.17931470
8313,1,0.16888592,0.14814401,0,0.16239025
8314,0,0.16888592,0.07261478,0,0.12636211
8324,0,0.16888592,0.23828117,1,0.18256309
8337,0,0.16888592,0.18979604,1,0.17931470
8340,0,0.16888592,0.16313830,0,0.17744196
8345,0,0.16888592,0.11064312,0,0.15404680
8346,1,0.16888592,0.11064312,0,0.15404680
8354,0,0.16888592,0.04675766,0,0.14923460
8355,0,0.16888592,0.12830167,0,0.13032181
8356,0,0.16888592,0.11081162,0,0.15050329
8367,1,0.16888592,0.07049267,0,0.15049954
8370,0,0.16888592,0.16551480,0,0.17239091
8380,0,0.16888592,0.09341404,0,0.13364414
8382,0,0.16888592,0.11081162,0,0.15050329
8383,1,0.16888592,0.16551480,0,0.17239091
8390,0,0.16888592,0.08120969,0,0.15529178
8396,0,0.16888592,0.12830167,0,0.13032181
8401,0,0.16888592,0.11081162,0,0.15050329
8402,0,0.16888592,0.11064312,0,0.15404680
8404,0,0.16888592,0.11081162,0,0.15050329
8412,0,0.16888592,0.18979604,1,0.17931470
8414,1,0.16888592,0.26224698,1,0.20981507
8415,0,0.16888592,0.11213205,0,0.13680831
8427,0,0.16888592,0.15277146,0,0.17589957
8428,0,0.16888592,0.14012568,0,0.17989280
8431,0,0.16888592,0.12830167,0,0.13032181
8433,0,0.16888592,0.16551480,0,0.17239091
8434,0,0.16888592,0.21862820,1,0.21861754
8436,0,0.16888592,0.19703325,1,0.13098029
8437,1,0.16888592,0.16551480,0,0.17239091
8438,0,0.16888592,0.09111256,0,0.17591003
8440,0,0.16888592,0.11081162,0,0.15050329
8442,0,0.16888592,0.25333290,1,0.17647533
8443,0,0.16888592,0.00656143,0,0.06314350
8453,0,0.16888592,0.17557658,1,0.18267720
8456,0,0.16888592,0.15312138,0,0.17411010
8475,0,0.16888592,0.18979604,1,0.17931470
8477,0,0.16888592,0.25659390,1,0.20818714
8479,0,0.16888592,0.31889649,1,0.18132488
8492,0,0.16888592,0.21671430,1,0.16856925
8500,0,0.16888592,0.16527858,0,0.17592375
8506,0,0.16888592,0.10176637,0,0.15434772
8517,0,0.16888592,0.16551480,0,0.17239091
8527,0,0.16888592,0.11081162,0,0.15050329
8529,0,0.16888592,0.18999260,1,0.18350496
8530,0,0.16888592,0.16551480,0,0.17239091
8532,0,0.16888592,0.16551480,0,0.17239091
8536,0,0.16888592,0.03659652,0,0.14684182
8546,0,0.16888592,0.12830167,0,0.13032181
8547,0,0.16888592,0.07261478,0,0.12636211
8553,0,0.16888592,0.18979604,1,0.17931470
8554,0,0.16888592,0.12830167,0,0.13032181
8560,0,0.16888592,0.16551480,0,0.17239091
8566,0,0.16888592,0.23858661,1,0.18264940
8573,0,0.16888592,0.11081162,0,0.15050329
8574,0,0.16888592,0.18979604,1,0.17931470
8575,0,0.16888592,0.30855940,1,0.17838266
8579,0,0.16888592,0.12830167,0,0.13032181
8583,0,0.16888592,0.11081162,0,0.15050329
8588,0,0.16888592,0.07261478,0,0.12636211
8591,0,0.16888592,0.01445145,0,0.09170776
8593,0,0.16888592,0.55348300,1,0.31907096
8595,0,0.16888592,0.18979604,1,0.17931470
8599,0,0.16888592,0.21671430,1,0.16856925
8604,0,0.16888592,0.16551480,0,0.17239091
8606,0,0.16888592,0.58043639,1,0.38763497
8613,0,0.16888592,0.21671430,1,0.16856925
8617,0,0.16888592,0.04550993,0,0.15089939
8619,0,0.16888592,0.18604883,1,0.16027107
8628,1,0.16888592,0.16527858,0,0.17592375
8639,0,0.16888592,0.18979604,1,0.17931470
8644,0,0.16888592,0.15840055,0,0.17744196
8664,0,0.16888592,0.14812993,0,0.13792410
8665,0,0.16888592,0.27728626,1,0.18531692
8667,0,0.16888592,0.16551480,0,0.17239091
8669,0,0.16888592,0.10885112,0,0.15754388
8671,0,0.16888592,0.07261478,0,0.12636211
8681,0,0.16888592,0.11081162,0,0.15050329
8685,0,0.16888592,0.26550962,1,0.19419025
8692,0,0.16888592,0.11081162,0,0.15050329
8695,0,0.16888592,0.23563171,1,0.18703030
8700,0,0.16888592,0.24957701,1,0.19033580
8709,0,0.16888592,0.10227380,0,0.15645173
8713,0,0.16888592,0.35214813,1,0.16886138
8730,0,0.16888592,0.11064312,0,0.15404680
8731,0,0.16888592,0.12429283,0,0.13581096
8742,0,0.16888592,0.09205113,0,0.13330440
8747,0,0.16888592,0.13623156,0,0.15715989
8749,0,0.16888592,0.21671430,1,0.16856925
8751,1,0.16888592,0.23828117,1,0.18256309
8760,0,0.16888592,0.18979604,1,0.17931470
8765,0,0.16888592,0.25010781,1,0.18436576
8766,0,0.16888592,0.32988498,1,0.19856868
8776,0,0.16888592,0.33540058,1,0.23694381
8777,0,0.16888592,0.11081162,0,0.15050329
8778,0,0.16888592,0.18979604,1,0.17931470
8780,0,0.16888592,0.18979604,1,0.17931470
8784,0,0.16888592,0.12830167,0,0.13032181
8798,0,0.16888592,0.16527858,0,0.17592375
8799,0,0.16888592,0.08082579,0,0.12910519
8801,0,0.16888592,0.18953304,1,0.18284755
8804,0,0.16888592,0.25803790,1,0.19200181
8806,1,0.16888592,0.14171686,0,0.18321013
8815,0,0.16888592,0.40117438,1,0.21997919
8818,0,0.16888592,0.03540549,0,0.14646242
8819,0,0.16888592,0.12830167,0,0.13032181
8821,0,0.16888592,0.15787217,0,0.18441476
8822,0,0.16888592,0.14171686,0,0.18321013
8831,0,0.16888592,0.27422695,1,0.19098074
8837,0,0.16888592,0.07261478,0,0.12636211
8838,1,0.16888592,0.16551480,0,0.17239091
8845,0,0.16888592,0.13443901,0,0.17177425
8849,0,0.16888592,0.07847974,0,0.12636120
8852,0,0.16888592,0.32700294,1,0.23952211
8860,0,0.16888592,0.18979604,1,0.17931470
8862,0,0.16888592,0.18979604,1,0.17931470
8882,0,0.16888592,0.18979604,1,0.17931470
8886,0,0.16888592,0.18979604,1,0.17931470
8887,0,0.16888592,0.12830167,0,0.13032181
8894,0,0.16888592,0.00533437,0,0.05751326
8896,0,0.16888592,0.11064312,0,0.15404680
8904,1,0.16888592,0.18979604,1,0.17931470
8909,0,0.16888592,0.18979604,1,0.17931470
8910,1,0.16888592,0.17557658,1,0.18267720
8912,0,0.16888592,0.18979604,1,0.17931470
8918,0,0.16888592,0.18979604,1,0.17931470
8933,0,0.16888592,0.00570162,0,0.01743081
8940,0,0.16888592,0.11081162,0,0.15050329
8947,0,0.16888592,0.42494857,1,0.32002221
8948,0,0.16888592,0.34137419,1,0.24539980
8951,0,0.16888592,0.45157884,1,0.27725090
8952,0,0.16888592,0.16551480,0,0.17239091
8954,0,0.16888592,0.16527858,0,0.17592375
8973,0,0.16888592,0.04937290,0,0.15397101
8982,0,0.16888592,0.12830167,0,0.13032181
8983,1,0.16888592,0.10609234,0,0.13641886
8992,0,0.16888592,0.19101747,1,0.13979700
8994,0,0.16888592,0.18979604,1,0.17931470
9005,0,0.16888592,0.07261478,0,0.12636211
9006,0,0.16888592,0.16551480,0,0.17239091
9008,0,0.16888592,0.16551480,0,0.17239091
9009,0,0.16888592,0.14814401,0,0.16239025
9010,0,0.16888592,0.87456676,1,0.67213027
9012,0,0.16888592,0.05363379,0,0.17226907
9013,0,0.16888592,0.07154778,0,0.13592744
9020,0,0.16888592,0.10594238,0,0.17450275
9024,0,0.16888592,0.21671430,1,0.16856925
9028,0,0.16888592,0.11081162,0,0.15050329
9030,0,0.16888592,0.18979604,1,0.17931470
9031,0,0.16888592,0.11081162,0,0.15050329
9037,0,0.16888592,0.03952166,0,0.14618850
9040,0,0.16888592,0.11081162,0,0.15050329
9048,0,0.16888592,0.14814401,0,0.16239025
9059,1,0.16888592,0.21671430,1,0.16856925
9060,1,0.16888592,0.16527858,0,0.17592375
9068,0,0.16888592,0.11081162,0,0.15050329
9077,0,0.16888592,0.23828117,1,0.18256309
9081,0,0.16888592,0.18979604,1,0.17931470
9082,0,0.16888592,0.09101080,0,0.17165249
9086,0,0.16888592,0.16551480,0,0.17239091
9089,0,0.16888592,0.19563662,1,0.12991038
9090,0,0.16888592,0.16551480,0,0.17239091
9097,0,0.16888592,0.16551480,0,0.17239091
9098,0,0.16888592,0.26224698,1,0.20981507
9099,0,0.16888592,0.16527858,0,0.17592375
9106,1,0.16888592,0.18979604,1,0.17931470
9111,0,0.16888592,0.22213125,1,0.18212118
9113,1,0.16888592,0.25952071,1,0.18436576
9117,0,0.16888592,0.06377154,0,0.12310917
9120,0,0.16888592,0.18979604,1,0.17931470
9121,0,0.16888592,0.11081162,0,0.15050329
9127,1,0.16888592,0.10176637,0,0.15434772
9137,0,0.16888592,0.16551480,0,0.17239091
9140,0,0.16888592,0.18979604,1,0.17931470
9145,0,0.16888592,0.05873916,0,0.13272274
9153,0,0.16888592,0.15480307,0,0.18198107
9161,0,0.16888592,0.16527858,0,0.17592375
9162,1,0.16888592,0.42494857,1,0.32002221
9168,1,0.16888592,0.15277146,0,0.17589957
9171,0,0.16888592,0.11081162,0,0.15050329
9173,0,0.16888592,0.13016093,0,0.17786338
9175,0,0.16888592,0.14253814,0,0.16161856
9176,0,0.16888592,0.18979604,1,0.17931470
9179,0,0.16888592,0.14969101,0,0.16699727
9181,0,0.16888592,0.24997638,1,0.18137723
9182,1,0.16888592,0.16551480,0,0.17239091
9186,1,0.16888592,0.16551480,0,0.17239091
9188,0,0.16888592,0.58043639,1,0.38763497
9189,0,0.16888592,0.23682290,1,0.16912788
9201,0,0.16888592,0.10359083,0,0.18182153
9206,0,0.16888592,0.23378096,1,0.19104729
9209,0,0.16888592,0.07261478,0,0.12636211
9211,0,0.16888592,0.35976480,1,0.24132276
9214,0,0.16888592,0.44300708,1,0.22891258
9217,0,0.16888592,0.15334341,0,0.17089520
9220,0,0.16888592,0.11081162,0,0.15050329
9221,1,0.16888592,0.14241992,0,0.17706820
9231,1,0.16888592,0.07261478,0,0.12636211
9233,0,0.16888592,0.12830167,0,0.13032181
9234,0,0.16888592,0.09388751,0,0.15388294
9242,0,0.16888592,0.16551480,0,0.17239091
9247,0,0.16888592,0.11024444,0,0.17947801
9255,0,0.16888592,0.24636552,1,0.18735033
9261,0,0.16888592,0.06294109,0,0.12911096
9263,0,0.16888592,0.25694154,1,0.18333846
9264,0,0.16888592,0.14241992,0,0.17706820
9265,0,0.16888592,0.18979604,1,0.17931470
9270,0,0.16888592,0.12830167,0,0.13032181
9276,0,0.16888592,0.18979604,1,0.17931470
9281,1,0.16888592,0.10176637,0,0.15434772
9284,0,0.16888592,0.13443901,0,0.17177425
9290,0,0.16888592,0.13073053,0,0.14678184
9293,0,0.16888592,0.11081162,0,0.15050329
9297,0,0.16888592,0.02823108,0,0.12474251
9304,0,0.16888592,0.21671430,1,0.16856925
9308,0,0.16888592,0.30855940,1,0.17838266
9312,0,0.16888592,0.42457867,1,0.27308405
9321,0,0.16888592,0.16551480,0,0.17239091
9325,1,0.16888592,0.29518713,1,0.19105233
9328,0,0.16888592,0.22824358,1,0.18907239
9329,1,0.16888592,0.18133118,1,0.17554432
9330,1,0.16888592,0.25166902,1,0.18851831
9337,0,0.16888592,0.20133341,1,0.18268504
9344,0,0.16888592,0.31673693,1,0.19645196
9347,0,0.16888592,0.11081162,0,0.15050329
9362,1,0.16888592,0.24636552,1,0.18735033
9363,0,0.16888592,0.11081162,0,0.15050329
9372,0,0.16888592,0.34927286,1,0.21802138
9373,0,0.16888592,0.21200634,1,0.18047069
9374,0,0.16888592,0.20884941,1,0.17823715
9375,0,0.16888592,0.16551480,0,0.17239091
9377,0,0.16888592,0.00576675,0,0.05462914
9379,1,0.16888592,0.21671430,1,0.16856925
9383,0,0.16888592,0.30393356,1,0.38763497
9384,0,0.16888592,0.18979604,1,0.17931470
9390,0,0.16888592,0.21671430,1,0.16856925
9394,1,0.16888592,0.18979604,1,0.17931470
9398,0,0.16888592,0.09260775,0,0.15499030
9399,0,0.16888592,0.18979604,1,0.17931470
9400,0,0.16888592,0.24636552,1,0.18735033
9402,0,0.16888592,0.17821753,1,0.16981083
9417,0,0.16888592,0.18979604,1,0.17931470
9441,0,0.16888592,0.13782322,0,0.13535907
9450,0,0.16888592,0.16551480,0,0.17239091
9452,0,0.16888592,0.17557658,1,0.18267720
9454,0,0.16888592,0.28959962,1,0.21863884
9458,0,0.16888592,0.13919664,0,0.17823715
9459,0,0.16888592,0.11081162,0,0.15050329
9464,0,0.16888592,0.09341404,0,0.13364414
9465,1,0.16888592,0.18979604,1,0.17931470
9489,0,0.16888592,0.16551480,0,0.17239091
9492,0,0.16888592,0.11081162,0,0.15050329
9500,0,0.16888592,0.16551480,0,0.17239091
9507,1,0.16888592,0.18979604,1,0.17931470
9516,0,0.16888592,0.11064312,0,0.15404680
9521,0,0.16888592,0.29148345,1,0.22891658
9523,0,0.16888592,0.12830167,0,0.13032181
9525,0,0.16888592,0.12811042,0,0.13552379
9533,1,0.16888592,0.18979604,1,0.17931470
9539,0,0.16888592,0.07261478,0,0.12636211
9542,0,0.16888592,0.12811042,0,0.13552379
9547,0,0.16888592,0.12830167,0,0.13032181
9550,0,0.16888592,0.12830167,0,0.13032181
9557,0,0.16888592,0.11081162,0,0.15050329
9559,0,0.16888592,0.19313111,1,0.16759624
9562,0,0.16888592,0.16527858,0,0.17592375
9563,0,0.16888592,0.11081162,0,0.15050329
9566,0,0.16888592,0.18979604,1,0.17931470
9568,0,0.16888592,0.03109956,0,0.16427518
9581,0,0.16888592,0.07261478,0,0.12636211
9585,0,0.16888592,0.16527858,0,0.17592375
9587,0,0.16888592,0.18979604,1,0.17931470
9593,1,0.16888592,0.11081162,0,0.15050329
9614,0,0.16888592,0.16527858,0,0.17592375
9618,0,0.16888592,0.17283305,0,0.17890264
9621,0,0.16888592,0.16551480,0,0.17239091
9623,0,0.16888592,0.25792953,1,0.18436576
9634,0,0.16888592,0.21671430,1,0.16856925
9644,0,0.16888592,0.11446165,0,0.15128147
9647,0,0.16888592,0.17557658,1,0.18267720
9662,0,0.16888592,0.18979604,1,0.17931470
9668,0,0.16888592,0.16527858,0,0.17592375
9671,1,0.16888592,0.28388610,1,0.18913394
9672,0,0.16888592,0.12475693,0,0.14017508
9673,0,0.16888592,0.51208144,1,0.30549469
9688,1,0.16888592,0.11081162,0,0.15050329
9689,1,0.16888592,0.11081162,0,0.15050329
9690,0,0.16888592,0.12830167,0,0.13032181
9691,0,0.16888592,0.24847010,1,0.16114667
9703,0,0.16888592,0.18100954,1,0.18220648
9704,1,0.16888592,0.23563171,1,0.18703030
9706,0,0.16888592,0.16551480,0,0.17239091
9709,0,0.16888592,0.13244411,0,0.17576401
9714,0,0.16888592,0.21671430,1,0.16856925
9716,0,0.16888592,0.12811042,0,0.13552379
9717,0,0.16888592,0.12325404,0,0.18831151
9721,1,0.16888592,0.28085636,1,0.18897376
9726,0,0.16888592,0.10176637,0,0.15434772
9734,0,0.16888592,0.16551480,0,0.17239091
9736,0,0.16888592,0.18979604,1,0.17931470
9743,1,0.16888592,0.22901206,1,0.19725744
9745,1,0.16888592,0.16551480,0,0.17239091
9748,0,0.16888592,0.28217402,1,0.19572553
9751,0,0.16888592,0.42411979,1,0.21821458
9762,0,0.16888592,0.18937267,1,0.18951198
9772,0,0.16888592,0.04037862,0,0.12778840
9775,0,0.16888592,0.18979604,1,0.17931470
9776,0,0.16888592,0.20097839,1,0.17664054
9786,0,0.16888592,0.13287606,0,0.15551076
9789,0,0.16888592,0.07113003,0,0.13770364
9790,0,0.16888592,0.11081162,0,0.15050329
9795,0,0.16888592,0.47082487,1,0.26565765
9806,1,0.16888592,0.22831823,1,0.18436576
9808,0,0.16888592,0.09678434,0,0.16839950
9814,0,0.16888592,0.21671430,1,0.16856925
9815,1,0.16888592,0.18979604,1,0.17931470
9819,0,0.16888592,0.08287361,0,0.19014162
9823,0,0.16888592,0.11081162,0,0.15050329
9825,0,0.16888592,0.18979604,1,0.17931470
9829,0,0.16888592,0.11081162,0,0.15050329
9830,1,0.16888592,0.11081162,0,0.15050329
9833,1,0.16888592,0.07535454,0,0.15052215
9839,0,0.16888592,0.13041884,0,0.17425789
9846,0,0.16888592,0.07760482,0,0.15571781
9852,0,0.16888592,0.14048797,0,0.17944238
9853,0,0.16888592,0.13848938,0,0.18755737
9855,0,0.16888592,0.16551480,0,0.17239091
9858,0,0.16888592,0.21642397,1,0.17503848
9860,0,0.16888592,0.14253814,0,0.16161856
9862,0,0.16888592,0.18979604,1,0.17931470
9864,0,0.16888592,0.16551480,0,0.17239091
9866,0,0.16888592,0.16551480,0,0.17239091
9881,0,0.16888592,0.11081162,0,0.15050329
9886,0,0.16888592,0.11081162,0,0.15050329
9887,0,0.16888592,0.16551480,0,0.17239091
9889,0,0.16888592,0.07261478,0,0.12636211
9893,0,0.16888592,0.36867059,1,0.23905862
9895,0,0.16888592,0.16551480,0,0.17239091
9896,0,0.16888592,0.15890981,0,0.15617998
9921,0,0.16888592,0.16395800,0,0.15695549
9923,0,0.16888592,0.21671430,1,0.16856925
9926,0,0.16888592,0.18999260,1,0.18350496
9932,0,0.16888592,0.12830167,0,0.13032181
9933,0,0.16888592,0.19313111,1,0.16759624
9938,0,0.16888592,0.17657565,1,0.17744196
9948,1,0.16888592,0.21671430,1,0.16856925
9957,1,0.16888592,0.18953304,1,0.18284755
9960,0,0.16888592,0.16426244,0,0.16175214
9961,0,0.16888592,0.18979604,1,0.17931470
9972,0,0.16888592,0.10339100,0,0.15052215
9974,1,0.16888592,0.16551480,0,0.17239091
9976,0,0.16888592,0.12811042,0,0.13552379
9977,0,0.16888592,0.16556165,0,0.16353756
9983,1,0.16888592,0.16551480,0,0.17239091
9989,0,0.16888592,0.18979604,1,0.17931470
9992,0,0.16888592,0.06320912,0,0.14990599
9993,0,0.16888592,0.24636552,1,0.18735033
9996,0,0.16888592,0.21741942,1,0.19041907
10003,0,0.16888592,0.16226068,0,0.13796340
10004,1,0.16888592,0.26202100,1,0.19019234
10013,0,0.16888592,0.11081162,0,0.15050329
10024,0,0.16888592,0.08467292,0,0.13466600
10029,0,0.16888592,0.11081162,0,0.15050329
10038,0,0.16888592,0.16551480,0,0.17239091
10044,0,0.16888592,0.07050834,0,0.14680952
10052,0,0.16888592,0.12830167,0,0.13032181
10067,0,0.16888592,0.21678357,1,0.18154393
10068,0,0.16888592,0.28259637,1,0.17738753
10069,0,0.16888592,0.33669931,1,0.18222875
10070,0,0.16888592,0.11081162,0,0.15050329
10075,0,0.16888592,0.11081162,0,0.15050329
10078,0,0.16888592,0.00570162,0,0.01743081
10082,0,0.16888592,0.21671430,1,0.16856925
10085,0,0.16888592,0.17301278,0,0.17655670
10095,1,0.16888592,0.63456215,1,0.24869215
10097,0,0.16888592,0.16551480,0,0.17239091
10098,0,0.16888592,0.16527858,0,0.17592375
10100,0,0.16888592,0.23143539,1,0.18400218
10104,0,0.16888592,0.21671430,1,0.16856925
10110,0,0.16888592,0.21671430,1,0.16856925
10116,0,0.16888592,0.18673159,1,0.18759882
10117,0,0.16888592,0.11081162,0,0.15050329
10120,1,0.16888592,0.32469937,1,0.27271631
10131,0,0.16888592,0.11064312,0,0.15404680
10134,1,0.16888592,0.11081162,0,0.15050329
10138,1,0.16888592,0.15277146,0,0.17589957
10143,1,0.16888592,0.23808167,1,0.18856628
10145,1,0.16888592,0.16551480,0,0.17239091
10151,1,0.16888592,0.07261478,0,0.12636211
10155,1,0.16888592,0.16551480,0,0.17239091
10159,0,0.16888592,0.16551480,0,0.17239091
10161,0,0.16888592,0.11064312,0,0.15404680
10164,0,0.16888592,0.12830167,0,0.13032181
10166,0,0.16888592,0.12270181,0,0.15389706
10167,0,0.16888592,0.07261478,0,0.12636211
10175,0,0.16888592,0.19784085,1,0.16125984
10179,1,0.16888592,0.16551480,0,0.17239091
10183,0,0.16888592,0.07261478,0,0.12636211
10184,0,0.16888592,0.16551480,0,0.17239091
10185,0,0.16888592,0.09287973,0,0.13651381
10191,0,0.16888592,0.07928540,0,0.12636120
10193,0,0.16888592,0.18979604,1,0.17931470
10201,0,0.16888592,0.15714810,0,0.15571781
10202,0,0.16888592,0.18979604,1,0.17931470
10204,0,0.16888592,0.06233858,0,0.15747676
10207,0,0.16888592,0.07261478,0,0.12636211
10210,1,0.16888592,0.71473659,1,0.48133106
10212,0,0.16888592,0.14808714,0,0.17970732
10217,0,0.16888592,0.13425676,0,0.17782591
10218,0,0.16888592,0.01933614,0,0.14751538
10241,0,0.16888592,0.07261478,0,0.12636211
10244,0,0.16888592,0.13204693,0,0.18282644
10249,0,0.16888592,0.11081162,0,0.15050329
10254,0,0.16888592,0.18268867,1,0.19275617
10255,0,0.16888592,0.17557658,1,0.18267720
10258,0,0.16888592,0.16551480,0,0.17239091
10265,0,0.16888592,0.04334192,0,0.12271509
10271,0,0.16888592,0.11081162,0,0.15050329
10273,1,0.16888592,0.70635684,1,0.28374941
10274,0,0.16888592,0.17557658,1,0.18267720
10276,1,0.16888592,0.18979604,1,0.17931470
10278,0,0.16888592,0.18979604,1,0.17931470
10281,0,0.16888592,0.11081162,0,0.15050329
10283,0,0.16888592,0.07551726,0,0.16353975
10285,0,0.16888592,0.12830167,0,0.13032181
10287,0,0.16888592,0.18979604,1,0.17931470
10295,0,0.16888592,0.16551480,0,0.17239091
10298,0,0.16888592,0.01891075,0,0.12907524
10306,0,0.16888592,0.21788835,1,0.17744196
10315,0,0.16888592,0.18526484,1,0.15543149
10317,0,0.16888592,0.42494857,1,0.32002221
10318,1,0.16888592,0.11081162,0,0.15050329
10319,0,0.16888592,0.28959962,1,0.21863884
10327,0,0.16888592,0.07261478,0,0.12636211
10330,0,0.16888592,0.07632155,0,0.15294895
10332,0,0.16888592,0.16551480,0,0.17239091
10360,0,0.16888592,0.16551480,0,0.17239091
10361,0,0.16888592,0.00873200,0,0.04428983
10369,0,0.16888592,0.10284625,0,0.12886540
10372,0,0.16888592,0.14226242,0,0.18111174
10379,0,0.16888592,0.14814401,0,0.16239025
10392,1,0.16888592,0.07931399,0,0.18248521
10400,0,0.16888592,0.05551624,0,0.14704262
10406,0,0.16888592,0.06250616,0,0.14757740
10408,0,0.16888592,0.11081162,0,0.15050329
10413,0,0.16888592,0.16449349,0,0.16100028
10414,1,0.16888592,0.16551480,0,0.17239091
10418,1,0.16888592,0.06645442,0,0.13344003
10419,0,0.16888592,0.09117311,0,0.17329385
10431,1,0.16888592,0.18530234,1,0.19286383
10432,0,0.16888592,0.14027047,0,0.15127171
10435,0,0.16888592,0.12830167,0,0.13032181
10436,1,0.16888592,0.42457867,1,0.27308405
10437,0,0.16888592,0.21671430,1,0.16856925
10438,0,0.16888592,0.12174729,0,0.17744196
10458,0,0.16888592,0.03446174,0,0.16484162
10459,0,0.16888592,0.09407632,0,0.18137723
10472,0,0.16888592,0.35905831,1,0.19461155
10473,0,0.16888592,0.16551480,0,0.17239091
10474,0,0.16888592,0.18979604,1,0.17931470
10481,0,0.16888592,0.12830167,0,0.13032181
10483,0,0.16888592,0.08708011,0,0.17048275
10485,0,0.16888592,0.07261478,0,0.12636211
10491,0,0.16888592,0.16551480,0,0.17239091
10492,0,0.16888592,0.11081162,0,0.15050329
10493,0,0.16888592,0.16551480,0,0.17239091
10505,0,0.16888592,0.11081162,0,0.15050329
10528,0,0.16888592,0.12830167,0,0.13032181
10530,0,0.16888592,0.30939675,1,0.20487498
10537,0,0.16888592,0.02736516,0,0.10278766
10543,0,0.16888592,0.18979604,1,0.17931470
10550,0,0.16888592,0.25770743,1,0.21568858
10558,0,0.16888592,0.12830167,0,0.13032181
10570,0,0.16888592,0.21671430,1,0.16856925
10573,1,0.16888592,0.09448543,0,0.15269593
10574,0,0.16888592,0.11081162,0,0.15050329
10576,0,0.16888592,0.08933743,0,0.15571781
10580,0,0.16888592,0.18979604,1,0.17931470
10582,0,0.16888592,0.26489788,1,0.19512707
10584,0,0.16888592,0.16551480,0,0.17239091
10588,1,0.16888592,0.18953304,1,0.18284755
10594,0,0.16888592,0.19313111,1,0.16759624
10596,0,0.16888592,0.18979604,1,0.17931470
10597,0,0.16888592,0.28959962,1,0.21863884
10606,0,0.16888592,0.16551480,0,0.17239091
10618,0,0.16888592,0.16527858,0,0.17592375
10624,0,0.16888592,0.11064312,0,0.15404680
10632,0,0.16888592,0.16551480,0,0.17239091
10639,0,0.16888592,0.16551480,0,0.17239091
10642,0,0.16888592,0.20873938,1,0.18571209
10646,1,0.16888592,0.07261478,0,0.12636211
10651,0,0.16888592,0.07261478,0,0.12636211
10652,0,0.16888592,0.30740678,1,0.17931169
10655,0,0.16888592,0.12277001,0,0.18092661
10659,0,0.16888592,0.21678357,1,0.18154393
10665,0,0.16888592,0.18979604,1,0.17931470
10666,0,0.16888592,0.16527858,0,0.17592375
10669,0,0.16888592,0.16551480,0,0.17239091
10676,0,0.16888592,0.16551480,0,0.17239091
10681,0,0.16888592,0.11081162,0,0.15050329
10684,0,0.16888592,0.03199735,0,0.14500784
10688,0,0.16888592,0.25623426,1,0.19056042
10695,0,0.16888592,0.27422695,1,0.19098074
10702,0,0.16888592,0.12830167,0,0.13032181
10706,1,0.16888592,0.15549777,0,0.17700183
10715,1,0.16888592,0.10408892,0,0.18552829
10716,0,0.16888592,0.23143539,1,0.18400218
10721,0,0.16888592,0.11150369,0,0.15571781
10725,0,0.16888592,0.18979604,1,0.17931470
10731,0,0.16888592,0.19112295,1,0.17957629
10734,0,0.16888592,0.10176637,0,0.15434772
10736,1,0.16888592,0.55348300,1,0.31907096
10739,0,0.16888592,0.19703325,1,0.13098029
10746,1,0.16888592,0.18979604,1,0.17931470
10748,1,0.16888592,0.26489788,1,0.19512707
10750,0,0.16888592,0.35498882,1,0.18215567
10751,0,0.16888592,0.16527858,0,0.17592375
10753,0,0.16888592,0.25645080,1,0.17232098
10755,0,0.16888592,0.05811099,0,0.12271509
10756,0,0.16888592,0.07261478,0,0.12636211
10758,0,0.16888592,0.05725302,0,0.16035366
10771,0,0.16888592,0.29292764,1,0.19986879
10776,0,0.16888592,0.11081162,0,0.15050329
10780,0,0.16888592,0.06382819,0,0.17510395
10781,0,0.16888592,0.07196759,0,0.17278352
10794,0,0.16888592,0.11064312,0,0.15404680
10806,0,0.16888592,0.18530234,1,0.19286383
10809,0,0.16888592,0.05245828,0,0.15252292
10811,1,0.16888592,0.18953304,1,0.18284755
10818,1,0.16888592,0.16551480,0,0.17239091
10821,0,0.16888592,0.10885112,0,0.15754388
10826,0,0.16888592,0.06147734,0,0.15052215
10829,0,0.16888592,0.07261478,0,0.12636211
10833,0,0.16888592,0.17848447,1,0.17081683
10848,0,0.16888592,0.25499485,1,0.15457112
10850,0,0.16888592,0.08336305,0,0.14660845
10851,0,0.16888592,0.30939675,1,0.20487498
10859,0,0.16888592,0.08718920,0,0.15104096
10862,0,0.16888592,0.07261478,0,0.12636211
10870,0,0.16888592,0.18979604,1,0.17931470
10872,0,0.16888592,0.16527858,0,0.17592375
10875,0,0.16888592,0.16551480,0,0.17239091
10879,1,0.16888592,0.21671430,1,0.16856925
10884,0,0.16888592,0.16551480,0,0.17239091
10887,1,0.16888592,0.15474873,0,0.17744196
10892,0,0.16888592,0.10906674,0,0.17816115
10896,1,0.16888592,0.18979604,1,0.17931470
10898,0,0.16888592,0.17556595,0,0.17161561
10922,0,0.16888592,0.09071866,0,0.16142797
10923,0,0.16888592,0.50538263,1,0.19830515
10924,1,0.16888592,0.11210621,0,0.16932252
10931,0,0.16888592,0.14088956,0,0.15471211
10937,0,0.16888592,0.11081162,0,0.15050329
10941,0,0.16888592,0.20097839,1,0.17664054
10942,0,0.16888592,0.16551480,0,0.17239091
10952,0,0.16888592,0.16551480,0,0.17239091
10967,0,0.16888592,0.16527858,0,0.17592375
10968,0,0.16888592,0.16551480,0,0.17239091
10978,0,0.16888592,0.21671430,1,0.16856925
10981,0,0.16888592,0.07261478,0,0.12636211
10999,0,0.16888592,0.16551480,0,0.17239091
11003,0,0.16888592,0.12830167,0,0.13032181
11013,0,0.16888592,0.05654336,0,0.14733456
11026,0,0.16888592,0.18979604,1,0.17931470
11029,0,0.16888592,0.13650020,0,0.17744196
11032,0,0.16888592,0.06273327,0,0.16399823
11037,0,0.16888592,0.21671430,1,0.16856925
11043,0,0.16888592,0.19784085,1,0.16125984
11046,0,0.16888592,0.21083086,1,0.17653655
11049,0,0.16888592,0.18979604,1,0.17931470
11051,0,0.16888592,0.47082487,1,0.26565765
11068,0,0.16888592,0.04411353,0,0.16130356
11073,0,0.16888592,0.11081162,0,0.15050329
11079,0,0.16888592,0.27854854,1,0.18108455
11081,1,0.16888592,0.30176458,1,0.17607420
11082,1,0.16888592,0.14226242,0,0.18111174
11086,0,0.16888592,0.12830167,0,0.13032181
11087,1,0.16888592,0.18979604,1,0.17931470
11089,0,0.16888592,0.11064312,0,0.15404680
11090,0,0.16888592,0.25516765,1,0.18996638
11093,0,0.16888592,0.12830167,0,0.13032181
11105,0,0.16888592,0.13782322,0,0.13535907
11107,0,0.16888592,0.12830167,0,0.13032181
11108,0,0.16888592,0.12830167,0,0.13032181
11114,0,0.16888592,0.16527858,0,0.17592375
11115,0,0.16888592,0.16527858,0,0.17592375
11118,0,0.16888592,0.16551480,0,0.17239091
11122,0,0.16888592,0.07261478,0,0.12636211
11127,1,0.16888592,0.27586448,1,0.19287224
11131,0,0.16888592,0.09176497,0,0.17524319
11136,0,0.16888592,0.10203686,0,0.17660057
11142,0,0.16888592,0.13222902,0,0.18952638
11148,0,0.16888592,0.11637673,0,0.17965676
11158,0,0.16888592,0.42841218,1,0.19576809
11164,0,0.16888592,0.16527858,0,0.17592375
11167,0,0.16888592,0.12830167,0,0.13032181
11172,1,0.16888592,0.11081162,0,0.15050329
11178,1,0.16888592,0.11081162,0,0.15050329
11180,0,0.16888592,0.14984956,0,0.19128121
11188,1,0.16888592,0.07261478,0,0.12636211
11191,1,0.16888592,0.15324848,0,0.13683495
11194,0,0.16888592,0.19321805,1,0.18674637
11200,0,0.16888592,0.16527858,0,0.17592375
11203,0,0.16888592,0.06923298,0,0.14123373
11205,0,0.16888592,0.16551480,0,0.17239091
11206,0,0.16888592,0.16551480,0,0.17239091
11214,0,0.16888592,0.21671430,1,0.16856925
11224,0,0.16888592,0.27586448,1,0.19287224
11225,0,0.16888592,0.28259637,1,0.17738753
11226,0,0.16888592,0.00873200,0,0.04428983
11229,0,0.16888592,0.12830167,0,0.13032181
11231,0,0.16888592,0.29623180,1,0.18851831
11258,0,0.16888592,0.29660988,1,0.19466587
11262,1,0.16888592,0.21671430,1,0.16856925
11263,0,0.16888592,0.18979604,1,0.17931470
11268,0,0.16888592,0.18979604,1,0.17931470
11271,0,0.16888592,0.10593278,0,0.18021765
11274,0,0.16888592,0.14726916,0,0.18844769
11275,0,0.16888592,0.20884941,1,0.17823715
11277,0,0.16888592,0.00533437,0,0.05751326
11279,1,0.16888592,0.18979604,1,0.17931470
11285,0,0.16888592,0.16527858,0,0.17592375
11286,0,0.16888592,0.21671430,1,0.16856925
11290,0,0.16888592,0.21329131,1,0.18730427
11294,0,0.16888592,0.11064312,0,0.15404680
11300,1,0.16888592,0.20884941,1,0.17823715
11304,0,0.16888592,0.30530825,1,0.21903201
11306,0,0.16888592,0.05602542,0,0.15313871
11312,0,0.16888592,0.16551480,0,0.17239091
11313,0,0.16888592,0.07261478,0,0.12636211
11315,0,0.16888592,0.21671430,1,0.16856925
11317,0,0.16888592,0.11081162,0,0.15050329
11324,0,0.16888592,0.13073053,0,0.14678184
11326,0,0.16888592,0.12830167,0,0.13032181
11327,0,0.16888592,0.21061040,1,0.14013022
11329,0,0.16888592,0.12830167,0,0.13032181
11342,0,0.16888592,0.00740322,0,0.05486741
11343,0,0.16888592,0.16551480,0,0.17239091
11346,0,0.16888592,0.11081162,0,0.15050329
11353,0,0.16888592,0.16527858,0,0.17592375
11357,0,0.16888592,0.16830071,0,0.19060650
11364,0,0.16888592,0.32571258,1,0.19203691
11366,0,0.16888592,0.12943593,0,0.16883544
11367,1,0.16888592,0.11064312,0,0.15404680
11369,0,0.16888592,0.16551480,0,0.17239091
11373,0,0.16888592,0.11081162,0,0.15050329
11374,0,0.16888592,0.07261478,0,0.12636211
11381,0,0.16888592,0.18979604,1,0.17931470
11386,0,0.16888592,0.21741942,1,0.19041907
11387,0,0.16888592,0.16551480,0,0.17239091
11388,0,0.16888592,0.16551480,0,0.17239091
11392,1,0.16888592,0.70985575,1,0.56162109
11396,0,0.16888592,0.11081162,0,0.15050329
11410,0,0.16888592,0.13411851,0,0.14912537
11419,0,0.16888592,0.16551480,0,0.17239091
11420,0,0.16888592,0.15213287,0,0.16947348
11422,0,0.16888592,0.15277146,0,0.17589957
11429,0,0.16888592,0.18953304,1,0.18284755
11446,0,0.16888592,0.18340938,1,0.14660845
11453,0,0.16888592,0.18979604,1,0.17931470
11462,0,0.16888592,0.12830167,0,0.13032181
11466,0,0.16888592,0.12830167,0,0.13032181
11473,0,0.16888592,0.11081162,0,0.15050329
11474,0,0.16888592,0.16551480,0,0.17239091
11476,0,0.16888592,0.11081162,0,0.15050329
11487,0,0.16888592,0.21671430,1,0.16856925
11508,0,0.16888592,0.25930916,1,0.17187373
11515,0,0.16888592,0.18953304,1,0.18284755
11517,0,0.16888592,0.00570162,0,0.01743081
11523,0,0.16888592,0.20833219,1,0.18414430
11537,1,0.16888592,0.26978617,1,0.18876052
11540,0,0.16888592,0.21671430,1,0.16856925
11545,1,0.16888592,0.31031428,1,0.19720751
11550,0,0.16888592,0.16250866,0,0.18194875
11552,0,0.16888592,0.11081162,0,0.15050329
11555,0,0.16888592,0.10899646,0,0.15003043
11560,0,0.16888592,0.10964228,0,0.18452314
11563,1,0.16888592,0.25010781,1,0.18436576
11571,1,0.16888592,0.14088956,0,0.15471211
11574,0,0.16888592,0.16551480,0,0.17239091
11576,1,0.16888592,0.11081162,0,0.15050329
11578,0,0.16888592,0.16527858,0,0.17592375
11582,0,0.16888592,0.19865192,1,0.16313404
11591,0,0.16888592,0.11921270,0,0.15403488
11601,0,0.16888592,0.19313111,1,0.16759624
11604,0,0.16888592,0.10885112,0,0.15754388
11611,0,0.16888592,0.18979604,1,0.17931470
11615,1,0.16888592,0.18979604,1,0.17931470
11619,0,0.16888592,0.32172142,1,0.19922364
11621,0,0.16888592,0.18979604,1,0.17931470
11626,0,0.16888592,0.16551480,0,0.17239091
11629,1,0.16888592,0.18979604,1,0.17931470
11630,1,0.16888592,0.18979604,1,0.17931470
11635,0,0.16888592,0.07261478,0,0.12636211
11644,0,0.16888592,0.07261478,0,0.12636211
11647,0,0.16888592,0.16481814,0,0.18738407
11654,0,0.16888592,0.17134438,0,0.15346012
11656,1,0.16888592,0.18953304,1,0.18284755
11671,0,0.16888592,0.12811042,0,0.13552379
11679,0,0.16888592,0.16551480,0,0.17239091
11684,0,0.16888592,0.05841471,0,0.14864839
11691,0,0.16888592,0.12830167,0,0.13032181
11693,0,0.16888592,0.22602105,1,0.18848926
11699,0,0.16888592,0.16055360,0,0.16176934
11702,1,0.16888592,0.15840055,0,0.17744196
11711,0,0.16888592,0.16551480,0,0.17239091
11712,0,0.16888592,0.10392160,0,0.12636120
11713,0,0.16888592,0.18979604,1,0.17931470
11726,1,0.16888592,0.18979604,1,0.17931470
11732,0,0.16888592,0.16551480,0,0.17239091
11740,0,0.16888592,0.12830167,0,0.13032181
11751,0,0.16888592,0.18979604,1,0.17931470
11759,0,0.16888592,0.13267466,0,0.16347861
11761,0,0.16888592,0.12062912,0,0.13331685
11762,1,0.16888592,0.23740652,1,0.20623931
11771,0,0.16888592,0.07261478,0,0.12636211
11794,0,0.16888592,0.14450884,0,0.13754499
11795,0,0.16888592,0.11081162,0,0.15050329
11797,0,0.16888592,0.18979604,1,0.17931470
11799,0,0.16888592,0.07261478,0,0.12636211
11810,0,0.16888592,0.21671430,1,0.16856925
11813,0,0.16888592,0.16551480,0,0.17239091
11820,0,0.16888592,0.16551480,0,0.17239091
11842,0,0.16888592,0.11622386,0,0.16725512
11843,1,0.16888592,0.13876233,0,0.18532581
11845,0,0.16888592,0.12830167,0,0.13032181
11846,0,0.16888592,0.44687254,1,0.20422676
11853,0,0.16888592,0.16551480,0,0.17239091
11855,0,0.16888592,0.24846453,1,0.18436576
11856,0,0.16888592,0.12830167,0,0.13032181
11857,0,0.16888592,0.31675983,1,0.19136769
11862,0,0.16888592,0.16551480,0,0.17239091
11863,1,0.16888592,0.18979604,1,0.17931470
11866,0,0.16888592,0.06299906,0,0.14810895
11872,0,0.16888592,0.11374783,0,0.15674296
11873,1,0.16888592,0.07865012,0,0.15528448
11880,1,0.16888592,0.21671430,1,0.16856925
11891,1,0.16888592,0.18979604,1,0.17931470
11892,0,0.16888592,0.28959962,1,0.21863884
11899,0,0.16888592,0.11873698,0,0.15518989
11905,0,0.16888592,0.16527858,0,0.17592375
11910,0,0.16888592,0.12474607,0,0.15353923
11914,1,0.16888592,0.15339338,0,0.17744196
11921,0,0.16888592,0.33669931,1,0.18222875
11925,0,0.16888592,0.16551480,0,0.17239091
11926,0,0.16888592,0.28959962,1,0.21863884
11929,0,0.16888592,0.11081162,0,0.15050329
11932,1,0.16888592,0.23434376,1,0.19473268
11939,1,0.16888592,0.17295257,0,0.16548268
11941,0,0.16888592,0.11081162,0,0.15050329
11945,0,0.16888592,0.14012568,0,0.17989280
11946,0,0.16888592,0.12830167,0,0.13032181
11953,0,0.16888592,0.09399306,0,0.13506502
11955,1,0.16888592,0.11961221,0,0.17736597
11960,0,0.16888592,0.18979604,1,0.17931470
11961,0,0.16888592,0.05168819,0,0.16325793
11967,0,0.16888592,0.11081162,0,0.15050329
11968,0,0.16888592,0.18953304,1,0.18284755
11969,1,0.16888592,0.21671430,1,0.16856925
11970,0,0.16888592,0.11613328,0,0.14392189
11974,0,0.16888592,0.20794777,1,0.17468566
11975,0,0.16888592,0.11081162,0,0.15050329
11977,0,0.16888592,0.03215108,0,0.13909589
11980,0,0.16888592,0.10176637,0,0.15434772
11987,0,0.16888592,0.17657565,1,0.17744196
11993,0,0.16888592,0.18979604,1,0.17931470
11998,0,0.16888592,0.07261478,0,0.12636211
12005,0,0.16888592,0.11081162,0,0.15050329
12011,0,0.16888592,0.16551480,0,0.17239091
12013,0,0.16888592,0.06264881,0,0.14923663
12019,1,0.16888592,0.35836366,1,0.18456916
12022,0,0.16888592,0.05393061,0,0.14075282
12028,0,0.16888592,0.14311644,0,0.15878054
12030,0,0.16888592,0.18979604,1,0.17931470
12039,0,0.16888592,0.18979604,1,0.17931470
12048,0,0.16888592,0.11081162,0,0.15050329
12052,0,0.16888592,0.00576675,0,0.05462914
12053,0,0.16888592,0.18979604,1,0.17931470
12054,1,0.16888592,0.16527858,0,0.17592375
12055,0,0.16888592,0.07261478,0,0.12636211
12060,0,0.16888592,0.16551480,0,0.17239091
12064,1,0.16888592,0.16551480,0,0.17239091
12066,0,0.16888592,0.10408643,0,0.13272274
12068,0,0.16888592,0.16971795,0,0.17866958
12077,1,0.16888592,0.18979604,1,0.17931470
12085,0,0.16888592,0.14814401,0,0.16239025
12086,0,0.16888592,0.21671430,1,0.16856925
12097,0,0.16888592,0.15277146,0,0.17589957
12098,0,0.16888592,0.11064312,0,0.15404680
12100,0,0.16888592,0.11081162,0,0.15050329
12105,0,0.16888592,0.10176637,0,0.15434772
12107,0,0.16888592,0.16551480,0,0.17239091
12110,0,0.16888592,0.12830167,0,0.13032181
12118,0,0.16888592,0.11081162,0,0.15050329
12119,0,0.16888592,0.13984343,0,0.17351060
12120,0,0.16888592,0.18979604,1,0.17931470
12122,0,0.16888592,0.18979604,1,0.17931470
12127,0,0.16888592,0.07249963,0,0.13120452
12129,0,0.16888592,0.11064312,0,0.15404680
12130,0,0.16888592,0.21676463,1,0.18298544
12133,0,0.16888592,0.05929427,0,0.15323730
12134,0,0.16888592,0.18979604,1,0.17931470
12141,0,0.16888592,0.11081162,0,0.15050329
12142,1,0.16888592,0.11255846,0,0.17705618
12144,0,0.16888592,0.16551480,0,0.17239091
12147,0,0.16888592,0.03058082,0,0.14700825
12148,0,0.16888592,0.11081162,0,0.15050329
12153,0,0.16888592,0.44361071,1,0.20269252
12156,0,0.16888592,0.11081162,0,0.15050329
12163,0,0.16888592,0.20294000,1,0.18069415
12168,0,0.16888592,0.07261478,0,0.12636211
12174,0,0.16888592,0.10176637,0,0.15434772
12182,0,0.16888592,0.12635907,0,0.17372543
12191,0,0.16888592,0.14139682,0,0.17002900
12196,0,0.16888592,0.11081162,0,0.15050329
12203,0,0.16888592,0.11081162,0,0.15050329
12204,0,0.16888592,0.08390519,0,0.17970732
12219,0,0.16888592,0.16551480,0,0.17239091
12222,1,0.16888592,0.18574360,1,0.18883945
12228,1,0.16888592,0.18979604,1,0.17931470
12234,0,0.16888592,0.18953304,1,0.18284755
12238,0,0.16888592,0.27422695,1,0.19098074
12257,0,0.16888592,0.11081162,0,0.15050329
12273,0,0.16888592,0.04671811,0,0.13815193
12275,0,0.16888592,0.16551480,0,0.17239091
12280,0,0.16888592,0.18979604,1,0.17931470
12289,0,0.16888592,0.13117123,0,0.17901860
12291,0,0.16888592,0.07316252,0,0.13175756
12292,0,0.16888592,0.40101834,1,0.24344539
12293,0,0.16888592,0.16551480,0,0.17239091
12298,0,0.16888592,0.18953304,1,0.18284755
12300,0,0.16888592,0.13637500,0,0.15571781
12304,0,0.16888592,0.14814401,0,0.16239025
12305,0,0.16888592,0.16527858,0,0.17592375
12306,0,0.16888592,0.18714910,1,0.18436576
12308,0,0.16888592,0.10813795,0,0.17779571
12309,0,0.16888592,0.16551480,0,0.17239091
12311,0,0.16888592,0.07261478,0,0.12636211
12315,0,0.16888592,0.07249963,0,0.13120452
12320,0,0.16888592,0.21619665,1,0.18600307
12324,0,0.16888592,0.11081162,0,0.15050329
12331,0,0.16888592,0.16551480,0,0.17239091
12333,1,0.16888592,0.16551480,0,0.17239091
12334,0,0.16888592,0.18979604,1,0.17931470
12344,0,0.16888592,0.07632155,0,0.15294895
12349,0,0.16888592,0.16551480,0,0.17239091
12355,0,0.16888592,0.17444395,0,0.16213642
12360,0,0.16888592,0.10175967,0,0.12967504
12361,0,0.16888592,0.18979604,1,0.17931470
12362,1,0.16888592,0.25384582,1,0.17655670
12379,1,0.16888592,0.23891108,1,0.18272011
12381,0,0.16888592,0.29148345,1,0.22891658
12394,0,0.16888592,0.10544505,0,0.17414205
12401,0,0.16888592,0.18979604,1,0.17931470
12402,0,0.16888592,0.11081162,0,0.15050329
12403,0,0.16888592,0.05134744,0,0.15351897
12408,0,0.16888592,0.18979604,1,0.17931470
12415,0,0.16888592,0.16397887,0,0.18349206
12423,0,0.16888592,0.11422001,0,0.15571781
12427,0,0.16888592,0.16551480,0,0.17239091
12428,0,0.16888592,0.21678357,1,0.18154393
12432,0,0.16888592,0.18979604,1,0.17931470
12436,0,0.16888592,0.30855940,1,0.17838266
12441,0,0.16888592,0.11081162,0,0.15050329
12452,0,0.16888592,0.16551480,0,0.17239091
12454,0,0.16888592,0.14969101,0,0.16699727
12455,0,0.16888592,0.18979604,1,0.17931470
12459,0,0.16888592,0.19923235,1,0.17744196
12465,0,0.16888592,0.07249963,0,0.13120452
12472,0,0.16888592,0.18979604,1,0.17931470
12475,0,0.16888592,0.07329813,0,0.13210767
12476,0,0.16888592,0.16551480,0,0.17239091
12490,0,0.16888592,0.12830167,0,0.13032181
12495,0,0.16888592,0.16551480,0,0.17239091
12502,0,0.16888592,0.21671430,1,0.16856925
12510,0,0.16888592,0.28188173,1,0.21439559
12516,1,0.16888592,0.16551480,0,0.17239091
12521,1,0.16888592,0.18979604,1,0.17931470
12523,0,0.16888592,0.08289463,0,0.15368489
12524,0,0.16888592,0.21671430,1,0.16856925
12526,0,0.16888592,0.16551480,0,0.17239091
12538,0,0.16888592,0.25803790,1,0.19200181
12543,0,0.16888592,0.28505602,1,0.18033063
12546,0,0.16888592,0.18979604,1,0.17931470
12548,0,0.16888592,0.16551480,0,0.17239091
12564,0,0.16888592,0.20891958,1,0.18157034
12574,0,0.16888592,0.11508690,0,0.13548745
12575,0,0.16888592,0.18979604,1,0.17931470
12580,0,0.16888592,0.16791255,0,0.17050258
12586,0,0.16888592,0.11081162,0,0.15050329
12587,0,0.16888592,0.07977647,0,0.15518962
12588,0,0.16888592,0.11081162,0,0.15050329
12590,0,0.16888592,0.18979604,1,0.17931470
12599,0,0.16888592,0.16551480,0,0.17239091
12604,0,0.16888592,0.13637500,0,0.15571781
12605,0,0.16888592,0.07261478,0,0.12636211
12618,0,0.16888592,0.21671430,1,0.16856925
12620,1,0.16888592,0.18979604,1,0.17931470
12627,0,0.16888592,0.11081162,0,0.15050329
12631,1,0.16888592,0.26270633,1,0.16935801
12633,0,0.16888592,0.18979604,1,0.17931470
12634,0,0.16888592,0.13041884,0,0.17425789
12655,1,0.16888592,0.11064312,0,0.15404680
12667,0,0.16888592,0.18979604,1,0.17931470
12678,0,0.16888592,0.10575069,0,0.15582478
12683,0,0.16888592,0.07261478,0,0.12636211
12689,0,0.16888592,0.21671430,1,0.16856925
12690,0,0.16888592,0.07261478,0,0.12636211
12697,0,0.16888592,0.18979604,1,0.17931470
12700,0,0.16888592,0.16527858,0,0.17592375
12704,0,0.16888592,0.21671430,1,0.16856925
12705,0,0.16888592,0.18979604,1,0.17931470
12707,0,0.16888592,0.18979604,1,0.17931470
12728,0,0.16888592,0.21671430,1,0.16856925
12731,0,0.16888592,0.07261478,0,0.12636211
12733,0,0.16888592,0.18979604,1,0.17931470
12734,0,0.16888592,0.11081162,0,0.15050329
12738,0,0.16888592,0.08547829,0,0.18316812
12739,0,0.16888592,0.06841853,0,0.13002846
12744,0,0.16888592,0.19279186,1,0.16419713
12749,0,0.16888592,0.48258868,1,0.37630465
12754,0,0.16888592,0.11081162,0,0.15050329
12756,0,0.16888592,0.12830167,0,0.13032181
12761,0,0.16888592,0.09341404,0,0.13364414
12768,0,0.16888592,0.16661210,0,0.15847281
12772,0,0.16888592,0.07261478,0,0.12636211
12775,0,0.16888592,0.18979604,1,0.17931470
12780,0,0.16888592,0.07261478,0,0.12636211
12782,0,0.16888592,0.18979604,1,0.17931470
12785,0,0.16888592,0.10036710,0,0.18178665
12788,0,0.16888592,0.25166902,1,0.18851831
12789,1,0.16888592,0.67069649,1,0.28012039
12791,0,0.16888592,0.11081162,0,0.15050329
12792,0,0.16888592,0.12811042,0,0.13552379
12796,0,0.16888592,0.16426244,0,0.16175214
12797,0,0.16888592,0.18979604,1,0.17931470
12803,0,0.16888592,0.16527858,0,0.17592375
12818,0,0.16888592,0.18763314,1,0.16382023
12822,0,0.16888592,0.18979604,1,0.17931470
12824,0,0.16888592,0.16527858,0,0.17592375
12830,0,0.16888592,0.50722637,1,0.36585466
12836,1,0.16888592,0.28217402,1,0.19572553
12845,0,0.16888592,0.42457867,1,0.27308405
12846,0,0.16888592,0.07261478,0,0.12636211
12847,0,0.16888592,0.11522223,0,0.17700183
12848,0,0.16888592,0.21678357,1,0.18154393
12850,1,0.16888592,0.14241992,0,0.17706820
12855,0,0.16888592,0.11081162,0,0.15050329
12861,1,0.16888592,0.11081162,0,0.15050329
12863,0,0.16888592,0.16527858,0,0.17592375
12865,0,0.16888592,0.03218237,0,0.16650139
12868,0,0.16888592,0.18979604,1,0.17931470
12871,0,0.16888592,0.14957227,0,0.15210532
12877,1,0.16888592,0.53396896,1,0.18288263
12881,1,0.16888592,0.11081162,0,0.15050329
12885,0,0.16888592,0.21671430,1,0.16856925
12886,0,0.16888592,0.18979604,1,0.17931470
12887,1,0.16888592,0.25598219,1,0.23858631
12888,0,0.16888592,0.21209490,1,0.20054553
12890,0,0.16888592,0.10397745,0,0.16894941
12892,0,0.16888592,0.11081162,0,0.15050329
12900,1,0.16888592,0.16551480,0,0.17239091
12915,0,0.16888592,0.21642397,1,0.17503848
12917,0,0.16888592,0.14392561,0,0.15360336
12930,0,0.16888592,0.07261478,0,0.12636211
12934,1,0.16888592,0.30954861,1,0.19588990
12936,0,0.16888592,0.16551480,0,0.17239091
12938,0,0.16888592,0.22737798,1,0.17744196
12942,1,0.16888592,0.26037915,1,0.18609233
12943,0,0.16888592,0.07261478,0,0.12636211
12947,0,0.16888592,0.03659652,0,0.14684182
12949,0,0.16888592,0.16551480,0,0.17239091
12953,0,0.16888592,0.12830167,0,0.13032181
12958,0,0.16888592,0.16551480,0,0.17239091
12965,1,0.16888592,0.12746142,0,0.17977351
12970,0,0.16888592,0.17637977,1,0.19164599
12972,0,0.16888592,0.08752143,0,0.17329385
12973,0,0.16888592,0.10248425,0,0.14463197
12975,0,0.16888592,0.21671430,1,0.16856925
12982,0,0.16888592,0.09287973,0,0.13651381
12991,1,0.16888592,0.40117438,1,0.21997919
12995,0,0.16888592,0.18979604,1,0.17931470
13002,0,0.16888592,0.11081162,0,0.15050329
13006,0,0.16888592,0.16551480,0,0.17239091
13013,0,0.16888592,0.55348300,1,0.31907096
13014,1,0.16888592,0.12025231,0,0.17700183
13016,0,0.16888592,0.16551480,0,0.17239091
13021,0,0.16888592,0.16551480,0,0.17239091
13031,0,0.16888592,0.21671430,1,0.16856925
13034,0,0.16888592,0.11081162,0,0.15050329
13035,0,0.16888592,0.22363221,1,0.18436576
13043,1,0.16888592,0.10408892,0,0.18552829
13049,1,0.16888592,0.27315192,1,0.18712075
13052,0,0.16888592,0.16551480,0,0.17239091
13055,0,0.16888592,0.23808167,1,0.18856628
13056,0,0.16888592,0.11961221,0,0.17736597
13069,0,0.16888592,0.11081162,0,0.15050329
13075,1,0.16888592,0.20281939,1,0.18436576
13079,0,0.16888592,0.18979604,1,0.17931470
13081,0,0.16888592,0.16551480,0,0.17239091
13085,0,0.16888592,0.11064312,0,0.15404680
13093,0,0.16888592,0.17154653,0,0.18263170
13101,1,0.16888592,0.18979604,1,0.17931470
13102,0,0.16888592,0.16775850,0,0.15177602
13106,1,0.16888592,0.23563171,1,0.18703030
13110,0,0.16888592,0.18979604,1,0.17931470
13111,0,0.16888592,0.29488204,1,0.19129757
13112,1,0.16888592,0.21678357,1,0.18154393
13113,0,0.16888592,0.00576675,0,0.05462914
13116,1,0.16888592,0.13289100,0,0.17823715
13119,1,0.16888592,0.09074644,0,0.16721825
13120,1,0.16888592,0.18979604,1,0.17931470
13122,0,0.16888592,0.18979604,1,0.17931470
13125,0,0.16888592,0.11081162,0,0.15050329
13128,0,0.16888592,0.07261478,0,0.12636211
13130,0,0.16888592,0.24706077,1,0.19572553
13131,0,0.16888592,0.11081162,0,0.15050329
13137,0,0.16888592,0.24957701,1,0.19033580
13151,0,0.16888592,0.11081162,0,0.15050329
13154,1,0.16888592,0.37778010,1,0.19334571
13160,0,0.16888592,0.16527858,0,0.17592375
13168,0,0.16888592,0.16551480,0,0.17239091
13174,1,0.16888592,0.40242160,1,0.21423406
13177,1,0.16888592,0.14253814,0,0.16161856
13179,0,0.16888592,0.30840633,1,0.21144885
13181,0,0.16888592,0.12325404,0,0.18831151
13187,0,0.16888592,0.16551480,0,0.17239091
13197,0,0.16888592,0.23999769,1,0.20354153
13201,0,0.16888592,0.18979604,1,0.17931470
13205,0,0.16888592,0.11081162,0,0.15050329
13211,0,0.16888592,0.18979604,1,0.17931470
13228,0,0.16888592,0.14062572,0,0.13018998
13234,0,0.16888592,0.07261478,0,0.12636211
13237,0,0.16888592,0.12185246,0,0.12991038
13239,0,0.16888592,0.01101501,0,0.05981027
13249,0,0.16888592,0.15277146,0,0.17589957
13263,0,0.16888592,0.15334341,0,0.17089520
13266,0,0.16888592,0.11081162,0,0.15050329
13269,0,0.16888592,0.15277146,0,0.17589957
13273,0,0.16888592,0.18979604,1,0.17931470
13279,0,0.16888592,0.18979604,1,0.17931470
13283,1,0.16888592,0.18979604,1,0.17931470
13286,0,0.16888592,0.14253814,0,0.16161856
13288,0,0.16888592,0.21671430,1,0.16856925
13290,0,0.16888592,0.21671430,1,0.16856925
13291,0,0.16888592,0.22020780,1,0.17664921
13294,0,0.16888592,0.21642837,1,0.17988924
13296,0,0.16888592,0.00750071,0,0.07252113
13299,0,0.16888592,0.12830167,0,0.13032181
13300,1,0.16888592,0.14253814,0,0.16161856
13303,0,0.16888592,0.18427195,1,0.16142330
13304,0,0.16888592,0.05096048,0,0.13837680
13308,1,0.16888592,0.21671430,1,0.16856925
13323,0,0.16888592,0.11081162,0,0.15050329
13330,0,0.16888592,0.13491175,0,0.17922651
13331,0,0.16888592,0.12830167,0,0.13032181
13334,0,0.16888592,0.17557658,1,0.18267720
13336,0,0.16888592,0.20281939,1,0.18436576
13337,0,0.16888592,0.18979604,1,0.17931470
13338,0,0.16888592,0.18979604,1,0.17931470
13339,0,0.16888592,0.18274362,1,0.17464655
13346,1,0.16888592,0.40101834,1,0.24344539
13347,0,0.16888592,0.11081162,0,0.15050329
13351,0,0.16888592,0.11081162,0,0.15050329
13352,0,0.16888592,0.21671430,1,0.16856925
13360,0,0.16888592,0.11024444,0,0.17947801
13363,1,0.16888592,0.34927286,1,0.21802138
13371,1,0.16888592,0.13794798,0,0.17902984
13372,0,0.16888592,0.21671430,1,0.16856925
13385,0,0.16888592,0.07080293,0,0.13444117
13396,0,0.16888592,0.08435170,0,0.16879211
13403,0,0.16888592,0.18979604,1,0.17931470
13404,0,0.16888592,0.16527858,0,0.17592375
13405,0,0.16888592,0.12810048,0,0.12144560
13416,0,0.16888592,0.09456825,0,0.13765861
13423,0,0.16888592,0.13655501,0,0.18436576
13435,0,0.16888592,0.44140627,1,0.20014711
13443,0,0.16888592,0.27854854,1,0.18108455
13457,0,0.16888592,0.18979604,1,0.17931470
13458,0,0.16888592,0.07261478,0,0.12636211
13459,0,0.16888592,0.07261478,0,0.12636211
13466,0,0.16888592,0.11081162,0,0.15050329
13467,0,0.16888592,0.18979604,1,0.17931470
13475,1,0.16888592,0.11064312,0,0.15404680
13478,1,0.16888592,0.08147602,0,0.17452647
13480,0,0.16888592,0.07261478,0,0.12636211
13486,0,0.16888592,0.15277146,0,0.17589957
13498,0,0.16888592,0.03347126,0,0.10975304
13500,0,0.16888592,0.07249963,0,0.13120452
13502,0,0.16888592,0.16551480,0,0.17239091
13507,0,0.16888592,0.14088956,0,0.15471211
13509,0,0.16888592,0.11081162,0,0.15050329
13512,1,0.16888592,0.26445409,1,0.19350474
13517,1,0.16888592,0.31031428,1,0.19720751
13522,0,0.16888592,0.25010781,1,0.18436576
13526,0,0.16888592,0.16551480,0,0.17239091
13532,0,0.16888592,0.21671430,1,0.16856925
13535,0,0.16888592,0.25803790,1,0.19200181
13539,0,0.16888592,0.11081162,0,0.15050329
13541,0,0.16888592,0.11081162,0,0.15050329
13542,0,0.16888592,0.21671430,1,0.16856925
13546,0,0.16888592,0.12830167,0,0.13032181
13547,0,0.16888592,0.14814401,0,0.16239025
13551,0,0.16888592,0.15147653,0,0.17624494
13553,0,0.16888592,0.11081162,0,0.15050329
13554,1,0.16888592,0.21671430,1,0.16856925
13561,0,0.16888592,0.17557658,1,0.18267720
13565,0,0.16888592,0.25595249,1,0.16417489
13574,0,0.16888592,0.18979604,1,0.17931470
13577,0,0.16888592,0.11064312,0,0.15404680
13579,0,0.16888592,0.00483174,0,0.02957032
13580,1,0.16888592,0.20921826,1,0.18164249
13581,1,0.16888592,0.11081162,0,0.15050329
13594,0,0.16888592,0.18714910,1,0.18436576
13604,0,0.16888592,0.29686411,1,0.17700183
13605,0,0.16888592,0.11081162,0,0.15050329
13606,0,0.16888592,0.21678357,1,0.18154393
13609,1,0.16888592,0.18979604,1,0.17931470
13612,1,0.16888592,0.10176637,0,0.15434772
13615,0,0.16888592,0.21671430,1,0.16856925
13617,0,0.16888592,0.08016673,0,0.13272274
13621,1,0.16888592,0.12926867,0,0.16224689
13633,0,0.16888592,0.16318964,0,0.17655670
13640,0,0.16888592,0.13794798,0,0.17902984
13643,0,0.16888592,0.18979604,1,0.17931470
13647,0,0.16888592,0.10316713,0,0.12823132
13648,0,0.16888592,0.11081162,0,0.15050329
13653,0,0.16888592,0.18979604,1,0.17931470
13654,0,0.16888592,0.06663801,0,0.15041370
13657,0,0.16888592,0.11150369,0,0.15571781
13684,0,0.16888592,0.10364968,0,0.17481808
13710,0,0.16888592,0.11260408,0,0.17839647
13715,1,0.16888592,0.05165599,0,0.13219455
13719,1,0.16888592,0.17627202,1,0.18436576
13723,0,0.16888592,0.31031428,1,0.19720751
13725,1,0.16888592,0.65245810,1,0.23185273
13730,0,0.16888592,0.20310073,1,0.19866743
13732,0,0.16888592,0.11081162,0,0.15050329
13733,0,0.16888592,0.11081162,0,0.15050329
13736,0,0.16888592,0.16527858,0,0.17592375
13744,1,0.16888592,0.16551480,0,0.17239091
13772,0,0.16888592,0.23858661,1,0.18264940
13774,0,0.16888592,0.18979604,1,0.17931470
13780,1,0.16888592,0.21671430,1,0.16856925
13788,1,0.16888592,0.14241992,0,0.17706820
13789,0,0.16888592,0.28959962,1,0.21863884
13791,0,0.16888592,0.07261478,0,0.12636211
13792,1,0.16888592,0.09601399,0,0.13177969
13796,0,0.16888592,0.12830167,0,0.13032181
13801,1,0.16888592,0.16551480,0,0.17239091
13804,0,0.16888592,0.11081162,0,0.15050329
13808,0,0.16888592,0.18979604,1,0.17931470
13816,0,0.16888592,0.18979604,1,0.17931470
13831,0,0.16888592,0.07261478,0,0.12636211
13832,0,0.16888592,0.22039371,1,0.14820196
13833,0,0.16888592,0.16551480,0,0.17239091
13839,0,0.16888592,0.13439494,0,0.20771195
13845,0,0.16888592,0.16551480,0,0.17239091
13846,1,0.16888592,0.11081162,0,0.15050329
13854,0,0.16888592,0.10036710,0,0.18178665
13859,0,0.16888592,0.16752821,0,0.18131732
13861,0,0.16888592,0.18979604,1,0.17931470
13867,0,0.16888592,0.11081162,0,0.15050329
13870,0,0.16888592,0.21671430,1,0.16856925
13872,1,0.16888592,0.41358209,1,0.20785740
13889,1,0.16888592,0.25659390,1,0.20818714
13896,0,0.16888592,0.12590843,0,0.17700183
13901,0,0.16888592,0.09356006,0,0.18555775
13903,0,0.16888592,0.30916255,1,0.17114546
13904,0,0.16888592,0.00570162,0,0.01743081
13905,0,0.16888592,0.18979604,1,0.17931470
13910,0,0.16888592,0.16551480,0,0.17239091
13913,0,0.16888592,0.09118850,0,0.17603031
13915,0,0.16888592,0.18953304,1,0.18284755
13920,0,0.16888592,0.18833685,1,0.18131732
13924,0,0.16888592,0.23828117,1,0.18256309
13925,0,0.16888592,0.37205806,1,0.25305174
13927,0,0.16888592,0.16527858,0,0.17592375
13930,0,0.16888592,0.21671430,1,0.16856925
13931,0,0.16888592,0.09977872,0,0.18502951
13940,0,0.16888592,0.18979604,1,0.17931470
13955,0,0.16888592,0.16551480,0,0.17239091
13963,0,0.16888592,0.08582398,0,0.17764649
13966,0,0.16888592,0.16551480,0,0.17239091
13969,0,0.16888592,0.18979604,1,0.17931470
13970,0,0.16888592,0.22390862,1,0.19058610
13976,0,0.16888592,0.08263864,0,0.17110928
13980,0,0.16888592,0.16551480,0,0.17239091
13982,0,0.16888592,0.11081162,0,0.15050329
13984,0,0.16888592,0.17500283,0,0.15848604
13999,0,0.16888592,0.18979604,1,0.17931470
14003,0,0.16888592,0.07977647,0,0.15518962
14004,1,0.16888592,0.18979604,1,0.17931470
14008,0,0.16888592,0.21671430,1,0.16856925
14010,1,0.16888592,0.21671430,1,0.16856925
14012,1,0.16888592,0.12830167,0,0.13032181
14018,0,0.16888592,0.11081162,0,0.15050329
14021,0,0.16888592,0.14889554,0,0.17669476
14022,0,0.16888592,0.15500821,0,0.16599459
14030,1,0.16888592,0.16195194,0,0.17919469
14053,0,0.16888592,0.19776832,1,0.17278352
14058,0,0.16888592,0.15277146,0,0.17589957
14059,0,0.16888592,0.18979604,1,0.17931470
14063,0,0.16888592,0.24413845,1,0.16319312
14067,0,0.16888592,0.16551480,0,0.17239091
14078,0,0.16888592,0.21671430,1,0.16856925
14080,0,0.16888592,0.12620719,0,0.16694017
14087,0,0.16888592,0.21671430,1,0.16856925
14094,0,0.16888592,0.34513946,1,0.20580241
14102,0,0.16888592,0.42811897,1,0.23952211
14129,0,0.16888592,0.15147653,0,0.17624494
14130,1,0.16888592,0.06958309,0,0.16251004
14143,0,0.16888592,0.07261478,0,0.12636211
14156,0,0.16888592,0.12833484,0,0.15571781
14158,0,0.16888592,0.18979604,1,0.17931470
14169,1,0.16888592,0.16551480,0,0.17239091
14171,0,0.16888592,0.11081162,0,0.15050329
14185,0,0.16888592,0.21870369,1,0.17744196
14189,1,0.16888592,0.42911791,1,0.17278352
14191,1,0.16888592,0.15277146,0,0.17589957
14195,0,0.16888592,0.22244970,1,0.17655670
14196,0,0.16888592,0.16551480,0,0.17239091
14201,1,0.16888592,0.02783642,0,0.15016198
14202,1,0.16888592,0.18953304,1,0.18284755
14203,0,0.16888592,0.05165599,0,0.13219455
14204,0,0.16888592,0.12830167,0,0.13032181
14206,0,0.16888592,0.13974546,0,0.18436576
14207,0,0.16888592,0.17557658,1,0.18267720
14216,0,0.16888592,0.12830167,0,0.13032181
14227,1,0.16888592,0.16551480,0,0.17239091
14229,0,0.16888592,0.18979604,1,0.17931470
14230,1,0.16888592,0.12830167,0,0.13032181
14241,0,0.16888592,0.12830167,0,0.13032181
14250,0,0.16888592,0.02017550,0,0.14091889
14259,0,0.16888592,0.25887247,1,0.19489917
14264,0,0.16888592,0.29623377,1,0.22177902
14267,0,0.16888592,0.17123901,0,0.18360464
14275,0,0.16888592,0.18979604,1,0.17931470
14290,1,0.16888592,0.16551480,0,0.17239091
14299,0,0.16888592,0.12830167,0,0.13032181
14306,0,0.16888592,0.48026461,1,0.21486424
14317,0,0.16888592,0.17412807,0,0.16926079
14318,0,0.16888592,0.16294610,0,0.15680206
14320,0,0.16888592,0.11008333,0,0.13422148
14323,0,0.16888592,0.18979604,1,0.17931470
14326,0,0.16888592,0.08349064,0,0.17243800
14327,1,0.16888592,0.16551480,0,0.17239091
14329,0,0.16888592,0.18979604,1,0.17931470
14331,0,0.16888592,0.07261478,0,0.12636211
14341,0,0.16888592,0.16551480,0,0.17239091
14342,1,0.16888592,0.18979604,1,0.17931470
14346,0,0.16888592,0.11081162,0,0.15050329
14351,0,0.16888592,0.18979604,1,0.17931470
14358,0,0.16888592,0.28591443,1,0.18459375
14363,0,0.16888592,0.17723650,1,0.17744196
14365,0,0.16888592,0.16551480,0,0.17239091
14367,0,0.16888592,0.11081162,0,0.15050329
14371,0,0.16888592,0.05736335,0,0.15120729
14387,0,0.16888592,0.00483174,0,0.02957032
14389,0,0.16888592,0.16551480,0,0.17239091
14392,0,0.16888592,0.15277146,0,0.17589957
14394,0,0.16888592,0.18489773,1,0.17744196
14396,0,0.16888592,0.14336081,0,0.18551256
14397,0,0.16888592,0.70985575,1,0.56162109
14399,0,0.16888592,0.09985938,0,0.17699896
14401,0,0.16888592,0.17818333,1,0.18557521
14415,0,0.16888592,0.24636552,1,0.18735033
14425,0,0.16888592,0.07977647,0,0.15518962
14426,1,0.16888592,0.07249963,0,0.13120452
14427,0,0.16888592,0.18979604,1,0.17931470
14434,1,0.16888592,0.11081162,0,0.15050329
14438,1,0.16888592,0.16551480,0,0.17239091
14445,0,0.16888592,0.26956963,1,0.18039224
14448,0,0.16888592,0.18979604,1,0.17931470
14465,0,0.16888592,0.12956392,0,0.18906109
14472,0,0.16888592,0.13894014,0,0.15630620
14477,0,0.16888592,0.16551480,0,0.17239091
14484,0,0.16888592,0.11081162,0,0.15050329
14486,0,0.16888592,0.16551480,0,0.17239091
14489,0,0.16888592,0.18979604,1,0.17931470
14491,0,0.16888592,0.23833922,1,0.18436576
14496,0,0.16888592,0.26133668,1,0.18876116
14498,0,0.16888592,0.11081162,0,0.15050329
14503,0,0.16888592,0.07261478,0,0.12636211
14504,1,0.16888592,0.18979604,1,0.17931470
14509,0,0.16888592,0.14012568,0,0.17989280
14510,0,0.16888592,0.07261478,0,0.12636211
14523,1,0.16888592,0.16551480,0,0.17239091
14525,0,0.16888592,0.06645442,0,0.13344003
14531,0,0.16888592,0.18979604,1,0.17931470
14532,0,0.16888592,0.12830167,0,0.13032181
14541,0,0.16888592,0.11081162,0,0.15050329
14543,0,0.16888592,0.15277146,0,0.17589957
14551,1,0.16888592,0.05865299,0,0.13565925
14555,0,0.16888592,0.14271169,0,0.15571781
14558,0,0.16888592,0.07261478,0,0.12636211
14565,0,0.16888592,0.18979604,1,0.17931470
14566,0,0.16888592,0.10499623,0,0.15081663
14567,1,0.16888592,0.14253814,0,0.16161856
14572,0,0.16888592,0.21671430,1,0.16856925
14578,0,0.16888592,0.16551480,0,0.17239091
14584,0,0.16888592,0.10176637,0,0.15434772
14596,0,0.16888592,0.12830167,0,0.13032181
14597,0,0.16888592,0.10666264,0,0.17024287
14598,0,0.16888592,0.20294000,1,0.18069415
14605,0,0.16888592,0.12830167,0,0.13032181
14613,0,0.16888592,0.21671430,1,0.16856925
14619,0,0.16888592,0.07261478,0,0.12636211
14620,0,0.16888592,0.18979604,1,0.17931470
14626,0,0.16888592,0.11081162,0,0.15050329
14630,0,0.16888592,0.11081162,0,0.15050329
14634,1,0.16888592,0.18979604,1,0.17931470
14640,0,0.16888592,0.16551480,0,0.17239091
14645,0,0.16888592,0.18979604,1,0.17931470
14648,0,0.16888592,0.16551480,0,0.17239091
14674,0,0.16888592,0.02562139,0,0.13354067
14676,0,0.16888592,0.18979604,1,0.17931470
14682,0,0.16888592,0.14887809,0,0.15813332
14684,0,0.16888592,0.12926726,0,0.13085342
14689,0,0.16888592,0.23574031,1,0.17744196
14698,0,0.16888592,0.13876233,0,0.18532581
14702,0,0.16888592,0.14088956,0,0.15471211
14703,0,0.16888592,0.06779184,0,0.16561027
14704,0,0.16888592,0.10575069,0,0.15582478
14705,0,0.16888592,0.12830167,0,0.13032181
14712,0,0.16888592,0.21671430,1,0.16856925
14719,0,0.16888592,0.10176637,0,0.15434772
14735,1,0.16888592,0.16476057,0,0.14010473
14741,0,0.16888592,0.16551480,0,0.17239091
14744,0,0.16888592,0.18197638,1,0.17390321
14748,0,0.16888592,0.18427195,1,0.16142330
14756,0,0.16888592,0.18979604,1,0.17931470
14757,0,0.16888592,0.07249963,0,0.13120452
14758,0,0.16888592,0.11081162,0,0.15050329
14761,0,0.16888592,0.16426244,0,0.16175214
14766,0,0.16888592,0.11081162,0,0.15050329
14768,0,0.16888592,0.12830167,0,0.13032181
14771,0,0.16888592,0.11081162,0,0.15050329
14774,1,0.16888592,0.16924918,0,0.18326750
14781,0,0.16888592,0.21619665,1,0.18600307
14800,0,0.16888592,0.22718671,1,0.19773601
14802,0,0.16888592,0.18979604,1,0.17931470
14812,0,0.16888592,0.16527858,0,0.17592375
14816,0,0.16888592,0.12830167,0,0.13032181
14820,0,0.16888592,0.14417049,0,0.17027831
14831,0,0.16888592,0.00873200,0,0.04428983
14838,0,0.16888592,0.11979649,0,0.14952471
14845,0,0.16888592,0.11064312,0,0.15404680
14850,1,0.16888592,0.13655501,0,0.18436576
14871,0,0.16888592,0.11081162,0,0.15050329
14873,0,0.16888592,0.16551480,0,0.17239091
14876,0,0.16888592,0.09040652,0,0.12936987
14878,0,0.16888592,0.16551480,0,0.17239091
14881,0,0.16888592,0.16527858,0,0.17592375
14883,0,0.16888592,0.15592133,0,0.15609785
14889,1,0.16888592,0.32700294,1,0.23952211
14896,0,0.16888592,0.09399306,0,0.13506502
14900,0,0.16888592,0.30415253,1,0.18436902
14901,0,0.16888592,0.85106072,1,0.63221614
14904,0,0.16888592,0.11081162,0,0.15050329
14907,0,0.16888592,0.40101834,1,0.24344539
14909,0,0.16888592,0.11081162,0,0.15050329
14916,0,0.16888592,0.10176637,0,0.15434772
14920,1,0.16888592,0.18100954,1,0.18220648
14926,0,0.16888592,0.23808167,1,0.18856628
14933,0,0.16888592,0.18953304,1,0.18284755
14935,1,0.16888592,0.32106282,1,0.19620904
14946,0,0.16888592,0.22883881,1,0.17744196
14947,1,0.16888592,0.14088956,0,0.15471211
14948,0,0.16888592,0.16527858,0,0.17592375
14952,0,0.16888592,0.21671430,1,0.16856925
14953,0,0.16888592,0.13041884,0,0.17425789
14960,1,0.16888592,0.21671430,1,0.16856925
14967,0,0.16888592,0.11081162,0,0.15050329
14982,0,0.16888592,0.03161961,0,0.15776105
14984,0,0.16888592,0.21671430,1,0.16856925
14986,0,0.16888592,0.09373778,0,0.17044035
14989,0,0.16888592,0.14171686,0,0.18321013
14991,1,0.16888592,0.30038553,1,0.30945847
14997,1,0.16888592,0.30332616,1,0.18032800
14998,1,0.16888592,0.36866084,1,0.20175777
14999,1,0.16888592,0.07261478,0,0.12636211
15002,0,0.16888592,0.00483174,0,0.02957032
15005,0,0.16888592,0.18979604,1,0.17931470
15008,1,0.16888592,0.17557658,1,0.18267720
15015,0,0.16888592,0.18979604,1,0.17931470
15018,0,0.16888592,0.18979604,1,0.17931470
15020,0,0.16888592,0.12018754,0,0.16240637
15026,0,0.16888592,0.11241366,0,0.12648969
15028,0,0.16888592,0.15018478,0,0.17744196
15034,0,0.16888592,0.14969101,0,0.16699727
15038,0,0.16888592,0.06028888,0,0.12875946
15042,0,0.16888592,0.16527858,0,0.17592375
15052,0,0.16888592,0.07150239,0,0.15178484
15062,1,0.16888592,0.21671430,1,0.16856925
15063,0,0.16888592,0.18979604,1,0.17931470
15073,0,0.16888592,0.15605231,0,0.15571781
15077,0,0.16888592,0.16551480,0,0.17239091
15079,0,0.16888592,0.26789525,1,0.18388326
15094,0,0.16888592,0.18979604,1,0.17931470
15097,0,0.16888592,0.11064312,0,0.15404680
15103,1,0.16888592,0.14397885,0,0.18155879
15104,0,0.16888592,0.18979604,1,0.17931470
15105,0,0.16888592,0.16551480,0,0.17239091
15109,0,0.16888592,0.56048175,1,0.32698736
15111,1,0.16888592,0.11081162,0,0.15050329
15112,1,0.16888592,0.49833592,1,0.29386363
15115,0,0.16888592,0.14226242,0,0.18111174
15118,1,0.16888592,0.18979604,1,0.17931470
15119,0,0.16888592,0.11081162,0,0.15050329
15122,0,0.16888592,0.16551480,0,0.17239091
15125,0,0.16888592,0.12380794,0,0.17700183
15131,0,0.16888592,0.16527858,0,0.17592375
15133,0,0.16888592,0.23858661,1,0.18264940
15134,0,0.16888592,0.17268247,0,0.18436576
15140,0,0.16888592,0.21671430,1,0.16856925
15142,0,0.16888592,0.17028520,0,0.17050258
15143,0,0.16888592,0.20921826,1,0.18164249
15151,0,0.16888592,0.05165599,0,0.13219455
15153,0,0.16888592,0.20133341,1,0.18268504
15154,0,0.16888592,0.16527858,0,0.17592375
15159,0,0.16888592,0.15934712,0,0.18269930
15163,1,0.16888592,0.14711925,0,0.18827777
15171,0,0.16888592,0.21332967,1,0.17761585
15172,0,0.16888592,0.16551480,0,0.17239091
15183,0,0.16888592,0.21671430,1,0.16856925
15184,0,0.16888592,0.12830167,0,0.13032181
15189,0,0.16888592,0.11081162,0,0.15050329
15190,0,0.16888592,0.02690374,0,0.13495172
15205,0,0.16888592,0.11081162,0,0.15050329
15212,1,0.16888592,0.18979604,1,0.17931470
15213,0,0.16888592,0.17412807,0,0.16926079
15218,1,0.16888592,0.18953304,1,0.18284755
15219,0,0.16888592,0.16527858,0,0.17592375
15221,0,0.16888592,0.09908250,0,0.13272274
15229,0,0.16888592,0.12275909,0,0.17488910
15231,0,0.16888592,0.21671430,1,0.16856925
15242,0,0.16888592,0.07562462,0,0.13175756
15245,0,0.16888592,0.21671430,1,0.16856925
15250,0,0.16888592,0.07261478,0,0.12636211
15263,0,0.16888592,0.11081162,0,0.15050329
15277,0,0.16888592,0.29148345,1,0.22891658
15279,0,0.16888592,0.11081162,0,0.15050329
15282,0,0.16888592,0.34024163,1,0.38527677
15284,1,0.16888592,0.18979604,1,0.17931470
15292,0,0.16888592,0.42457867,1,0.27308405
15293,0,0.16888592,0.18999260,1,0.18350496
15307,0,0.16888592,0.28388610,1,0.18913394
15312,0,0.16888592,0.16551480,0,0.17239091
15317,1,0.16888592,0.21671430,1,0.16856925
15319,0,0.16888592,0.18979604,1,0.17931470
15321,0,0.16888592,0.07261478,0,0.12636211
15323,0,0.16888592,0.11081162,0,0.15050329
15324,0,0.16888592,0.11081162,0,0.15050329
15326,0,0.16888592,0.07261478,0,0.12636211
15327,0,0.16888592,0.23574031,1,0.17744196
15344,0,0.16888592,0.16551480,0,0.17239091
15345,0,0.16888592,0.06645442,0,0.13344003
15350,0,0.16888592,0.06276625,0,0.15197687
15352,1,0.16888592,0.21083086,1,0.17653655
15389,0,0.16888592,0.16527858,0,0.17592375
15393,0,0.16888592,0.16551480,0,0.17239091
15396,0,0.16888592,0.10855150,0,0.13272274
15401,0,0.16888592,0.19940948,1,0.13704200
15407,0,0.16888592,0.21671430,1,0.16856925
15411,0,0.16888592,0.11081162,0,0.15050329
15417,0,0.16888592,0.14329734,0,0.17700183
15419,0,0.16888592,0.18644743,1,0.18775515
15436,0,0.16888592,0.16551480,0,0.17239091
15439,0,0.16888592,0.11081162,0,0.15050329
15441,1,0.16888592,0.21671430,1,0.16856925
15444,0,0.16888592,0.21671430,1,0.16856925
15445,1,0.16888592,0.12830167,0,0.13032181
15447,0,0.16888592,0.11081162,0,0.15050329
15449,0,0.16888592,0.23858661,1,0.18264940
15465,0,0.16888592,0.23858661,1,0.18264940
15470,0,0.16888592,0.01445145,0,0.09170776
15476,0,0.16888592,0.18979604,1,0.17931470
15480,0,0.16888592,0.22363221,1,0.18436576
15486,0,0.16888592,0.16527858,0,0.17592375
15488,0,0.16888592,0.31031428,1,0.19720751
15490,0,0.16888592,0.25166902,1,0.18851831
15494,0,0.16888592,0.11161281,0,0.17988924
15495,0,0.16888592,0.12509105,0,0.17048275
15497,0,0.16888592,0.16294610,0,0.15680206
15499,1,0.16888592,0.18953304,1,0.18284755
15500,0,0.16888592,0.15888208,0,0.16181030
15504,0,0.16888592,0.09111256,0,0.17591003
15505,0,0.16888592,0.15277146,0,0.17589957
15506,0,0.16888592,0.10575069,0,0.15582478
15517,0,0.16888592,0.12830167,0,0.13032181
15518,0,0.16888592,0.08397054,0,0.15366717
15522,1,0.16888592,0.12830167,0,0.13032181
15524,0,0.16888592,0.07032683,0,0.13476660
15527,0,0.16888592,0.03659652,0,0.14684182
15528,0,0.16888592,0.25952071,1,0.18436576
15533,0,0.16888592,0.10176637,0,0.15434772
15534,0,0.16888592,0.18979604,1,0.17931470
15540,0,0.16888592,0.07261478,0,0.12636211
15545,0,0.16888592,0.13871924,0,0.17839647
15547,1,0.16888592,0.11081162,0,0.15050329
15550,0,0.16888592,0.11081162,0,0.15050329
15551,0,0.16888592,0.18979604,1,0.17931470
15553,0,0.16888592,0.18979604,1,0.17931470
15554,0,0.16888592,0.07261478,0,0.12636211
15565,0,0.16888592,0.07155290,0,0.14660845
15566,0,0.16888592,0.07261478,0,0.12636211
15573,0,0.16888592,0.25122900,1,0.18984009
15579,0,0.16888592,0.17671268,1,0.17719730
15584,0,0.16888592,0.22020780,1,0.17664921
15606,0,0.16888592,0.16527858,0,0.17592375
15609,0,0.16888592,0.16527858,0,0.17592375
15613,0,0.16888592,0.07261478,0,0.12636211
15615,0,0.16888592,0.16551480,0,0.17239091
15617,0,0.16888592,0.14861673,0,0.16548268
15618,0,0.16888592,0.16527858,0,0.17592375
15619,0,0.16888592,0.14171686,0,0.18321013
15626,1,0.16888592,0.10940966,0,0.13045414
15628,1,0.16888592,0.21671430,1,0.16856925
15633,0,0.16888592,0.18979604,1,0.17931470
15656,0,0.16888592,0.15147653,0,0.17624494
15664,1,0.16888592,0.23891108,1,0.18272011
15673,0,0.16888592,0.21671430,1,0.16856925
15676,0,0.16888592,0.19784085,1,0.16125984
15688,0,0.16888592,0.11081162,0,0.15050329
15694,0,0.16888592,0.30855940,1,0.17838266
15695,0,0.16888592,0.12830167,0,0.13032181
15700,0,0.16888592,0.22390862,1,0.19058610
15706,0,0.16888592,0.26675131,1,0.18147952
15709,0,0.16888592,0.15277146,0,0.17589957
15718,0,0.16888592,0.10390512,0,0.17570276
15719,0,0.16888592,0.18979604,1,0.17931470
15726,0,0.16888592,0.13829639,0,0.17577550
15742,0,0.16888592,0.37205806,1,0.25305174
15743,0,0.16888592,0.18979604,1,0.17931470
15745,0,0.16888592,0.11081162,0,0.15050329
15748,0,0.16888592,0.05980502,0,0.12404958
15756,0,0.16888592,0.23828117,1,0.18256309
15757,1,0.16888592,0.44300708,1,0.22891258
15759,0,0.16888592,0.26224698,1,0.20981507
15760,0,0.16888592,0.10176637,0,0.15434772
15766,0,0.16888592,0.20431931,1,0.18883945
15767,0,0.16888592,0.18953304,1,0.18284755
15769,0,0.16888592,0.10372896,0,0.17050258
15776,1,0.16888592,0.11081162,0,0.15050329
15780,1,0.16888592,0.11081162,0,0.15050329
15791,0,0.16888592,0.20698462,1,0.18010650
15794,0,0.16888592,0.18979604,1,0.17931470
15795,0,0.16888592,0.16551480,0,0.17239091
15799,0,0.16888592,0.12830167,0,0.13032181
15801,0,0.16888592,0.11339012,0,0.16096986
15803,0,0.16888592,0.18979604,1,0.17931470
15804,1,0.16888592,0.28259637,1,0.17738753
15814,0,0.16888592,0.08851696,0,0.14912537
15815,0,0.16888592,0.11081162,0,0.15050329
15816,0,0.16888592,0.07261478,0,0.12636211
15838,1,0.16888592,0.11081162,0,0.15050329
15840,0,0.16888592,0.11081162,0,0.15050329
15851,0,0.16888592,0.16551480,0,0.17239091
15856,0,0.16888592,0.18979604,1,0.17931470
15857,0,0.16888592,0.16551480,0,0.17239091
15860,0,0.16888592,0.23653954,1,0.17695946
15861,0,0.16888592,0.70985575,1,0.56162109
15871,1,0.16888592,0.32198841,1,0.20015108
15883,0,0.16888592,0.16551480,0,0.17239091
15893,0,0.16888592,0.18979604,1,0.17931470
15904,0,0.16888592,0.18673159,1,0.18759882
15908,0,0.16888592,0.13931936,0,0.16394784
15916,0,0.16888592,0.22865502,1,0.17133469
15920,0,0.16888592,0.11424140,0,0.17278352
15922,0,0.16888592,0.11081162,0,0.15050329
15923,1,0.16888592,0.18979604,1,0.17931470
15924,0,0.16888592,0.05483858,0,0.12865392
15926,1,0.16888592,0.11081162,0,0.15050329
15936,1,0.16888592,0.11064312,0,0.15404680
15944,0,0.16888592,0.12220449,0,0.17104089
15948,0,0.16888592,0.23134346,1,0.20332299
15951,0,0.16888592,0.23808167,1,0.18856628
15963,0,0.16888592,0.14226570,0,0.15715989
15968,0,0.16888592,0.14687786,0,0.17839647
15971,0,0.16888592,0.03161961,0,0.15776105
15976,0,0.16888592,0.18979604,1,0.17931470
15977,0,0.16888592,0.21671430,1,0.16856925
15983,0,0.16888592,0.16551480,0,0.17239091
15999,0,0.16888592,0.11081162,0,0.15050329
16000,0,0.16888592,0.28678150,1,0.19484462
16004,0,0.16888592,0.28609508,1,0.18240630
16007,0,0.16888592,0.20281939,1,0.18436576
16009,0,0.16888592,0.16551480,0,0.17239091
16021,0,0.16888592,0.18979604,1,0.17931470
16022,0,0.16888592,0.18979604,1,0.17931470
16034,0,0.16888592,0.10041348,0,0.18532581
16051,0,0.16888592,0.07629485,0,0.16078116
16052,1,0.16888592,0.21671430,1,0.16856925
16054,0,0.16888592,0.04411353,0,0.16130356
16062,0,0.16888592,0.07249963,0,0.13120452
16065,0,0.16888592,0.16527858,0,0.17592375
16082,0,0.16888592,0.17557658,1,0.18267720
16083,0,0.16888592,0.11081162,0,0.15050329
16092,0,0.16888592,0.12830167,0,0.13032181
16095,0,0.16888592,0.18979604,1,0.17931470
16101,0,0.16888592,0.28188693,1,0.18444389
16102,0,0.16888592,0.05688887,0,0.17089520
16103,0,0.16888592,0.58043639,1,0.38763497
16106,0,0.16888592,0.12830167,0,0.13032181
16110,1,0.16888592,0.17790318,1,0.21504118
16116,0,0.16888592,0.15277146,0,0.17589957
16121,0,0.16888592,0.18979604,1,0.17931470
16123,0,0.16888592,0.16551480,0,0.17239091
16124,1,0.16888592,0.29731673,1,0.20831180
16126,0,0.16888592,0.27854854,1,0.18108455
16130,1,0.16888592,0.17818333,1,0.18557521
16135,0,0.16888592,0.11081162,0,0.15050329
16138,0,0.16888592,0.16551480,0,0.17239091
16163,0,0.16888592,0.04274252,0,0.12050206
16166,0,0.16888592,0.07261478,0,0.12636211
16183,0,0.16888592,0.11081162,0,0.15050329
16189,0,0.16888592,0.16551480,0,0.17239091
16200,0,0.16888592,0.11081162,0,0.15050329
16214,0,0.16888592,0.26224698,1,0.20981507
16216,0,0.16888592,0.11081162,0,0.15050329
16217,0,0.16888592,0.18979604,1,0.17931470
16223,0,0.16888592,0.20281939,1,0.18436576
16227,0,0.16888592,0.12830167,0,0.13032181
16228,0,0.16888592,0.16527858,0,0.17592375
16241,0,0.16888592,0.10863735,0,0.18529320
16246,0,0.16888592,0.16551480,0,0.17239091
16256,0,0.16888592,0.15277146,0,0.17589957
16259,1,0.16888592,0.23134346,1,0.20332299
16270,0,0.16888592,0.28259637,1,0.17738753
16275,0,0.16888592,0.18979604,1,0.17931470
16280,0,0.16888592,0.29806548,1,0.19947784
16286,1,0.16888592,0.29731673,1,0.20831180
16293,0,0.16888592,0.16426244,0,0.16175214
16321,0,0.16888592,0.00860765,0,0.04082672
16328,0,0.16888592,0.40101834,1,0.24344539
16332,0,0.16888592,0.11181108,0,0.17947708
16333,0,0.16888592,0.11081162,0,0.15050329
16339,1,0.16888592,0.16551480,0,0.17239091
16340,0,0.16888592,0.16551480,0,0.17239091
16345,1,0.16888592,0.40101834,1,0.24344539
16351,0,0.16888592,0.11980455,0,0.18860291
16354,0,0.16888592,0.11081162,0,0.15050329
16359,0,0.16888592,0.12830167,0,0.13032181
16374,0,0.16888592,0.07249963,0,0.13120452
16379,1,0.16888592,0.18979604,1,0.17931470
16382,0,0.16888592,0.17557658,1,0.18267720
16390,0,0.16888592,0.12811042,0,0.13552379
16399,0,0.16888592,0.21671430,1,0.16856925
16414,0,0.16888592,0.11081162,0,0.15050329
16422,0,0.16888592,0.21671430,1,0.16856925
16423,1,0.16888592,0.18979604,1,0.17931470
16426,0,0.16888592,0.16551480,0,0.17239091
16428,0,0.16888592,0.11081162,0,0.15050329
16430,0,0.16888592,0.26177926,1,0.18524593
16434,0,0.16888592,0.11081162,0,0.15050329
16437,0,0.16888592,0.11081162,0,0.15050329
16443,0,0.16888592,0.11081162,0,0.15050329
16444,0,0.16888592,0.10172057,0,0.14912537
16448,0,0.16888592,0.11081162,0,0.15050329
16450,0,0.16888592,0.11081162,0,0.15050329
16451,0,0.16888592,0.16551480,0,0.17239091
16462,0,0.16888592,0.11081162,0,0.15050329
16466,0,0.16888592,0.11081162,0,0.15050329
16477,0,0.16888592,0.16551480,0,0.17239091
16482,0,0.16888592,0.05900710,0,0.15513984
16486,0,0.16888592,0.25803790,1,0.19200181
16496,0,0.16888592,0.18979604,1,0.17931470
16500,1,0.16888592,0.58043639,1,0.38763497
16502,0,0.16888592,0.21671430,1,0.16856925
16506,0,0.16888592,0.16527858,0,0.17592375
16516,0,0.16888592,0.27586448,1,0.19287224
16518,1,0.16888592,0.21671430,1,0.16856925
16526,0,0.16888592,0.10544505,0,0.17414205
16537,0,0.16888592,0.18691294,1,0.18708384
16553,0,0.16888592,0.16527858,0,0.17592375
16555,1,0.16888592,0.08435170,0,0.16879211
16556,0,0.16888592,0.16551480,0,0.17239091
16563,1,0.16888592,0.18979604,1,0.17931470
16567,0,0.16888592,0.11081162,0,0.15050329
16570,0,0.16888592,0.14814401,0,0.16239025
16571,0,0.16888592,0.31876612,1,0.22427308
16579,0,0.16888592,0.11081162,0,0.15050329
16580,0,0.16888592,0.18979604,1,0.17931470
16588,0,0.16888592,0.15047989,0,0.18118169
16589,0,0.16888592,0.11081162,0,0.15050329
16597,0,0.16888592,0.10176637,0,0.15434772
16598,0,0.16888592,0.18738755,1,0.18316438
16600,0,0.16888592,0.08397195,0,0.17243800
16614,0,0.16888592,0.11081162,0,0.15050329
16616,0,0.16888592,0.85106072,1,0.63221614
16617,0,0.16888592,0.12830167,0,0.13032181
16630,1,0.16888592,0.18979604,1,0.17931470
16636,0,0.16888592,0.21671430,1,0.16856925
16638,0,0.16888592,0.28959962,1,0.21863884
16640,0,0.16888592,0.05255663,0,0.12271509
16644,0,0.16888592,0.28505602,1,0.18033063
16651,0,0.16888592,0.11081162,0,0.15050329
16660,0,0.16888592,0.11081162,0,0.15050329
16665,0,0.16888592,0.18979604,1,0.17931470
16669,0,0.16888592,0.06505664,0,0.14744348
16670,0,0.16888592,0.16551480,0,0.17239091
16673,0,0.16888592,0.16551480,0,0.17239091
16679,0,0.16888592,0.09111256,0,0.17591003
16682,0,0.16888592,0.23787858,1,0.18388712
16683,0,0.16888592,0.11081162,0,0.15050329
16696,0,0.16888592,0.18979604,1,0.17931470
16700,1,0.16888592,0.12830167,0,0.13032181
16701,0,0.16888592,0.12830167,0,0.13032181
16710,0,0.16888592,0.17397354,0,0.17970576
16718,1,0.16888592,0.11081162,0,0.15050329
16726,0,0.16888592,0.19510081,1,0.18436576
16727,0,0.16888592,0.10866964,0,0.16372239
16746,0,0.16888592,0.07261478,0,0.12636211
16748,1,0.16888592,0.15840055,0,0.17744196
16749,0,0.16888592,0.08673552,0,0.18860291
16754,0,0.16888592,0.29148345,1,0.22891658
16765,0,0.16888592,0.16527858,0,0.17592375
16767,0,0.16888592,0.16551480,0,0.17239091
16770,1,0.16888592,0.21671430,1,0.16856925
16774,0,0.16888592,0.04551320,0,0.17336648
16782,0,0.16888592,0.00533437,0,0.05751326
16785,0,0.16888592,0.16527858,0,0.17592375
16794,1,0.16888592,0.16551480,0,0.17239091
16800,0,0.16888592,0.10176637,0,0.15434772
16801,0,0.16888592,0.48258868,1,0.37630465
16803,0,0.16888592,0.11064312,0,0.15404680
16808,0,0.16888592,0.21678357,1,0.18154393
16810,1,0.16888592,0.14711925,0,0.18827777
16820,0,0.16888592,0.18788032,1,0.18879128
16823,0,0.16888592,0.11064312,0,0.15404680
16825,0,0.16888592,0.14555200,0,0.16363515
16830,0,0.16888592,0.12830167,0,0.13032181
16845,0,0.16888592,0.18979604,1,0.17931470
16847,0,0.16888592,0.12830167,0,0.13032181
16849,0,0.16888592,0.07261478,0,0.12636211
16856,0,0.16888592,0.12830167,0,0.13032181
16857,0,0.16888592,0.14188381,0,0.15646961
16873,0,0.16888592,0.17818333,1,0.18557521
16876,0,0.16888592,0.21671430,1,0.16856925
16879,0,0.16888592,0.07249963,0,0.13120452
16883,0,0.16888592,0.21699771,1,0.16365955
16887,0,0.16888592,0.07261478,0,0.12636211
16891,0,0.16888592,0.11081162,0,0.15050329
16895,0,0.16888592,0.18979604,1,0.17931470
16903,0,0.16888592,0.11081162,0,0.15050329
16906,1,0.16888592,0.16551480,0,0.17239091
16912,1,0.16888592,0.08405248,0,0.16668649
16919,0,0.16888592,0.07261478,0,0.12636211
16927,1,0.16888592,0.18979604,1,0.17931470
16929,1,0.16888592,0.12885153,0,0.18137723
16932,0,0.16888592,0.13073053,0,0.14678184
16933,0,0.16888592,0.11081162,0,0.15050329
16938,0,0.16888592,0.21671430,1,0.16856925
16939,0,0.16888592,0.11081162,0,0.15050329
16943,0,0.16888592,0.05349620,0,0.16786497
16944,0,0.16888592,0.16551480,0,0.17239091
16945,0,0.16888592,0.12830167,0,0.13032181
16946,1,0.16888592,0.11081162,0,0.15050329
16951,0,0.16888592,0.15601516,0,0.17744196
16953,0,0.16888592,0.26956963,1,0.18039224
16958,0,0.16888592,0.11081162,0,0.15050329
16959,1,0.16888592,0.14090900,0,0.15838349
16964,0,0.16888592,0.18979604,1,0.17931470
16974,0,0.16888592,0.16551480,0,0.17239091
16977,0,0.16888592,0.11081162,0,0.15050329
16988,0,0.16888592,0.39677825,1,0.22427308
16993,0,0.16888592,0.26674201,1,0.18668726
17006,0,0.16888592,0.18979604,1,0.17931470
17012,0,0.16888592,0.32499486,1,0.21398943
17013,1,0.16888592,0.16551480,0,0.17239091
17014,0,0.16888592,0.02809917,0,0.13325070
17020,0,0.16888592,0.17039728,0,0.14697583
17025,0,0.16888592,0.19313111,1,0.16759624
17027,0,0.16888592,0.09716987,0,0.16794910
17030,0,0.16888592,0.18979604,1,0.17931470
17033,0,0.16888592,0.16551480,0,0.17239091
17037,0,0.16888592,0.18979604,1,0.17931470
17043,0,0.16888592,0.16551480,0,0.17239091
17044,0,0.16888592,0.14984956,0,0.19128121
17054,0,0.16888592,0.18979604,1,0.17931470
17055,0,0.16888592,0.17557658,1,0.18267720
17060,0,0.16888592,0.13728481,0,0.13651408
17062,0,0.16888592,0.11081162,0,0.15050329
17074,0,0.16888592,0.11081162,0,0.15050329
17075,1,0.16888592,0.41533324,1,0.27271631
17076,1,0.16888592,0.23257793,1,0.18436576
17077,0,0.16888592,0.12830167,0,0.13032181
17082,1,0.16888592,0.25354473,1,0.19049139
17084,0,0.16888592,0.19097471,1,0.18205900
17086,0,0.16888592,0.15339338,0,0.17744196
17094,0,0.16888592,0.07947451,0,0.14912537
17099,1,0.16888592,0.18979604,1,0.17931470
17100,0,0.16888592,0.07261478,0,0.12636211
17106,1,0.16888592,0.17557658,1,0.18267720
17118,0,0.16888592,0.20884941,1,0.17823715
17122,0,0.16888592,0.12830167,0,0.13032181
17128,0,0.16888592,0.16962399,0,0.17941328
17129,0,0.16888592,0.21671430,1,0.16856925
17130,0,0.16888592,0.07261478,0,0.12636211
17136,0,0.16888592,0.32014619,1,0.18725443
17138,1,0.16888592,0.38797824,1,0.20865984
17139,0,0.16888592,0.18979604,1,0.17931470
17140,0,0.16888592,0.18979604,1,0.17931470
17141,0,0.16888592,0.17821753,1,0.16981083
17142,0,0.16888592,0.07261478,0,0.12636211
17150,0,0.16888592,0.14814401,0,0.16239025
17152,0,0.16888592,0.16527858,0,0.17592375
17159,0,0.16888592,0.08851696,0,0.14912537
17163,0,0.16888592,0.29508726,1,0.20511758
17165,0,0.16888592,0.11064312,0,0.15404680
17167,1,0.16888592,0.29623180,1,0.18851831
17170,0,0.16888592,0.07249963,0,0.13120452
17172,0,0.16888592,0.11081162,0,0.15050329
17173,0,0.16888592,0.16551480,0,0.17239091
17176,0,0.16888592,0.12830167,0,0.13032181
17177,0,0.16888592,0.11064312,0,0.15404680
17180,0,0.16888592,0.11081162,0,0.15050329
17184,1,0.16888592,0.16551480,0,0.17239091
17188,0,0.16888592,0.12830167,0,0.13032181
17195,1,0.16888592,0.16551480,0,0.17239091
17206,0,0.16888592,0.21671430,1,0.16856925
17215,0,0.16888592,0.24636552,1,0.18735033
17232,0,0.16888592,0.13409871,0,0.18131732
17244,0,0.16888592,0.11637673,0,0.17965676
17247,1,0.16888592,0.18953304,1,0.18284755
17248,0,0.16888592,0.00729765,0,0.04888093
17250,0,0.16888592,0.07261478,0,0.12636211
17252,0,0.16888592,0.12830167,0,0.13032181
17260,0,0.16888592,0.31031428,1,0.19720751
17264,0,0.16888592,0.16551480,0,0.17239091
17266,0,0.16888592,0.11424140,0,0.17278352
17273,0,0.16888592,0.18979604,1,0.17931470
17279,0,0.16888592,0.04566935,0,0.17245592
17282,1,0.16888592,0.28591443,1,0.18459375
17284,0,0.16888592,0.19940948,1,0.13704200
17286,0,0.16888592,0.18127578,1,0.17761585
17288,1,0.16888592,0.06657487,0,0.15178484
17292,0,0.16888592,0.33571013,1,0.20089935
17302,0,0.16888592,0.09173628,0,0.16191215
17304,0,0.16888592,0.31565781,1,0.17592739
17309,1,0.16888592,0.16962399,0,0.17941328
17312,0,0.16888592,0.16551480,0,0.17239091
17315,1,0.16888592,0.21671430,1,0.16856925
17321,1,0.16888592,0.58043639,1,0.38763497
17325,0,0.16888592,0.16527858,0,0.17592375
17326,0,0.16888592,0.03237654,0,0.15510925
17338,0,0.16888592,0.10815786,0,0.15522535
17339,0,0.16888592,0.11081162,0,0.15050329
17343,1,0.16888592,0.12380794,0,0.17700183
17350,1,0.16888592,0.17825359,1,0.18725006
17355,0,0.16888592,0.16551480,0,0.17239091
17359,0,0.16888592,0.18951938,1,0.18503554
17376,0,0.16888592,0.10822036,0,0.16240637
17378,1,0.16888592,0.18979604,1,0.17931470
17380,0,0.16888592,0.18979604,1,0.17931470
17384,0,0.16888592,0.11081162,0,0.15050329
17386,0,0.16888592,0.17627202,1,0.18436576
17390,0,0.16888592,0.21642397,1,0.17503848
17404,0,0.16888592,0.16449349,0,0.16100028
17406,0,0.16888592,0.20921826,1,0.18164249
17409,1,0.16888592,0.03690971,0,0.16484162
17424,0,0.16888592,0.16551480,0,0.17239091
17427,1,0.16888592,0.18979604,1,0.17931470
17430,0,0.16888592,0.11081162,0,0.15050329
17439,1,0.16888592,0.07261478,0,0.12636211
17456,0,0.16888592,0.21671430,1,0.16856925
17458,0,0.16888592,0.16551480,0,0.17239091
17459,1,0.16888592,0.30053538,1,0.18810455
17462,0,0.16888592,0.20921826,1,0.18164249
17466,0,0.16888592,0.16214458,0,0.15571781
17468,0,0.16888592,0.12252916,0,0.16489355
17476,0,0.16888592,0.00459765,0,0.04697764
17478,0,0.16888592,0.11081162,0,0.15050329
17479,1,0.16888592,0.18953304,1,0.18284755
17487,0,0.16888592,0.21671430,1,0.16856925
17488,0,0.16888592,0.18979604,1,0.17931470
17498,0,0.16888592,0.18979604,1,0.17931470
17499,0,0.16888592,0.21671430,1,0.16856925
17501,1,0.16888592,0.10029943,0,0.13535077
17503,0,0.16888592,0.16378014,0,0.17278352
17508,0,0.16888592,0.33273136,1,0.16550102
17516,1,0.16888592,0.11081162,0,0.15050329
17524,0,0.16888592,0.21671430,1,0.16856925
17530,0,0.16888592,0.16551480,0,0.17239091
17533,0,0.16888592,0.21671430,1,0.16856925
17537,0,0.16888592,0.07249963,0,0.13120452
17539,0,0.16888592,0.12830167,0,0.13032181
17544,0,0.16888592,0.27586448,1,0.19287224
17547,0,0.16888592,0.21671430,1,0.16856925
17559,0,0.16888592,0.19606976,1,0.17744196
17562,0,0.16888592,0.21671430,1,0.16856925
17569,0,0.16888592,0.22901206,1,0.19725744
17574,1,0.16888592,0.12830167,0,0.13032181
17583,0,0.16888592,0.07249963,0,0.13120452
17584,0,0.16888592,0.14336081,0,0.18551256
17593,0,0.16888592,0.11081162,0,0.15050329
17594,1,0.16888592,0.18979604,1,0.17931470
17603,0,0.16888592,0.21777082,1,0.18382510
17609,1,0.16888592,0.07261478,0,0.12636211
17613,1,0.16888592,0.16527858,0,0.17592375
17614,0,0.16888592,0.16527858,0,0.17592375
17619,0,0.16888592,0.11081162,0,0.15050329
17628,0,0.16888592,0.48307212,1,0.24286209
17634,0,0.16888592,0.08579422,0,0.18044979
17644,1,0.16888592,0.27422695,1,0.19098074
17646,1,0.16888592,0.24636552,1,0.18735033
17652,1,0.16888592,0.18979604,1,0.17931470
17654,0,0.16888592,0.29686411,1,0.17700183
17655,1,0.16888592,0.26202100,1,0.19019234
17657,0,0.16888592,0.18979604,1,0.17931470
17662,0,0.16888592,0.11081162,0,0.15050329
17670,0,0.16888592,0.16527858,0,0.17592375
17671,0,0.16888592,0.09691300,0,0.15307036
17675,0,0.16888592,0.11081162,0,0.15050329
17679,0,0.16888592,0.21671430,1,0.16856925
17680,0,0.16888592,0.07174133,0,0.14695312
17683,0,0.16888592,0.04671811,0,0.13815193
17687,0,0.16888592,0.11778545,0,0.16218136
17692,0,0.16888592,0.27586448,1,0.19287224
17697,0,0.16888592,0.11081162,0,0.15050329
17703,0,0.16888592,0.19644543,1,0.13980672
17705,0,0.16888592,0.10036710,0,0.18178665
17707,0,0.16888592,0.02286215,0,0.16379755
17711,0,0.16888592,0.16551480,0,0.17239091
17716,0,0.16888592,0.02864634,0,0.16484162
17723,0,0.16888592,0.12380794,0,0.17700183
17729,0,0.16888592,0.07261478,0,0.12636211
17730,1,0.16888592,0.23767723,1,0.18529320
17739,1,0.16888592,0.55348300,1,0.31907096
17740,1,0.16888592,0.31786523,1,0.19278210
17741,0,0.16888592,0.11081162,0,0.15050329
17744,0,0.16888592,0.45398264,1,0.20326964
17745,0,0.16888592,0.26444865,1,0.19175007
17751,0,0.16888592,0.18979604,1,0.17931470
17753,0,0.16888592,0.06334039,0,0.15255531
17761,1,0.16888592,0.18979604,1,0.17931470
17782,0,0.16888592,0.07261478,0,0.12636211
17784,0,0.16888592,0.04712401,0,0.14923663
17786,0,0.16888592,0.16527858,0,0.17592375
17794,0,0.16888592,0.12101438,0,0.17592375
17795,0,0.16888592,0.14814401,0,0.16239025
17797,0,0.16888592,0.12830167,0,0.13032181
17798,0,0.16888592,0.17557658,1,0.18267720
17800,0,0.16888592,0.10176637,0,0.15434772
17804,1,0.16888592,0.18979604,1,0.17931470
17812,0,0.16888592,0.18979604,1,0.17931470
17814,0,0.16888592,0.17028355,0,0.17939016
17823,0,0.16888592,0.16551480,0,0.17239091
17827,0,0.16888592,0.16551480,0,0.17239091
17828,1,0.16888592,0.18979604,1,0.17931470
17841,0,0.16888592,0.11081162,0,0.15050329
17842,0,0.16888592,0.00576675,0,0.05462914
17843,1,0.16888592,0.12620719,0,0.16694017
17844,1,0.16888592,0.44300708,1,0.22891258
17853,0,0.16888592,0.21329131,1,0.18730427
17859,1,0.16888592,0.07981540,0,0.12636120
17861,1,0.16888592,0.16551480,0,0.17239091
17862,0,0.16888592,0.21671430,1,0.16856925
17867,1,0.16888592,0.13424932,0,0.17969081
17870,0,0.16888592,0.16178935,0,0.17744196
17875,0,0.16888592,0.18979604,1,0.17931470
17878,1,0.16888592,0.18979604,1,0.17931470
17883,0,0.16888592,0.14896551,0,0.15571781
17887,0,0.16888592,0.14171686,0,0.18321013
17890,1,0.16888592,0.12830167,0,0.13032181
17891,0,0.16888592,0.05363155,0,0.17510288
17894,0,0.16888592,0.18979604,1,0.17931470
17902,0,0.16888592,0.00618579,0,0.04819910
17915,0,0.16888592,0.04185755,0,0.12271509
17923,0,0.16888592,0.11081162,0,0.15050329
17925,0,0.16888592,0.18979604,1,0.17931470
17928,0,0.16888592,0.26956963,1,0.18039224
17931,0,0.16888592,0.16551480,0,0.17239091
17934,0,0.16888592,0.16551480,0,0.17239091
17945,1,0.16888592,0.08757908,0,0.18178665
17946,0,0.16888592,0.29621759,1,0.17000889
17947,1,0.16888592,0.42494857,1,0.32002221
17949,0,0.16888592,0.18979604,1,0.17931470
17950,1,0.16888592,0.14577113,0,0.17278352
17953,0,0.16888592,0.16527858,0,0.17592375
17958,0,0.16888592,0.14088956,0,0.15471211
17960,0,0.16888592,0.16551480,0,0.17239091
17962,0,0.16888592,0.16551480,0,0.17239091
17964,0,0.16888592,0.21671430,1,0.16856925
17970,0,0.16888592,0.18979604,1,0.17931470
17978,0,0.16888592,0.11081162,0,0.15050329
17986,0,0.16888592,0.05929427,0,0.15323730
17995,0,0.16888592,0.20097839,1,0.17664054
17996,0,0.16888592,0.00934210,0,0.06518942
18002,0,0.16888592,0.35836366,1,0.18456916
18004,0,0.16888592,0.32106282,1,0.19620904
18006,0,0.16888592,0.02736516,0,0.10278766
18009,0,0.16888592,0.18979604,1,0.17931470
18015,1,0.16888592,0.16527858,0,0.17592375
18023,1,0.16888592,0.31675983,1,0.19136769
18024,0,0.16888592,0.11064312,0,0.15404680
18032,0,0.16888592,0.07261478,0,0.12636211
18033,1,0.16888592,0.11081162,0,0.15050329
18034,0,0.16888592,0.18193026,1,0.18436576
18038,0,0.16888592,0.09828050,0,0.15177602
18042,0,0.16888592,0.16551480,0,0.17239091
18048,0,0.16888592,0.16527858,0,0.17592375
18049,0,0.16888592,0.12830167,0,0.13032181
18052,0,0.16888592,0.12277001,0,0.18092661
18054,0,0.16888592,0.10176637,0,0.15434772
18058,0,0.16888592,0.21671430,1,0.16856925
18067,0,0.16888592,0.18979604,1,0.17931470
18075,0,0.16888592,0.07261478,0,0.12636211
18081,1,0.16888592,0.17818333,1,0.18557521
18090,0,0.16888592,0.07261478,0,0.12636211
18091,0,0.16888592,0.21671430,1,0.16856925
18107,0,0.16888592,0.09846422,0,0.12991038
18117,0,0.16888592,0.18979604,1,0.17931470
18120,0,0.16888592,0.19003583,1,0.13863645
18123,0,0.16888592,0.19339472,1,0.16538393
18125,1,0.16888592,0.60949730,1,0.33500663
18126,0,0.16888592,0.11081162,0,0.15050329
18127,0,0.16888592,0.11081162,0,0.15050329
18131,0,0.16888592,0.18979604,1,0.17931470
18135,0,0.16888592,0.17541576,0,0.17593528
18142,0,0.16888592,0.15277146,0,0.17589957
18145,0,0.16888592,0.44172705,1,0.24829060
18151,0,0.16888592,0.17025654,0,0.18282644
18152,0,0.16888592,0.11622386,0,0.16725512
18159,0,0.16888592,0.21671430,1,0.16856925
18163,0,0.16888592,0.07261478,0,0.12636211
18168,0,0.16888592,0.14171686,0,0.18321013
18171,0,0.16888592,0.15277146,0,0.17589957
18173,0,0.16888592,0.30855940,1,0.17838266
18175,0,0.16888592,0.11081162,0,0.15050329
18176,1,0.16888592,0.18239364,1,0.13513302
18177,0,0.16888592,0.18979604,1,0.17931470
18182,0,0.16888592,0.18979604,1,0.17931470
18190,0,0.16888592,0.21671430,1,0.16856925
18203,0,0.16888592,0.08317145,0,0.14767488
18208,0,0.16888592,0.31195000,1,0.24413310
18214,0,0.16888592,0.11081162,0,0.15050329
18218,0,0.16888592,0.18953304,1,0.18284755
18220,0,0.16888592,0.06152683,0,0.13018751
18223,0,0.16888592,0.17202271,0,0.15348489
18224,0,0.16888592,0.08074672,0,0.15258521
18229,1,0.16888592,0.45157884,1,0.27725090
18242,1,0.16888592,0.07261478,0,0.12636211
18253,0,0.16888592,0.18979604,1,0.17931470
18262,0,0.16888592,0.10674989,0,0.13686535
18263,0,0.16888592,0.18979604,1,0.17931470
18273,0,0.16888592,0.20527013,1,0.18212118
18287,0,0.16888592,0.12757186,0,0.18436792
18290,0,0.16888592,0.00533437,0,0.05751326
18291,0,0.16888592,0.11081162,0,0.15050329
18294,1,0.16888592,0.13073053,0,0.14678184
18297,0,0.16888592,0.09448543,0,0.15269593
18301,0,0.16888592,0.18979604,1,0.17931470
18307,0,0.16888592,0.22211586,1,0.19700793
18312,0,0.16888592,0.07261478,0,0.12636211
18319,0,0.16888592,0.06929317,0,0.15011981
18322,1,0.16888592,0.20921826,1,0.18164249
18326,0,0.16888592,0.07261478,0,0.12636211
18327,0,0.16888592,0.09117311,0,0.17329385
18341,0,0.16888592,0.16551480,0,0.17239091
18348,0,0.16888592,0.02690247,0,0.15911815
18356,0,0.16888592,0.00570162,0,0.01743081
18359,0,0.16888592,0.12830167,0,0.13032181
18360,0,0.16888592,0.12830167,0,0.13032181
18363,1,0.16888592,0.07261478,0,0.12636211
18374,0,0.16888592,0.16551480,0,0.17239091
18375,0,0.16888592,0.11081162,0,0.15050329
18381,0,0.16888592,0.11081162,0,0.15050329
18393,0,0.16888592,0.11064312,0,0.15404680
18430,0,0.16888592,0.21671430,1,0.16856925
18433,0,0.16888592,0.16551480,0,0.17239091
18436,0,0.16888592,0.16551480,0,0.17239091
18439,0,0.16888592,0.21671430,1,0.16856925
18440,1,0.16888592,0.23143539,1,0.18400218
18441,0,0.16888592,0.06276625,0,0.15197687
18444,0,0.16888592,0.14239347,0,0.18330125
18450,0,0.16888592,0.18979604,1,0.17931470
18458,0,0.16888592,0.11081162,0,0.15050329
18459,0,0.16888592,0.18979604,1,0.17931470
18462,0,0.16888592,0.18979604,1,0.17931470
18464,0,0.16888592,0.07296719,0,0.17353616
18467,0,0.16888592,0.16551480,0,0.17239091
18471,1,0.16888592,0.16551480,0,0.17239091
18481,0,0.16888592,0.12830167,0,0.13032181
18489,0,0.16888592,0.14253814,0,0.16161856
18495,1,0.16888592,0.18806232,1,0.13674357
18504,1,0.16888592,0.18979604,1,0.17931470
18520,1,0.16888592,0.14814401,0,0.16239025
18521,1,0.16888592,0.14012568,0,0.17989280
18524,0,0.16888592,0.25354473,1,0.19049139
18527,0,0.16888592,0.08111338,0,0.13272274
18536,0,0.16888592,0.24138380,1,0.18019696
18537,0,0.16888592,0.06298294,0,0.14660845
18538,0,0.16888592,0.12830167,0,0.13032181
18550,0,0.16888592,0.15702528,0,0.13770364
18554,0,0.16888592,0.12830167,0,0.13032181
18561,0,0.16888592,0.07261478,0,0.12636211
18576,0,0.16888592,0.10176637,0,0.15434772
18580,1,0.16888592,0.17790318,1,0.21504118
18582,0,0.16888592,0.06795632,0,0.14660845
18583,0,0.16888592,0.18979604,1,0.17931470
18591,0,0.16888592,0.18979604,1,0.17931470
18593,1,0.16888592,0.32855128,1,0.19316061
18598,0,0.16888592,0.12380794,0,0.17700183
18604,0,0.16888592,0.24636552,1,0.18735033
18620,0,0.16888592,0.13204693,0,0.18282644
18630,0,0.16888592,0.12830167,0,0.13032181
18631,0,0.16888592,0.23999769,1,0.20354153
18647,0,0.16888592,0.12830167,0,0.13032181
18648,0,0.16888592,0.21671430,1,0.16856925
18661,0,0.16888592,0.11081162,0,0.15050329
18663,0,0.16888592,0.03016216,0,0.12735128
18664,0,0.16888592,0.00570162,0,0.01743081
18668,1,0.16888592,0.16527858,0,0.17592375
18670,0,0.16888592,0.11081162,0,0.15050329
18675,1,0.16888592,0.08782480,0,0.13225851
18691,0,0.16888592,0.00570162,0,0.01743081
18698,0,0.16888592,0.18979604,1,0.17931470
18703,0,0.16888592,0.12830167,0,0.13032181
18705,0,0.16888592,0.18979604,1,0.17931470
18709,1,0.16888592,0.16551480,0,0.17239091
18720,0,0.16888592,0.13041884,0,0.17425789
18726,0,0.16888592,0.12830167,0,0.13032181
18729,0,0.16888592,0.21678357,1,0.18154393
18732,0,0.16888592,0.22020780,1,0.17664921
18743,0,0.16888592,0.11081162,0,0.15050329
18751,1,0.16888592,0.18979604,1,0.17931470
18753,1,0.16888592,0.23833922,1,0.18436576
18762,0,0.16888592,0.11081162,0,0.15050329
18770,1,0.16888592,0.18979604,1,0.17931470
18775,1,0.16888592,0.21671430,1,0.16856925
18783,0,0.16888592,0.16551480,0,0.17239091
18795,0,0.16888592,0.18979604,1,0.17931470
18801,0,0.16888592,0.17557658,1,0.18267720
18806,0,0.16888592,0.18979604,1,0.17931470
18816,1,0.16888592,0.56778245,1,0.50491106
18817,0,0.16888592,0.16551480,0,0.17239091
18836,0,0.16888592,0.11081162,0,0.15050329
18843,0,0.16888592,0.18953304,1,0.18284755
18849,0,0.16888592,0.23999769,1,0.20354153
18853,0,0.16888592,0.11715776,0,0.17855193
18863,1,0.16888592,0.39544225,1,0.26793330
18864,0,0.16888592,0.16551480,0,0.17239091
18867,0,0.16888592,0.11422001,0,0.15571781
18873,0,0.16888592,0.21671430,1,0.16856925
18889,0,0.16888592,0.14139682,0,0.17002900
18890,0,0.16888592,0.11081162,0,0.15050329
18892,0,0.16888592,0.23574031,1,0.17744196
18895,0,0.16888592,0.12830167,0,0.13032181
18898,0,0.16888592,0.16551480,0,0.17239091
18907,0,0.16888592,0.18100954,1,0.18220648
18917,0,0.16888592,0.12830167,0,0.13032181
18918,0,0.16888592,0.23808167,1,0.18856628
18932,1,0.16888592,0.26978617,1,0.18876052
18933,0,0.16888592,0.18979604,1,0.17931470
18935,0,0.16888592,0.28591443,1,0.18459375
18945,0,0.16888592,0.16551480,0,0.17239091
18950,0,0.16888592,0.16736438,0,0.15795785
18955,0,0.16888592,0.16527858,0,0.17592375
18957,0,0.16888592,0.16551480,0,0.17239091
18963,0,0.16888592,0.18979604,1,0.17931470
18971,0,0.16888592,0.16551480,0,0.17239091
18974,0,0.16888592,0.11081162,0,0.15050329
18977,0,0.16888592,0.18979604,1,0.17931470
18981,0,0.16888592,0.11156986,0,0.16349337
18982,0,0.16888592,0.20884941,1,0.17823715
18986,0,0.16888592,0.22363221,1,0.18436576
18988,0,0.16888592,0.15147653,0,0.17624494
18996,0,0.16888592,0.16551480,0,0.17239091
18999,0,0.16888592,0.11081162,0,0.15050329
19002,0,0.16888592,0.16527858,0,0.17592375
19009,0,0.16888592,0.11081162,0,0.15050329
19012,0,0.16888592,0.10593278,0,0.18021765
19013,0,0.16888592,0.18979604,1,0.17931470
19020,1,0.16888592,0.29508726,1,0.20511758
19025,0,0.16888592,0.16551480,0,0.17239091
19030,0,0.16888592,0.12830167,0,0.13032181
19032,0,0.16888592,0.08269988,0,0.16981778
19033,1,0.16888592,0.42457867,1,0.27308405
19037,0,0.16888592,0.10372896,0,0.17050258
19038,0,0.16888592,0.07760482,0,0.15571781
19039,1,0.16888592,0.21671430,1,0.16856925
19045,0,0.16888592,0.18979604,1,0.17931470
19051,0,0.16888592,0.14957227,0,0.15210532
19061,1,0.16888592,0.21671430,1,0.16856925
19063,0,0.16888592,0.11081162,0,0.15050329
19066,0,0.16888592,0.04549329,0,0.12291616
19068,0,0.16888592,0.12830167,0,0.13032181
19073,1,0.16888592,0.65245810,1,0.23185273
19074,0,0.16888592,0.29623377,1,0.22177902
19082,0,0.16888592,0.18738755,1,0.18316438
19092,0,0.16888592,0.07837525,0,0.13103981
19095,0,0.16888592,0.16551480,0,0.17239091
19101,0,0.16888592,0.28591443,1,0.18459375
19106,0,0.16888592,0.26202100,1,0.19019234
19108,0,0.16888592,0.11081162,0,0.15050329
19117,0,0.16888592,0.15840055,0,0.17744196
19120,0,0.16888592,0.16527858,0,0.17592375
19127,1,0.16888592,0.07261478,0,0.12636211
19132,0,0.16888592,0.16527858,0,0.17592375
19142,0,0.16888592,0.18979604,1,0.17931470
19154,1,0.16888592,0.11007144,0,0.17271746
19164,0,0.16888592,0.18714910,1,0.18436576
19166,1,0.16888592,0.16527858,0,0.17592375
19167,0,0.16888592,0.13894014,0,0.15630620
19172,1,0.16888592,0.09510313,0,0.16260310
19184,0,0.16888592,0.10642242,0,0.13434760
19191,0,0.16888592,0.11081162,0,0.15050329
19206,0,0.16888592,0.11081162,0,0.15050329
19211,0,0.16888592,0.11081162,0,0.15050329
19216,0,0.16888592,0.11081162,0,0.15050329
19222,1,0.16888592,0.37205806,1,0.25305174
19223,0,0.16888592,0.17657565,1,0.17744196
19225,0,0.16888592,0.14702886,0,0.17411010
19226,0,0.16888592,0.20832594,1,0.15082472
19227,0,0.16888592,0.16551480,0,0.17239091
19228,0,0.16888592,0.07261478,0,0.12636211
19230,0,0.16888592,0.16527858,0,0.17592375
19236,0,0.16888592,0.18979604,1,0.17931470
19238,0,0.16888592,0.27586448,1,0.19287224
19243,1,0.16888592,0.25803790,1,0.19200181
19245,0,0.16888592,0.18979604,1,0.17931470
19249,1,0.16888592,0.16551480,0,0.17239091
19257,0,0.16888592,0.02473745,0,0.12479379
19260,1,0.16888592,0.21671430,1,0.16856925
19262,0,0.16888592,0.16527858,0,0.17592375
19266,1,0.16888592,0.16527858,0,0.17592375
19267,1,0.16888592,0.10176637,0,0.15434772
19282,0,0.16888592,0.19606976,1,0.17744196
19286,0,0.16888592,0.14261595,0,0.18051819
19287,0,0.16888592,0.18979604,1,0.17931470
19293,0,0.16888592,0.22020780,1,0.17664921
19310,0,0.16888592,0.11081162,0,0.15050329
19312,0,0.16888592,0.25010781,1,0.18436576
19318,1,0.16888592,0.65245810,1,0.23185273
19319,0,0.16888592,0.07261478,0,0.12636211
19326,0,0.16888592,0.08050278,0,0.17268347
19329,0,0.16888592,0.26978617,1,0.18876052
19333,0,0.16888592,0.23767723,1,0.18529320
19338,0,0.16888592,0.15339338,0,0.17744196
19346,0,0.16888592,0.12830167,0,0.13032181
19356,0,0.16888592,0.16551480,0,0.17239091
19363,1,0.16888592,0.16527858,0,0.17592375
19364,0,0.16888592,0.05900710,0,0.15513984
19366,0,0.16888592,0.15277146,0,0.17589957
19373,1,0.16888592,0.14507548,0,0.17205666
19381,1,0.16888592,0.16318964,0,0.17655670
19387,0,0.16888592,0.21671430,1,0.16856925
19388,0,0.16888592,0.15069264,0,0.15585262
19391,0,0.16888592,0.16551480,0,0.17239091
19393,0,0.16888592,0.18979604,1,0.17931470
19396,0,0.16888592,0.04411353,0,0.16130356
19407,0,0.16888592,0.07261478,0,0.12636211
19408,1,0.16888592,0.25803790,1,0.19200181
19411,0,0.16888592,0.16551480,0,0.17239091
19417,0,0.16888592,0.23378096,1,0.19104729
19421,0,0.16888592,0.21671430,1,0.16856925
19426,0,0.16888592,0.09616289,0,0.17746236
19427,0,0.16888592,0.11081162,0,0.15050329
19442,0,0.16888592,0.05688887,0,0.17089520
19445,0,0.16888592,0.16551480,0,0.17239091
19446,0,0.16888592,0.14672884,0,0.15788827
19448,0,0.16888592,0.18979604,1,0.17931470
19452,0,0.16888592,0.21671430,1,0.16856925
19465,0,0.16888592,0.18979604,1,0.17931470
19466,1,0.16888592,0.58043639,1,0.38763497
19471,0,0.16888592,0.09456825,0,0.13765861
19474,0,0.16888592,0.20833219,1,0.18414430
19493,0,0.16888592,0.28388610,1,0.18913394
19495,0,0.16888592,0.16551480,0,0.17239091
19496,1,0.16888592,0.13531017,0,0.17700183
19503,0,0.16888592,0.16527858,0,0.17592375
19504,0,0.16888592,0.22020780,1,0.17664921
19508,1,0.16888592,0.21678357,1,0.18154393
19520,1,0.16888592,0.10176637,0,0.15434772
19521,1,0.16888592,0.11081162,0,0.15050329
19522,0,0.16888592,0.16096567,0,0.18571209
19530,0,0.16888592,0.12830167,0,0.13032181
19531,0,0.16888592,0.11081162,0,0.15050329
19535,0,0.16888592,0.16527858,0,0.17592375
19538,0,0.16888592,0.25930916,1,0.17187373
19539,0,0.16888592,0.17177945,0,0.13591331
19540,0,0.16888592,0.28388610,1,0.18913394
19541,1,0.16888592,0.24636552,1,0.18735033
19542,1,0.16888592,0.09304815,0,0.14085267
19548,0,0.16888592,0.09850424,0,0.13825724
19551,1,0.16888592,0.11064312,0,0.15404680
19553,1,0.16888592,0.11422001,0,0.15571781
19554,0,0.16888592,0.19606976,1,0.17744196
19556,0,0.16888592,0.18979604,1,0.17931470
19560,0,0.16888592,0.33571013,1,0.20089935
19563,0,0.16888592,0.11081162,0,0.15050329
19570,0,0.16888592,0.18979604,1,0.17931470
19572,0,0.16888592,0.16551480,0,0.17239091
19577,0,0.16888592,0.17818333,1,0.18557521
19582,1,0.16888592,0.03902385,0,0.14871860
19583,0,0.16888592,0.11546626,0,0.12614497
19597,0,0.16888592,0.16527858,0,0.17592375
19601,0,0.16888592,0.07261478,0,0.12636211
19608,0,0.16888592,0.16551480,0,0.17239091
19614,1,0.16888592,0.16551480,0,0.17239091
19619,0,0.16888592,0.10329073,0,0.15679855
19620,1,0.16888592,0.11081162,0,0.15050329
19624,1,0.16888592,0.14814401,0,0.16239025
19636,0,0.16888592,0.12830167,0,0.13032181
19645,0,0.16888592,0.27011767,1,0.18775725
19649,0,0.16888592,0.21671430,1,0.16856925
19655,0,0.16888592,0.16551480,0,0.17239091
19656,0,0.16888592,0.18979604,1,0.17931470
19664,0,0.16888592,0.18979604,1,0.17931470
19667,0,0.16888592,0.14814401,0,0.16239025
19670,0,0.16888592,0.12830167,0,0.13032181
19672,0,0.16888592,0.07865012,0,0.15528448
19676,0,0.16888592,0.17557658,1,0.18267720
19682,0,0.16888592,0.18979604,1,0.17931470
19683,0,0.16888592,0.09850424,0,0.13825724
19688,0,0.16888592,0.18865878,1,0.13961566
19694,0,0.16888592,0.18979604,1,0.17931470
19696,1,0.16888592,0.16551480,0,0.17239091
19697,0,0.16888592,0.07261478,0,0.12636211
19709,0,0.16888592,0.19792979,1,0.15914478
19711,0,0.16888592,0.21200634,1,0.18047069
19715,0,0.16888592,0.11081162,0,0.15050329
19717,0,0.16888592,0.27854854,1,0.18108455
19725,0,0.16888592,0.12830167,0,0.13032181
19728,0,0.16888592,0.11154012,0,0.14736181
19731,0,0.16888592,0.12830167,0,0.13032181
19734,0,0.16888592,0.18979604,1,0.17931470
19747,0,0.16888592,0.15277146,0,0.17589957
19751,0,0.16888592,0.17557658,1,0.18267720
19754,0,0.16888592,0.11081162,0,0.15050329
19756,0,0.16888592,0.24971711,1,0.19041907
19769,0,0.16888592,0.18953304,1,0.18284755
19774,0,0.16888592,0.12757186,0,0.18436792
19780,0,0.16888592,0.11081162,0,0.15050329
19796,0,0.16888592,0.11081162,0,0.15050329
19800,1,0.16888592,0.24177895,1,0.17394405
19804,1,0.16888592,0.11081162,0,0.15050329
19805,0,0.16888592,0.16551480,0,0.17239091
19806,1,0.16888592,0.16551480,0,0.17239091
19808,0,0.16888592,0.16551480,0,0.17239091
19819,0,0.16888592,0.21671430,1,0.16856925
19823,0,0.16888592,0.16551480,0,0.17239091
19836,0,0.16888592,0.21671430,1,0.16856925
19844,0,0.16888592,0.16551480,0,0.17239091
19851,0,0.16888592,0.16527858,0,0.17592375
19855,0,0.16888592,0.05589794,0,0.13272274
19857,0,0.16888592,0.28591443,1,0.18459375
19864,0,0.16888592,0.18979604,1,0.17931470
19873,0,0.16888592,0.11081162,0,0.15050329
19877,0,0.16888592,0.18979604,1,0.17931470
19888,0,0.16888592,0.11081162,0,0.15050329
19889,0,0.16888592,0.21671430,1,0.16856925
19891,0,0.16888592,0.05929427,0,0.15323730
19892,0,0.16888592,0.20921826,1,0.18164249
19899,0,0.16888592,0.14871272,0,0.18595694
19902,1,0.16888592,0.14171686,0,0.18321013
19911,0,0.16888592,0.06540333,0,0.14849034
19914,0,0.16888592,0.29275465,1,0.17655670
19923,0,0.16888592,0.25166902,1,0.18851831
19924,0,0.16888592,0.06260217,0,0.14622060
19932,0,0.16888592,0.16551480,0,0.17239091
19941,0,0.16888592,0.20884941,1,0.17823715
19944,0,0.16888592,0.18979604,1,0.17931470
19945,0,0.16888592,0.21671430,1,0.16856925
19950,0,0.16888592,0.11081162,0,0.15050329
19954,1,0.16888592,0.44156687,1,0.23370838
19960,1,0.16888592,0.23767723,1,0.18529320
19962,0,0.16888592,0.15277146,0,0.17589957
19966,0,0.16888592,0.16551480,0,0.17239091
19969,0,0.16888592,0.06276625,0,0.15197687
19970,0,0.16888592,0.09250922,0,0.18001934
19971,0,0.16888592,0.07261478,0,0.12636211
19980,0,0.16888592,0.16551480,0,0.17239091
19982,0,0.16888592,0.21886318,1,0.19256212
19985,0,0.16888592,0.06645442,0,0.13344003
19987,1,0.16888592,0.17360856,0,0.18357850
19988,1,0.16888592,0.21671430,1,0.16856925
19993,1,0.16888592,0.18979604,1,0.17931470
19996,0,0.16888592,0.25930916,1,0.17187373
19998,0,0.16888592,0.11081162,0,0.15050329
20003,1,0.16888592,0.11150369,0,0.15571781
20009,1,0.16888592,0.13894014,0,0.15630620
20011,0,0.16888592,0.05641489,0,0.17181855
20021,0,0.16888592,0.25341079,1,0.17866958
20023,1,0.16888592,0.07249963,0,0.13120452
20031,0,0.16888592,0.17323698,0,0.16319312
20032,0,0.16888592,0.05349620,0,0.16786497
20041,0,0.16888592,0.26882198,1,0.19297964
20045,1,0.16888592,0.26934917,1,0.19031097
20046,0,0.16888592,0.05005941,0,0.15525830
20064,0,0.16888592,0.11081162,0,0.15050329
20071,1,0.16888592,0.08921502,0,0.14660845
20076,0,0.16888592,0.20310073,1,0.19866743
20082,0,0.16888592,0.22196553,1,0.20354153
20083,0,0.16888592,0.12062912,0,0.13331685
20088,0,0.16888592,0.07261478,0,0.12636211
20089,0,0.16888592,0.15934712,0,0.18269930
20093,0,0.16888592,0.07710086,0,0.16320947
20095,0,0.16888592,0.12830167,0,0.13032181
20098,0,0.16888592,0.17557658,1,0.18267720
20099,0,0.16888592,0.16551480,0,0.17239091
20102,0,0.16888592,0.16551480,0,0.17239091
20106,0,0.16888592,0.15732745,0,0.18436576
20112,0,0.16888592,0.18979604,1,0.17931470
20123,0,0.16888592,0.11081162,0,0.15050329
20128,0,0.16888592,0.12830167,0,0.13032181
20132,0,0.16888592,0.11081162,0,0.15050329
20139,1,0.16888592,0.12757186,0,0.18436792
20144,0,0.16888592,0.67222317,1,0.25327186
20146,1,0.16888592,0.11081162,0,0.15050329
20159,0,0.16888592,0.18979604,1,0.17931470
20175,0,0.16888592,0.13073053,0,0.14678184
20177,0,0.16888592,0.07261478,0,0.12636211
20182,0,0.16888592,0.17657565,1,0.17744196
20183,0,0.16888592,0.29488204,1,0.19129757
20190,0,0.16888592,0.23114690,1,0.18173098
20201,0,0.16888592,0.18979604,1,0.17931470
20202,0,0.16888592,0.11064312,0,0.15404680
20205,0,0.16888592,0.30379536,1,0.18351750
20206,1,0.16888592,0.05235696,0,0.14270608
20207,0,0.16888592,0.22213125,1,0.18212118
20209,0,0.16888592,0.07384069,0,0.15190418
20210,0,0.16888592,0.12124797,0,0.17296901
20214,0,0.16888592,0.23787858,1,0.18388712
20227,1,0.16888592,0.11081162,0,0.15050329
20232,0,0.16888592,0.14952677,0,0.13178805
20237,0,0.16888592,0.11422001,0,0.15571781
20247,0,0.16888592,0.11081162,0,0.15050329
20251,0,0.16888592,0.11064312,0,0.15404680
20254,0,0.16888592,0.09337947,0,0.17151601
20255,0,0.16888592,0.16551480,0,0.17239091
20261,0,0.16888592,0.07261478,0,0.12636211
20264,0,0.16888592,0.12275909,0,0.17488910
20270,1,0.16888592,0.27422695,1,0.19098074
20277,1,0.16888592,0.16551480,0,0.17239091
20278,0,0.16888592,0.16527858,0,0.17592375
20280,0,0.16888592,0.27315192,1,0.18712075
20288,1,0.16888592,0.16527858,0,0.17592375
20289,0,0.16888592,0.07261478,0,0.12636211
20298,1,0.16888592,0.16551480,0,0.17239091
20299,0,0.16888592,0.18979604,1,0.17931470
20301,0,0.16888592,0.18100954,1,0.18220648
20303,0,0.16888592,0.05747927,0,0.12451631
20307,0,0.16888592,0.16551480,0,0.17239091
20311,0,0.16888592,0.07261478,0,0.12636211
20317,0,0.16888592,0.11081162,0,0.15050329
20323,0,0.16888592,0.10515062,0,0.13802703
20324,0,0.16888592,0.02140584,0,0.13841554
20327,0,0.16888592,0.09279221,0,0.16473350
20331,1,0.16888592,0.24957701,1,0.19033580
20334,1,0.16888592,0.19510081,1,0.18436576
20355,0,0.16888592,0.11081162,0,0.15050329
20359,0,0.16888592,0.18979604,1,0.17931470
20362,0,0.16888592,0.23653954,1,0.17695946
20368,0,0.16888592,0.11081162,0,0.15050329
20372,0,0.16888592,0.04255190,0,0.12239270
20373,1,0.16888592,0.20791272,1,0.19184901
20382,1,0.16888592,0.19321805,1,0.18674637
20384,1,0.16888592,0.11081162,0,0.15050329
20387,0,0.16888592,0.18979604,1,0.17931470
20390,0,0.16888592,0.03340799,0,0.12489597
20391,0,0.16888592,0.16551480,0,0.17239091
20397,0,0.16888592,0.11081162,0,0.15050329
20408,0,0.16888592,0.16551480,0,0.17239091
20412,0,0.16888592,0.09074644,0,0.16721825
20413,1,0.16888592,0.18979604,1,0.17931470
20416,0,0.16888592,0.18979604,1,0.17931470
20421,0,0.16888592,0.11081162,0,0.15050329
20422,0,0.16888592,0.07261478,0,0.12636211
20428,0,0.16888592,0.12119296,0,0.16559953
20433,0,0.16888592,0.21671430,1,0.16856925
20434,0,0.16888592,0.29729796,1,0.17562873
20435,0,0.16888592,0.07117546,0,0.14660845
20437,1,0.16888592,0.21678357,1,0.18154393
20444,1,0.16888592,0.31565781,1,0.17592739
20449,0,0.16888592,0.18979604,1,0.17931470
20452,0,0.16888592,0.18979604,1,0.17931470
20458,0,0.16888592,0.21671430,1,0.16856925
20461,0,0.16888592,0.08194491,0,0.15776105
20465,0,0.16888592,0.10312323,0,0.16369348
20471,0,0.16888592,0.21671430,1,0.16856925
20473,0,0.16888592,0.16551480,0,0.17239091
20480,1,0.16888592,0.24636552,1,0.18735033
20488,0,0.16888592,0.16551480,0,0.17239091
20495,0,0.16888592,0.13650020,0,0.17744196
20497,0,0.16888592,0.11064312,0,0.15404680
20502,0,0.16888592,0.16572818,0,0.18516860
20504,0,0.16888592,0.14687786,0,0.17839647
20506,1,0.16888592,0.21671430,1,0.16856925
20507,0,0.16888592,0.18670418,1,0.17821429
20509,0,0.16888592,0.11081162,0,0.15050329
20515,0,0.16888592,0.16527858,0,0.17592375
20521,0,0.16888592,0.16527858,0,0.17592375
20530,0,0.16888592,0.16551480,0,0.17239091
20536,0,0.16888592,0.12830167,0,0.13032181
20539,0,0.16888592,0.33206083,1,0.20225419
20543,0,0.16888592,0.06419280,0,0.15491442
20546,0,0.16888592,0.18979604,1,0.17931470
20549,0,0.16888592,0.02690247,0,0.15911815
20555,1,0.16888592,0.16551480,0,0.17239091
20567,0,0.16888592,0.06125078,0,0.15538369
20575,0,0.16888592,0.03659652,0,0.14684182
20576,0,0.16888592,0.21671430,1,0.16856925
20577,0,0.16888592,0.16527858,0,0.17592375
20580,0,0.16888592,0.11857834,0,0.17739444
20588,0,0.16888592,0.23424014,1,0.17352060
20595,0,0.16888592,0.16551480,0,0.17239091
20602,0,0.16888592,0.16527858,0,0.17592375
20603,0,0.16888592,0.00570162,0,0.01743081
20608,0,0.16888592,0.26984918,1,0.17655670
20611,0,0.16888592,0.16086494,0,0.16563076
20624,0,0.16888592,0.18979604,1,0.17931470
20636,0,0.16888592,0.04298092,0,0.18577354
20638,0,0.16888592,0.16527858,0,0.17592375
20640,0,0.16888592,0.21671430,1,0.16856925
20643,0,0.16888592,0.11064312,0,0.15404680
20648,0,0.16888592,0.13717996,0,0.18018535
20649,0,0.16888592,0.11081162,0,0.15050329
20666,0,0.16888592,0.18788032,1,0.18879128
20671,1,0.16888592,0.58043639,1,0.38763497
20677,0,0.16888592,0.12830167,0,0.13032181
20688,1,0.16888592,0.12811042,0,0.13552379
20698,1,0.16888592,0.28085636,1,0.18897376
20699,1,0.16888592,0.23566063,1,0.18760658
20703,0,0.16888592,0.17034560,0,0.18330432
20707,0,0.16888592,0.25803790,1,0.19200181
20709,0,0.16888592,0.18979604,1,0.17931470
20710,0,0.16888592,0.11081162,0,0.15050329
20711,0,0.16888592,0.11064312,0,0.15404680
20720,1,0.16888592,0.14128813,0,0.17278352
20724,0,0.16888592,0.11081162,0,0.15050329
20726,1,0.16888592,0.18979604,1,0.17931470
20730,0,0.16888592,0.21671430,1,0.16856925
20736,0,0.16888592,0.11081162,0,0.15050329
20752,1,0.16888592,0.21642837,1,0.17988924
20756,0,0.16888592,0.11081162,0,0.15050329
20766,0,0.16888592,0.11081162,0,0.15050329
20774,0,0.16888592,0.07261478,0,0.12636211
20776,0,0.16888592,0.07261478,0,0.12636211
20794,0,0.16888592,0.10186165,0,0.13688287
20795,0,0.16888592,0.18979604,1,0.17931470
20799,1,0.16888592,0.16551480,0,0.17239091
20804,0,0.16888592,0.21671430,1,0.16856925
20820,0,0.16888592,0.11081162,0,0.15050329
20823,0,0.16888592,0.11081162,0,0.15050329
20824,0,0.16888592,0.22864454,1,0.18189462
20830,0,0.16888592,0.16551480,0,0.17239091
20834,0,0.16888592,0.19105416,1,0.17855193
20849,0,0.16888592,0.23775417,1,0.17376128
20851,0,0.16888592,0.22244970,1,0.17655670
20856,0,0.16888592,0.07261478,0,0.12636211
20858,0,0.16888592,0.11081162,0,0.15050329
20859,0,0.16888592,0.16527858,0,0.17592375
20860,0,0.16888592,0.18979604,1,0.17931470
20865,0,0.16888592,0.16551480,0,0.17239091
20866,0,0.16888592,0.11081162,0,0.15050329
20867,0,0.16888592,0.11622386,0,0.16725512
20871,0,0.16888592,0.04501330,0,0.13343595
20874,0,0.16888592,0.11081162,0,0.15050329
20891,0,0.16888592,0.14711925,0,0.18827777
20894,0,0.16888592,0.03778934,0,0.16217894
20908,0,0.16888592,0.07261478,0,0.12636211
20910,0,0.16888592,0.18979604,1,0.17931470
20925,1,0.16888592,0.20700003,1,0.18648743
20928,0,0.16888592,0.20884941,1,0.17823715
20929,0,0.16888592,0.16551480,0,0.17239091
20935,1,0.16888592,0.07261478,0,0.12636211
20936,0,0.16888592,0.21671430,1,0.16856925
20937,0,0.16888592,0.17039728,0,0.14697583
20940,0,0.16888592,0.12830167,0,0.13032181
20941,0,0.16888592,0.21678357,1,0.18154393
20943,1,0.16888592,0.23272651,1,0.18436576
20948,0,0.16888592,0.11801825,0,0.13885794
20955,0,0.16888592,0.18059095,1,0.16694017
20962,0,0.16888592,0.18979604,1,0.17931470
20964,0,0.16888592,0.18979604,1,0.17931470
20970,0,0.16888592,0.11081162,0,0.15050329
20976,0,0.16888592,0.16551480,0,0.17239091
20978,0,0.16888592,0.13894014,0,0.15630620
20980,0,0.16888592,0.18979604,1,0.17931470
20990,0,0.16888592,0.09373778,0,0.17044035
20991,0,0.16888592,0.21487811,1,0.17744196
20992,0,0.16888592,0.16551480,0,0.17239091
20996,0,0.16888592,0.07261478,0,0.12636211
21001,0,0.16888592,0.12830167,0,0.13032181
21004,0,0.16888592,0.11081162,0,0.15050329
21006,1,0.16888592,0.16527858,0,0.17592375
21018,0,0.16888592,0.16055360,0,0.16176934
21019,0,0.16888592,0.11064312,0,0.15404680
21028,0,0.16888592,0.32700294,1,0.23952211
21032,0,0.16888592,0.13829639,0,0.17577550
21036,1,0.16888592,0.25010781,1,0.18436576
21047,0,0.16888592,0.16551480,0,0.17239091
21050,1,0.16888592,0.16551480,0,0.17239091
21056,0,0.16888592,0.16551480,0,0.17239091
21057,1,0.16888592,0.34513946,1,0.20580241
21068,0,0.16888592,0.18979604,1,0.17931470
21072,0,0.16888592,0.12830167,0,0.13032181
21073,0,0.16888592,0.12018754,0,0.16240637
21074,0,0.16888592,0.11081162,0,0.15050329
21075,0,0.16888592,0.12830167,0,0.13032181
21079,0,0.16888592,0.07261478,0,0.12636211
21086,0,0.16888592,0.18953304,1,0.18284755
21089,0,0.16888592,0.05918501,0,0.14948446
21097,0,0.16888592,0.19313111,1,0.16759624
21100,0,0.16888592,0.16551480,0,0.17239091
21110,0,0.16888592,0.33669931,1,0.18222875
21112,0,0.16888592,0.11064312,0,0.15404680
21120,0,0.16888592,0.21678357,1,0.18154393
21121,1,0.16888592,0.50722637,1,0.36585466
21132,0,0.16888592,0.16551480,0,0.17239091
21137,0,0.16888592,0.12781651,0,0.15983825
21138,0,0.16888592,0.07261478,0,0.12636211
21141,0,0.16888592,0.32014619,1,0.18725443
21144,0,0.16888592,0.08782480,0,0.13225851
21154,1,0.16888592,0.07261478,0,0.12636211
21155,0,0.16888592,0.21671430,1,0.16856925
21157,0,0.16888592,0.18953304,1,0.18284755
21162,0,0.16888592,0.22020780,1,0.17664921
21176,1,0.16888592,0.17784779,1,0.17763930
21182,1,0.16888592,0.13041884,0,0.17425789
21184,0,0.16888592,0.58043639,1,0.38763497
21185,0,0.16888592,0.17202271,0,0.15348489
21188,0,0.16888592,0.16551480,0,0.17239091
21198,1,0.16888592,0.18979604,1,0.17931470
21199,0,0.16888592,0.18979604,1,0.17931470
21201,0,0.16888592,0.11991937,0,0.16111468
21206,0,0.16888592,0.00860765,0,0.04082672
21221,0,0.16888592,0.14917016,0,0.17855193
21226,0,0.16888592,0.11064312,0,0.15404680
21234,0,0.16888592,0.20921826,1,0.18164249
21244,0,0.16888592,0.11081162,0,0.15050329
21247,0,0.16888592,0.18979604,1,0.17931470
21250,0,0.16888592,0.11081162,0,0.15050329
21258,1,0.16888592,0.34927286,1,0.21802138
21259,0,0.16888592,0.24846453,1,0.18436576
21267,0,0.16888592,0.18979604,1,0.17931470
21268,0,0.16888592,0.18979604,1,0.17931470
21271,0,0.16888592,0.20513625,1,0.14215941
21278,0,0.16888592,0.14814401,0,0.16239025
21279,1,0.16888592,0.25166902,1,0.18851831
21283,0,0.16888592,0.08752452,0,0.14756365
21284,0,0.16888592,0.21678357,1,0.18154393
21285,0,0.16888592,0.13894014,0,0.15630620
21286,0,0.16888592,0.12830167,0,0.13032181
21298,0,0.16888592,0.21671430,1,0.16856925
21300,0,0.16888592,0.12412014,0,0.17988924
21314,0,0.16888592,0.15500821,0,0.16599459
21315,0,0.16888592,0.07261478,0,0.12636211
21322,0,0.16888592,0.21671430,1,0.16856925
21325,1,0.16888592,0.23808167,1,0.18856628
21328,0,0.16888592,0.11081162,0,0.15050329
21337,1,0.16888592,0.11081162,0,0.15050329
21341,0,0.16888592,0.12305517,0,0.15366717
21343,1,0.16888592,0.07261478,0,0.12636211
21344,0,0.16888592,0.15277146,0,0.17589957
21349,0,0.16888592,0.10609234,0,0.13641886
21353,0,0.16888592,0.03894051,0,0.17168763
21356,0,0.16888592,0.07261478,0,0.12636211
21361,0,0.16888592,0.31031428,1,0.19720751
21362,0,0.16888592,0.18979604,1,0.17931470
21363,1,0.16888592,0.21671430,1,0.16856925
21371,0,0.16888592,0.18979604,1,0.17931470
21383,0,0.16888592,0.16551480,0,0.17239091
21385,0,0.16888592,0.16527858,0,0.17592375
21387,0,0.16888592,0.37205806,1,0.25305174
21393,0,0.16888592,0.18979604,1,0.17931470
21400,0,0.16888592,0.16551480,0,0.17239091
21401,0,0.16888592,0.16527858,0,0.17592375
21409,0,0.16888592,0.16527858,0,0.17592375
21410,0,0.16888592,0.22039371,1,0.14820196
21412,0,0.16888592,0.21671430,1,0.16856925
21416,0,0.16888592,0.12830167,0,0.13032181
21417,0,0.16888592,0.11064312,0,0.15404680
21419,0,0.16888592,0.26224698,1,0.20981507
21423,0,0.16888592,0.11081162,0,0.15050329
21430,0,0.16888592,0.14882247,0,0.17411010
21440,1,0.16888592,0.16379461,0,0.18421157
21449,1,0.16888592,0.18979604,1,0.17931470
21454,0,0.16888592,0.27015644,1,0.18527541
21457,0,0.16888592,0.00533437,0,0.05751326
21461,1,0.16888592,0.11081162,0,0.15050329
21462,0,0.16888592,0.23858661,1,0.18264940
21479,0,0.16888592,0.11081162,0,0.15050329
21495,0,0.16888592,0.11064312,0,0.15404680
21498,1,0.16888592,0.20791272,1,0.19184901
21504,1,0.16888592,0.40117438,1,0.21997919
21505,0,0.16888592,0.16551480,0,0.17239091
21507,0,0.16888592,0.18999260,1,0.18350496
21510,1,0.16888592,0.12830167,0,0.13032181
21511,1,0.16888592,0.11081162,0,0.15050329
21516,0,0.16888592,0.18953304,1,0.18284755
21525,0,0.16888592,0.16551480,0,0.17239091
21526,0,0.16888592,0.12830167,0,0.13032181
21536,0,0.16888592,0.07261478,0,0.12636211
21543,0,0.16888592,0.18979604,1,0.17931470
21544,0,0.16888592,0.07261478,0,0.12636211
21548,0,0.16888592,0.21671430,1,0.16856925
21557,1,0.16888592,0.14128813,0,0.17278352
21558,0,0.16888592,0.11081162,0,0.15050329
21565,0,0.16888592,0.16421020,0,0.17970732
21574,1,0.16888592,0.16527858,0,0.17592375
21575,1,0.16888592,0.18979604,1,0.17931470
21580,0,0.16888592,0.15474873,0,0.17744196
21586,0,0.16888592,0.06152683,0,0.13018751
21593,0,0.16888592,0.14253814,0,0.16161856
21594,0,0.16888592,0.06645442,0,0.13344003
21595,0,0.16888592,0.11081162,0,0.15050329
21602,0,0.16888592,0.11081162,0,0.15050329
21606,0,0.16888592,0.12830167,0,0.13032181
21609,0,0.16888592,0.04942342,0,0.13196726
21617,0,0.16888592,0.18979604,1,0.17931470
21618,0,0.16888592,0.11081162,0,0.15050329
21620,1,0.16888592,0.32078338,1,0.14912537
21623,0,0.16888592,0.03173206,0,0.17625770
21630,0,0.16888592,0.12830167,0,0.13032181
21631,0,0.16888592,0.12830167,0,0.13032181
21638,0,0.16888592,0.16527858,0,0.17592375
21640,1,0.16888592,0.21200634,1,0.18047069
21641,0,0.16888592,0.12830167,0,0.13032181
21647,0,0.16888592,0.21671430,1,0.16856925
21657,0,0.16888592,0.11064312,0,0.15404680
21661,0,0.16888592,0.16527858,0,0.17592375
21664,1,0.16888592,0.40101834,1,0.24344539
21666,0,0.16888592,0.16551480,0,0.17239091
21671,0,0.16888592,0.21671430,1,0.16856925
21685,0,0.16888592,0.26674201,1,0.18668726
21687,0,0.16888592,0.16551480,0,0.17239091
21692,0,0.16888592,0.16551480,0,0.17239091
21695,0,0.16888592,0.11081162,0,0.15050329
21697,0,0.16888592,0.10176637,0,0.15434772
21700,0,0.16888592,0.18979604,1,0.17931470
21705,1,0.16888592,0.18979604,1,0.17931470
21709,1,0.16888592,0.12830167,0,0.13032181
21712,0,0.16888592,0.03161961,0,0.15776105
21718,0,0.16888592,0.11081162,0,0.15050329
21722,0,0.16888592,0.18979604,1,0.17931470
21723,1,0.16888592,0.18979604,1,0.17931470
21726,0,0.16888592,0.11801825,0,0.13885794
21730,0,0.16888592,0.18691294,1,0.18708384
21731,0,0.16888592,0.18979604,1,0.17931470
21737,0,0.16888592,0.09448543,0,0.15269593
21739,0,0.16888592,0.07004000,0,0.15356271
21749,0,0.16888592,0.29623377,1,0.22177902
21753,0,0.16888592,0.18979604,1,0.17931470
21756,1,0.16888592,0.18979604,1,0.17931470
21760,0,0.16888592,0.05553609,0,0.17223897
21761,0,0.16888592,0.05568089,0,0.15165808
21768,1,0.16888592,0.11081162,0,0.15050329
21774,0,0.16888592,0.14572898,0,0.15303681
21786,0,0.16888592,0.11181108,0,0.17947708
21789,0,0.16888592,0.08941412,0,0.14660845
21792,1,0.16888592,0.12830167,0,0.13032181
21794,0,0.16888592,0.13599349,0,0.15571781
21795,0,0.16888592,0.18427195,1,0.16142330
21804,0,0.16888592,0.16527858,0,0.17592375
21806,0,0.16888592,0.19929863,1,0.19117990
21812,0,0.16888592,0.21678357,1,0.18154393
21816,1,0.16888592,0.13073053,0,0.14678184
21817,0,0.16888592,0.12844465,0,0.15364632
21819,0,0.16888592,0.11081162,0,0.15050329
21824,0,0.16888592,0.25354473,1,0.19049139
21827,0,0.16888592,0.07261478,0,0.12636211
21838,0,0.16888592,0.14814401,0,0.16239025
21852,0,0.16888592,0.12482698,0,0.17505649
21856,0,0.16888592,0.07261478,0,0.12636211
21859,1,0.16888592,0.18979604,1,0.17931470
21860,0,0.16888592,0.12830167,0,0.13032181
21862,0,0.16888592,0.45157884,1,0.27725090
21869,0,0.16888592,0.11081162,0,0.15050329
21881,0,0.16888592,0.05888335,0,0.14660845
21888,0,0.16888592,0.28505602,1,0.18033063
21889,0,0.16888592,0.10575069,0,0.15582478
21890,0,0.16888592,0.14176935,0,0.13522125
21898,0,0.16888592,0.16551480,0,0.17239091
21902,0,0.16888592,0.16551480,0,0.17239091
21903,0,0.16888592,0.13196159,0,0.18436154
21905,0,0.16888592,0.11081162,0,0.15050329
21911,0,0.16888592,0.15909905,0,0.13069868
21916,0,0.16888592,0.26690915,1,0.17747810
21923,0,0.16888592,0.11081162,0,0.15050329
21925,0,0.16888592,0.16551480,0,0.17239091
21930,0,0.16888592,0.09697576,0,0.17628789
21932,0,0.16888592,0.07261478,0,0.12636211
21933,0,0.16888592,0.18953304,1,0.18284755
21936,0,0.16888592,0.07249963,0,0.13120452
21941,0,0.16888592,0.11081162,0,0.15050329
21942,0,0.16888592,0.35783350,1,0.21486424
21943,0,0.16888592,0.12482698,0,0.17505649
21944,0,0.16888592,0.12830167,0,0.13032181
21946,0,0.16888592,0.21678357,1,0.18154393
21957,0,0.16888592,0.15675745,0,0.13704200
21958,0,0.16888592,0.27189006,1,0.18436576
21959,1,0.16888592,0.28257668,1,0.19334571
21961,1,0.16888592,0.10857571,0,0.13248090
21963,0,0.16888592,0.21671430,1,0.16856925
21965,0,0.16888592,0.09205113,0,0.13330440
21970,1,0.16888592,0.11081162,0,0.15050329
21982,0,0.16888592,0.17862405,1,0.16550102
21989,0,0.16888592,0.11081162,0,0.15050329
21996,0,0.16888592,0.16354804,0,0.17988924
21998,1,0.16888592,0.12830167,0,0.13032181
22002,0,0.16888592,0.18979604,1,0.17931470
22005,0,0.16888592,0.23828117,1,0.18256309
22010,0,0.16888592,0.18979604,1,0.17931470
22012,1,0.16888592,0.21864256,1,0.18242868
22028,0,0.16888592,0.21671430,1,0.16856925
22036,0,0.16888592,0.10454618,0,0.13978353
22037,0,0.16888592,0.14395260,0,0.14912537
22038,1,0.16888592,0.16007066,0,0.13763039
22040,0,0.16888592,0.17402215,0,0.18129864
22046,0,0.16888592,0.18999260,1,0.18350496
22049,1,0.16888592,0.18979604,1,0.17931470
22059,0,0.16888592,0.16551480,0,0.17239091
22063,0,0.16888592,0.26978617,1,0.18876052
22066,0,0.16888592,0.18979604,1,0.17931470
22075,1,0.16888592,0.14957227,0,0.15210532
22078,0,0.16888592,0.16551480,0,0.17239091
22079,1,0.16888592,0.22883881,1,0.17744196
22082,0,0.16888592,0.11081162,0,0.15050329
22087,0,0.16888592,0.11161281,0,0.17988924
22093,0,0.16888592,0.07249963,0,0.13120452
22095,0,0.16888592,0.00740322,0,0.05486741
22104,0,0.16888592,0.07261478,0,0.12636211
22106,0,0.16888592,0.12562836,0,0.16970644
22120,0,0.16888592,0.16551480,0,0.17239091
22124,0,0.16888592,0.04712401,0,0.14923663
22125,0,0.16888592,0.18340938,1,0.14660845
22130,0,0.16888592,0.08390519,0,0.17970732
22131,0,0.16888592,0.12265537,0,0.17628633
22141,0,0.16888592,0.18979604,1,0.17931470
22145,0,0.16888592,0.11081162,0,0.15050329
22150,0,0.16888592,0.05110225,0,0.13434367
22151,0,0.16888592,0.07249963,0,0.13120452
22161,0,0.16888592,0.29103980,1,0.17655670
22166,0,0.16888592,0.09279399,0,0.14660845
22178,1,0.16888592,0.18979604,1,0.17931470
22185,0,0.16888592,0.25803790,1,0.19200181
22202,0,0.16888592,0.18979604,1,0.17931470
22203,0,0.16888592,0.11081162,0,0.15050329
22207,1,0.16888592,0.11081162,0,0.15050329
22213,0,0.16888592,0.16527858,0,0.17592375
22223,0,0.16888592,0.18240298,1,0.13967695
22227,0,0.16888592,0.29623180,1,0.18851831
22230,0,0.16888592,0.16551480,0,0.17239091
22237,0,0.16888592,0.16551480,0,0.17239091
22240,0,0.16888592,0.33085011,1,0.23594875
22245,0,0.16888592,0.16551480,0,0.17239091
22247,0,0.16888592,0.20945317,1,0.17744196
22251,0,0.16888592,0.16551480,0,0.17239091
22253,0,0.16888592,0.09970519,0,0.16651986
22256,0,0.16888592,0.11081162,0,0.15050329
22261,0,0.16888592,0.26224698,1,0.20981507
22269,0,0.16888592,0.17039728,0,0.14697583
22272,0,0.16888592,0.11081162,0,0.15050329
22273,1,0.16888592,0.59154577,1,0.17278352
22278,0,0.16888592,0.24147895,1,0.16850320
22282,0,0.16888592,0.08337972,0,0.17947708
22284,0,0.16888592,0.20032726,1,0.17744196
22291,0,0.16888592,0.16527858,0,0.17592375
22312,0,0.16888592,0.07261478,0,0.12636211
22314,0,0.16888592,0.18979604,1,0.17931470
22317,1,0.16888592,0.44172705,1,0.24829060
22324,0,0.16888592,0.03622649,0,0.15000356
22325,0,0.16888592,0.00570162,0,0.01743081
22328,0,0.16888592,0.11081162,0,0.15050329
22330,0,0.16888592,0.18979604,1,0.17931470
22337,0,0.16888592,0.18979604,1,0.17931470
22341,0,0.16888592,0.24752055,1,0.27271631
22342,0,0.16888592,0.18979604,1,0.17931470
22350,1,0.16888592,0.15277146,0,0.17589957
22352,0,0.16888592,0.13940779,0,0.16219175
22356,0,0.16888592,0.22020780,1,0.17664921
22357,1,0.16888592,0.16551480,0,0.17239091
22362,0,0.16888592,0.12830167,0,0.13032181
22369,0,0.16888592,0.11081162,0,0.15050329
22371,0,0.16888592,0.16551480,0,0.17239091
22372,0,0.16888592,0.15211586,0,0.17467340
22385,1,0.16888592,0.11081162,0,0.15050329
22386,0,0.16888592,0.16551480,0,0.17239091
22396,0,0.16888592,0.04037862,0,0.12778840
22403,0,0.16888592,0.09205113,0,0.13330440
22407,0,0.16888592,0.05367577,0,0.12576266
22408,0,0.16888592,0.16551480,0,0.17239091
22427,0,0.16888592,0.17028355,0,0.17939016
22433,0,0.16888592,0.18979604,1,0.17931470
22434,0,0.16888592,0.09205113,0,0.13330440
22435,0,0.16888592,0.07261478,0,0.12636211
22443,0,0.16888592,0.06738103,0,0.17832823
22446,0,0.16888592,0.07249963,0,0.13120452
22447,0,0.16888592,0.12830167,0,0.13032181
22452,0,0.16888592,0.11081162,0,0.15050329
22456,0,0.16888592,0.16551480,0,0.17239091
22461,0,0.16888592,0.12885153,0,0.18137723
22465,0,0.16888592,0.05168819,0,0.16325793
22470,1,0.16888592,0.21678357,1,0.18154393
22479,1,0.16888592,0.13829639,0,0.17577550
22495,0,0.16888592,0.11064312,0,0.15404680
22498,0,0.16888592,0.07261478,0,0.12636211
22502,1,0.16888592,0.11064312,0,0.15404680
22510,0,0.16888592,0.11081162,0,0.15050329
22512,1,0.16888592,0.58043639,1,0.38763497
22514,1,0.16888592,0.39677825,1,0.22427308
22525,0,0.16888592,0.16551480,0,0.17239091
22531,1,0.16888592,0.25659390,1,0.20818714
22532,0,0.16888592,0.21671430,1,0.16856925
22542,0,0.16888592,0.15147653,0,0.17624494
22546,1,0.16888592,0.06320912,0,0.14990599
22548,0,0.16888592,0.13452926,0,0.17734949
22556,0,0.16888592,0.05030830,0,0.14946026
22557,0,0.16888592,0.18840144,1,0.14433260
22565,1,0.16888592,0.16395800,0,0.15695549
22566,0,0.16888592,0.18979604,1,0.17931470
22574,1,0.16888592,0.18979604,1,0.17931470
22579,1,0.16888592,0.16527858,0,0.17592375
22585,0,0.16888592,0.02495044,0,0.10307763
22610,0,0.16888592,0.51239049,1,0.24869215
22621,0,0.16888592,0.04411353,0,0.16130356
22623,0,0.16888592,0.09160152,0,0.15231883
22626,0,0.16888592,0.12811042,0,0.13552379
22629,1,0.16888592,0.29518713,1,0.19105233
22630,0,0.16888592,0.16551480,0,0.17239091
22631,0,0.16888592,0.16551480,0,0.17239091
22642,1,0.16888592,0.19313111,1,0.16759624
22649,0,0.16888592,0.05958270,0,0.13002833
22652,0,0.16888592,0.30379536,1,0.18351750
22653,0,0.16888592,0.11081162,0,0.15050329
22654,0,0.16888592,0.04527353,0,0.12215416
22656,0,0.16888592,0.16551480,0,0.17239091
22658,0,0.16888592,0.11081162,0,0.15050329
22664,0,0.16888592,0.20499798,1,0.17251613
22668,0,0.16888592,0.11522223,0,0.17700183
22673,1,0.16888592,0.18979604,1,0.17931470
22677,0,0.16888592,0.18979604,1,0.17931470
22682,1,0.16888592,0.16551480,0,0.17239091
22683,0,0.16888592,0.21642397,1,0.17503848
22691,1,0.16888592,0.21678357,1,0.18154393
22694,0,0.16888592,0.11081162,0,0.15050329
22695,0,0.16888592,0.09850424,0,0.13825724
22697,0,0.16888592,0.21671430,1,0.16856925
22698,0,0.16888592,0.16551480,0,0.17239091
22723,0,0.16888592,0.27164871,1,0.20771195
22728,0,0.16888592,0.18979604,1,0.17931470
22733,0,0.16888592,0.11446196,0,0.12354243
22736,0,0.16888592,0.16551480,0,0.17239091
22737,1,0.16888592,0.35783350,1,0.21486424
22741,0,0.16888592,0.28916562,1,0.19058339
22742,0,0.16888592,0.18953304,1,0.18284755
22743,0,0.16888592,0.08860725,0,0.13264369
22745,0,0.16888592,0.18979604,1,0.17931470
22747,0,0.16888592,0.05415905,0,0.12935635
22749,0,0.16888592,0.18979604,1,0.17931470
22750,0,0.16888592,0.10781768,0,0.16502295
22751,0,0.16888592,0.03970977,0,0.13073643
22754,1,0.16888592,0.18979604,1,0.17931470
22755,0,0.16888592,0.11081162,0,0.15050329
22760,0,0.16888592,0.15277146,0,0.17589957
22761,0,0.16888592,0.16551480,0,0.17239091
22764,1,0.16888592,0.18979604,1,0.17931470
22765,0,0.16888592,0.21671430,1,0.16856925
22774,0,0.16888592,0.07931399,0,0.18248521
22784,0,0.16888592,0.14441997,0,0.16045298
22790,0,0.16888592,0.20310073,1,0.19866743
22804,0,0.16888592,0.18979604,1,0.17931470
22810,0,0.16888592,0.22558241,1,0.13931060
22814,0,0.16888592,0.29508726,1,0.20511758
22819,0,0.16888592,0.21678357,1,0.18154393
22830,0,0.16888592,0.07544783,0,0.13807589
22831,0,0.16888592,0.16527858,0,0.17592375
22841,0,0.16888592,0.15277146,0,0.17589957
22849,1,0.16888592,0.18979604,1,0.17931470
22850,0,0.16888592,0.11081162,0,0.15050329
22852,0,0.16888592,0.25803790,1,0.19200181
22853,0,0.16888592,0.11081162,0,0.15050329
22856,0,0.16888592,0.15970833,0,0.13343381
22857,1,0.16888592,0.14814401,0,0.16239025
22860,0,0.16888592,0.12830167,0,0.13032181
22861,1,0.16888592,0.21671430,1,0.16856925
22875,0,0.16888592,0.11081162,0,0.15050329
22878,1,0.16888592,0.11081162,0,0.15050329
22887,0,0.16888592,0.18979604,1,0.17931470
22902,0,0.16888592,0.18979604,1,0.17931470
22904,0,0.16888592,0.07249963,0,0.13120452
22907,0,0.16888592,0.30840633,1,0.21144885
22910,0,0.16888592,0.22831224,1,0.18033063
22915,0,0.16888592,0.18979604,1,0.17931470
22920,0,0.16888592,0.10176637,0,0.15434772
22931,0,0.16888592,0.11081162,0,0.15050329
22939,0,0.16888592,0.18979604,1,0.17931470
22946,1,0.16888592,0.12358886,0,0.17531751
22948,0,0.16888592,0.16426244,0,0.16175214
22949,0,0.16888592,0.24846453,1,0.18436576
22951,0,0.16888592,0.15277146,0,0.17589957
22952,0,0.16888592,0.16551480,0,0.17239091
22960,1,0.16888592,0.21619665,1,0.18600307
22962,0,0.16888592,0.09410995,0,0.13222911
22966,0,0.16888592,0.18865878,1,0.13961566
22981,0,0.16888592,0.10906674,0,0.17816115
22982,0,0.16888592,0.15277146,0,0.17589957
22983,0,0.16888592,0.11081162,0,0.15050329
22992,0,0.16888592,0.10746738,0,0.14369880
22993,0,0.16888592,0.15934712,0,0.18269930
23007,0,0.16888592,0.23134346,1,0.20332299
23012,0,0.16888592,0.39767766,1,0.21686340
23018,0,0.16888592,0.12830167,0,0.13032181
23026,0,0.16888592,0.11081162,0,0.15050329
23027,1,0.16888592,0.12830167,0,0.13032181
23036,0,0.16888592,0.11081162,0,0.15050329
23038,0,0.16888592,0.12811042,0,0.13552379
23052,0,0.16888592,0.16551480,0,0.17239091
23058,0,0.16888592,0.27422695,1,0.19098074
23068,0,0.16888592,0.19097471,1,0.18205900
23071,1,0.16888592,0.18979604,1,0.17931470
23073,0,0.16888592,0.13287606,0,0.15551076
23075,0,0.16888592,0.29275465,1,0.17655670
23081,0,0.16888592,0.16527858,0,0.17592375
23083,0,0.16888592,0.11064312,0,0.15404680
23091,0,0.16888592,0.25803790,1,0.19200181
23096,0,0.16888592,0.18630032,1,0.13680016
23097,0,0.16888592,0.13799545,0,0.14912537
23099,1,0.16888592,0.21329131,1,0.18730427
23101,0,0.16888592,0.00860765,0,0.04082672
23104,0,0.16888592,0.30855940,1,0.17838266
23114,0,0.16888592,0.16551480,0,0.17239091
23116,0,0.16888592,0.20833219,1,0.18414430
23120,0,0.16888592,0.28591443,1,0.18459375
23121,0,0.16888592,0.16551480,0,0.17239091
23122,0,0.16888592,0.18979604,1,0.17931470
23127,0,0.16888592,0.16551480,0,0.17239091
23129,0,0.16888592,0.15738909,0,0.17655670
23131,0,0.16888592,0.13073053,0,0.14678184
23132,0,0.16888592,0.13984343,0,0.17351060
23134,1,0.16888592,0.35857457,1,0.19149275
23135,1,0.16888592,0.70985575,1,0.56162109
23136,0,0.16888592,0.30415124,1,0.18120371
23140,0,0.16888592,0.42457867,1,0.27308405
23141,0,0.16888592,0.01101501,0,0.05981027
23147,0,0.16888592,0.10406850,0,0.15238363
23149,0,0.16888592,0.16551480,0,0.17239091
23158,0,0.16888592,0.10544505,0,0.17414205
23165,0,0.16888592,0.49303167,1,0.28120154
23168,0,0.16888592,0.18979604,1,0.17931470
23172,0,0.16888592,0.16527858,0,0.17592375
23183,0,0.16888592,0.07261478,0,0.12636211
23189,0,0.16888592,0.21671430,1,0.16856925
23190,0,0.16888592,0.06903612,0,0.18552829
23198,1,0.16888592,0.23563171,1,0.18703030
23203,0,0.16888592,0.16551480,0,0.17239091
23209,1,0.16888592,0.18979604,1,0.17931470
23212,0,0.16888592,0.22328008,1,0.20349287
23219,0,0.16888592,0.11081162,0,0.15050329
23222,0,0.16888592,0.10359083,0,0.18182153
23223,0,0.16888592,0.12830167,0,0.13032181
23230,0,0.16888592,0.17557658,1,0.18267720
23231,0,0.16888592,0.48802660,1,0.33597370
23234,0,0.16888592,0.16551480,0,0.17239091
23255,0,0.16888592,0.18979604,1,0.17931470
23264,0,0.16888592,0.16551480,0,0.17239091
23267,1,0.16888592,0.48258868,1,0.37630465
23268,0,0.16888592,0.12830167,0,0.13032181
23272,0,0.16888592,0.11695809,0,0.18136848
23277,0,0.16888592,0.08378381,0,0.17821985
23278,0,0.16888592,0.11081162,0,0.15050329
23283,0,0.16888592,0.15069264,0,0.15585262
23284,0,0.16888592,0.07377997,0,0.16319312
23286,0,0.16888592,0.09482966,0,0.17968676
23295,0,0.16888592,0.13204693,0,0.18282644
23308,0,0.16888592,0.16551480,0,0.17239091
23318,0,0.16888592,0.21671430,1,0.16856925
23320,1,0.16888592,0.21965852,1,0.16550102
23322,0,0.16888592,0.07150239,0,0.15178484
23327,0,0.16888592,0.09111256,0,0.17591003
23329,0,0.16888592,0.16226068,0,0.13796340
23332,0,0.16888592,0.15277146,0,0.17589957
23335,0,0.16888592,0.07261478,0,0.12636211
23336,0,0.16888592,0.16551480,0,0.17239091
23338,1,0.16888592,0.18979604,1,0.17931470
23344,0,0.16888592,0.21671430,1,0.16856925
23351,0,0.16888592,0.11081162,0,0.15050329
23372,0,0.16888592,0.12830167,0,0.13032181
23382,0,0.16888592,0.18979604,1,0.17931470
23386,1,0.16888592,0.18979604,1,0.17931470
23390,0,0.16888592,0.31001709,1,0.18876052
23401,0,0.16888592,0.26642178,1,0.19058610
23408,0,0.16888592,0.18979604,1,0.17931470
23409,0,0.16888592,0.21671430,1,0.16856925
23414,0,0.16888592,0.07249963,0,0.13120452
23415,0,0.16888592,0.07249963,0,0.13120452
23421,0,0.16888592,0.06316592,0,0.17741149
23422,0,0.16888592,0.21642397,1,0.17503848
23423,0,0.16888592,0.16551480,0,0.17239091
23427,0,0.16888592,0.21671430,1,0.16856925
23429,1,0.16888592,0.16551480,0,0.17239091
23430,0,0.16888592,0.09632062,0,0.17255328
23431,0,0.16888592,0.18979604,1,0.17931470
23432,0,0.16888592,0.11081162,0,0.15050329
23434,0,0.16888592,0.23378096,1,0.19104729
23441,0,0.16888592,0.11081162,0,0.15050329
23446,0,0.16888592,0.11081162,0,0.15050329
23449,1,0.16888592,0.22602105,1,0.18848926
23454,1,0.16888592,0.15277146,0,0.17589957
23456,1,0.16888592,0.11921270,0,0.15403488
23474,0,0.16888592,0.12830167,0,0.13032181
23487,0,0.16888592,0.16551480,0,0.17239091
23491,1,0.16888592,0.16551480,0,0.17239091
23498,0,0.16888592,0.16551480,0,0.17239091
23509,0,0.16888592,0.11081162,0,0.15050329
23511,0,0.16888592,0.17818333,1,0.18557521
23520,0,0.16888592,0.22256476,1,0.17655670
23525,1,0.16888592,0.20921826,1,0.18164249
23529,0,0.16888592,0.11064312,0,0.15404680
23531,0,0.16888592,0.31675983,1,0.19136769
23536,0,0.16888592,0.16551480,0,0.17239091
23539,0,0.16888592,0.18979604,1,0.17931470
23540,0,0.16888592,0.18979604,1,0.17931470
23543,0,0.16888592,0.12885153,0,0.18137723
23544,0,0.16888592,0.20433820,1,0.17744196
23551,1,0.16888592,0.18979604,1,0.17931470
23552,0,0.16888592,0.21671430,1,0.16856925
23554,1,0.16888592,0.11064312,0,0.15404680
23558,0,0.16888592,0.17028355,0,0.17939016
23567,0,0.16888592,0.11081162,0,0.15050329
23572,0,0.16888592,0.11150369,0,0.15571781
23576,0,0.16888592,0.04566935,0,0.17245592
23581,0,0.16888592,0.37205806,1,0.25305174
23587,0,0.16888592,0.11081162,0,0.15050329
23591,0,0.16888592,0.28959962,1,0.21863884
23593,0,0.16888592,0.30855940,1,0.17838266
23595,0,0.16888592,0.16551480,0,0.17239091
23602,0,0.16888592,0.20791272,1,0.19184901
23607,0,0.16888592,0.16527858,0,0.17592375
23618,0,0.16888592,0.16551480,0,0.17239091
23619,0,0.16888592,0.21149951,1,0.17964770
23627,0,0.16888592,0.16767360,0,0.17411010
23631,0,0.16888592,0.09160152,0,0.15231883
23632,0,0.16888592,0.10924948,0,0.18595694
23637,1,0.16888592,0.32499486,1,0.21398943
23646,0,0.16888592,0.16318964,0,0.17655670
23651,0,0.16888592,0.14814401,0,0.16239025
23658,0,0.16888592,0.16551480,0,0.17239091
23659,1,0.16888592,0.21671430,1,0.16856925
23665,0,0.16888592,0.14248959,0,0.18544661
23670,0,0.16888592,0.30088442,1,0.17732902
23671,0,0.16888592,0.16551480,0,0.17239091
23673,0,0.16888592,0.16426244,0,0.16175214
23682,0,0.16888592,0.11081162,0,0.15050329
23687,0,0.16888592,0.16551480,0,0.17239091
23691,0,0.16888592,0.18979604,1,0.17931470
23695,0,0.16888592,0.23134346,1,0.20332299
23696,0,0.16888592,0.21671430,1,0.16856925
23701,1,0.16888592,0.29027279,1,0.18591182
23704,0,0.16888592,0.18979604,1,0.17931470
23709,0,0.16888592,0.14253814,0,0.16161856
23712,0,0.16888592,0.09780725,0,0.14586029
23715,1,0.16888592,0.11213205,0,0.13680831
23717,0,0.16888592,0.16551480,0,0.17239091
23720,0,0.16888592,0.11081162,0,0.15050329
23722,0,0.16888592,0.06137379,0,0.13614713
23725,0,0.16888592,0.23115946,1,0.18822525
23737,0,0.16888592,0.14814401,0,0.16239025
23750,0,0.16888592,0.44361071,1,0.20269252
23752,0,0.16888592,0.24863883,1,0.17131653
23756,0,0.16888592,0.11081162,0,0.15050329
23759,0,0.16888592,0.21671430,1,0.16856925
23766,0,0.16888592,0.16551480,0,0.17239091
23784,0,0.16888592,0.18489773,1,0.17744196
23790,1,0.16888592,0.16405707,0,0.18952638
23804,0,0.16888592,0.23891108,1,0.18272011
23810,0,0.16888592,0.18979604,1,0.17931470
23819,0,0.16888592,0.11081162,0,0.15050329
23820,0,0.16888592,0.16527858,0,0.17592375
23824,0,0.16888592,0.18979604,1,0.17931470
23829,0,0.16888592,0.16551480,0,0.17239091
23831,0,0.16888592,0.11988358,0,0.14663270
23832,0,0.16888592,0.16527858,0,0.17592375
23833,0,0.16888592,0.29293681,1,0.18196987
23834,0,0.16888592,0.15212735,0,0.17925920
23868,0,0.16888592,0.16527858,0,0.17592375
23870,0,0.16888592,0.20473531,1,0.18218013
23871,0,0.16888592,0.07261478,0,0.12636211
23882,0,0.16888592,0.16551480,0,0.17239091
23883,0,0.16888592,0.17657565,1,0.17744196
23885,0,0.16888592,0.00729765,0,0.04888093
23890,0,0.16888592,0.16551480,0,0.17239091
23892,0,0.16888592,0.17062138,0,0.15364959
23897,0,0.16888592,0.13079393,0,0.15368489
23920,0,0.16888592,0.18979604,1,0.17931470
23927,1,0.16888592,0.20062396,1,0.17744196
23928,0,0.16888592,0.18604163,1,0.13704200
23934,1,0.16888592,0.10172057,0,0.14912537
23939,0,0.16888592,0.12830167,0,0.13032181
23941,0,0.16888592,0.12830167,0,0.13032181
23948,0,0.16888592,0.11081162,0,0.15050329
23950,1,0.16888592,0.40101834,1,0.24344539
23971,0,0.16888592,0.10571707,0,0.17739444
23972,0,0.16888592,0.07261478,0,0.12636211
23974,0,0.16888592,0.18979604,1,0.17931470
23975,0,0.16888592,0.10284625,0,0.12886540
23979,0,0.16888592,0.14615169,0,0.17848981
23984,0,0.16888592,0.17028355,0,0.17939016
23988,0,0.16888592,0.16527858,0,0.17592375
23998,1,0.16888592,0.11064312,0,0.15404680
24005,1,0.16888592,0.14336081,0,0.18551256
24010,0,0.16888592,0.13073053,0,0.14678184
24013,1,0.16888592,0.18979604,1,0.17931470
24018,1,0.16888592,0.06886790,0,0.14990950
24023,0,0.16888592,0.28010570,1,0.18713048
24030,0,0.16888592,0.03367950,0,0.11013527
24037,0,0.16888592,0.16551480,0,0.17239091
24040,0,0.16888592,0.10203686,0,0.17660057
24042,0,0.16888592,0.12169018,0,0.15178356
24049,0,0.16888592,0.12830167,0,0.13032181
24069,0,0.16888592,0.26956963,1,0.18039224
24070,0,0.16888592,0.20065181,1,0.17823715
24077,0,0.16888592,0.26202100,1,0.19019234
24082,0,0.16888592,0.14814401,0,0.16239025
24091,1,0.16888592,0.18979604,1,0.17931470
24097,0,0.16888592,0.10176637,0,0.15434772
24113,0,0.16888592,0.16551480,0,0.17239091
24114,0,0.16888592,0.05654336,0,0.14733456
24115,0,0.16888592,0.12830167,0,0.13032181
24116,0,0.16888592,0.18979604,1,0.17931470
24122,1,0.16888592,0.23767723,1,0.18529320
24123,0,0.16888592,0.11604752,0,0.15423927
24130,0,0.16888592,0.16551480,0,0.17239091
24148,1,0.16888592,0.21671430,1,0.16856925
24166,0,0.16888592,0.10593278,0,0.18021765
24177,0,0.16888592,0.29550360,1,0.18332977
24180,0,0.16888592,0.40101834,1,0.24344539
24187,0,0.16888592,0.20698462,1,0.18010650
24194,0,0.16888592,0.11081162,0,0.15050329
24204,0,0.16888592,0.11081162,0,0.15050329
24205,0,0.16888592,0.17557658,1,0.18267720
24210,0,0.16888592,0.14917016,0,0.17855193
24211,0,0.16888592,0.20170659,1,0.15774587
24223,1,0.16888592,0.21353007,1,0.19684087
24225,0,0.16888592,0.20095817,1,0.19070133
24229,1,0.16888592,0.18979604,1,0.17931470
24231,0,0.16888592,0.12830167,0,0.13032181
24237,0,0.16888592,0.15277146,0,0.17589957
24255,0,0.16888592,0.14240401,0,0.16550102
24263,0,0.16888592,0.11064312,0,0.15404680
24266,1,0.16888592,0.12325658,0,0.18550929
24270,0,0.16888592,0.07931399,0,0.18248521
24284,0,0.16888592,0.01625293,0,0.10645845
24287,0,0.16888592,0.16527858,0,0.17592375
24289,1,0.16888592,0.18979604,1,0.17931470
24301,0,0.16888592,0.12697413,0,0.18860291
24304,1,0.16888592,0.18979604,1,0.17931470
24308,0,0.16888592,0.21671430,1,0.16856925
24317,1,0.16888592,0.27422695,1,0.19098074
24318,0,0.16888592,0.07261478,0,0.12636211
24320,0,0.16888592,0.23999769,1,0.20354153
24322,1,0.16888592,0.16551480,0,0.17239091
24323,0,0.16888592,0.12357980,0,0.12622858
24325,1,0.16888592,0.28257668,1,0.19334571
24327,0,0.16888592,0.18979604,1,0.17931470
24333,0,0.16888592,0.13655501,0,0.18436576
24336,0,0.16888592,0.11081162,0,0.15050329
24337,0,0.16888592,0.07261478,0,0.12636211
24340,0,0.16888592,0.06276625,0,0.15197687
24357,0,0.16888592,0.12998222,0,0.16564061
24360,1,0.16888592,0.29806548,1,0.19947784
24361,0,0.16888592,0.18979604,1,0.17931470
24372,0,0.16888592,0.21678357,1,0.18154393
24382,1,0.16888592,0.26674201,1,0.18668726
24384,0,0.16888592,0.07261478,0,0.12636211
24397,0,0.16888592,0.28959962,1,0.21863884
24398,1,0.16888592,0.26445409,1,0.19350474
24399,0,0.16888592,0.16551480,0,0.17239091
24403,1,0.16888592,0.23143539,1,0.18400218
24405,0,0.16888592,0.14570287,0,0.15274717
24408,1,0.16888592,0.25010781,1,0.18436576
24409,1,0.16888592,0.18979604,1,0.17931470
24410,0,0.16888592,0.12830167,0,0.13032181
24411,0,0.16888592,0.25384582,1,0.17655670
24416,0,0.16888592,0.18979604,1,0.17931470
24417,0,0.16888592,0.16527858,0,0.17592375
24420,0,0.16888592,0.11081162,0,0.15050329
24429,0,0.16888592,0.16527858,0,0.17592375
24441,0,0.16888592,0.07261478,0,0.12636211
24442,0,0.16888592,0.16551480,0,0.17239091
24449,0,0.16888592,0.17039728,0,0.14697583
24451,0,0.16888592,0.17202271,0,0.15348489
24457,0,0.16888592,0.25803790,1,0.19200181
24469,0,0.16888592,0.42811897,1,0.23952211
24482,1,0.16888592,0.16527858,0,0.17592375
24483,1,0.16888592,0.06743027,0,0.16270990
24485,0,0.16888592,0.10636811,0,0.18373180
24495,0,0.16888592,0.22468566,1,0.17090941
24498,0,0.16888592,0.10745961,0,0.18644319
24502,0,0.16888592,0.07261478,0,0.12636211
24503,0,0.16888592,0.20390693,1,0.16592001
24513,1,0.16888592,0.28245430,1,0.18595694
24519,0,0.16888592,0.16551480,0,0.17239091
24522,0,0.16888592,0.07873377,0,0.16244392
24524,0,0.16888592,0.00533437,0,0.05751326
24529,0,0.16888592,0.18979604,1,0.17931470
24534,0,0.16888592,0.12830167,0,0.13032181
24535,0,0.16888592,0.16551480,0,0.17239091
24539,0,0.16888592,0.20097839,1,0.17664054
24540,0,0.16888592,0.18979604,1,0.17931470
24545,0,0.16888592,0.14157420,0,0.15177062
24553,0,0.16888592,0.16551480,0,0.17239091
24555,0,0.16888592,0.11081162,0,0.15050329
24556,1,0.16888592,0.16551480,0,0.17239091
24564,1,0.16888592,0.18186558,1,0.18436576
24566,0,0.16888592,0.16551480,0,0.17239091
24574,0,0.16888592,0.23518657,1,0.17739444
24578,1,0.16888592,0.24636552,1,0.18735033
24593,0,0.16888592,0.00693922,0,0.07273888
24601,0,0.16888592,0.24237550,1,0.17963967
24605,0,0.16888592,0.16845090,0,0.18208965
24606,0,0.16888592,0.26789525,1,0.18388326
24607,0,0.16888592,0.19185457,1,0.14112757
24609,0,0.16888592,0.08074672,0,0.15258521
24610,0,0.16888592,0.14147888,0,0.17963481
24612,0,0.16888592,0.23547786,1,0.17976346
24615,1,0.16888592,0.18979604,1,0.17931470
24621,0,0.16888592,0.32014619,1,0.18725443
24623,1,0.16888592,0.31494198,1,0.29291975
24624,0,0.16888592,0.06752001,0,0.16085402
24625,0,0.16888592,0.10651367,0,0.17823715
24637,0,0.16888592,0.16551480,0,0.17239091
24640,0,0.16888592,0.11064312,0,0.15404680
24643,0,0.16888592,0.16551480,0,0.17239091
24650,0,0.16888592,0.16551480,0,0.17239091
24656,0,0.16888592,0.20915599,1,0.19940600
24659,0,0.16888592,0.16527858,0,0.17592375
24665,0,0.16888592,0.16551480,0,0.17239091
24667,0,0.16888592,0.19321805,1,0.18674637
24669,0,0.16888592,0.14889554,0,0.17669476
24672,1,0.16888592,0.25166902,1,0.18851831
24675,0,0.16888592,0.00570162,0,0.01743081
24683,0,0.16888592,0.12781651,0,0.15983825
24688,0,0.16888592,0.09657931,0,0.17793078
24694,1,0.16888592,0.19606976,1,0.17744196
24695,0,0.16888592,0.16551480,0,0.17239091
24697,0,0.16888592,0.11081162,0,0.15050329
24698,0,0.16888592,0.21678357,1,0.18154393
24700,0,0.16888592,0.18979604,1,0.17931470
24703,0,0.16888592,0.07196759,0,0.17278352
24706,0,0.16888592,0.16551480,0,0.17239091
24710,0,0.16888592,0.18979604,1,0.17931470
24713,0,0.16888592,0.15069264,0,0.15585262
24714,0,0.16888592,0.16127834,0,0.18137723
24725,1,0.16888592,0.18979604,1,0.17931470
24726,1,0.16888592,0.14012568,0,0.17989280
24731,1,0.16888592,0.14814401,0,0.16239025
24737,0,0.16888592,0.12509105,0,0.17048275
24741,0,0.16888592,0.11081162,0,0.15050329
24745,0,0.16888592,0.14253814,0,0.16161856
24747,0,0.16888592,0.26978617,1,0.18876052
24748,0,0.16888592,0.12830167,0,0.13032181
24755,1,0.16888592,0.08269988,0,0.16981778
24757,0,0.16888592,0.00656143,0,0.06314350
24758,1,0.16888592,0.26444865,1,0.19175007
24762,1,0.16888592,0.18979604,1,0.17931470
24763,1,0.16888592,0.06886214,0,0.17136540
24769,0,0.16888592,0.07249963,0,0.13120452
24774,0,0.16888592,0.13287606,0,0.15551076
24779,1,0.16888592,0.35594003,1,0.22654532
24790,1,0.16888592,0.15277146,0,0.17589957
24793,0,0.16888592,0.12830167,0,0.13032181
24804,0,0.16888592,0.11081162,0,0.15050329
24809,0,0.16888592,0.48258868,1,0.37630465
24810,0,0.16888592,0.11081162,0,0.15050329
24812,0,0.16888592,0.21671430,1,0.16856925
24813,0,0.16888592,0.09287973,0,0.13651381
24814,0,0.16888592,0.20097839,1,0.17664054
24825,0,0.16888592,0.21671430,1,0.16856925
24828,0,0.16888592,0.10666264,0,0.17024287
24838,1,0.16888592,0.18979604,1,0.17931470
24843,0,0.16888592,0.35498882,1,0.18215567
24845,0,0.16888592,0.18979604,1,0.17931470
24857,0,0.16888592,0.18979604,1,0.17931470
24861,0,0.16888592,0.22849932,1,0.14451029
24865,0,0.16888592,0.21671430,1,0.16856925
24867,0,0.16888592,0.14861673,0,0.16548268
24882,0,0.16888592,0.09205113,0,0.13330440
24887,0,0.16888592,0.10911786,0,0.15475866
24889,0,0.16888592,0.26224698,1,0.20981507
24895,1,0.16888592,0.25354473,1,0.19049139
24900,0,0.16888592,0.16527858,0,0.17592375
24903,0,0.16888592,0.16551480,0,0.17239091
24907,0,0.16888592,0.23114690,1,0.18173098
24915,0,0.16888592,0.25130120,1,0.18221014
24916,0,0.16888592,0.07261478,0,0.12636211
24920,0,0.16888592,0.18979604,1,0.17931470
24927,0,0.16888592,0.16551480,0,0.17239091
24938,0,0.16888592,0.10991865,0,0.14107450
24940,0,0.16888592,0.20884941,1,0.17823715
24951,0,0.16888592,0.20645766,1,0.19326172
24953,0,0.16888592,0.17818333,1,0.18557521
24954,0,0.16888592,0.21671430,1,0.16856925
24968,0,0.16888592,0.18979604,1,0.17931470
24985,0,0.16888592,0.21671430,1,0.16856925
24989,0,0.16888592,0.16551480,0,0.17239091
24992,0,0.16888592,0.18979604,1,0.17931470
24998,0,0.16888592,0.13894014,0,0.15630620
25009,0,0.16888592,0.16551480,0,0.17239091
25020,1,0.16888592,0.32855128,1,0.19316061
25023,0,0.16888592,0.13621114,0,0.15673293
25027,0,0.16888592,0.11081162,0,0.15050329
25029,0,0.16888592,0.16551480,0,0.17239091
25047,0,0.16888592,0.07494732,0,0.13272274
25048,0,0.16888592,0.14814401,0,0.16239025
25057,0,0.16888592,0.11081162,0,0.15050329
25062,0,0.16888592,0.07261478,0,0.12636211
25064,1,0.16888592,0.18979604,1,0.17931470
25072,0,0.16888592,0.11081162,0,0.15050329
25075,0,0.16888592,0.18979604,1,0.17931470
25078,1,0.16888592,0.07261478,0,0.12636211
25080,1,0.16888592,0.21671430,1,0.16856925
25090,0,0.16888592,0.12830167,0,0.13032181
25096,0,0.16888592,0.14253814,0,0.16161856
25099,0,0.16888592,0.12830167,0,0.13032181
25100,0,0.16888592,0.25010781,1,0.18436576
25106,0,0.16888592,0.26674201,1,0.18668726
25107,0,0.16888592,0.16551480,0,0.17239091
25109,0,0.16888592,0.28890604,1,0.18240332
25113,1,0.16888592,0.18979604,1,0.17931470
25115,0,0.16888592,0.21671430,1,0.16856925
25121,0,0.16888592,0.10970171,0,0.13348547
25129,0,0.16888592,0.12943593,0,0.16883544
25133,1,0.16888592,0.18979604,1,0.17931470
25138,0,0.16888592,0.18979604,1,0.17931470
25141,1,0.16888592,0.16551480,0,0.17239091
25148,0,0.16888592,0.11064312,0,0.15404680
25151,0,0.16888592,0.16551480,0,0.17239091
25155,0,0.16888592,0.16527858,0,0.17592375
25158,0,0.16888592,0.30379536,1,0.18351750
25162,0,0.16888592,0.21083086,1,0.17653655
25163,0,0.16888592,0.18100954,1,0.18220648
25165,0,0.16888592,0.12830167,0,0.13032181
25167,0,0.16888592,0.16551480,0,0.17239091
25176,0,0.16888592,0.22737798,1,0.17744196
25177,0,0.16888592,0.18979604,1,0.17931470
25185,0,0.16888592,0.13894014,0,0.15630620
25188,1,0.16888592,0.07261478,0,0.12636211
25193,0,0.16888592,0.23563171,1,0.18703030
25197,0,0.16888592,0.08547829,0,0.18316812
25214,0,0.16888592,0.18979604,1,0.17931470
25227,0,0.16888592,0.16527858,0,0.17592375
25230,0,0.16888592,0.18738755,1,0.18316438
25231,0,0.16888592,0.18979604,1,0.17931470
25235,1,0.16888592,0.12811042,0,0.13552379
25237,0,0.16888592,0.21671430,1,0.16856925
25241,0,0.16888592,0.23136710,1,0.18695250
25242,0,0.16888592,0.11064312,0,0.15404680
25243,0,0.16888592,0.10841056,0,0.13272274
25244,0,0.16888592,0.11081162,0,0.15050329
25248,0,0.16888592,0.22906206,1,0.14081529
25249,0,0.16888592,0.16551480,0,0.17239091
25254,1,0.16888592,0.16551480,0,0.17239091
25256,1,0.16888592,0.11081162,0,0.15050329
25259,1,0.16888592,0.25934250,1,0.17873965
25261,0,0.16888592,0.16551480,0,0.17239091
25267,1,0.16888592,0.11081162,0,0.15050329
25275,1,0.16888592,0.25930916,1,0.17187373
25279,0,0.16888592,0.26956963,1,0.18039224
25281,0,0.16888592,0.07261478,0,0.12636211
25283,0,0.16888592,0.33669931,1,0.18222875
25286,0,0.16888592,0.16294610,0,0.15680206
25297,0,0.16888592,0.11064312,0,0.15404680
25299,0,0.16888592,0.16551480,0,0.17239091
25305,0,0.16888592,0.16527858,0,0.17592375
25309,0,0.16888592,0.16551480,0,0.17239091
25315,0,0.16888592,0.16527858,0,0.17592375
25316,0,0.16888592,0.10609234,0,0.13641886
25330,0,0.16888592,0.18979604,1,0.17931470
25331,1,0.16888592,0.18979604,1,0.17931470
25342,0,0.16888592,0.12830167,0,0.13032181
25347,0,0.16888592,0.08194491,0,0.15776105
25351,0,0.16888592,0.11081162,0,0.15050329
25361,0,0.16888592,0.12998222,0,0.16564061
25364,1,0.16888592,0.18979604,1,0.17931470
25365,1,0.16888592,0.18979604,1,0.17931470
25373,1,0.16888592,0.32855128,1,0.19316061
25376,0,0.16888592,0.10176637,0,0.15434772
25383,0,0.16888592,0.11081162,0,0.15050329
25389,0,0.16888592,0.18979604,1,0.17931470
25390,0,0.16888592,0.23114690,1,0.18173098
25393,0,0.16888592,0.12358886,0,0.17531751
25396,0,0.16888592,0.13573706,0,0.13136292
25398,0,0.16888592,0.16551480,0,0.17239091
25402,0,0.16888592,0.18979604,1,0.17931470
25406,0,0.16888592,0.11081162,0,0.15050329
25407,0,0.16888592,0.16791255,0,0.17050258
25427,0,0.16888592,0.31675983,1,0.19136769
25432,0,0.16888592,0.11081162,0,0.15050329
25442,0,0.16888592,0.11081162,0,0.15050329
25444,1,0.16888592,0.16551480,0,0.17239091
25445,0,0.16888592,0.16736438,0,0.15795785
25447,0,0.16888592,0.11081162,0,0.15050329
25449,0,0.16888592,0.14187483,0,0.16596940
25450,0,0.16888592,0.11081162,0,0.15050329
25457,0,0.16888592,0.05568089,0,0.15165808
25462,0,0.16888592,0.12830167,0,0.13032181
25466,0,0.16888592,0.16551480,0,0.17239091
25467,0,0.16888592,0.18979604,1,0.17931470
25482,0,0.16888592,0.11081162,0,0.15050329
25498,0,0.16888592,0.16551480,0,0.17239091
25501,0,0.16888592,0.09850424,0,0.13825724
25505,0,0.16888592,0.15378356,0,0.18387166
25510,0,0.16888592,0.10029943,0,0.13535077
25522,0,0.16888592,0.16551480,0,0.17239091
25527,0,0.16888592,0.08336305,0,0.14660845
25536,0,0.16888592,0.16551480,0,0.17239091
25537,0,0.16888592,0.16527858,0,0.17592375
25562,0,0.16888592,0.11081162,0,0.15050329
25563,0,0.16888592,0.16551480,0,0.17239091
25566,0,0.16888592,0.29623377,1,0.22177902
25586,1,0.16888592,0.18979604,1,0.17931470
25592,0,0.16888592,0.27422695,1,0.19098074
25596,0,0.16888592,0.18274362,1,0.17464655
25598,1,0.16888592,0.18979604,1,0.17931470
25599,1,0.16888592,0.11715776,0,0.17855193
25610,1,0.16888592,0.15934712,0,0.18269930
25612,0,0.16888592,0.11081162,0,0.15050329
25613,0,0.16888592,0.09850424,0,0.13825724
25626,1,0.16888592,0.21671430,1,0.16856925
25641,0,0.16888592,0.14247524,0,0.18502951
25642,0,0.16888592,0.18979604,1,0.17931470
25653,0,0.16888592,0.07261478,0,0.12636211
25659,0,0.16888592,0.17996860,1,0.14410279
25667,0,0.16888592,0.07261478,0,0.12636211
25681,0,0.16888592,0.16551480,0,0.17239091
25690,0,0.16888592,0.16551480,0,0.17239091
25692,0,0.16888592,0.16551480,0,0.17239091
25697,0,0.16888592,0.00483174,0,0.02957032
25700,1,0.16888592,0.18979604,1,0.17931470
25707,1,0.16888592,0.16527858,0,0.17592375
25717,0,0.16888592,0.16527858,0,0.17592375
25721,0,0.16888592,0.12830167,0,0.13032181
25727,1,0.16888592,0.18979604,1,0.17931470
25732,0,0.16888592,0.12830167,0,0.13032181
25733,0,0.16888592,0.16318964,0,0.17655670
25750,1,0.16888592,0.16527858,0,0.17592375
25752,0,0.16888592,0.18979604,1,0.17931470
25761,0,0.16888592,0.42042676,1,0.27280162
25770,0,0.16888592,0.09456825,0,0.13765861
25773,0,0.16888592,0.07160741,0,0.16947348
25781,0,0.16888592,0.18979604,1,0.17931470
25812,0,0.16888592,0.22020780,1,0.17664921
25815,1,0.16888592,0.25659390,1,0.20818714
25829,0,0.16888592,0.13983415,0,0.13268259
25832,0,0.16888592,0.00729765,0,0.04888093
25833,1,0.16888592,0.18979604,1,0.17931470
25838,0,0.16888592,0.04809780,0,0.16371818
25841,0,0.16888592,0.28959962,1,0.21863884
25854,0,0.16888592,0.21678357,1,0.18154393
25865,1,0.16888592,0.22864454,1,0.18189462
25866,0,0.16888592,0.07261478,0,0.12636211
25867,1,0.16888592,0.18979604,1,0.17931470
25871,0,0.16888592,0.07261478,0,0.12636211
25872,0,0.16888592,0.18979604,1,0.17931470
25877,1,0.16888592,0.11081162,0,0.15050329
25885,0,0.16888592,0.05777077,0,0.14552305
25892,0,0.16888592,0.28188173,1,0.21439559
25896,0,0.16888592,0.26978617,1,0.18876052
25897,0,0.16888592,0.16551480,0,0.17239091
25901,1,0.16888592,0.18979604,1,0.17931470
25911,0,0.16888592,0.00693922,0,0.07273888
25921,0,0.16888592,0.12956392,0,0.18906109
25934,1,0.16888592,0.11081162,0,0.15050329
25935,1,0.16888592,0.30053538,1,0.18810455
25936,1,0.16888592,0.16527858,0,0.17592375
25939,0,0.16888592,0.16642505,0,0.13506761
25951,0,0.16888592,0.16527858,0,0.17592375
25952,0,0.16888592,0.23653954,1,0.17695946
25963,1,0.16888592,0.21671430,1,0.16856925
25964,0,0.16888592,0.00860765,0,0.04082672
25965,1,0.16888592,0.18979604,1,0.17931470
25977,0,0.16888592,0.17123901,0,0.18360464
25984,0,0.16888592,0.21671430,1,0.16856925
25993,0,0.16888592,0.21671430,1,0.16856925
26000,1,0.16888592,0.12620719,0,0.16694017
26011,1,0.16888592,0.11081162,0,0.15050329
26012,0,0.16888592,0.02864634,0,0.16484162
26013,0,0.16888592,0.14253814,0,0.16161856
26016,1,0.16888592,0.16527858,0,0.17592375
26025,0,0.16888592,0.24138380,1,0.18019696
26028,0,0.16888592,0.20097839,1,0.17664054
26039,0,0.16888592,0.11081162,0,0.15050329
26040,1,0.16888592,0.11618496,0,0.20354153
26043,0,0.16888592,0.21678357,1,0.18154393
26044,0,0.16888592,0.21671430,1,0.16856925
26050,0,0.16888592,0.25010781,1,0.18436576
26053,0,0.16888592,0.16527858,0,0.17592375
26055,0,0.16888592,0.27422695,1,0.19098074
26066,0,0.16888592,0.16421020,0,0.17970732
26070,0,0.16888592,0.21671430,1,0.16856925
26084,0,0.16888592,0.21671430,1,0.16856925
26089,0,0.16888592,0.16551480,0,0.17239091
26091,0,0.16888592,0.07261478,0,0.12636211
26095,1,0.16888592,0.18979604,1,0.17931470
26099,0,0.16888592,0.27011767,1,0.18775725
26102,0,0.16888592,0.18979604,1,0.17931470
26112,0,0.16888592,0.12473925,0,0.15452715
26116,0,0.16888592,0.25803790,1,0.19200181
26125,0,0.16888592,0.25354473,1,0.19049139
26132,0,0.16888592,0.16527858,0,0.17592375
26139,0,0.16888592,0.11081162,0,0.15050329
26140,0,0.16888592,0.40101834,1,0.24344539
26146,0,0.16888592,0.13287606,0,0.15551076
26147,0,0.16888592,0.12757186,0,0.18436792
26163,0,0.16888592,0.07880532,0,0.16831939
26168,1,0.16888592,0.18979604,1,0.17931470
26170,0,0.16888592,0.11081162,0,0.15050329
26175,0,0.16888592,0.16551480,0,0.17239091
26177,0,0.16888592,0.03029989,0,0.13233650
26188,0,0.16888592,0.27189006,1,0.18436576
26189,1,0.16888592,0.11064312,0,0.15404680
26192,0,0.16888592,0.21671430,1,0.16856925
26194,0,0.16888592,0.31675983,1,0.19136769
26196,0,0.16888592,0.18949609,1,0.19801856
26198,1,0.16888592,0.07261478,0,0.12636211
26199,1,0.16888592,0.12830167,0,0.13032181
26200,0,0.16888592,0.48258868,1,0.37630465
26206,0,0.16888592,0.07624311,0,0.18635015
26209,0,0.16888592,0.19606976,1,0.17744196
26214,0,0.16888592,0.18979604,1,0.17931470
26221,0,0.16888592,0.05602542,0,0.15313871
26232,0,0.16888592,0.21678357,1,0.18154393
26238,0,0.16888592,0.13523933,0,0.16792842
26257,0,0.16888592,0.16551480,0,0.17239091
26262,0,0.16888592,0.03626492,0,0.14263995
26270,0,0.16888592,0.25702772,1,0.19899603
26271,0,0.16888592,0.11081162,0,0.15050329
26277,0,0.16888592,0.16551480,0,0.17239091
26284,0,0.16888592,0.34700461,1,0.18867998
26292,0,0.16888592,0.12830167,0,0.13032181
26294,1,0.16888592,0.16551480,0,0.17239091
26295,0,0.16888592,0.14539169,0,0.16550102
26299,0,0.16888592,0.18979604,1,0.17931470
26304,0,0.16888592,0.12833484,0,0.15571781
26310,1,0.16888592,0.65245810,1,0.23185273
26314,0,0.16888592,0.25803790,1,0.19200181
26315,0,0.16888592,0.18979604,1,0.17931470
26319,0,0.16888592,0.19313111,1,0.16759624
26321,0,0.16888592,0.10616506,0,0.14912537
26323,0,0.16888592,0.09994142,0,0.15571781
26325,0,0.16888592,0.18979604,1,0.17931470
26332,0,0.16888592,0.18979604,1,0.17931470
26333,0,0.16888592,0.22363221,1,0.18436576
26340,0,0.16888592,0.21671430,1,0.16856925
26342,0,0.16888592,0.10608640,0,0.12959473
26343,0,0.16888592,0.12830167,0,0.13032181
26346,0,0.16888592,0.07261478,0,0.12636211
26351,0,0.16888592,0.28591443,1,0.18459375
26352,0,0.16888592,0.15469126,0,0.18834247
26354,0,0.16888592,0.12830167,0,0.13032181
26355,0,0.16888592,0.16527858,0,0.17592375
26357,0,0.16888592,0.11081162,0,0.15050329
26358,0,0.16888592,0.04411353,0,0.16130356
26368,0,0.16888592,0.18979604,1,0.17931470
26370,0,0.16888592,0.18979604,1,0.17931470
26385,0,0.16888592,0.16551480,0,0.17239091
26398,1,0.16888592,0.11081162,0,0.15050329
26401,0,0.16888592,0.06928664,0,0.13704200
26404,0,0.16888592,0.10911786,0,0.15475866
26405,0,0.16888592,0.11081162,0,0.15050329
26407,0,0.16888592,0.11081162,0,0.15050329
26410,0,0.16888592,0.16551480,0,0.17239091
26412,0,0.16888592,0.31675983,1,0.19136769
26422,0,0.16888592,0.29367942,1,0.18987334
26427,0,0.16888592,0.18979604,1,0.17931470
26432,1,0.16888592,0.18979604,1,0.17931470
26445,0,0.16888592,0.16551480,0,0.17239091
26448,1,0.16888592,0.70985575,1,0.56162109
26450,0,0.16888592,0.14253814,0,0.16161856
26451,0,0.16888592,0.13894014,0,0.15630620
26452,0,0.16888592,0.07249963,0,0.13120452
26453,0,0.16888592,0.21671430,1,0.16856925
26457,0,0.16888592,0.21671430,1,0.16856925
26463,0,0.16888592,0.23787858,1,0.18388712
26465,0,0.16888592,0.30379536,1,0.18351750
26468,0,0.16888592,0.27015644,1,0.18527541
26470,0,0.16888592,0.12830167,0,0.13032181
26472,0,0.16888592,0.16551480,0,0.17239091
26473,0,0.16888592,0.18979604,1,0.17931470
26474,1,0.16888592,0.25172885,1,0.22238518
26482,0,0.16888592,0.04671811,0,0.13815193
26486,0,0.16888592,0.07196759,0,0.17278352
26488,0,0.16888592,0.16551480,0,0.17239091
26491,1,0.16888592,0.16551480,0,0.17239091
26494,1,0.16888592,0.06263273,0,0.16870925
26501,0,0.16888592,0.21671430,1,0.16856925
26504,0,0.16888592,0.12830167,0,0.13032181
26507,0,0.16888592,0.04488415,0,0.12271509
26510,1,0.16888592,0.21671430,1,0.16856925
26525,0,0.16888592,0.21671430,1,0.16856925
26527,0,0.16888592,0.18979604,1,0.17931470
26528,1,0.16888592,0.14917016,0,0.17855193
26534,0,0.16888592,0.11081162,0,0.15050329
26538,0,0.16888592,0.17557658,1,0.18267720
26539,0,0.16888592,0.12830167,0,0.13032181
26540,0,0.16888592,0.16551480,0,0.17239091
26546,1,0.16888592,0.24636552,1,0.18735033
26553,0,0.16888592,0.17202271,0,0.15348489
26559,0,0.16888592,0.13623156,0,0.15715989
26562,0,0.16888592,0.28188693,1,0.18444389
26567,0,0.16888592,0.11081162,0,0.15050329
26578,0,0.16888592,0.21671430,1,0.16856925
26581,1,0.16888592,0.10964228,0,0.18452314
26585,0,0.16888592,0.24636552,1,0.18735033
26591,1,0.16888592,0.25598219,1,0.23858631
26592,0,0.16888592,0.12830167,0,0.13032181
26596,1,0.16888592,0.18979604,1,0.17931470
26601,0,0.16888592,0.11081162,0,0.15050329
26602,0,0.16888592,0.09399306,0,0.13506502
26609,0,0.16888592,0.08606018,0,0.13031060
26627,0,0.16888592,0.09382815,0,0.18695760
26630,0,0.16888592,0.08192213,0,0.12041312
26632,0,0.16888592,0.17557658,1,0.18267720
26636,0,0.16888592,0.11081162,0,0.15050329
26638,0,0.16888592,0.18979604,1,0.17931470
26643,0,0.16888592,0.13655501,0,0.18436576
26647,0,0.16888592,0.11081162,0,0.15050329
26651,0,0.16888592,0.16551480,0,0.17239091
26658,0,0.16888592,0.30840633,1,0.21144885
26661,0,0.16888592,0.18979604,1,0.17931470
26662,1,0.16888592,0.29686411,1,0.17700183
26665,0,0.16888592,0.07682561,0,0.15227518
26669,0,0.16888592,0.07261478,0,0.12636211
26670,1,0.16888592,0.18691294,1,0.18708384
26671,0,0.16888592,0.16551480,0,0.17239091
26672,0,0.16888592,0.06991503,0,0.14660845
26673,0,0.16888592,0.11873698,0,0.15518989
26675,0,0.16888592,0.16527858,0,0.17592375
26685,0,0.16888592,0.18979604,1,0.17931470
26689,0,0.16888592,0.18979604,1,0.17931470
26690,1,0.16888592,0.44300708,1,0.22891258
26701,0,0.16888592,0.07261478,0,0.12636211
26703,0,0.16888592,0.16551480,0,0.17239091
26709,0,0.16888592,0.12830167,0,0.13032181
26711,0,0.16888592,0.42494857,1,0.32002221
26715,0,0.16888592,0.11081162,0,0.15050329
26716,0,0.16888592,0.15069264,0,0.15585262
26718,0,0.16888592,0.12830167,0,0.13032181
26719,0,0.16888592,0.07261478,0,0.12636211
26722,0,0.16888592,0.21671430,1,0.16856925
26723,0,0.16888592,0.07261478,0,0.12636211
26724,1,0.16888592,0.10176637,0,0.15434772
26736,0,0.16888592,0.21671430,1,0.16856925
26739,0,0.16888592,0.18979604,1,0.17931470
26740,1,0.16888592,0.26440614,1,0.19541122
26742,0,0.16888592,0.07261478,0,0.12636211
26746,0,0.16888592,0.10312323,0,0.16369348
26763,0,0.16888592,0.18979604,1,0.17931470
26771,0,0.16888592,0.02017550,0,0.14091889
26778,1,0.16888592,0.13807570,0,0.14780449
26781,1,0.16888592,0.18979604,1,0.17931470
26786,1,0.16888592,0.21671430,1,0.16856925
26797,0,0.16888592,0.21200634,1,0.18047069
26804,0,0.16888592,0.06882564,0,0.18208638
26806,0,0.16888592,0.16527858,0,0.17592375
26811,0,0.16888592,0.29623377,1,0.22177902
26812,1,0.16888592,0.16551480,0,0.17239091
26813,0,0.16888592,0.16551480,0,0.17239091
26819,0,0.16888592,0.19097471,1,0.18205900
26826,0,0.16888592,0.21225954,1,0.19770856
26830,1,0.16888592,0.18979604,1,0.17931470
26858,0,0.16888592,0.11081162,0,0.15050329
26859,0,0.16888592,0.10176637,0,0.15434772
26862,0,0.16888592,0.11081162,0,0.15050329
26863,0,0.16888592,0.26978617,1,0.18876052
26867,0,0.16888592,0.16527858,0,0.17592375
26881,1,0.16888592,0.12830167,0,0.13032181
26883,0,0.16888592,0.07261478,0,0.12636211
26896,1,0.16888592,0.28959962,1,0.21863884
26897,1,0.16888592,0.16527858,0,0.17592375
26900,0,0.16888592,0.14814401,0,0.16239025
26907,0,0.16888592,0.21671430,1,0.16856925
26909,0,0.16888592,0.12830167,0,0.13032181
26911,0,0.16888592,0.11081162,0,0.15050329
26919,0,0.16888592,0.18979604,1,0.17931470
26920,1,0.16888592,0.54867681,1,0.34875673
26921,0,0.16888592,0.16551480,0,0.17239091
26927,0,0.16888592,0.11213205,0,0.13680831
26929,0,0.16888592,0.03726359,0,0.18268156
26932,0,0.16888592,0.01445145,0,0.09170776
26934,0,0.16888592,0.08782480,0,0.13225851
26945,0,0.16888592,0.18953304,1,0.18284755
26950,0,0.16888592,0.11081162,0,0.15050329
26952,0,0.16888592,0.00570162,0,0.01743081
26957,0,0.16888592,0.16551480,0,0.17239091
26958,0,0.16888592,0.11081162,0,0.15050329
26969,0,0.16888592,0.09632062,0,0.17255328
26970,0,0.16888592,0.16551480,0,0.17239091
26971,0,0.16888592,0.07261478,0,0.12636211
26972,0,0.16888592,0.11081162,0,0.15050329
26982,0,0.16888592,0.08887803,0,0.17606165
26984,1,0.16888592,0.15334341,0,0.17089520
26985,0,0.16888592,0.11081162,0,0.15050329
26988,0,0.16888592,0.18979604,1,0.17931470
26990,0,0.16888592,0.25887247,1,0.19489917
26992,0,0.16888592,0.11081162,0,0.15050329
26995,0,0.16888592,0.11081162,0,0.15050329
26996,0,0.16888592,0.11081162,0,0.15050329
26997,0,0.16888592,0.11081162,0,0.15050329
27004,0,0.16888592,0.10209573,0,0.17243800
27005,0,0.16888592,0.08075645,0,0.12391363
27006,0,0.16888592,0.18979604,1,0.17931470
27010,0,0.16888592,0.12743901,0,0.18247137
27015,0,0.16888592,0.14373021,0,0.15565523
27017,0,0.16888592,0.11081162,0,0.15050329
27018,0,0.16888592,0.11081162,0,0.15050329
27019,0,0.16888592,0.29293681,1,0.18196987
27024,0,0.16888592,0.16551480,0,0.17239091
27031,0,0.16888592,0.20281939,1,0.18436576
27036,0,0.16888592,0.11081162,0,0.15050329
27038,0,0.16888592,0.28959962,1,0.21863884
27039,0,0.16888592,0.21671430,1,0.16856925
27048,0,0.16888592,0.16318964,0,0.17655670
27056,0,0.16888592,0.07249963,0,0.13120452
27064,0,0.16888592,0.07261478,0,0.12636211
27076,0,0.16888592,0.06276625,0,0.15197687
27080,0,0.16888592,0.18691294,1,0.18708384
27089,0,0.16888592,0.18979604,1,0.17931470
27090,0,0.16888592,0.13892624,0,0.14263951
27093,0,0.16888592,0.18953304,1,0.18284755
27095,1,0.16888592,0.10372896,0,0.17050258
27098,0,0.16888592,0.07181596,0,0.16085402
27102,1,0.16888592,0.11081162,0,0.15050329
27104,1,0.16888592,0.19112490,1,0.17918381
27110,0,0.16888592,0.24971711,1,0.19041907
27111,1,0.16888592,0.18979604,1,0.17931470
27114,0,0.16888592,0.15840055,0,0.17744196
27116,1,0.16888592,0.12358886,0,0.17531751
27117,0,0.16888592,0.18979604,1,0.17931470
27125,0,0.16888592,0.40101834,1,0.24344539
27129,1,0.16888592,0.11081162,0,0.15050329
27130,0,0.16888592,0.18979604,1,0.17931470
27133,1,0.16888592,0.11064312,0,0.15404680
27134,0,0.16888592,0.16551480,0,0.17239091
27140,1,0.16888592,0.23833922,1,0.18436576
27146,0,0.16888592,0.10176637,0,0.15434772
27151,0,0.16888592,0.23143539,1,0.18400218
27153,0,0.16888592,0.11081162,0,0.15050329
27154,1,0.16888592,0.21671430,1,0.16856925
27156,0,0.16888592,0.33094713,1,0.18604207
27159,0,0.16888592,0.11081162,0,0.15050329
27160,0,0.16888592,0.07261478,0,0.12636211
27166,0,0.16888592,0.16551480,0,0.17239091
27167,0,0.16888592,0.03271181,0,0.14891235
27171,0,0.16888592,0.21671430,1,0.16856925
27175,0,0.16888592,0.16551480,0,0.17239091
27176,0,0.16888592,0.21671430,1,0.16856925
27178,0,0.16888592,0.14253814,0,0.16161856
27180,0,0.16888592,0.12830167,0,0.13032181
27184,0,0.16888592,0.16551480,0,0.17239091
27201,0,0.16888592,0.17627202,1,0.18436576
27208,0,0.16888592,0.17557658,1,0.18267720
27228,1,0.16888592,0.11081162,0,0.15050329
27229,0,0.16888592,0.11081162,0,0.15050329
27230,0,0.16888592,0.12830167,0,0.13032181
27231,0,0.16888592,0.27358031,1,0.18100010
27244,0,0.16888592,0.13637500,0,0.15571781
27245,0,0.16888592,0.18979604,1,0.17931470
27255,0,0.16888592,0.11081162,0,0.15050329
27261,0,0.16888592,0.06779184,0,0.16561027
27263,0,0.16888592,0.19185457,1,0.14112757
27264,0,0.16888592,0.07632155,0,0.15294895
27269,0,0.16888592,0.21671430,1,0.16856925
27274,1,0.16888592,0.34498391,1,0.21742196
27278,0,0.16888592,0.18979604,1,0.17931470
27279,0,0.16888592,0.09977872,0,0.18502951
27284,0,0.16888592,0.16551480,0,0.17239091
27285,0,0.16888592,0.18979604,1,0.17931470
27292,1,0.16888592,0.18979604,1,0.17931470
27295,0,0.16888592,0.17557658,1,0.18267720
27300,0,0.16888592,0.12830167,0,0.13032181
27301,0,0.16888592,0.12830167,0,0.13032181
27303,0,0.16888592,0.11081162,0,0.15050329
27309,0,0.16888592,0.11424140,0,0.17278352
27322,0,0.16888592,0.14896551,0,0.15571781
27323,0,0.16888592,0.18979604,1,0.17931470
27325,0,0.16888592,0.21678357,1,0.18154393
27326,1,0.16888592,0.61153711,1,0.42997438
27327,0,0.16888592,0.11081162,0,0.15050329
27332,0,0.16888592,0.21862820,1,0.21861754
27335,0,0.16888592,0.15277146,0,0.17589957
27338,0,0.16888592,0.15614540,0,0.17739444
27339,0,0.16888592,0.16551480,0,0.17239091
27346,0,0.16888592,0.09341196,0,0.17048275
27358,0,0.16888592,0.11081162,0,0.15050329
27362,0,0.16888592,0.12830167,0,0.13032181
27363,0,0.16888592,0.18979604,1,0.17931470
27368,0,0.16888592,0.18979604,1,0.17931470
27370,1,0.16888592,0.16551480,0,0.17239091
27372,0,0.16888592,0.11956296,0,0.14975614
27376,0,0.16888592,0.07113003,0,0.13770364
27377,0,0.16888592,0.14782600,0,0.17394405
27379,0,0.16888592,0.21671430,1,0.16856925
27407,0,0.16888592,0.19430439,1,0.18410021
27408,0,0.16888592,0.11081162,0,0.15050329
27409,0,0.16888592,0.11961221,0,0.17736597
27416,0,0.16888592,0.16551480,0,0.17239091
27418,0,0.16888592,0.16527858,0,0.17592375
27422,0,0.16888592,0.11081162,0,0.15050329
27426,1,0.16888592,0.12620719,0,0.16694017
27429,0,0.16888592,0.27728626,1,0.18531692
27431,0,0.16888592,0.11081162,0,0.15050329
27433,0,0.16888592,0.23547786,1,0.17976346
27442,0,0.16888592,0.11081162,0,0.15050329
27443,0,0.16888592,0.32056027,1,0.20885310
27448,1,0.16888592,0.18979604,1,0.17931470
27455,0,0.16888592,0.12830167,0,0.13032181
27462,0,0.16888592,0.19499639,1,0.18436576
27480,1,0.16888592,0.11081162,0,0.15050329
27486,0,0.16888592,0.08100286,0,0.17476088
27487,0,0.16888592,0.18979604,1,0.17931470
27493,1,0.16888592,0.10408892,0,0.18552829
27497,0,0.16888592,0.21671430,1,0.16856925
27501,0,0.16888592,0.18979604,1,0.17931470
27519,0,0.16888592,0.21671430,1,0.16856925
27520,0,0.16888592,0.08919363,0,0.14939058
27525,0,0.16888592,0.28921172,1,0.19698427
27527,0,0.16888592,0.11081162,0,0.15050329
27528,0,0.16888592,0.16551480,0,0.17239091
27532,0,0.16888592,0.16527858,0,0.17592375
27542,0,0.16888592,0.22867516,1,0.18529320
27551,1,0.16888592,0.25414735,1,0.19466587
27557,1,0.16888592,0.21642397,1,0.17503848
27560,0,0.16888592,0.18979604,1,0.17931470
27567,1,0.16888592,0.27854854,1,0.18108455
27568,0,0.16888592,0.07261478,0,0.12636211
27571,0,0.16888592,0.18979604,1,0.17931470
27575,0,0.16888592,0.04102654,0,0.16098763
27576,1,0.16888592,0.54684960,1,0.19494858
27582,0,0.16888592,0.03902385,0,0.14871860
27592,0,0.16888592,0.02562139,0,0.13354067
27597,0,0.16888592,0.11064312,0,0.15404680
27605,1,0.16888592,0.02864634,0,0.16484162
27607,1,0.16888592,0.18979604,1,0.17931470
27612,0,0.16888592,0.02990800,0,0.11322318
27616,0,0.16888592,0.14171686,0,0.18321013
27626,0,0.16888592,0.16551480,0,0.17239091
27627,0,0.16888592,0.16551480,0,0.17239091
27630,0,0.16888592,0.21671430,1,0.16856925
27633,0,0.16888592,0.29148345,1,0.22891658
27652,0,0.16888592,0.15277146,0,0.17589957
27665,0,0.16888592,0.16551480,0,0.17239091
27669,0,0.16888592,0.06852766,0,0.15776105
27670,0,0.16888592,0.03790607,0,0.13394058
27671,0,0.16888592,0.10964228,0,0.18452314
27681,0,0.16888592,0.11081162,0,0.15050329
27683,1,0.16888592,0.05168819,0,0.16325793
27687,0,0.16888592,0.11081162,0,0.15050329
27696,0,0.16888592,0.11081162,0,0.15050329
27698,0,0.16888592,0.15277146,0,0.17589957
27699,0,0.16888592,0.17657565,1,0.17744196
27705,0,0.16888592,0.41166349,1,0.16928405
27710,0,0.16888592,0.11081162,0,0.15050329
27714,0,0.16888592,0.14814401,0,0.16239025
27720,0,0.16888592,0.21671430,1,0.16856925
27721,1,0.16888592,0.18979604,1,0.17931470
27722,0,0.16888592,0.12830167,0,0.13032181
27725,0,0.16888592,0.18066764,1,0.17655670
27731,0,0.16888592,0.21678357,1,0.18154393
27732,0,0.16888592,0.14814401,0,0.16239025
27736,0,0.16888592,0.18979604,1,0.17931470
27740,0,0.16888592,0.06645442,0,0.13344003
27745,0,0.16888592,0.27854854,1,0.18108455
27747,0,0.16888592,0.12830167,0,0.13032181
27748,0,0.16888592,0.14253814,0,0.16161856
27761,0,0.16888592,0.02951156,0,0.14700825
27762,0,0.16888592,0.10408892,0,0.18552829
27764,1,0.16888592,0.18979604,1,0.17931470
27766,0,0.16888592,0.00570162,0,0.01743081
27771,0,0.16888592,0.15277146,0,0.17589957
27773,0,0.16888592,0.17295257,0,0.16548268
27774,0,0.16888592,0.44172705,1,0.24829060
27778,0,0.16888592,0.10359083,0,0.18182153
27786,0,0.16888592,0.17199677,0,0.14486105
27789,0,0.16888592,0.21671430,1,0.16856925
27795,0,0.16888592,0.12830167,0,0.13032181
27797,0,0.16888592,0.12830167,0,0.13032181
27807,0,0.16888592,0.11081162,0,0.15050329
27809,1,0.16888592,0.21671430,1,0.16856925
27811,0,0.16888592,0.11081162,0,0.15050329
27814,0,0.16888592,0.11081162,0,0.15050329
27819,0,0.16888592,0.16081823,0,0.20582946
27833,0,0.16888592,0.16527858,0,0.17592375
27845,0,0.16888592,0.12830167,0,0.13032181
27848,0,0.16888592,0.23653954,1,0.17695946
27852,0,0.16888592,0.16551480,0,0.17239091
27860,0,0.16888592,0.06993303,0,0.17787069
27861,0,0.16888592,0.20097839,1,0.17664054
27863,0,0.16888592,0.18561445,1,0.20103167
27866,0,0.16888592,0.18979604,1,0.17931470
27875,0,0.16888592,0.11801825,0,0.13885794
27881,1,0.16888592,0.18979604,1,0.17931470
27885,0,0.16888592,0.18979604,1,0.17931470
27902,0,0.16888592,0.39677825,1,0.22427308
27914,0,0.16888592,0.21671430,1,0.16856925
27922,0,0.16888592,0.05929427,0,0.15323730
27940,0,0.16888592,0.12830167,0,0.13032181
27941,1,0.16888592,0.21678357,1,0.18154393
27942,0,0.16888592,0.20884941,1,0.17823715
27944,0,0.16888592,0.12830167,0,0.13032181
27951,1,0.16888592,0.16527858,0,0.17592375
27952,0,0.16888592,0.21801516,1,0.18613877
27958,0,0.16888592,0.07261478,0,0.12636211
27962,0,0.16888592,0.15888208,0,0.16181030
27966,0,0.16888592,0.30415124,1,0.18120371
27967,1,0.16888592,0.15277146,0,0.17589957
27969,0,0.16888592,0.16527858,0,0.17592375
27979,0,0.16888592,0.12830167,0,0.13032181
27982,0,0.16888592,0.28259637,1,0.17738753
27991,1,0.16888592,0.20884941,1,0.17823715
27997,0,0.16888592,0.10911786,0,0.15475866
28002,1,0.16888592,0.18979604,1,0.17931470
28021,0,0.16888592,0.12401640,0,0.19014162
28031,1,0.16888592,0.24572364,1,0.19008284
28034,1,0.16888592,0.11081162,0,0.15050329
28036,0,0.16888592,0.14917016,0,0.17855193
28037,0,0.16888592,0.26224698,1,0.20981507
28052,0,0.16888592,0.12830167,0,0.13032181
28062,0,0.16888592,0.18979604,1,0.17931470
28063,0,0.16888592,0.21671430,1,0.16856925
28066,0,0.16888592,0.18979604,1,0.17931470
28068,0,0.16888592,0.11081162,0,0.15050329
28069,0,0.16888592,0.03218779,0,0.14873672
28071,0,0.16888592,0.27422695,1,0.19098074
28076,0,0.16888592,0.11081162,0,0.15050329
28078,0,0.16888592,0.17818333,1,0.18557521
28085,0,0.16888592,0.12830167,0,0.13032181
28087,1,0.16888592,0.21671430,1,0.16856925
28089,0,0.16888592,0.11081162,0,0.15050329
28094,1,0.16888592,0.67069649,1,0.28012039
28096,1,0.16888592,0.24138380,1,0.18019696
28099,0,0.16888592,0.18979604,1,0.17931470
28103,0,0.16888592,0.18240298,1,0.13967695
28105,0,0.16888592,0.17818333,1,0.18557521
28108,0,0.16888592,0.08336305,0,0.14660845
28113,0,0.16888592,0.12358886,0,0.17531751
28114,0,0.16888592,0.23808167,1,0.18856628
28120,0,0.16888592,0.21671430,1,0.16856925
28121,1,0.16888592,0.24636552,1,0.18735033
28122,0,0.16888592,0.18979604,1,0.17931470
28126,0,0.16888592,0.07261478,0,0.12636211
28129,0,0.16888592,0.16527858,0,0.17592375
28133,0,0.16888592,0.27586448,1,0.19287224
28135,0,0.16888592,0.18979604,1,0.17931470
28138,1,0.16888592,0.24636552,1,0.18735033
28139,0,0.16888592,0.00576675,0,0.05462914
28140,0,0.16888592,0.21678357,1,0.18154393
28141,0,0.16888592,0.00533437,0,0.05751326
28153,0,0.16888592,0.16527858,0,0.17592375
28155,0,0.16888592,0.18979604,1,0.17931470
28160,0,0.16888592,0.15147653,0,0.17624494
28169,0,0.16888592,0.16551480,0,0.17239091
28170,0,0.16888592,0.13380953,0,0.17481808
28172,1,0.16888592,0.21671430,1,0.16856925
28173,0,0.16888592,0.07249963,0,0.13120452
28187,0,0.16888592,0.18979604,1,0.17931470
28188,0,0.16888592,0.11081162,0,0.15050329
28194,0,0.16888592,0.11081162,0,0.15050329
28198,0,0.16888592,0.21671430,1,0.16856925
28199,0,0.16888592,0.16551480,0,0.17239091
28201,1,0.16888592,0.18953304,1,0.18284755
28206,0,0.16888592,0.18979604,1,0.17931470
28209,0,0.16888592,0.25389859,1,0.17798343
28210,0,0.16888592,0.07249963,0,0.13120452
28220,1,0.16888592,0.21671430,1,0.16856925
28226,0,0.16888592,0.40117438,1,0.21997919
28229,0,0.16888592,0.21671430,1,0.16856925
28231,0,0.16888592,0.12358886,0,0.17531751
28243,0,0.16888592,0.40117438,1,0.21997919
28244,0,0.16888592,0.11715776,0,0.17855193
28246,0,0.16888592,0.11081162,0,0.15050329
28250,0,0.16888592,0.21671430,1,0.16856925
28254,0,0.16888592,0.11081162,0,0.15050329
28256,0,0.16888592,0.00729765,0,0.04888093
28257,0,0.16888592,0.17790864,1,0.16503252
28258,0,0.16888592,0.18979604,1,0.17931470
28265,0,0.16888592,0.10544505,0,0.17414205
28267,0,0.16888592,0.23891108,1,0.18272011
28287,0,0.16888592,0.15598864,0,0.16550102
28293,0,0.16888592,0.01101501,0,0.05981027
28299,0,0.16888592,0.18979604,1,0.17931470
28302,0,0.16888592,0.07261478,0,0.12636211
28315,0,0.16888592,0.18979604,1,0.17931470
28321,0,0.16888592,0.14861673,0,0.16548268
28327,1,0.16888592,0.17657565,1,0.17744196
28329,0,0.16888592,0.10579180,0,0.15571781
28330,0,0.16888592,0.08349064,0,0.17243800
28333,0,0.16888592,0.16318964,0,0.17655670
28339,1,0.16888592,0.18979604,1,0.17931470
28342,0,0.16888592,0.04411353,0,0.16130356
28343,0,0.16888592,0.12701169,0,0.18087853
28362,0,0.16888592,0.18953304,1,0.18284755
28365,1,0.16888592,0.18979604,1,0.17931470
28383,0,0.16888592,0.19510081,1,0.18436576
28384,1,0.16888592,0.16551480,0,0.17239091
28388,1,0.16888592,0.11081162,0,0.15050329
28397,0,0.16888592,0.20100365,1,0.16127988
28406,1,0.16888592,0.26978617,1,0.18876052
28419,1,0.16888592,0.22864454,1,0.18189462
28424,0,0.16888592,0.42494857,1,0.32002221
28430,0,0.16888592,0.11081162,0,0.15050329
28434,0,0.16888592,0.18979604,1,0.17931470
28437,0,0.16888592,0.17557658,1,0.18267720
28442,0,0.16888592,0.07511293,0,0.12614201
28449,0,0.16888592,0.08405248,0,0.16668649
28454,0,0.16888592,0.14253814,0,0.16161856
28457,1,0.16888592,0.11081162,0,0.15050329
28461,0,0.16888592,0.15277146,0,0.17589957
28474,0,0.16888592,0.10246084,0,0.18952638
28475,0,0.16888592,0.16551480,0,0.17239091
28478,0,0.16888592,0.23828117,1,0.18256309
28479,0,0.16888592,0.07261478,0,0.12636211
28486,0,0.16888592,0.11081162,0,0.15050329
28491,0,0.16888592,0.06645442,0,0.13344003
28497,0,0.16888592,0.16551480,0,0.17239091
28499,1,0.16888592,0.16551480,0,0.17239091
28507,0,0.16888592,0.13894014,0,0.15630620
28508,0,0.16888592,0.08815523,0,0.15787013
28510,1,0.16888592,0.18979604,1,0.17931470
28518,0,0.16888592,0.11081162,0,0.15050329
28519,0,0.16888592,0.24237550,1,0.17963967
28521,0,0.16888592,0.21671430,1,0.16856925
28523,0,0.16888592,0.11081162,0,0.15050329
28524,0,0.16888592,0.10021532,0,0.15177602
28525,0,0.16888592,0.23114690,1,0.18173098
28528,0,0.16888592,0.10745961,0,0.18644319
28529,1,0.16888592,0.11081162,0,0.15050329
28531,0,0.16888592,0.00576675,0,0.05462914
28532,0,0.16888592,0.11081162,0,0.15050329
28537,0,0.16888592,0.25010781,1,0.18436576
28539,1,0.16888592,0.12605573,0,0.15342534
28540,1,0.16888592,0.14814401,0,0.16239025
28541,0,0.16888592,0.11081162,0,0.15050329
28546,0,0.16888592,0.06790714,0,0.14888772
28551,0,0.16888592,0.21671430,1,0.16856925
28556,0,0.16888592,0.09450958,0,0.14765096
28565,0,0.16888592,0.12830167,0,0.13032181
28576,1,0.16888592,0.18999260,1,0.18350496
28577,0,0.16888592,0.04745510,0,0.15083724
28578,0,0.16888592,0.05797715,0,0.12271509
28579,1,0.16888592,0.23115946,1,0.18822525
28583,0,0.16888592,0.11081162,0,0.15050329
28585,0,0.16888592,0.26375138,1,0.17655670
28592,0,0.16888592,0.21671430,1,0.16856925
28593,0,0.16888592,0.32106282,1,0.19620904
28599,0,0.16888592,0.15147653,0,0.17624494
28602,0,0.16888592,0.11081162,0,0.15050329
28604,1,0.16888592,0.17149357,0,0.15848253
28608,0,0.16888592,0.20654374,1,0.15608422
28610,0,0.16888592,0.06645442,0,0.13344003
28612,0,0.16888592,0.05363379,0,0.17226907
28616,0,0.16888592,0.08553144,0,0.12814194
28617,0,0.16888592,0.11081162,0,0.15050329
28625,0,0.16888592,0.23808167,1,0.18856628
28627,0,0.16888592,0.13041884,0,0.17425789
28629,0,0.16888592,0.11081162,0,0.15050329
28635,0,0.16888592,0.23566063,1,0.18760658
28640,0,0.16888592,0.16551480,0,0.17239091
28652,0,0.16888592,0.11081162,0,0.15050329
28659,0,0.16888592,0.16551480,0,0.17239091
28660,1,0.16888592,0.42327126,1,0.23807869
28662,0,0.16888592,0.07261478,0,0.12636211
28663,0,0.16888592,0.16551480,0,0.17239091
28665,0,0.16888592,0.13041884,0,0.17425789
28670,0,0.16888592,0.06088921,0,0.15715989
28679,0,0.16888592,0.18979604,1,0.17931470
28681,0,0.16888592,0.23653954,1,0.17695946
28685,0,0.16888592,0.00740322,0,0.05486741
28690,0,0.16888592,0.12516745,0,0.17592375
28691,0,0.16888592,0.30379536,1,0.18351750
28692,1,0.16888592,0.18979604,1,0.17931470
28694,0,0.16888592,0.11081162,0,0.15050329
28697,0,0.16888592,0.09428691,0,0.17552918
28698,0,0.16888592,0.13829639,0,0.17577550
28700,0,0.16888592,0.00533437,0,0.05751326
28703,0,0.16888592,0.11081162,0,0.15050329
28710,0,0.16888592,0.15277146,0,0.17589957
28715,0,0.16888592,0.18979604,1,0.17931470
28719,0,0.16888592,0.46686620,1,0.19735997
28720,0,0.16888592,0.85106072,1,0.63221614
28723,1,0.16888592,0.35383276,1,0.26706643
28724,1,0.16888592,0.24652705,1,0.17466877
28730,1,0.16888592,0.18979604,1,0.17931470
28732,0,0.16888592,0.21678357,1,0.18154393
28736,0,0.16888592,0.14814401,0,0.16239025
28738,0,0.16888592,0.12830167,0,0.13032181
28739,0,0.16888592,0.16551480,0,0.17239091
28740,1,0.16888592,0.20884941,1,0.17823715
28744,0,0.16888592,0.15339338,0,0.17744196
28746,0,0.16888592,0.19606976,1,0.17744196
28749,0,0.16888592,0.23858661,1,0.18264940
28756,0,0.16888592,0.18581666,1,0.17448926
28777,0,0.16888592,0.21671430,1,0.16856925
28779,0,0.16888592,0.18979604,1,0.17931470
28785,0,0.16888592,0.12830167,0,0.13032181
28792,0,0.16888592,0.54867681,1,0.34875673
28818,0,0.16888592,0.07364792,0,0.17230831
28823,0,0.16888592,0.18979604,1,0.17931470
28829,0,0.16888592,0.21671430,1,0.16856925
28832,0,0.16888592,0.11081162,0,0.15050329
28835,0,0.16888592,0.24096767,1,0.24801210
28837,1,0.16888592,0.18979604,1,0.17931470
28840,0,0.16888592,0.18979604,1,0.17931470
28845,0,0.16888592,0.16551480,0,0.17239091
28858,0,0.16888592,0.11695809,0,0.18136848
28863,0,0.16888592,0.24237550,1,0.17963967
28864,0,0.16888592,0.13130315,0,0.17103805
28874,0,0.16888592,0.10544505,0,0.17414205
28881,0,0.16888592,0.11081162,0,0.15050329
28885,0,0.16888592,0.11081162,0,0.15050329
28889,0,0.16888592,0.05900710,0,0.15513984
28890,0,0.16888592,0.06801253,0,0.13005875
28896,0,0.16888592,0.18979604,1,0.17931470
28897,0,0.16888592,0.10176637,0,0.15434772
28908,0,0.16888592,0.07261478,0,0.12636211
28920,0,0.16888592,0.17028355,0,0.17939016
28924,0,0.16888592,0.21671430,1,0.16856925
28935,0,0.16888592,0.11081162,0,0.15050329
28938,0,0.16888592,0.25039557,1,0.20734676
28941,0,0.16888592,0.10593278,0,0.18021765
28943,0,0.16888592,0.16449349,0,0.16100028
28953,0,0.16888592,0.02864634,0,0.16484162
28954,0,0.16888592,0.11081162,0,0.15050329
28959,0,0.16888592,0.18979604,1,0.17931470
28960,0,0.16888592,0.18066764,1,0.17655670
28963,0,0.16888592,0.16551480,0,0.17239091
28973,0,0.16888592,0.11081162,0,0.15050329
28974,0,0.16888592,0.16527858,0,0.17592375
28984,0,0.16888592,0.14917016,0,0.17855193
28985,0,0.16888592,0.11081162,0,0.15050329
28987,1,0.16888592,0.16411157,0,0.14197787
28989,0,0.16888592,0.38794745,1,0.22891658
28990,0,0.16888592,0.09388751,0,0.15388294
28993,1,0.16888592,0.24846453,1,0.18436576
29001,1,0.16888592,0.21231844,1,0.17644363
29004,0,0.16888592,0.11695809,0,0.18136848
29009,0,0.16888592,0.11081162,0,0.15050329
29011,1,0.16888592,0.87456676,1,0.67213027
29025,1,0.16888592,0.17920207,1,0.18436576
29027,0,0.16888592,0.15934712,0,0.18269930
29032,0,0.16888592,0.12830167,0,0.13032181
29035,1,0.16888592,0.18979604,1,0.17931470
29037,0,0.16888592,0.26363838,1,0.19280241
29038,0,0.16888592,0.07261478,0,0.12636211
29041,0,0.16888592,0.18979604,1,0.17931470
29044,0,0.16888592,0.33375642,1,0.19250363
29045,0,0.16888592,0.16551480,0,0.17239091
29046,0,0.16888592,0.18979604,1,0.17931470
29049,0,0.16888592,0.00570162,0,0.01743081
29052,0,0.16888592,0.16551480,0,0.17239091
29062,0,0.16888592,0.16527858,0,0.17592375
29066,0,0.16888592,0.16086494,0,0.16563076
29067,0,0.16888592,0.13931936,0,0.16394784
29068,0,0.16888592,0.03401984,0,0.13109282
29072,0,0.16888592,0.15277146,0,0.17589957
29080,0,0.16888592,0.12830167,0,0.13032181
29085,0,0.16888592,0.18979604,1,0.17931470
29091,0,0.16888592,0.16527858,0,0.17592375
29100,1,0.16888592,0.46565746,1,0.25822471
29103,0,0.16888592,0.13728481,0,0.13651408
29115,0,0.16888592,0.07817418,0,0.18218013
29124,1,0.16888592,0.23787858,1,0.18388712
29125,0,0.16888592,0.07261478,0,0.12636211
29126,0,0.16888592,0.18979604,1,0.17931470
29128,1,0.16888592,0.12830167,0,0.13032181
29134,0,0.16888592,0.11625165,0,0.17488119
29136,0,0.16888592,0.07880532,0,0.16831939
29150,0,0.16888592,0.18979604,1,0.17931470
29152,0,0.16888592,0.12830167,0,0.13032181
29155,0,0.16888592,0.16551480,0,0.17239091
29158,1,0.16888592,0.29623377,1,0.22177902
29163,0,0.16888592,0.11081162,0,0.15050329
29169,0,0.16888592,0.07261478,0,0.12636211
29172,0,0.16888592,0.12830167,0,0.13032181
29176,0,0.16888592,0.07261478,0,0.12636211
29180,0,0.16888592,0.18979604,1,0.17931470
29183,0,0.16888592,0.11921270,0,0.15403488
29187,0,0.16888592,0.07261478,0,0.12636211
29195,0,0.16888592,0.18979604,1,0.17931470
29201,0,0.16888592,0.21671430,1,0.16856925
29209,0,0.16888592,0.18979604,1,0.17931470
29212,0,0.16888592,0.12474607,0,0.15353923
29231,0,0.16888592,0.06540243,0,0.14448781
29234,0,0.16888592,0.06889251,0,0.17050258
29242,0,0.16888592,0.10041348,0,0.18532581
29244,1,0.16888592,0.11081162,0,0.15050329
29246,0,0.16888592,0.16551480,0,0.17239091
29248,0,0.16888592,0.24971711,1,0.19041907
29254,0,0.16888592,0.12358886,0,0.17531751
29266,1,0.16888592,0.11081162,0,0.15050329
29268,1,0.16888592,0.24847010,1,0.16114667
29273,0,0.16888592,0.12830167,0,0.13032181
29274,0,0.16888592,0.16527858,0,0.17592375
29278,0,0.16888592,0.21083086,1,0.17653655
29284,0,0.16888592,0.07249963,0,0.13120452
29287,0,0.16888592,0.12811042,0,0.13552379
29290,0,0.16888592,0.11081162,0,0.15050329
29298,0,0.16888592,0.21671430,1,0.16856925
29305,0,0.16888592,0.12830167,0,0.13032181
29318,0,0.16888592,0.16096567,0,0.18571209
29319,0,0.16888592,0.30379536,1,0.18351750
29330,0,0.16888592,0.18979604,1,0.17931470
29337,0,0.16888592,0.16527858,0,0.17592375
29338,0,0.16888592,0.18979604,1,0.17931470
29341,0,0.16888592,0.11081162,0,0.15050329
29342,0,0.16888592,0.13829639,0,0.17577550
29343,0,0.16888592,0.16551480,0,0.17239091
29345,1,0.16888592,0.16551480,0,0.17239091
29353,0,0.16888592,0.15277146,0,0.17589957
29358,1,0.16888592,0.62208602,1,0.22551260
29359,0,0.16888592,0.09850424,0,0.13825724
29361,1,0.16888592,0.18979604,1,0.17931470
29362,0,0.16888592,0.07273371,0,0.15152286
29364,0,0.16888592,0.11081162,0,0.15050329
29367,0,0.16888592,0.21671430,1,0.16856925
29370,0,0.16888592,0.18953304,1,0.18284755
29376,1,0.16888592,0.14226570,0,0.15715989
29392,0,0.16888592,0.85106072,1,0.63221614
29401,1,0.16888592,0.12830167,0,0.13032181
29406,0,0.16888592,0.21671430,1,0.16856925
29411,0,0.16888592,0.23272651,1,0.18436576
29425,0,0.16888592,0.16551480,0,0.17239091
29430,0,0.16888592,0.20921826,1,0.18164249
29436,0,0.16888592,0.18979604,1,0.17931470
29443,0,0.16888592,0.23891108,1,0.18272011
29450,1,0.16888592,0.40101834,1,0.24344539
29453,0,0.16888592,0.21678357,1,0.18154393
29458,0,0.16888592,0.07261478,0,0.12636211
29459,0,0.16888592,0.18979604,1,0.17931470
29466,0,0.16888592,0.11081162,0,0.15050329
29470,0,0.16888592,0.11081162,0,0.15050329
29478,0,0.16888592,0.07261478,0,0.12636211
29490,1,0.16888592,0.20433820,1,0.17744196
29493,0,0.16888592,0.21671430,1,0.16856925
29498,0,0.16888592,0.12830167,0,0.13032181
29504,0,0.16888592,0.03767352,0,0.11441970
29507,0,0.16888592,0.16551480,0,0.17239091
29512,1,0.16888592,0.18979604,1,0.17931470
29516,0,0.16888592,0.07261478,0,0.12636211
29517,0,0.16888592,0.25803790,1,0.19200181
29529,0,0.16888592,0.20791272,1,0.19184901
29531,0,0.16888592,0.10544505,0,0.17414205
29532,0,0.16888592,0.16551480,0,0.17239091
29548,0,0.16888592,0.12830167,0,0.13032181
29552,0,0.16888592,0.05918501,0,0.14948446
29553,0,0.16888592,0.04922213,0,0.14915553
29554,0,0.16888592,0.18979604,1,0.17931470
29558,0,0.16888592,0.11081162,0,0.15050329
29559,0,0.16888592,0.15213287,0,0.16947348
29564,0,0.16888592,0.16551480,0,0.17239091
29573,0,0.16888592,0.11081162,0,0.15050329
29579,0,0.16888592,0.18953304,1,0.18284755
29580,1,0.16888592,0.16527858,0,0.17592375
29584,0,0.16888592,0.07261478,0,0.12636211
29587,1,0.16888592,0.16551480,0,0.17239091
29588,0,0.16888592,0.16527858,0,0.17592375
29594,0,0.16888592,0.18979604,1,0.17931470
29598,1,0.16888592,0.28085636,1,0.18897376
29601,0,0.16888592,0.13871924,0,0.17839647
29607,0,0.16888592,0.11081162,0,0.15050329
29610,0,0.16888592,0.16551480,0,0.17239091
29616,0,0.16888592,0.18979604,1,0.17931470
29625,0,0.16888592,0.24846453,1,0.18436576
29629,1,0.16888592,0.16736438,0,0.15795785
29632,0,0.16888592,0.10176637,0,0.15434772
29640,0,0.16888592,0.21693128,1,0.18661483
29642,0,0.16888592,0.18979604,1,0.17931470
29651,0,0.16888592,0.15277146,0,0.17589957
29654,1,0.16888592,0.15840096,0,0.15480445
29662,0,0.16888592,0.13791186,0,0.15691936
29668,0,0.16888592,0.32469937,1,0.27271631
29679,0,0.16888592,0.20208658,1,0.18436576
29697,0,0.16888592,0.07261478,0,0.12636211
29698,0,0.16888592,0.11081162,0,0.15050329
29705,0,0.16888592,0.18979604,1,0.17931470
29709,0,0.16888592,0.12743901,0,0.18247137
29718,0,0.16888592,0.17039728,0,0.14697583
29728,0,0.16888592,0.11407449,0,0.16254156
29729,0,0.16888592,0.00576675,0,0.05462914
29730,0,0.16888592,0.18979604,1,0.17931470
29732,0,0.16888592,0.10176637,0,0.15434772
29743,1,0.16888592,0.13807570,0,0.14780449
29746,0,0.16888592,0.18979604,1,0.17931470
29750,0,0.16888592,0.12604823,0,0.14283077
29751,0,0.16888592,0.18979604,1,0.17931470
29756,0,0.16888592,0.23105796,1,0.17655670
29764,0,0.16888592,0.13969950,0,0.16601128
29774,0,0.16888592,0.11622386,0,0.16725512
29781,0,0.16888592,0.14814401,0,0.16239025
29783,0,0.16888592,0.11081162,0,0.15050329
29784,0,0.16888592,0.09614556,0,0.13830772
29793,0,0.16888592,0.11969287,0,0.17854355
29794,0,0.16888592,0.16551480,0,0.17239091
29797,0,0.16888592,0.09341404,0,0.13364414
29806,0,0.16888592,0.13289100,0,0.17823715
29807,0,0.16888592,0.11081162,0,0.15050329
29813,0,0.16888592,0.16551480,0,0.17239091
29814,1,0.16888592,0.58043639,1,0.38763497
29833,0,0.16888592,0.12743901,0,0.18247137
29834,0,0.16888592,0.18979604,1,0.17931470
29843,0,0.16888592,0.18207279,1,0.17744196
29851,1,0.16888592,0.18979604,1,0.17931470
29852,0,0.16888592,0.16551480,0,0.17239091
29860,0,0.16888592,0.13461197,0,0.17963258
29864,1,0.16888592,0.27315192,1,0.18712075
29872,0,0.16888592,0.18979604,1,0.17931470
29879,0,0.16888592,0.07862229,0,0.18475208
29883,0,0.16888592,0.07873377,0,0.16244392
29892,1,0.16888592,0.18979604,1,0.17931470
29904,0,0.16888592,0.07127590,0,0.13406713
29909,0,0.16888592,0.11081162,0,0.15050329
29929,0,0.16888592,0.09994142,0,0.15571781
29938,0,0.16888592,0.21671430,1,0.16856925
29940,0,0.16888592,0.16551480,0,0.17239091
29945,0,0.16888592,0.07261478,0,0.12636211
29946,1,0.16888592,0.23257793,1,0.18436576
29949,0,0.16888592,0.16527858,0,0.17592375
29952,0,0.16888592,0.18979604,1,0.17931470
29953,0,0.16888592,0.12279899,0,0.14210612
29970,0,0.16888592,0.18979604,1,0.17931470
29972,0,0.16888592,0.20084730,1,0.17744196
29973,0,0.16888592,0.09842971,0,0.17913389
29981,0,0.16888592,0.12830167,0,0.13032181
29987,0,0.16888592,0.28964445,1,0.18695301
29992,0,0.16888592,0.16551480,0,0.17239091
29995,0,0.16888592,0.11081162,0,0.15050329
29997,0,0.16888592,0.11081162,0,0.15050329
29999,0,0.16888592,0.08289463,0,0.15368489
30001,0,0.16888592,0.18979604,1,0.17931470
30002,0,0.16888592,0.16551480,0,0.17239091
30004,0,0.16888592,0.12808354,0,0.17568403
30005,0,0.16888592,0.11081162,0,0.15050329
30006,0,0.16888592,0.13848938,0,0.18755737
30009,0,0.16888592,0.11254991,0,0.14912537
30014,0,0.16888592,0.10778290,0,0.17123275
30021,0,0.16888592,0.21671430,1,0.16856925
30022,0,0.16888592,0.14782600,0,0.17394405
30043,0,0.16888592,0.12830167,0,0.13032181
30048,0,0.16888592,0.11081162,0,0.15050329
30049,0,0.16888592,0.07261478,0,0.12636211
30052,0,0.16888592,0.12620719,0,0.16694017
30058,1,0.16888592,0.14814401,0,0.16239025
30068,0,0.16888592,0.11081162,0,0.15050329
30069,0,0.16888592,0.16551480,0,0.17239091
30077,0,0.16888592,0.18979604,1,0.17931470
30078,0,0.16888592,0.11064312,0,0.15404680
30079,0,0.16888592,0.11064312,0,0.15404680
30085,0,0.16888592,0.18979604,1,0.17931470
30095,0,0.16888592,0.03840736,0,0.13548402
30100,0,0.16888592,0.17381891,0,0.17145025
30103,0,0.16888592,0.21671430,1,0.16856925
30104,1,0.16888592,0.18979604,1,0.17931470
30106,0,0.16888592,0.18979604,1,0.17931470
30117,1,0.16888592,0.13216807,0,0.13704200
30123,0,0.16888592,0.11081162,0,0.15050329
30127,0,0.16888592,0.12757186,0,0.18436792
30132,0,0.16888592,0.18979604,1,0.17931470
30136,0,0.16888592,0.07127590,0,0.13406713
30137,0,0.16888592,0.16551480,0,0.17239091
30158,1,0.16888592,0.25172885,1,0.22238518
30159,0,0.16888592,0.22733223,1,0.18143330
30164,1,0.16888592,0.18979604,1,0.17931470
30166,0,0.16888592,0.16426244,0,0.16175214
30167,1,0.16888592,0.11064312,0,0.15404680
30169,0,0.16888592,0.16551480,0,0.17239091
30172,0,0.16888592,0.18788864,1,0.17476063
30174,1,0.16888592,0.14711925,0,0.18827777
30182,0,0.16888592,0.07261478,0,0.12636211
30188,0,0.16888592,0.16527858,0,0.17592375
30196,0,0.16888592,0.11752726,0,0.17814820
30206,1,0.16888592,0.28311207,1,0.18674417
30213,0,0.16888592,0.18979604,1,0.17931470
30218,0,0.16888592,0.07261478,0,0.12636211
30220,0,0.16888592,0.18953304,1,0.18284755
30224,1,0.16888592,0.12746142,0,0.17977351
30226,0,0.16888592,0.11064312,0,0.15404680
30232,0,0.16888592,0.11064312,0,0.15404680
30234,0,0.16888592,0.11081162,0,0.15050329
30238,0,0.16888592,0.12943593,0,0.16883544
30240,0,0.16888592,0.21671430,1,0.16856925
30244,0,0.16888592,0.13372219,0,0.16550102
30252,0,0.16888592,0.11081162,0,0.15050329
30253,1,0.16888592,0.11064312,0,0.15404680
30256,0,0.16888592,0.11081162,0,0.15050329
30263,1,0.16888592,0.21671430,1,0.16856925
30266,1,0.16888592,0.14814401,0,0.16239025
30268,0,0.16888592,0.18979604,1,0.17931470
30271,0,0.16888592,0.21671430,1,0.16856925
30291,0,0.16888592,0.25659390,1,0.20818714
30298,0,0.16888592,0.12830167,0,0.13032181
30302,0,0.16888592,0.23653954,1,0.17695946
30307,0,0.16888592,0.21678357,1,0.18154393
30308,1,0.16888592,0.10176637,0,0.15434772
30313,0,0.16888592,0.16551480,0,0.17239091
30319,0,0.16888592,0.18979604,1,0.17931470
30320,1,0.16888592,0.16551480,0,0.17239091
30321,0,0.16888592,0.14261595,0,0.18051819
30325,0,0.16888592,0.09448543,0,0.15269593
30338,0,0.16888592,0.25010781,1,0.18436576
30355,1,0.16888592,0.21678357,1,0.18154393
30365,0,0.16888592,0.07249963,0,0.13120452
30366,0,0.16888592,0.26674201,1,0.18668726
30375,1,0.16888592,0.11255846,0,0.17705618
30378,0,0.16888592,0.39287480,1,0.21732512
30383,0,0.16888592,0.44172705,1,0.24829060
30384,0,0.16888592,0.02990800,0,0.11322318
30398,0,0.16888592,0.10822036,0,0.16240637
30399,0,0.16888592,0.11081162,0,0.15050329
30400,0,0.16888592,0.18979604,1,0.17931470
30409,0,0.16888592,0.12830167,0,0.13032181
30411,0,0.16888592,0.01625293,0,0.10645845
30419,0,0.16888592,0.18979604,1,0.17931470
30423,0,0.16888592,0.11081162,0,0.15050329
30425,0,0.16888592,0.16551480,0,0.17239091
30427,0,0.16888592,0.16527858,0,0.17592375
30432,1,0.16888592,0.28959962,1,0.21863884
30439,1,0.16888592,0.11081162,0,0.15050329
30448,0,0.16888592,0.23434376,1,0.19473268
30451,0,0.16888592,0.16551480,0,0.17239091
30454,1,0.16888592,0.18979604,1,0.17931470
30464,0,0.16888592,0.29027279,1,0.18591182
30469,0,0.16888592,0.12830167,0,0.13032181
30470,0,0.16888592,0.18979604,1,0.17931470
30474,0,0.16888592,0.15277146,0,0.17589957
30475,0,0.16888592,0.08414446,0,0.16140763
30478,0,0.16888592,0.21671430,1,0.16856925
30482,0,0.16888592,0.14271169,0,0.15571781
30491,0,0.16888592,0.18979604,1,0.17931470
30492,0,0.16888592,0.10574725,0,0.17870854
30493,1,0.16888592,0.16551480,0,0.17239091
30496,0,0.16888592,0.16551480,0,0.17239091
30503,0,0.16888592,0.11081162,0,0.15050329
30512,0,0.16888592,0.30855940,1,0.17838266
30529,1,0.16888592,0.26489788,1,0.19512707
30531,0,0.16888592,0.11081162,0,0.15050329
30532,0,0.16888592,0.13599349,0,0.15571781
30534,0,0.16888592,0.16551480,0,0.17239091
30536,0,0.16888592,0.24289473,1,0.17394405
30537,0,0.16888592,0.10127010,0,0.15215473
30555,1,0.16888592,0.18979604,1,0.17931470
30556,0,0.16888592,0.18979604,1,0.17931470
30568,0,0.16888592,0.12830167,0,0.13032181
30569,1,0.16888592,0.12830167,0,0.13032181
30570,1,0.16888592,0.18979604,1,0.17931470
30573,0,0.16888592,0.11081162,0,0.15050329
30574,0,0.16888592,0.16551480,0,0.17239091
30577,0,0.16888592,0.16551480,0,0.17239091
30581,0,0.16888592,0.08170289,0,0.15974580
30582,0,0.16888592,0.18979604,1,0.17931470
30586,0,0.16888592,0.16527858,0,0.17592375
30602,0,0.16888592,0.12830167,0,0.13032181
30606,1,0.16888592,0.12885153,0,0.18137723
30609,1,0.16888592,0.16527858,0,0.17592375
30610,0,0.16888592,0.11081162,0,0.15050329
30615,0,0.16888592,0.21619665,1,0.18600307
30619,0,0.16888592,0.18979604,1,0.17931470
30625,0,0.16888592,0.11081162,0,0.15050329
30627,0,0.16888592,0.15378753,0,0.17546643
30630,1,0.16888592,0.21870369,1,0.17744196
30631,0,0.16888592,0.06773351,0,0.15052215
30633,0,0.16888592,0.16551480,0,0.17239091
30636,0,0.16888592,0.16551480,0,0.17239091
30638,0,0.16888592,0.12830167,0,0.13032181
30639,0,0.16888592,0.39677825,1,0.22427308
30647,0,0.16888592,0.16314508,0,0.18759882
30652,0,0.16888592,0.18979604,1,0.17931470
30655,0,0.16888592,0.12830167,0,0.13032181
30657,0,0.16888592,0.18495228,1,0.18502951
30660,1,0.16888592,0.10359083,0,0.18182153
30664,0,0.16888592,0.04858199,0,0.15108807
30668,0,0.16888592,0.12908712,0,0.13704200
30669,0,0.16888592,0.11081162,0,0.15050329
30679,0,0.16888592,0.11081162,0,0.15050329
30680,1,0.16888592,0.16551480,0,0.17239091
30683,0,0.16888592,0.11081162,0,0.15050329
30686,0,0.16888592,0.12255204,0,0.13527794
30693,0,0.16888592,0.34873594,1,0.24801210
30715,0,0.16888592,0.11081162,0,0.15050329
30723,0,0.16888592,0.07261478,0,0.12636211
30728,0,0.16888592,0.21678357,1,0.18154393
30730,0,0.16888592,0.16551480,0,0.17239091
30732,0,0.16888592,0.16527858,0,0.17592375
30737,0,0.16888592,0.18979604,1,0.17931470
30738,0,0.16888592,0.13969950,0,0.16601128
30739,0,0.16888592,0.07261478,0,0.12636211
30741,0,0.16888592,0.10924948,0,0.18595694
30743,0,0.16888592,0.14814401,0,0.16239025
30749,0,0.16888592,0.07261478,0,0.12636211
30751,0,0.16888592,0.18100954,1,0.18220648
30752,0,0.16888592,0.22883881,1,0.17744196
30755,0,0.16888592,0.15700230,0,0.13649766
30757,0,0.16888592,0.12957340,0,0.15203530
30772,0,0.16888592,0.11081162,0,0.15050329
30783,0,0.16888592,0.23544784,1,0.17655670
30784,0,0.16888592,0.16551480,0,0.17239091
30785,0,0.16888592,0.14996237,0,0.16142797
30795,0,0.16888592,0.09260775,0,0.15499030
30797,0,0.16888592,0.14088956,0,0.15471211
30803,1,0.16888592,0.16551480,0,0.17239091
30804,0,0.16888592,0.12830167,0,0.13032181
30807,0,0.16888592,0.07261478,0,0.12636211
30814,0,0.16888592,0.11064312,0,0.15404680
30816,0,0.16888592,0.18979604,1,0.17931470
30820,1,0.16888592,0.18979604,1,0.17931470
30822,0,0.16888592,0.10328093,0,0.16935801
30826,0,0.16888592,0.11081162,0,0.15050329
30838,0,0.16888592,0.11081162,0,0.15050329
30840,0,0.16888592,0.11081162,0,0.15050329
30851,0,0.16888592,0.18979604,1,0.17931470
30861,0,0.16888592,0.12830167,0,0.13032181
30862,0,0.16888592,0.18979604,1,0.17931470
30865,0,0.16888592,0.08845339,0,0.17929687
30866,0,0.16888592,0.21642397,1,0.17503848
30867,0,0.16888592,0.18979604,1,0.17931470
30869,0,0.16888592,0.12830167,0,0.13032181
30873,0,0.16888592,0.11081162,0,0.15050329
30879,1,0.16888592,0.20884941,1,0.17823715
30882,0,0.16888592,0.16661210,0,0.15847281
30886,1,0.16888592,0.35847268,1,0.28638003
30887,0,0.16888592,0.21642397,1,0.17503848
30890,0,0.16888592,0.16527858,0,0.17592375
30894,1,0.16888592,0.06273327,0,0.16399823
30902,1,0.16888592,0.21671430,1,0.16856925
30905,0,0.16888592,0.16551480,0,0.17239091
30906,1,0.16888592,0.21083086,1,0.17653655
30913,0,0.16888592,0.14984956,0,0.19128121
30917,0,0.16888592,0.22737798,1,0.17744196
30918,0,0.16888592,0.21671430,1,0.16856925
30920,0,0.16888592,0.14253814,0,0.16161856
30922,0,0.16888592,0.10176637,0,0.15434772
30923,1,0.16888592,0.14226570,0,0.15715989
30925,0,0.16888592,0.16313830,0,0.17744196
30943,1,0.16888592,0.18979604,1,0.17931470
30957,0,0.16888592,0.18979604,1,0.17931470
30966,0,0.16888592,0.18979604,1,0.17931470
30990,0,0.16888592,0.17657565,1,0.17744196
31003,0,0.16888592,0.20133341,1,0.18268504
31004,0,0.16888592,0.29292764,1,0.19986879
31005,0,0.16888592,0.16527858,0,0.17592375
31011,0,0.16888592,0.14570287,0,0.15274717
31026,0,0.16888592,0.16527858,0,0.17592375
31031,0,0.16888592,0.44172705,1,0.24829060
31039,1,0.16888592,0.12830167,0,0.13032181
31041,0,0.16888592,0.17557658,1,0.18267720
31045,0,0.16888592,0.11081162,0,0.15050329
31049,0,0.16888592,0.12830167,0,0.13032181
31051,0,0.16888592,0.18979604,1,0.17931470
31052,0,0.16888592,0.16551480,0,0.17239091
31054,0,0.16888592,0.11081162,0,0.15050329
31064,0,0.16888592,0.17794145,1,0.16714688
31065,0,0.16888592,0.11081162,0,0.15050329
31066,0,0.16888592,0.18979604,1,0.17931470
31068,1,0.16888592,0.12830167,0,0.13032181
31073,0,0.16888592,0.27854854,1,0.18108455
31075,0,0.16888592,0.06968224,0,0.15715989
31091,0,0.16888592,0.18979604,1,0.17931470
31094,0,0.16888592,0.27586448,1,0.19287224
31095,0,0.16888592,0.18489773,1,0.17744196
31098,0,0.16888592,0.12908712,0,0.13704200
31101,1,0.16888592,0.16551480,0,0.17239091
31110,0,0.16888592,0.18979604,1,0.17931470
31113,0,0.16888592,0.12830167,0,0.13032181
31114,0,0.16888592,0.18953304,1,0.18284755
31122,0,0.16888592,0.12830167,0,0.13032181
31126,0,0.16888592,0.16395800,0,0.15695549
31129,0,0.16888592,0.11081162,0,0.15050329
31133,0,0.16888592,0.16551480,0,0.17239091
31135,0,0.16888592,0.07261478,0,0.12636211
31139,0,0.16888592,0.18979604,1,0.17931470
31140,0,0.16888592,0.07261478,0,0.12636211
31146,1,0.16888592,0.16488381,0,0.18681156
31147,0,0.16888592,0.00533437,0,0.05751326
31148,0,0.16888592,0.09657931,0,0.17793078
31150,0,0.16888592,0.17295257,0,0.16548268
31154,0,0.16888592,0.29806548,1,0.19947784
31156,1,0.16888592,0.11081162,0,0.15050329
31158,1,0.16888592,0.24706077,1,0.19572553
31161,0,0.16888592,0.18979604,1,0.17931470
31165,0,0.16888592,0.07642648,0,0.15528448
31169,0,0.16888592,0.18979604,1,0.17931470
31185,0,0.16888592,0.16551480,0,0.17239091
31186,0,0.16888592,0.26224698,1,0.20981507
31187,0,0.16888592,0.10125100,0,0.17698200
31189,0,0.16888592,0.16084151,0,0.15435755
31190,0,0.16888592,0.12830167,0,0.13032181
31193,0,0.16888592,0.10176637,0,0.15434772
31200,0,0.16888592,0.12637858,0,0.13500207
31202,0,0.16888592,0.11801825,0,0.13885794
31203,0,0.16888592,0.10176637,0,0.15434772
31210,0,0.16888592,0.51208144,1,0.30549469
31214,0,0.16888592,0.16527858,0,0.17592375
31224,1,0.16888592,0.18979604,1,0.17931470
31228,0,0.16888592,0.18979604,1,0.17931470
31232,0,0.16888592,0.04411353,0,0.16130356
31254,0,0.16888592,0.11081162,0,0.15050329
31256,0,0.16888592,0.14570287,0,0.15274717
31257,0,0.16888592,0.22039371,1,0.14820196
31258,0,0.16888592,0.16551480,0,0.17239091
31260,0,0.16888592,0.11081162,0,0.15050329
31274,0,0.16888592,0.11081162,0,0.15050329
31283,0,0.16888592,0.11081162,0,0.15050329
31295,1,0.16888592,0.11064312,0,0.15404680
31299,0,0.16888592,0.16551480,0,0.17239091
31304,0,0.16888592,0.26978617,1,0.18876052
31305,0,0.16888592,0.18979604,1,0.17931470
31306,0,0.16888592,0.06126163,0,0.18600631
31309,0,0.16888592,0.11081162,0,0.15050329
31315,0,0.16888592,0.21671430,1,0.16856925
31316,1,0.16888592,0.18979604,1,0.17931470
31325,0,0.16888592,0.16527858,0,0.17592375
31331,0,0.16888592,0.18059095,1,0.16694017
31333,0,0.16888592,0.12830167,0,0.13032181
31337,0,0.16888592,0.11081162,0,0.15050329
31340,0,0.16888592,0.27728626,1,0.18531692
31352,0,0.16888592,0.07261478,0,0.12636211
31354,1,0.16888592,0.26707610,1,0.18513808
31358,0,0.16888592,0.11161281,0,0.17988924
31359,0,0.16888592,0.17572744,1,0.14372379
31365,0,0.16888592,0.26374059,1,0.19203187
31367,0,0.16888592,0.23378096,1,0.19104729
31369,0,0.16888592,0.03012018,0,0.13124347
31370,0,0.16888592,0.16551480,0,0.17239091
31374,0,0.16888592,0.18979604,1,0.17931470
31379,0,0.16888592,0.16527858,0,0.17592375
31391,0,0.16888592,0.16527858,0,0.17592375
31397,0,0.16888592,0.21671430,1,0.16856925
31399,0,0.16888592,0.11873698,0,0.15518989
31400,1,0.16888592,0.55544332,1,0.29883925
31402,0,0.16888592,0.11064312,0,0.15404680
31405,1,0.16888592,0.27133816,1,0.16935801
31411,0,0.16888592,0.18979604,1,0.17931470
31419,0,0.16888592,0.18979604,1,0.17931470
31428,0,0.16888592,0.23787858,1,0.18388712
31432,1,0.16888592,0.51208144,1,0.30549469
31437,0,0.16888592,0.22883881,1,0.17744196
31453,0,0.16888592,0.16951124,0,0.15196249
31455,1,0.16888592,0.18979604,1,0.17931470
31464,0,0.16888592,0.18979604,1,0.17931470
31465,0,0.16888592,0.16527858,0,0.17592375
31466,0,0.16888592,0.21671430,1,0.16856925
31471,0,0.16888592,0.06779184,0,0.16561027
31474,0,0.16888592,0.12620095,0,0.17116599
31479,0,0.16888592,0.16527858,0,0.17592375
31481,0,0.16888592,0.16551480,0,0.17239091
31488,0,0.16888592,0.18953304,1,0.18284755
31495,1,0.16888592,0.18979604,1,0.17931470
31497,0,0.16888592,0.07261478,0,0.12636211
31498,0,0.16888592,0.11081162,0,0.15050329
31499,0,0.16888592,0.04037862,0,0.12778840
31504,0,0.16888592,0.18979604,1,0.17931470
31505,1,0.16888592,0.19792979,1,0.15914478
31506,0,0.16888592,0.24237550,1,0.17963967
31508,0,0.16888592,0.17932686,1,0.16562097
31516,1,0.16888592,0.20698462,1,0.18010650
31518,0,0.16888592,0.03594990,0,0.13272274
31520,0,0.16888592,0.25010781,1,0.18436576
31524,0,0.16888592,0.10499623,0,0.15081663
31529,0,0.16888592,0.11081162,0,0.15050329
31532,0,0.16888592,0.20873938,1,0.18571209
31535,0,0.16888592,0.21671430,1,0.16856925
31537,0,0.16888592,0.25968128,1,0.19011176
31539,1,0.16888592,0.18953304,1,0.18284755
31541,0,0.16888592,0.21671430,1,0.16856925
31554,0,0.16888592,0.18574360,1,0.18883945
31555,1,0.16888592,0.07261478,0,0.12636211
31556,0,0.16888592,0.18979604,1,0.17931470
31558,1,0.16888592,0.23999769,1,0.20354153
31559,0,0.16888592,0.11081162,0,0.15050329
31560,0,0.16888592,0.21671430,1,0.16856925
31573,1,0.16888592,0.18979604,1,0.17931470
31576,0,0.16888592,0.07803459,0,0.14709818
31580,0,0.16888592,0.09160152,0,0.15231883
31581,0,0.16888592,0.15277146,0,0.17589957
31602,0,0.16888592,0.11081162,0,0.15050329
31604,0,0.16888592,0.18979604,1,0.17931470
31609,0,0.16888592,0.21671430,1,0.16856925
31611,0,0.16888592,0.06645442,0,0.13344003
31614,0,0.16888592,0.32106282,1,0.19620904
31615,0,0.16888592,0.16551480,0,0.17239091
31617,0,0.16888592,0.13799545,0,0.14912537
31620,0,0.16888592,0.15277146,0,0.17589957
31622,0,0.16888592,0.15047989,0,0.18118169
31623,0,0.16888592,0.11081162,0,0.15050329
31628,0,0.16888592,0.14253814,0,0.16161856
31631,1,0.16888592,0.30053538,1,0.18810455
31636,0,0.16888592,0.20536973,1,0.17660554
31643,0,0.16888592,0.11064312,0,0.15404680
31650,0,0.16888592,0.13287606,0,0.15551076
31651,0,0.16888592,0.16551480,0,0.17239091
31661,0,0.16888592,0.18979604,1,0.17931470
31662,0,0.16888592,0.21671430,1,0.16856925
31666,0,0.16888592,0.21671430,1,0.16856925
31670,0,0.16888592,0.07249963,0,0.13120452
31672,0,0.16888592,0.18979604,1,0.17931470
31676,0,0.16888592,0.11064312,0,0.15404680
31684,1,0.16888592,0.25354473,1,0.19049139
31687,0,0.16888592,0.11081162,0,0.15050329
31689,0,0.16888592,0.18979604,1,0.17931470
31690,0,0.16888592,0.11081162,0,0.15050329
31692,0,0.16888592,0.15047989,0,0.18118169
31693,1,0.16888592,0.18979604,1,0.17931470
31694,0,0.16888592,0.09713956,0,0.16665834
31695,0,0.16888592,0.19510081,1,0.18436576
31696,0,0.16888592,0.10161277,0,0.16720653
31698,0,0.16888592,0.18979604,1,0.17931470
31701,0,0.16888592,0.20208658,1,0.18436576
31704,1,0.16888592,0.18979604,1,0.17931470
31710,0,0.16888592,0.11081162,0,0.15050329
31712,0,0.16888592,0.05820935,0,0.15119660
31715,0,0.16888592,0.26029255,1,0.18155879
31717,0,0.16888592,0.18979604,1,0.17931470
31723,1,0.16888592,0.24838205,1,0.20439526
31727,0,0.16888592,0.07261478,0,0.12636211
31728,1,0.16888592,0.87456676,1,0.67213027
31733,0,0.16888592,0.18979604,1,0.17931470
31737,0,0.16888592,0.20921826,1,0.18164249
31741,0,0.16888592,0.17557658,1,0.18267720
31747,0,0.16888592,0.16551480,0,0.17239091
31751,0,0.16888592,0.28311028,1,0.18916850
31753,0,0.16888592,0.11064312,0,0.15404680
31754,0,0.16888592,0.19185457,1,0.14112757
31755,0,0.16888592,0.21671430,1,0.16856925
31756,0,0.16888592,0.19606976,1,0.17744196
31765,0,0.16888592,0.25659390,1,0.20818714
31773,0,0.16888592,0.03161961,0,0.15776105
31775,0,0.16888592,0.18979604,1,0.17931470
31777,1,0.16888592,0.16426244,0,0.16175214
31801,0,0.16888592,0.11081162,0,0.15050329
31804,0,0.16888592,0.16527858,0,0.17592375
31811,0,0.16888592,0.18979604,1,0.17931470
31817,0,0.16888592,0.16551480,0,0.17239091
31822,0,0.16888592,0.21671430,1,0.16856925
31825,1,0.16888592,0.18979604,1,0.17931470
31826,0,0.16888592,0.23808167,1,0.18856628
31831,0,0.16888592,0.18979604,1,0.17931470
31833,0,0.16888592,0.22020780,1,0.17664921
31834,0,0.16888592,0.18979604,1,0.17931470
31836,1,0.16888592,0.14171686,0,0.18321013
31845,0,0.16888592,0.24636552,1,0.18735033
31851,0,0.16888592,0.10666264,0,0.17024287
31855,0,0.16888592,0.48258868,1,0.37630465
31864,1,0.16888592,0.16551480,0,0.17239091
31876,0,0.16888592,0.21671430,1,0.16856925
31877,0,0.16888592,0.06540243,0,0.14448781
31880,0,0.16888592,0.18979604,1,0.17931470
31891,0,0.16888592,0.10186047,0,0.13644379
31907,0,0.16888592,0.13209180,0,0.13704200
31918,0,0.16888592,0.16527858,0,0.17592375
31921,0,0.16888592,0.25010781,1,0.18436576
31926,1,0.16888592,0.87456676,1,0.67213027
31936,0,0.16888592,0.23563171,1,0.18703030
31942,0,0.16888592,0.21671430,1,0.16856925
31943,0,0.16888592,0.16551480,0,0.17239091
31946,0,0.16888592,0.11081162,0,0.15050329
31950,1,0.16888592,0.28010570,1,0.18713048
31958,0,0.16888592,0.13041884,0,0.17425789
31959,0,0.16888592,0.16551480,0,0.17239091
31962,0,0.16888592,0.18979604,1,0.17931470
31970,0,0.16888592,0.07261478,0,0.12636211
31978,0,0.16888592,0.12255204,0,0.13527794
31988,0,0.16888592,0.11081162,0,0.15050329
31992,0,0.16888592,0.22737798,1,0.17744196
31994,0,0.16888592,0.15171096,0,0.17970732
31999,0,0.16888592,0.15290637,0,0.15688657
32002,0,0.16888592,0.16551480,0,0.17239091
32004,0,0.16888592,0.11081162,0,0.15050329
32007,1,0.16888592,0.21671430,1,0.16856925
32009,0,0.16888592,0.13621114,0,0.15673293
32017,0,0.16888592,0.08414446,0,0.16140763
32019,0,0.16888592,0.16551480,0,0.17239091
32024,0,0.16888592,0.21678357,1,0.18154393
32032,0,0.16888592,0.20921826,1,0.18164249
32043,0,0.16888592,0.23828117,1,0.18256309
32054,1,0.16888592,0.26956963,1,0.18039224
32066,1,0.16888592,0.44300708,1,0.22891258
32067,1,0.16888592,0.18979604,1,0.17931470
32068,0,0.16888592,0.18979604,1,0.17931470
32069,0,0.16888592,0.05747927,0,0.12451631
32071,0,0.16888592,0.16551480,0,0.17239091
32076,1,0.16888592,0.26978617,1,0.18876052
32079,0,0.16888592,0.58043639,1,0.38763497
32102,0,0.16888592,0.14782600,0,0.17394405
32107,0,0.16888592,0.15277146,0,0.17589957
32112,1,0.16888592,0.07645207,0,0.14778762
32124,0,0.16888592,0.21678357,1,0.18154393
32128,0,0.16888592,0.11081162,0,0.15050329
32131,0,0.16888592,0.08029280,0,0.13161853
32144,0,0.16888592,0.16551480,0,0.17239091
32145,0,0.16888592,0.14814401,0,0.16239025
32146,0,0.16888592,0.16551480,0,0.17239091
32148,0,0.16888592,0.11081162,0,0.15050329
32163,0,0.16888592,0.07780512,0,0.14660845
32166,1,0.16888592,0.18979604,1,0.17931470
32172,0,0.16888592,0.21671430,1,0.16856925
32177,0,0.16888592,0.42965678,1,0.25898193
32180,1,0.16888592,0.23134346,1,0.20332299
32184,0,0.16888592,0.12830167,0,0.13032181
32185,0,0.16888592,0.28591443,1,0.18459375
32192,0,0.16888592,0.14397885,0,0.18155879
32197,0,0.16888592,0.07261478,0,0.12636211
32199,1,0.16888592,0.18979604,1,0.17931470
32209,0,0.16888592,0.16551480,0,0.17239091
32212,0,0.16888592,0.16551480,0,0.17239091
32218,0,0.16888592,0.03840736,0,0.13548402
32221,0,0.16888592,0.11081162,0,0.15050329
32226,0,0.16888592,0.05654336,0,0.14733456
32239,0,0.16888592,0.23740652,1,0.20623931
32240,0,0.16888592,0.07117546,0,0.14660845
32243,1,0.16888592,0.30530825,1,0.21903201
32250,0,0.16888592,0.21678357,1,0.18154393
32252,0,0.16888592,0.26674201,1,0.18668726
32255,0,0.16888592,0.21671430,1,0.16856925
32263,0,0.16888592,0.07261478,0,0.12636211
32266,0,0.16888592,0.16551480,0,0.17239091
32268,0,0.16888592,0.10593278,0,0.18021765
32269,1,0.16888592,0.18979604,1,0.17931470
32278,0,0.16888592,0.07261478,0,0.12636211
32279,0,0.16888592,0.14253814,0,0.16161856
32280,0,0.16888592,0.18979604,1,0.17931470
32281,0,0.16888592,0.11081162,0,0.15050329
32286,0,0.16888592,0.13871924,0,0.17839647
32287,1,0.16888592,0.21671430,1,0.16856925
32294,1,0.16888592,0.16551480,0,0.17239091
32298,0,0.16888592,0.11081162,0,0.15050329
32308,0,0.16888592,0.14253814,0,0.16161856
32326,0,0.16888592,0.03548845,0,0.12818926
32328,0,0.16888592,0.21671430,1,0.16856925
32332,0,0.16888592,0.13256415,0,0.14762405
32340,0,0.16888592,0.16527858,0,0.17592375
32341,0,0.16888592,0.07261478,0,0.12636211
32346,0,0.16888592,0.18979604,1,0.17931470
32360,1,0.16888592,0.19313111,1,0.16759624
32378,0,0.16888592,0.21311287,1,0.17970732
32379,0,0.16888592,0.17028355,0,0.17939016
32385,0,0.16888592,0.16551480,0,0.17239091
32390,0,0.16888592,0.16527858,0,0.17592375
32397,0,0.16888592,0.16551480,0,0.17239091
32402,0,0.16888592,0.08788104,0,0.14660845
32406,0,0.16888592,0.18979604,1,0.17931470
32409,0,0.16888592,0.16449349,0,0.16100028
32413,0,0.16888592,0.16527858,0,0.17592375
32426,0,0.16888592,0.03184720,0,0.15366717
32428,1,0.16888592,0.18949609,1,0.19801856
32432,0,0.16888592,0.21671430,1,0.16856925
32442,0,0.16888592,0.14957227,0,0.15210532
32444,1,0.16888592,0.16551480,0,0.17239091
32445,1,0.16888592,0.26707610,1,0.18513808
32448,0,0.16888592,0.11081162,0,0.15050329
32454,1,0.16888592,0.16551480,0,0.17239091
32461,0,0.16888592,0.11064312,0,0.15404680
32473,0,0.16888592,0.12830167,0,0.13032181
32482,0,0.16888592,0.26445409,1,0.19350474
32485,0,0.16888592,0.21671430,1,0.16856925
32502,1,0.16888592,0.12830167,0,0.13032181
32507,0,0.16888592,0.04797226,0,0.13407615
32509,0,0.16888592,0.11081162,0,0.15050329
32510,0,0.16888592,0.06561077,0,0.15024266
32519,0,0.16888592,0.21671430,1,0.16856925
32522,0,0.16888592,0.50722637,1,0.36585466
32530,0,0.16888592,0.24636552,1,0.18735033
32536,0,0.16888592,0.11081162,0,0.15050329
32538,1,0.16888592,0.13528847,0,0.15323385
32542,1,0.16888592,0.74742382,1,0.48454945
32545,1,0.16888592,0.12830167,0,0.13032181
32546,0,0.16888592,0.12830167,0,0.13032181
32547,0,0.16888592,0.12743901,0,0.18247137
32550,0,0.16888592,0.13287606,0,0.15551076
32553,1,0.16888592,0.28380808,1,0.19391986
32555,1,0.16888592,0.14248959,0,0.18544661
32558,0,0.16888592,0.09828050,0,0.15177602
32560,0,0.16888592,0.23134346,1,0.20332299
32567,0,0.16888592,0.09903323,0,0.15561390
32570,0,0.16888592,0.07261478,0,0.12636211
32572,0,0.16888592,0.11081162,0,0.15050329
32573,0,0.16888592,0.20499798,1,0.17251613
32574,0,0.16888592,0.18316392,1,0.18780382
32577,1,0.16888592,0.27011767,1,0.18775725
32581,0,0.16888592,0.04411353,0,0.16130356
32582,0,0.16888592,0.16551480,0,0.17239091
32590,0,0.16888592,0.21671430,1,0.16856925
32600,0,0.16888592,0.27189006,1,0.18436576
32606,0,0.16888592,0.09453423,0,0.16035366
32608,0,0.16888592,0.12830167,0,0.13032181
32609,0,0.16888592,0.25010781,1,0.18436576
32613,0,0.16888592,0.18604883,1,0.16027107
32614,0,0.16888592,0.18979604,1,0.17931470
32618,0,0.16888592,0.12830167,0,0.13032181
32624,1,0.16888592,0.21678357,1,0.18154393
32631,0,0.16888592,0.22316208,1,0.18876116
32638,1,0.16888592,0.28010570,1,0.18713048
32646,0,0.16888592,0.16551480,0,0.17239091
32661,0,0.16888592,0.18979604,1,0.17931470
32667,0,0.16888592,0.18979604,1,0.17931470
32673,0,0.16888592,0.21671430,1,0.16856925
32677,0,0.16888592,0.18979604,1,0.17931470
32683,0,0.16888592,0.40101834,1,0.24344539
32687,0,0.16888592,0.29103980,1,0.17655670
32688,0,0.16888592,0.16551480,0,0.17239091
32689,0,0.16888592,0.11081162,0,0.15050329
32699,0,0.16888592,0.08097820,0,0.16947348
32706,0,0.16888592,0.16551480,0,0.17239091
32709,0,0.16888592,0.21671430,1,0.16856925
32713,0,0.16888592,0.18979604,1,0.17931470
32718,0,0.16888592,0.18979604,1,0.17931470
32719,1,0.16888592,0.23808167,1,0.18856628
32720,0,0.16888592,0.14507548,0,0.17205666
32728,0,0.16888592,0.13073053,0,0.14678184
32736,0,0.16888592,0.15776952,0,0.18298544
32737,0,0.16888592,0.07261478,0,0.12636211
32740,0,0.16888592,0.18979604,1,0.17931470
32741,0,0.16888592,0.36866084,1,0.20175777
32747,1,0.16888592,0.29148345,1,0.22891658
32753,0,0.16888592,0.18865878,1,0.13961566
32754,0,0.16888592,0.07261478,0,0.12636211
32759,0,0.16888592,0.16551480,0,0.17239091
32761,0,0.16888592,0.11081162,0,0.15050329
32766,1,0.16888592,0.21671430,1,0.16856925
32771,0,0.16888592,0.04047431,0,0.16262945
32781,1,0.16888592,0.11081162,0,0.15050329
32782,0,0.16888592,0.16551480,0,0.17239091
32784,1,0.16888592,0.18317773,1,0.17895204
32790,0,0.16888592,0.01445145,0,0.09170776
32794,0,0.16888592,0.14253814,0,0.16161856
32804,0,0.16888592,0.18979604,1,0.17931470
32814,0,0.16888592,0.18840144,1,0.14433260
32821,0,0.16888592,0.11081162,0,0.15050329
32835,1,0.16888592,0.11081162,0,0.15050329
32839,0,0.16888592,0.05782986,0,0.15843204
32840,0,0.16888592,0.18979604,1,0.17931470
32843,0,0.16888592,0.11081162,0,0.15050329
32853,0,0.16888592,0.38093985,1,0.19588990
32857,0,0.16888592,0.10390512,0,0.17570276
32858,1,0.16888592,0.23563171,1,0.18703030
32868,1,0.16888592,0.07261478,0,0.12636211
32875,0,0.16888592,0.18979604,1,0.17931470
32876,0,0.16888592,0.11081162,0,0.15050329
32892,1,0.16888592,0.18979604,1,0.17931470
32897,0,0.16888592,0.25302001,1,0.18155879
32898,0,0.16888592,0.18979604,1,0.17931470
32904,0,0.16888592,0.17557658,1,0.18267720
32909,1,0.16888592,0.10176637,0,0.15434772
32912,1,0.16888592,0.30052538,1,0.17655670
32923,0,0.16888592,0.20700003,1,0.18648743
32939,0,0.16888592,0.27422695,1,0.19098074
32952,1,0.16888592,0.23653954,1,0.17695946
32953,0,0.16888592,0.16527858,0,0.17592375
32954,1,0.16888592,0.18979604,1,0.17931470
32959,0,0.16888592,0.08248117,0,0.15199617
32966,1,0.16888592,0.14814401,0,0.16239025
32967,0,0.16888592,0.11081162,0,0.15050329
32968,1,0.16888592,0.15516048,0,0.18232468
32970,1,0.16888592,0.18979604,1,0.17931470
32981,1,0.16888592,0.07261478,0,0.12636211
32986,0,0.16888592,0.27586448,1,0.19287224
32990,0,0.16888592,0.16527858,0,0.17592375
32999,0,0.16888592,0.22390862,1,0.19058610
33008,0,0.16888592,0.14050105,0,0.15436499
33024,0,0.16888592,0.07261478,0,0.12636211
33034,0,0.16888592,0.02809917,0,0.13325070
33036,1,0.16888592,0.16551480,0,0.17239091
33037,0,0.16888592,0.14169058,0,0.12864275
33046,1,0.16888592,0.18840144,1,0.14433260
33047,0,0.16888592,0.11081162,0,0.15050329
33058,0,0.16888592,0.11064312,0,0.15404680
33076,0,0.16888592,0.42494857,1,0.32002221
33094,0,0.16888592,0.11081162,0,0.15050329
33098,1,0.16888592,0.18979604,1,0.17931470
33099,0,0.16888592,0.17920207,1,0.18436576
33101,0,0.16888592,0.16527858,0,0.17592375
33111,0,0.16888592,0.18340938,1,0.14660845
33112,0,0.16888592,0.18979604,1,0.17931470
33113,0,0.16888592,0.10052481,0,0.15860057
33117,1,0.16888592,0.21671430,1,0.16856925
33118,1,0.16888592,0.16551480,0,0.17239091
33119,0,0.16888592,0.01101501,0,0.05981027
33120,0,0.16888592,0.16148141,0,0.18755737
33129,0,0.16888592,0.14588065,0,0.17910444
33130,0,0.16888592,0.07261478,0,0.12636211
33131,1,0.16888592,0.21671430,1,0.16856925
33148,0,0.16888592,0.12830167,0,0.13032181
33149,0,0.16888592,0.12830167,0,0.13032181
33161,0,0.16888592,0.19784085,1,0.16125984
33183,0,0.16888592,0.06773351,0,0.15052215
33186,0,0.16888592,0.00533437,0,0.05751326
33194,0,0.16888592,0.22831224,1,0.18033063
33196,0,0.16888592,0.16551480,0,0.17239091
33214,1,0.16888592,0.25952071,1,0.18436576
33219,0,0.16888592,0.21671430,1,0.16856925
33221,0,0.16888592,0.18979604,1,0.17931470
33230,0,0.16888592,0.17295257,0,0.16548268
33231,0,0.16888592,0.18979604,1,0.17931470
33245,0,0.16888592,0.21671430,1,0.16856925
33247,0,0.16888592,0.18979604,1,0.17931470
33253,0,0.16888592,0.13437032,0,0.18142178
33261,0,0.16888592,0.10127010,0,0.15215473
33262,1,0.16888592,0.24846453,1,0.18436576
33267,0,0.16888592,0.05571624,0,0.12935777
33268,0,0.16888592,0.16551480,0,0.17239091
33273,0,0.16888592,0.16551480,0,0.17239091
33278,0,0.16888592,0.16551480,0,0.17239091
33297,0,0.16888592,0.14555200,0,0.16363515
33301,1,0.16888592,0.16405707,0,0.18952638
33304,1,0.16888592,0.58043639,1,0.38763497
33307,0,0.16888592,0.20921826,1,0.18164249
33316,0,0.16888592,0.18979604,1,0.17931470
33337,1,0.16888592,0.47082487,1,0.26565765
33338,0,0.16888592,0.12830167,0,0.13032181
33345,0,0.16888592,0.65245810,1,0.23185273
33353,0,0.16888592,0.24757340,1,0.18436576
33358,0,0.16888592,0.04549329,0,0.12291616
33372,1,0.16888592,0.40117438,1,0.21997919
33390,0,0.16888592,0.23999769,1,0.20354153
33394,0,0.16888592,0.16551480,0,0.17239091
33401,0,0.16888592,0.00483174,0,0.02957032
33405,1,0.16888592,0.16551480,0,0.17239091
33406,0,0.16888592,0.12830167,0,0.13032181
33407,1,0.16888592,0.26224698,1,0.20981507
33413,0,0.16888592,0.18979604,1,0.17931470
33414,0,0.16888592,0.11081162,0,0.15050329
33415,0,0.16888592,0.12357980,0,0.12622858
33419,0,0.16888592,0.12956392,0,0.18906109
33420,0,0.16888592,0.18979604,1,0.17931470
33421,1,0.16888592,0.12830167,0,0.13032181
33429,1,0.16888592,0.18979604,1,0.17931470
33436,0,0.16888592,0.18427195,1,0.16142330
33439,0,0.16888592,0.11081162,0,0.15050329
33444,0,0.16888592,0.26489788,1,0.19512707
33459,0,0.16888592,0.18979604,1,0.17931470
33464,1,0.16888592,0.11081162,0,0.15050329
33466,0,0.16888592,0.18979604,1,0.17931470
33471,0,0.16888592,0.11081162,0,0.15050329
33472,0,0.16888592,0.00740322,0,0.05486741
33475,0,0.16888592,0.13491175,0,0.17922651
33477,0,0.16888592,0.21349485,1,0.19468644
33482,0,0.16888592,0.16551480,0,0.17239091
33485,0,0.16888592,0.16527858,0,0.17592375
33492,0,0.16888592,0.26978617,1,0.18876052
33497,0,0.16888592,0.16395800,0,0.15695549
33498,0,0.16888592,0.09842971,0,0.17913389
33500,0,0.16888592,0.15069264,0,0.15585262
33504,0,0.16888592,0.16035891,0,0.18529320
33505,0,0.16888592,0.21671430,1,0.16856925
33513,0,0.16888592,0.20097839,1,0.17664054
33514,0,0.16888592,0.12830167,0,0.13032181
33516,1,0.16888592,0.21671430,1,0.16856925
33519,0,0.16888592,0.11081162,0,0.15050329
33525,0,0.16888592,0.11064312,0,0.15404680
33526,0,0.16888592,0.12830167,0,0.13032181
33533,0,0.16888592,0.12255204,0,0.13527794
33534,1,0.16888592,0.18979604,1,0.17931470
33540,1,0.16888592,0.20049191,1,0.15891140
33541,0,0.16888592,0.15732745,0,0.18436576
33542,0,0.16888592,0.11081162,0,0.15050329
33564,0,0.16888592,0.18979604,1,0.17931470
33572,0,0.16888592,0.11081162,0,0.15050329
33590,0,0.16888592,0.08783434,0,0.16864634
33593,0,0.16888592,0.21671430,1,0.16856925
33600,0,0.16888592,0.11007144,0,0.17271746
33601,0,0.16888592,0.35498882,1,0.18215567
33611,1,0.16888592,0.11081162,0,0.15050329
33614,0,0.16888592,0.11081162,0,0.15050329
33619,0,0.16888592,0.01101501,0,0.05981027
33628,0,0.16888592,0.21671430,1,0.16856925
33634,0,0.16888592,0.16551480,0,0.17239091
33635,0,0.16888592,0.18207279,1,0.17744196
33636,0,0.16888592,0.14577113,0,0.17278352
33639,0,0.16888592,0.07261478,0,0.12636211
33640,0,0.16888592,0.16527858,0,0.17592375
33653,0,0.16888592,0.16527858,0,0.17592375
33656,0,0.16888592,0.00576675,0,0.05462914
33657,0,0.16888592,0.07261478,0,0.12636211
33661,0,0.16888592,0.16527858,0,0.17592375
33673,1,0.16888592,0.49519880,1,0.35657792
33683,0,0.16888592,0.11081162,0,0.15050329
33688,0,0.16888592,0.18979604,1,0.17931470
33696,0,0.16888592,0.01933614,0,0.14751538
33697,0,0.16888592,0.13287606,0,0.15551076
33698,1,0.16888592,0.16551480,0,0.17239091
33703,1,0.16888592,0.14861673,0,0.16548268
33724,0,0.16888592,0.18979604,1,0.17931470
33726,0,0.16888592,0.16551480,0,0.17239091
33728,0,0.16888592,0.18979604,1,0.17931470
33731,0,0.16888592,0.16411157,0,0.14197787
33739,0,0.16888592,0.28245430,1,0.18595694
33749,0,0.16888592,0.11081162,0,0.15050329
33754,0,0.16888592,0.16551480,0,0.17239091
33755,0,0.16888592,0.18840144,1,0.14433260
33756,0,0.16888592,0.16551480,0,0.17239091
33762,0,0.16888592,0.18979604,1,0.17931470
33764,1,0.16888592,0.19313111,1,0.16759624
33765,1,0.16888592,0.11081162,0,0.15050329
33774,0,0.16888592,0.18953304,1,0.18284755
33781,0,0.16888592,0.11081162,0,0.15050329
33784,0,0.16888592,0.00873200,0,0.04428983
33793,1,0.16888592,0.16551480,0,0.17239091
33797,1,0.16888592,0.11081162,0,0.15050329
33800,0,0.16888592,0.18979604,1,0.17931470
33801,0,0.16888592,0.10175613,0,0.18021765
33806,0,0.16888592,0.11081162,0,0.15050329
33809,0,0.16888592,0.16551480,0,0.17239091
33810,0,0.16888592,0.11081162,0,0.15050329
33816,1,0.16888592,0.27586448,1,0.19287224
33817,0,0.16888592,0.26407440,1,0.19688219
33819,0,0.16888592,0.10822036,0,0.16240637
33826,0,0.16888592,0.19943089,1,0.17735353
33829,0,0.16888592,0.21671430,1,0.16856925
33830,0,0.16888592,0.16551480,0,0.17239091
33839,0,0.16888592,0.16449349,0,0.16100028
33840,1,0.16888592,0.25887247,1,0.19489917
33844,0,0.16888592,0.18979604,1,0.17931470
33845,0,0.16888592,0.32106282,1,0.19620904
33853,0,0.16888592,0.06276625,0,0.15197687
33855,0,0.16888592,0.18979604,1,0.17931470
33858,0,0.16888592,0.01277223,0,0.11612855
33860,0,0.16888592,0.07115206,0,0.13880894
33861,0,0.16888592,0.01445145,0,0.09170776
33862,0,0.16888592,0.11081162,0,0.15050329
33863,0,0.16888592,0.18100954,1,0.18220648
33865,0,0.16888592,0.12743901,0,0.18247137
33866,0,0.16888592,0.13204693,0,0.18282644
33873,0,0.16888592,0.18979604,1,0.17931470
33879,0,0.16888592,0.24428114,1,0.18436576
33882,0,0.16888592,0.06635017,0,0.14264099
33884,1,0.16888592,0.21487811,1,0.17744196
33885,0,0.16888592,0.11422001,0,0.15571781
33887,0,0.16888592,0.12830167,0,0.13032181
33888,0,0.16888592,0.19313111,1,0.16759624
33893,0,0.16888592,0.06790714,0,0.14888772
33913,0,0.16888592,0.07249963,0,0.13120452
33915,0,0.16888592,0.18979604,1,0.17931470
33919,0,0.16888592,0.09287973,0,0.13651381
33927,0,0.16888592,0.29148345,1,0.22891658
33934,0,0.16888592,0.11081162,0,0.15050329
33940,0,0.16888592,0.25354473,1,0.19049139
33947,0,0.16888592,0.07249963,0,0.13120452
33948,0,0.16888592,0.11422001,0,0.15571781
33960,0,0.16888592,0.21671430,1,0.16856925
33962,0,0.16888592,0.11081162,0,0.15050329
33966,0,0.16888592,0.25010781,1,0.18436576
33973,0,0.16888592,0.07261478,0,0.12636211
33976,1,0.16888592,0.12830167,0,0.13032181
33981,1,0.16888592,0.42457867,1,0.27308405
33988,0,0.16888592,0.16551480,0,0.17239091
33992,1,0.16888592,0.16527858,0,0.17592375
33997,0,0.16888592,0.16527858,0,0.17592375
33999,0,0.16888592,0.12830167,0,0.13032181
34011,1,0.16888592,0.28959962,1,0.21863884
34024,0,0.16888592,0.07261478,0,0.12636211
34028,0,0.16888592,0.09497348,0,0.13578547
34029,0,0.16888592,0.16551480,0,0.17239091
34032,1,0.16888592,0.23653954,1,0.17695946
34038,0,0.16888592,0.11081162,0,0.15050329
34044,0,0.16888592,0.16551480,0,0.17239091
34045,1,0.16888592,0.11081162,0,0.15050329
34050,0,0.16888592,0.16551480,0,0.17239091
34052,1,0.16888592,0.07261478,0,0.12636211
34066,0,0.16888592,0.07249963,0,0.13120452
34069,0,0.16888592,0.11081162,0,0.15050329
34074,0,0.16888592,0.25803790,1,0.19200181
34081,1,0.16888592,0.18738755,1,0.18316438
34082,0,0.16888592,0.13073053,0,0.14678184
34083,1,0.16888592,0.28388610,1,0.18913394
34088,0,0.16888592,0.17325089,0,0.13967003
34089,0,0.16888592,0.24757340,1,0.18436576
34094,0,0.16888592,0.23775417,1,0.17376128
34097,0,0.16888592,0.18979604,1,0.17931470
34098,0,0.16888592,0.21723080,1,0.22393975
34102,0,0.16888592,0.16551480,0,0.17239091
34104,0,0.16888592,0.08593899,0,0.15413801
34105,0,0.16888592,0.11081162,0,0.15050329
34107,0,0.16888592,0.16007066,0,0.13763039
34116,0,0.16888592,0.09160152,0,0.15231883
34122,0,0.16888592,0.23808167,1,0.18856628
34130,0,0.16888592,0.14610078,0,0.16550102
34133,1,0.16888592,0.19510081,1,0.18436576
34136,0,0.16888592,0.07261478,0,0.12636211
34150,1,0.16888592,0.10176637,0,0.15434772
34152,0,0.16888592,0.11081162,0,0.15050329
34153,1,0.16888592,0.30740678,1,0.17931169
34161,0,0.16888592,0.58043639,1,0.38763497
34170,1,0.16888592,0.26956963,1,0.18039224
34171,0,0.16888592,0.09691300,0,0.15307036
34174,1,0.16888592,0.16551480,0,0.17239091
34178,0,0.16888592,0.20390693,1,0.16592001
34181,0,0.16888592,0.07261478,0,0.12636211
34184,1,0.16888592,0.21671430,1,0.16856925
34186,0,0.16888592,0.13130315,0,0.17103805
34188,0,0.16888592,0.12830167,0,0.13032181
34195,0,0.16888592,0.11081162,0,0.15050329
34199,0,0.16888592,0.06920540,0,0.15385982
34223,0,0.16888592,0.07261478,0,0.12636211
34228,0,0.16888592,0.00533437,0,0.05751326
34233,0,0.16888592,0.15334341,0,0.17089520
34236,0,0.16888592,0.20817713,1,0.18436576
34244,0,0.16888592,0.18714910,1,0.18436576
34250,0,0.16888592,0.19313111,1,0.16759624
34261,1,0.16888592,0.23143539,1,0.18400218
34263,0,0.16888592,0.07261478,0,0.12636211
34283,0,0.16888592,0.21671430,1,0.16856925
34284,0,0.16888592,0.18937267,1,0.18951198
34286,0,0.16888592,0.28388610,1,0.18913394
34287,0,0.16888592,0.11081162,0,0.15050329
34289,0,0.16888592,0.12746142,0,0.17977351
34297,0,0.16888592,0.06752001,0,0.16085402
34298,0,0.16888592,0.16551480,0,0.17239091
34301,0,0.16888592,0.15277146,0,0.17589957
34306,1,0.16888592,0.16527858,0,0.17592375
34316,1,0.16888592,0.21671430,1,0.16856925
34330,0,0.16888592,0.16527858,0,0.17592375
34331,0,0.16888592,0.16551480,0,0.17239091
34345,1,0.16888592,0.18979604,1,0.17931470
34363,0,0.16888592,0.11081162,0,0.15050329
34365,0,0.16888592,0.11081162,0,0.15050329
34368,1,0.16888592,0.18979604,1,0.17931470
34372,0,0.16888592,0.10176637,0,0.15434772
34373,0,0.16888592,0.18979604,1,0.17931470
34374,0,0.16888592,0.14555200,0,0.16363515
34380,0,0.16888592,0.16736438,0,0.15795785
34388,1,0.16888592,0.85106072,1,0.63221614
34390,0,0.16888592,0.11081162,0,0.15050329
34400,0,0.16888592,0.00570162,0,0.01743081
34403,0,0.16888592,0.08109571,0,0.14821331
34405,0,0.16888592,0.07261478,0,0.12636211
34414,0,0.16888592,0.11961221,0,0.17736597
34415,0,0.16888592,0.28259637,1,0.17738753
34419,0,0.16888592,0.26310110,1,0.19058610
34429,0,0.16888592,0.07261478,0,0.12636211
34431,0,0.16888592,0.18979604,1,0.17931470
34432,0,0.16888592,0.21671430,1,0.16856925
34441,0,0.16888592,0.15047989,0,0.18118169
34447,0,0.16888592,0.16551480,0,0.17239091
34458,0,0.16888592,0.18953304,1,0.18284755
34468,0,0.16888592,0.16551480,0,0.17239091
34470,0,0.16888592,0.29623180,1,0.18851831
34471,0,0.16888592,0.21678357,1,0.18154393
34479,0,0.16888592,0.14241992,0,0.17706820
34482,0,0.16888592,0.19565884,1,0.20771195
34485,0,0.16888592,0.16551480,0,0.17239091
34487,0,0.16888592,0.18979604,1,0.17931470
34489,0,0.16888592,0.11081162,0,0.15050329
34495,1,0.16888592,0.14782600,0,0.17394405
34503,1,0.16888592,0.27164871,1,0.20771195
34505,0,0.16888592,0.21225954,1,0.19770856
34506,0,0.16888592,0.16527858,0,0.17592375
34523,0,0.16888592,0.11081162,0,0.15050329
34530,0,0.16888592,0.16527858,0,0.17592375
34544,0,0.16888592,0.18738755,1,0.18316438
34550,0,0.16888592,0.06650453,0,0.17739444
34552,0,0.16888592,0.09001414,0,0.16981784
34564,0,0.16888592,0.13039408,0,0.17880207
34572,0,0.16888592,0.10176637,0,0.15434772
34575,0,0.16888592,0.07717206,0,0.17156787
34580,1,0.16888592,0.16551480,0,0.17239091
34581,0,0.16888592,0.11081162,0,0.15050329
34593,0,0.16888592,0.07261478,0,0.12636211
34595,0,0.16888592,0.15213287,0,0.16947348
34597,0,0.16888592,0.12830167,0,0.13032181
34614,0,0.16888592,0.07261478,0,0.12636211
34628,1,0.16888592,0.24780457,1,0.18020668
34635,0,0.16888592,0.16551480,0,0.17239091
34638,0,0.16888592,0.24971711,1,0.19041907
34644,0,0.16888592,0.16551480,0,0.17239091
34647,0,0.16888592,0.16551480,0,0.17239091
34650,0,0.16888592,0.13803001,0,0.14587879
34661,0,0.16888592,0.16551480,0,0.17239091
34665,0,0.16888592,0.26978617,1,0.18876052
34670,0,0.16888592,0.18979604,1,0.17931470
34674,0,0.16888592,0.14570287,0,0.15274717
34675,0,0.16888592,0.21671430,1,0.16856925
34697,0,0.16888592,0.11081162,0,0.15050329
34703,0,0.16888592,0.18979604,1,0.17931470
34704,0,0.16888592,0.07249963,0,0.13120452
34709,0,0.16888592,0.27854854,1,0.18108455
34713,0,0.16888592,0.18979604,1,0.17931470
34714,0,0.16888592,0.25010781,1,0.18436576
34719,0,0.16888592,0.00570162,0,0.01743081
34721,0,0.16888592,0.16527858,0,0.17592375
34724,0,0.16888592,0.16527858,0,0.17592375
34737,0,0.16888592,0.16527858,0,0.17592375
34743,0,0.16888592,0.16226068,0,0.13796340
34755,0,0.16888592,0.07261478,0,0.12636211
34757,0,0.16888592,0.11081162,0,0.15050329
34762,0,0.16888592,0.15479237,0,0.18218013
34765,0,0.16888592,0.21671430,1,0.16856925
34766,0,0.16888592,0.07573397,0,0.12794454
34771,0,0.16888592,0.16551480,0,0.17239091
34774,0,0.16888592,0.18979604,1,0.17931470
34777,0,0.16888592,0.06516113,0,0.15270303
34778,0,0.16888592,0.23891108,1,0.18272011
34780,1,0.16888592,0.13216807,0,0.13704200
34785,1,0.16888592,0.40117438,1,0.21997919
34790,0,0.16888592,0.11081162,0,0.15050329
34802,0,0.16888592,0.20061916,1,0.18209644
34810,0,0.16888592,0.11081162,0,0.15050329
34814,0,0.16888592,0.11081162,0,0.15050329
34830,0,0.16888592,0.40242160,1,0.21423406
34832,0,0.16888592,0.16140270,0,0.17208374
34845,0,0.16888592,0.18979604,1,0.17931470
34847,0,0.16888592,0.17557658,1,0.18267720
34852,0,0.16888592,0.21671430,1,0.16856925
34857,0,0.16888592,0.15328463,0,0.13969441
34864,0,0.16888592,0.01101501,0,0.05981027
34865,0,0.16888592,0.11081162,0,0.15050329
34866,0,0.16888592,0.18979604,1,0.17931470
34867,0,0.16888592,0.16449349,0,0.16100028
34868,1,0.16888592,0.12325404,0,0.18831151
34872,0,0.16888592,0.21671430,1,0.16856925
34883,0,0.16888592,0.09074644,0,0.16721825
34894,0,0.16888592,0.18979604,1,0.17931470
34902,0,0.16888592,0.07261478,0,0.12636211
34904,0,0.16888592,0.12358886,0,0.17531751
34908,0,0.16888592,0.19792979,1,0.15914478
34915,0,0.16888592,0.18979604,1,0.17931470
34917,0,0.16888592,0.07535454,0,0.15052215
34919,0,0.16888592,0.27586448,1,0.19287224
34923,0,0.16888592,0.15888208,0,0.16181030
34926,0,0.16888592,0.06790714,0,0.14888772
34932,0,0.16888592,0.11081162,0,0.15050329
34940,0,0.16888592,0.03880362,0,0.15776105
34941,0,0.16888592,0.12380794,0,0.17700183
34949,0,0.16888592,0.18979604,1,0.17931470
34967,1,0.16888592,0.39690891,1,0.21088561
34974,0,0.16888592,0.11081162,0,0.15050329
34994,0,0.16888592,0.29731673,1,0.20831180
34995,1,0.16888592,0.17790318,1,0.21504118
34998,0,0.16888592,0.12265537,0,0.17628633
35004,0,0.16888592,0.26375138,1,0.17655670
35013,0,0.16888592,0.05600890,0,0.14871756
35021,0,0.16888592,0.18979604,1,0.17931470
35031,1,0.16888592,0.13437032,0,0.18142178
35040,0,0.16888592,0.09850424,0,0.13825724
35041,0,0.16888592,0.16318964,0,0.17655670
35049,0,0.16888592,0.13360654,0,0.14553351
35053,0,0.16888592,0.12943593,0,0.16883544
35056,0,0.16888592,0.18979604,1,0.17931470
35057,0,0.16888592,0.16527858,0,0.17592375
35062,0,0.16888592,0.16551480,0,0.17239091
35070,0,0.16888592,0.16551480,0,0.17239091
35080,0,0.16888592,0.25384582,1,0.17655670
35089,0,0.16888592,0.26445409,1,0.19350474
35090,0,0.16888592,0.16551480,0,0.17239091
35097,0,0.16888592,0.15840055,0,0.17744196
35098,0,0.16888592,0.12358886,0,0.17531751
35105,1,0.16888592,0.09399306,0,0.13506502
35115,0,0.16888592,0.28388610,1,0.18913394
35118,0,0.16888592,0.18979604,1,0.17931470
35119,0,0.16888592,0.18979604,1,0.17931470
35120,0,0.16888592,0.11081162,0,0.15050329
35122,0,0.16888592,0.23566063,1,0.18760658
35124,0,0.16888592,0.15069264,0,0.15585262
35135,0,0.16888592,0.07249963,0,0.13120452
35138,0,0.16888592,0.12174729,0,0.17744196
35139,0,0.16888592,0.10176637,0,0.15434772
35140,1,0.16888592,0.11081162,0,0.15050329
35142,0,0.16888592,0.28188693,1,0.18444389
35145,0,0.16888592,0.11081162,0,0.15050329
35147,0,0.16888592,0.16551480,0,0.17239091
35153,1,0.16888592,0.12830167,0,0.13032181
35155,0,0.16888592,0.09341404,0,0.13364414
35157,0,0.16888592,0.21671430,1,0.16856925
35163,0,0.16888592,0.13079393,0,0.15368489
35174,0,0.16888592,0.06152683,0,0.13018751
35183,0,0.16888592,0.25166902,1,0.18851831
35193,0,0.16888592,0.18979604,1,0.17931470
35197,0,0.16888592,0.08153082,0,0.12864275
35198,0,0.16888592,0.18298963,1,0.17970732
35202,0,0.16888592,0.21000083,1,0.18196844
35209,0,0.16888592,0.17557658,1,0.18267720
35211,1,0.16888592,0.18979604,1,0.17931470
35217,0,0.16888592,0.14218467,0,0.13155350
35221,0,0.16888592,0.06540243,0,0.14448781
35226,0,0.16888592,0.02908844,0,0.15228923
35229,0,0.16888592,0.15937650,0,0.18249446
35231,0,0.16888592,0.10176637,0,0.15434772
35232,0,0.16888592,0.24636552,1,0.18735033
35244,0,0.16888592,0.02017550,0,0.14091889
35247,0,0.16888592,0.23999769,1,0.20354153
35253,0,0.16888592,0.12358886,0,0.17531751
35269,0,0.16888592,0.11081162,0,0.15050329
35276,1,0.16888592,0.16527858,0,0.17592375
35291,0,0.16888592,0.04511218,0,0.15271268
35293,0,0.16888592,0.23378096,1,0.19104729
35301,0,0.16888592,0.39883991,1,0.19672761
35307,0,0.16888592,0.11081162,0,0.15050329
35314,0,0.16888592,0.20884941,1,0.17823715
35320,0,0.16888592,0.06019415,0,0.15382289
35323,0,0.16888592,0.00750071,0,0.07252113
35324,0,0.16888592,0.00860765,0,0.04082672
35343,0,0.16888592,0.18979604,1,0.17931470
35346,0,0.16888592,0.13637500,0,0.15571781
35352,0,0.16888592,0.16551480,0,0.17239091
35353,0,0.16888592,0.10176637,0,0.15434772
35354,0,0.16888592,0.14814401,0,0.16239025
35368,0,0.16888592,0.21678357,1,0.18154393
35373,0,0.16888592,0.07632155,0,0.15294895
35375,0,0.16888592,0.12318684,0,0.15571781
35381,0,0.16888592,0.15554029,0,0.18233638
35386,0,0.16888592,0.09482966,0,0.17968676
35392,1,0.16888592,0.16551480,0,0.17239091
35397,0,0.16888592,0.12724252,0,0.16142797
35414,0,0.16888592,0.07261478,0,0.12636211
35416,0,0.16888592,0.16551480,0,0.17239091
35418,0,0.16888592,0.25130120,1,0.18221014
35422,0,0.16888592,0.11081162,0,0.15050329
35424,0,0.16888592,0.11081162,0,0.15050329
35427,0,0.16888592,0.08016673,0,0.13272274
35428,0,0.16888592,0.06276625,0,0.15197687
35429,0,0.16888592,0.14896551,0,0.15571781
35432,0,0.16888592,0.23388641,1,0.17014394
35434,0,0.16888592,0.16551480,0,0.17239091
35441,0,0.16888592,0.28259637,1,0.17738753
35459,0,0.16888592,0.18979604,1,0.17931470
35464,1,0.16888592,0.31786523,1,0.19278210
35465,0,0.16888592,0.20891958,1,0.18157034
35477,1,0.16888592,0.08941412,0,0.14660845
35479,1,0.16888592,0.25172885,1,0.22238518
35480,0,0.16888592,0.16551480,0,0.17239091
35484,0,0.16888592,0.36324914,1,0.21373932
35486,0,0.16888592,0.18979604,1,0.17931470
35490,1,0.16888592,0.58043639,1,0.38763497
35491,0,0.16888592,0.18953304,1,0.18284755
35492,0,0.16888592,0.29623377,1,0.22177902
35507,1,0.16888592,0.16527858,0,0.17592375
35517,0,0.16888592,0.11081162,0,0.15050329
35518,1,0.16888592,0.12124797,0,0.17296901
35519,0,0.16888592,0.23999769,1,0.20354153
35520,0,0.16888592,0.48258868,1,0.37630465
35525,1,0.16888592,0.18979604,1,0.17931470
35530,1,0.16888592,0.18979604,1,0.17931470
35531,0,0.16888592,0.11081162,0,0.15050329
35534,0,0.16888592,0.04437651,0,0.14540741
35538,0,0.16888592,0.30740678,1,0.17931169
35546,0,0.16888592,0.45104245,1,0.23191955
35556,0,0.16888592,0.12830167,0,0.13032181
35561,0,0.16888592,0.10608640,0,0.12959473
35573,1,0.16888592,0.14248959,0,0.18544661
35577,0,0.16888592,0.11706977,0,0.14392494
35583,0,0.16888592,0.07261478,0,0.12636211
35593,0,0.16888592,0.30939675,1,0.20487498
35598,0,0.16888592,0.18979604,1,0.17931470
35602,0,0.16888592,0.12811042,0,0.13552379
35609,0,0.16888592,0.16551480,0,0.17239091
35611,0,0.16888592,0.11081162,0,0.15050329
35615,0,0.16888592,0.21671430,1,0.16856925
35619,1,0.16888592,0.18979604,1,0.17931470
35620,0,0.16888592,0.12830167,0,0.13032181
35623,0,0.16888592,0.19865192,1,0.16313404
35636,0,0.16888592,0.17557658,1,0.18267720
35638,0,0.16888592,0.11081162,0,0.15050329
35642,0,0.16888592,0.21671430,1,0.16856925
35644,1,0.16888592,0.13599349,0,0.15571781
35647,0,0.16888592,0.11081162,0,0.15050329
35648,0,0.16888592,0.33669931,1,0.18222875
35657,0,0.16888592,0.15469126,0,0.18834247
35659,0,0.16888592,0.21671430,1,0.16856925
35663,0,0.16888592,0.23808167,1,0.18856628
35673,0,0.16888592,0.06276625,0,0.15197687
35675,0,0.16888592,0.11064312,0,0.15404680
35680,0,0.16888592,0.02102474,0,0.14574236
35682,0,0.16888592,0.06889251,0,0.17050258
35690,0,0.16888592,0.18322700,1,0.16374573
35693,1,0.16888592,0.15554029,0,0.18233638
35701,0,0.16888592,0.00576675,0,0.05462914
35715,0,0.16888592,0.16551480,0,0.17239091
35721,0,0.16888592,0.17131737,0,0.13704200
35741,0,0.16888592,0.11081162,0,0.15050329
35744,0,0.16888592,0.10406013,0,0.15539543
35753,0,0.16888592,0.11081162,0,0.15050329
35758,0,0.16888592,0.16527858,0,0.17592375
35763,0,0.16888592,0.32106282,1,0.19620904
35764,0,0.16888592,0.02808041,0,0.12060434
35766,0,0.16888592,0.11424140,0,0.17278352
35769,0,0.16888592,0.18673159,1,0.18759882
35774,0,0.16888592,0.21671430,1,0.16856925
35782,0,0.16888592,0.07261478,0,0.12636211
35785,0,0.16888592,0.17557658,1,0.18267720
35794,1,0.16888592,0.27728626,1,0.18531692
35795,0,0.16888592,0.20133341,1,0.18268504
35801,0,0.16888592,0.10176637,0,0.15434772
35803,1,0.16888592,0.35836366,1,0.18456916
35806,0,0.16888592,0.11081162,0,0.15050329
35809,0,0.16888592,0.18979604,1,0.17931470
35812,0,0.16888592,0.16397887,0,0.18349206
35820,0,0.16888592,0.16551480,0,0.17239091
35830,0,0.16888592,0.16069686,0,0.17782361
35833,0,0.16888592,0.23893958,1,0.18889224
35834,0,0.16888592,0.21671430,1,0.16856925
35840,0,0.16888592,0.01767273,0,0.13594583
35849,1,0.16888592,0.23833922,1,0.18436576
35853,0,0.16888592,0.07261478,0,0.12636211
35858,0,0.16888592,0.28653136,1,0.19391718
35859,0,0.16888592,0.11081162,0,0.15050329
35864,1,0.16888592,0.16551480,0,0.17239091
35865,0,0.16888592,0.26375138,1,0.17655670
35890,0,0.16888592,0.12474607,0,0.15353923
35891,0,0.16888592,0.08337972,0,0.17947708
35892,0,0.16888592,0.16551480,0,0.17239091
35897,1,0.16888592,0.25010781,1,0.18436576
35900,0,0.16888592,0.16527858,0,0.17592375
35902,0,0.16888592,0.18979604,1,0.17931470
35908,0,0.16888592,0.28653136,1,0.19391718
35919,1,0.16888592,0.23891108,1,0.18272011
35931,0,0.16888592,0.16551480,0,0.17239091
35935,0,0.16888592,0.07261478,0,0.12636211
35951,0,0.16888592,0.11081162,0,0.15050329
35968,0,0.16888592,0.16648454,0,0.17744196
35971,0,0.16888592,0.06639225,0,0.14660845
35973,0,0.16888592,0.21671430,1,0.16856925
35976,0,0.16888592,0.11081162,0,0.15050329
35981,0,0.16888592,0.11801825,0,0.13885794
35983,0,0.16888592,0.17924356,1,0.13704200
35984,0,0.16888592,0.18979604,1,0.17931470
35986,0,0.16888592,0.16551480,0,0.17239091
35994,0,0.16888592,0.16527858,0,0.17592375
36005,0,0.16888592,0.16551480,0,0.17239091
36006,0,0.16888592,0.06958868,0,0.14660845
36009,0,0.16888592,0.11081162,0,0.15050329
36012,0,0.16888592,0.16527858,0,0.17592375
36015,0,0.16888592,0.12885153,0,0.18137723
36024,0,0.16888592,0.11081162,0,0.15050329
36029,1,0.16888592,0.16527858,0,0.17592375
36042,1,0.16888592,0.07424438,0,0.15674296
36044,0,0.16888592,0.02809917,0,0.13325070
36052,0,0.16888592,0.18979604,1,0.17931470
36056,0,0.16888592,0.11081162,0,0.15050329
36057,0,0.16888592,0.12830167,0,0.13032181
36058,1,0.16888592,0.18979604,1,0.17931470
36067,0,0.16888592,0.07261478,0,0.12636211
36068,0,0.16888592,0.30038553,1,0.30945847
36076,0,0.16888592,0.01101501,0,0.05981027
36077,0,0.16888592,0.11081162,0,0.15050329
36082,0,0.16888592,0.23574031,1,0.17744196
36086,0,0.16888592,0.09048889,0,0.15655647
36087,1,0.16888592,0.44300708,1,0.22891258
36103,0,0.16888592,0.21678357,1,0.18154393
36104,0,0.16888592,0.11081162,0,0.15050329
36111,0,0.16888592,0.25803790,1,0.19200181
36117,0,0.16888592,0.23134346,1,0.20332299
36120,0,0.16888592,0.15339338,0,0.17744196
36124,0,0.16888592,0.19313111,1,0.16759624
36125,0,0.16888592,0.20921826,1,0.18164249
36127,0,0.16888592,0.17028355,0,0.17939016
36131,0,0.16888592,0.12830167,0,0.13032181
36136,1,0.16888592,0.18979604,1,0.17931470
36146,0,0.16888592,0.18979604,1,0.17931470
36149,0,0.16888592,0.05168819,0,0.16325793
36155,0,0.16888592,0.18979604,1,0.17931470
36158,0,0.16888592,0.38794745,1,0.22891658
36161,1,0.16888592,0.21693128,1,0.18661483
36165,0,0.16888592,0.15277146,0,0.17589957
36168,0,0.16888592,0.16380208,0,0.18519151
36184,0,0.16888592,0.11181108,0,0.17947708
36186,1,0.16888592,0.16551480,0,0.17239091
36187,0,0.16888592,0.16551480,0,0.17239091
36188,1,0.16888592,0.18979604,1,0.17931470
36206,0,0.16888592,0.18979604,1,0.17931470
36209,0,0.16888592,0.14599497,0,0.17700183
36215,0,0.16888592,0.18979604,1,0.17931470
36238,0,0.16888592,0.11081162,0,0.15050329
36240,0,0.16888592,0.16551480,0,0.17239091
36244,0,0.16888592,0.07261478,0,0.12636211
36247,0,0.16888592,0.12830167,0,0.13032181
36272,0,0.16888592,0.02017550,0,0.14091889
36283,0,0.16888592,0.23143539,1,0.18400218
36296,1,0.16888592,0.25659390,1,0.20818714
36303,0,0.16888592,0.09950983,0,0.14141016
36305,0,0.16888592,0.11081162,0,0.15050329
36309,0,0.16888592,0.15569558,0,0.18436576
36323,0,0.16888592,0.14814401,0,0.16239025
36330,1,0.16888592,0.59154577,1,0.17278352
36331,1,0.16888592,0.11081162,0,0.15050329
36337,0,0.16888592,0.18979604,1,0.17931470
36338,0,0.16888592,0.11081162,0,0.15050329
36339,0,0.16888592,0.07261478,0,0.12636211
36343,0,0.16888592,0.18979604,1,0.17931470
36345,0,0.16888592,0.49833592,1,0.29386363
36349,1,0.16888592,0.16527858,0,0.17592375
36352,0,0.16888592,0.16551480,0,0.17239091
36356,0,0.16888592,0.16551480,0,0.17239091
36357,0,0.16888592,0.05471439,0,0.12140217
36362,0,0.16888592,0.21671430,1,0.16856925
36366,0,0.16888592,0.11081162,0,0.15050329
36368,0,0.16888592,0.26224698,1,0.20981507
36371,1,0.16888592,0.50722637,1,0.36585466
36372,1,0.16888592,0.18979604,1,0.17931470
36373,1,0.16888592,0.18979604,1,0.17931470
36375,0,0.16888592,0.03840736,0,0.13548402
36379,0,0.16888592,0.07261478,0,0.12636211
36386,0,0.16888592,0.16551480,0,0.17239091
36397,0,0.16888592,0.11939543,0,0.16908666
36401,0,0.16888592,0.16551480,0,0.17239091
36406,0,0.16888592,0.16527858,0,0.17592375
36408,0,0.16888592,0.13041884,0,0.17425789
36412,0,0.16888592,0.14088956,0,0.15471211
36417,0,0.16888592,0.11081162,0,0.15050329
36421,0,0.16888592,0.11081162,0,0.15050329
36423,0,0.16888592,0.14076601,0,0.13704200
36429,0,0.16888592,0.17557658,1,0.18267720
36434,0,0.16888592,0.07261478,0,0.12636211
36435,0,0.16888592,0.07261478,0,0.12636211
36442,0,0.16888592,0.15047989,0,0.18118169
36443,1,0.16888592,0.25130120,1,0.18221014
36451,1,0.16888592,0.39688412,1,0.17970732
36467,0,0.16888592,0.13688487,0,0.17700183
36469,1,0.16888592,0.36827543,1,0.20310574
36470,0,0.16888592,0.07261478,0,0.12636211
36471,0,0.16888592,0.07261478,0,0.12636211
36474,0,0.16888592,0.16551480,0,0.17239091
36478,0,0.16888592,0.16551480,0,0.17239091
36482,1,0.16888592,0.16551480,0,0.17239091
36484,0,0.16888592,0.37557354,1,0.26565977
36487,1,0.16888592,0.58043639,1,0.38763497
36489,1,0.16888592,0.22039371,1,0.14820196
36494,0,0.16888592,0.12830167,0,0.13032181
36498,0,0.16888592,0.08405248,0,0.16668649
36503,0,0.16888592,0.11081162,0,0.15050329
36506,0,0.16888592,0.18979604,1,0.17931470
36513,0,0.16888592,0.10176637,0,0.15434772
36519,0,0.16888592,0.16551480,0,0.17239091
36520,0,0.16888592,0.10127010,0,0.15215473
36521,1,0.16888592,0.18979604,1,0.17931470
36522,0,0.16888592,0.14882247,0,0.17411010
36529,0,0.16888592,0.24757340,1,0.18436576
36533,0,0.16888592,0.16551480,0,0.17239091
36542,0,0.16888592,0.14984956,0,0.19128121
36544,0,0.16888592,0.00483174,0,0.02957032
36545,0,0.16888592,0.18979604,1,0.17931470
36556,0,0.16888592,0.20397982,1,0.15270802
36558,0,0.16888592,0.07261478,0,0.12636211
36561,0,0.16888592,0.31988971,1,0.16815414
36565,1,0.16888592,0.07261478,0,0.12636211
36566,0,0.16888592,0.07261478,0,0.12636211
36571,0,0.16888592,0.18979604,1,0.17931470
36585,0,0.16888592,0.11150369,0,0.15571781
36590,0,0.16888592,0.18979604,1,0.17931470
36597,0,0.16888592,0.16527858,0,0.17592375
36599,0,0.16888592,0.21671430,1,0.16856925
36600,0,0.16888592,0.17565664,1,0.17360080
36601,0,0.16888592,0.25619152,1,0.18527693
36603,0,0.16888592,0.17202271,0,0.15348489
36606,0,0.16888592,0.12830167,0,0.13032181
36612,0,0.16888592,0.20097839,1,0.17664054
36615,0,0.16888592,0.16551480,0,0.17239091
36624,0,0.16888592,0.16551480,0,0.17239091
36630,0,0.16888592,0.21671430,1,0.16856925
36632,1,0.16888592,0.07261478,0,0.12636211
36635,0,0.16888592,0.15277146,0,0.17589957
36636,0,0.16888592,0.18979604,1,0.17931470
36640,0,0.16888592,0.16294610,0,0.15680206
36641,0,0.16888592,0.07261478,0,0.12636211
36642,0,0.16888592,0.16551480,0,0.17239091
36650,0,0.16888592,0.07874282,0,0.18369693
36654,0,0.16888592,0.18979604,1,0.17931470
36657,0,0.16888592,0.07261478,0,0.12636211
36670,0,0.16888592,0.10593278,0,0.18021765
36679,0,0.16888592,0.03744348,0,0.14946026
36681,0,0.16888592,0.18979604,1,0.17931470
36682,0,0.16888592,0.13807570,0,0.14780449
36687,1,0.16888592,0.15277146,0,0.17589957
36691,0,0.16888592,0.14316774,0,0.18280436
36694,0,0.16888592,0.51239376,1,0.24451397
36704,0,0.16888592,0.18979604,1,0.17931470
36706,1,0.16888592,0.07261478,0,0.12636211
36711,1,0.16888592,0.26674201,1,0.18668726
36723,0,0.16888592,0.24636912,1,0.14215209
36733,0,0.16888592,0.12830167,0,0.13032181
36736,1,0.16888592,0.21678357,1,0.18154393
36738,0,0.16888592,0.33084084,1,0.21154143
36745,1,0.16888592,0.18979604,1,0.17931470
36749,0,0.16888592,0.16551480,0,0.17239091
36751,1,0.16888592,0.32106282,1,0.19620904
36752,0,0.16888592,0.11081162,0,0.15050329
36760,0,0.16888592,0.42457867,1,0.27308405
36764,0,0.16888592,0.16551480,0,0.17239091
36765,0,0.16888592,0.16551480,0,0.17239091
36776,0,0.16888592,0.18979604,1,0.17931470
36777,0,0.16888592,0.03161961,0,0.15776105
36779,0,0.16888592,0.16527858,0,0.17592375
36786,0,0.16888592,0.18979604,1,0.17931470
36798,0,0.16888592,0.18979604,1,0.17931470
36800,1,0.16888592,0.20884941,1,0.17823715
36806,0,0.16888592,0.07261478,0,0.12636211
36812,0,0.16888592,0.03894051,0,0.17168763
36819,0,0.16888592,0.05644741,0,0.16790810
36826,0,0.16888592,0.07261478,0,0.12636211
36829,0,0.16888592,0.15277146,0,0.17589957
36833,0,0.16888592,0.26978617,1,0.18876052
36834,0,0.16888592,0.21671430,1,0.16856925
36840,1,0.16888592,0.18953304,1,0.18284755
36843,1,0.16888592,0.55348300,1,0.31907096
36865,0,0.16888592,0.16551480,0,0.17239091
36875,0,0.16888592,0.18951938,1,0.18503554
36885,0,0.16888592,0.18979604,1,0.17931470
36889,0,0.16888592,0.11897637,0,0.17278352
36896,0,0.16888592,0.21671430,1,0.16856925
36912,1,0.16888592,0.12757186,0,0.18436792
36924,0,0.16888592,0.14896551,0,0.15571781
36926,0,0.16888592,0.00693922,0,0.07273888
36941,0,0.16888592,0.11873698,0,0.15518989
36943,0,0.16888592,0.07261478,0,0.12636211
36945,1,0.16888592,0.41271620,1,0.18743121
36950,1,0.16888592,0.18979604,1,0.17931470
36954,0,0.16888592,0.06650453,0,0.17739444
36962,0,0.16888592,0.16551480,0,0.17239091
36966,0,0.16888592,0.11081162,0,0.15050329
36967,0,0.16888592,0.18979604,1,0.17931470
36970,1,0.16888592,0.07261478,0,0.12636211
36974,0,0.16888592,0.21671430,1,0.16856925
36976,0,0.16888592,0.12830167,0,0.13032181
36986,1,0.16888592,0.18979604,1,0.17931470
36988,0,0.16888592,0.17557658,1,0.18267720
36997,0,0.16888592,0.11081162,0,0.15050329
37002,0,0.16888592,0.11081162,0,0.15050329
37005,0,0.16888592,0.14984956,0,0.19128121
37012,0,0.16888592,0.50722637,1,0.36585466
37015,0,0.16888592,0.16551480,0,0.17239091
37025,0,0.16888592,0.18979604,1,0.17931470
37029,0,0.16888592,0.18979604,1,0.17931470
37058,0,0.16888592,0.23833922,1,0.18436576
37063,0,0.16888592,0.30379536,1,0.18351750
37067,0,0.16888592,0.20698462,1,0.18010650
37070,1,0.16888592,0.16527858,0,0.17592375
37074,0,0.16888592,0.42457867,1,0.27308405
37082,0,0.16888592,0.16551480,0,0.17239091
37085,0,0.16888592,0.06125078,0,0.15538369
37086,0,0.16888592,0.07261478,0,0.12636211
37091,1,0.16888592,0.43308048,1,0.15039809
37093,0,0.16888592,0.19943089,1,0.17735353
37112,0,0.16888592,0.21329938,1,0.18513808
37117,0,0.16888592,0.16551480,0,0.17239091
37119,1,0.16888592,0.18979604,1,0.17931470
37121,0,0.16888592,0.23378096,1,0.19104729
37124,1,0.16888592,0.42494857,1,0.32002221
37125,1,0.16888592,0.16527858,0,0.17592375
37126,0,0.16888592,0.12830167,0,0.13032181
37128,0,0.16888592,0.03218779,0,0.14873672
37129,0,0.16888592,0.27471789,1,0.18256309
37146,0,0.16888592,0.16551480,0,0.17239091
37150,1,0.16888592,0.11081162,0,0.15050329
37151,0,0.16888592,0.15277146,0,0.17589957
37159,0,0.16888592,0.14814401,0,0.16239025
37161,0,0.16888592,0.16551480,0,0.17239091
37165,0,0.16888592,0.07261478,0,0.12636211
37166,0,0.16888592,0.21671430,1,0.16856925
37171,0,0.16888592,0.11064312,0,0.15404680
37174,0,0.16888592,0.16551480,0,0.17239091
37176,0,0.16888592,0.17416273,0,0.15571781
37182,1,0.16888592,0.11081162,0,0.15050329
37183,0,0.16888592,0.20884941,1,0.17823715
37186,0,0.16888592,0.18979604,1,0.17931470
37191,1,0.16888592,0.16527858,0,0.17592375
37192,1,0.16888592,0.13491175,0,0.17922651
37194,0,0.16888592,0.11024444,0,0.17947801
37204,0,0.16888592,0.18979604,1,0.17931470
37205,0,0.16888592,0.24757340,1,0.18436576
37209,1,0.16888592,0.30740678,1,0.17931169
37211,0,0.16888592,0.51239049,1,0.24869215
37216,0,0.16888592,0.11081162,0,0.15050329
37225,0,0.16888592,0.33669931,1,0.18222875
37226,0,0.16888592,0.04248224,0,0.12605996
37232,0,0.16888592,0.16551480,0,0.17239091
37233,0,0.16888592,0.04550993,0,0.15089939
37239,0,0.16888592,0.16527858,0,0.17592375
37242,1,0.16888592,0.17657565,1,0.17744196
37244,0,0.16888592,0.70985575,1,0.56162109
37252,0,0.16888592,0.16551480,0,0.17239091
37255,0,0.16888592,0.10666264,0,0.17024287
37256,0,0.16888592,0.00533437,0,0.05751326
37260,1,0.16888592,0.25346165,1,0.20712189
37264,0,0.16888592,0.32453204,1,0.18597130
37270,0,0.16888592,0.18979604,1,0.17931470
37272,0,0.16888592,0.16551480,0,0.17239091
37274,0,0.16888592,0.18979604,1,0.17931470
37275,1,0.16888592,0.27422695,1,0.19098074
37277,0,0.16888592,0.07092630,0,0.16222991
37278,0,0.16888592,0.22020780,1,0.17664921
37279,1,0.16888592,0.15277146,0,0.17589957
37282,0,0.16888592,0.21671430,1,0.16856925
37283,0,0.16888592,0.18979604,1,0.17931470
37284,1,0.16888592,0.15324848,0,0.13683495
37286,0,0.16888592,0.18979604,1,0.17931470
37291,0,0.16888592,0.07511293,0,0.12614201
37292,0,0.16888592,0.20824677,1,0.18035561
37294,0,0.16888592,0.00533437,0,0.05751326
37296,0,0.16888592,0.05349620,0,0.16786497
37298,0,0.16888592,0.18979604,1,0.17931470
37313,0,0.16888592,0.16551480,0,0.17239091
37326,0,0.16888592,0.56134287,1,0.25936192
37330,0,0.16888592,0.18979604,1,0.17931470
37334,1,0.16888592,0.11081162,0,0.15050329
37348,0,0.16888592,0.18979604,1,0.17931470
37356,0,0.16888592,0.10478935,0,0.16761755
37369,0,0.16888592,0.11081162,0,0.15050329
37379,0,0.16888592,0.12811042,0,0.13552379
37381,0,0.16888592,0.26203311,1,0.18815483
37383,0,0.16888592,0.16551480,0,0.17239091
37386,0,0.16888592,0.21671430,1,0.16856925
37387,0,0.16888592,0.07261478,0,0.12636211
37388,1,0.16888592,0.18979604,1,0.17931470
37390,0,0.16888592,0.23563171,1,0.18703030
37400,0,0.16888592,0.16527858,0,0.17592375
37413,0,0.16888592,0.18979604,1,0.17931470
37422,0,0.16888592,0.16551480,0,0.17239091
37434,1,0.16888592,0.18979604,1,0.17931470
37435,0,0.16888592,0.11081162,0,0.15050329
37438,0,0.16888592,0.15069264,0,0.15585262
37439,0,0.16888592,0.17301278,0,0.17655670
37441,0,0.16888592,0.12830167,0,0.13032181
37442,0,0.16888592,0.21678357,1,0.18154393
37450,0,0.16888592,0.10176637,0,0.15434772
37458,0,0.16888592,0.27422695,1,0.19098074
37463,0,0.16888592,0.23653954,1,0.17695946
37464,0,0.16888592,0.03902385,0,0.14871860
37468,1,0.16888592,0.25354473,1,0.19049139
37472,0,0.16888592,0.26489788,1,0.19512707
37494,0,0.16888592,0.06884176,0,0.14901578
37499,0,0.16888592,0.00740322,0,0.05486741
37501,0,0.16888592,0.20891958,1,0.18157034
37507,0,0.16888592,0.07261478,0,0.12636211
37516,0,0.16888592,0.18691294,1,0.18708384
37517,0,0.16888592,0.11064312,0,0.15404680
37532,0,0.16888592,0.20945317,1,0.17744196
37541,0,0.16888592,0.21671430,1,0.16856925
37547,0,0.16888592,0.15889153,0,0.16481172
37550,0,0.16888592,0.11081162,0,0.15050329
37552,0,0.16888592,0.16551480,0,0.17239091
37553,0,0.16888592,0.07634062,0,0.12424056
37565,1,0.16888592,0.24280569,1,0.19348429
37568,0,0.16888592,0.06599368,0,0.17136540
37570,0,0.16888592,0.07261478,0,0.12636211
37576,0,0.16888592,0.21671430,1,0.16856925
37579,0,0.16888592,0.25952071,1,0.18436576
37581,0,0.16888592,0.12350085,0,0.15571781
37588,0,0.16888592,0.12830167,0,0.13032181
37590,0,0.16888592,0.12358886,0,0.17531751
37593,1,0.16888592,0.18100954,1,0.18220648
37595,0,0.16888592,0.18979604,1,0.17931470
37600,1,0.16888592,0.30052538,1,0.17655670
37601,0,0.16888592,0.12830167,0,0.13032181
37606,0,0.16888592,0.09149423,0,0.17902577
37607,0,0.16888592,0.21671430,1,0.16856925
37626,0,0.16888592,0.03572416,0,0.13005297
37628,0,0.16888592,0.00750071,0,0.07252113
37642,0,0.16888592,0.16551480,0,0.17239091
37646,0,0.16888592,0.18979604,1,0.17931470
37650,1,0.16888592,0.30379536,1,0.18351750
37658,0,0.16888592,0.14253814,0,0.16161856
37660,0,0.16888592,0.21671430,1,0.16856925
37661,0,0.16888592,0.29508726,1,0.20511758
37663,0,0.16888592,0.11081162,0,0.15050329
37670,0,0.16888592,0.21678357,1,0.18154393
37674,0,0.16888592,0.11081162,0,0.15050329
37676,0,0.16888592,0.16736438,0,0.15795785
37677,1,0.16888592,0.15605231,0,0.15571781
37680,0,0.16888592,0.11081162,0,0.15050329
37693,0,0.16888592,0.11081162,0,0.15050329
37696,0,0.16888592,0.12830167,0,0.13032181
37713,0,0.16888592,0.11064312,0,0.15404680
37724,0,0.16888592,0.12830167,0,0.13032181
37726,0,0.16888592,0.18979604,1,0.17931470
37732,0,0.16888592,0.21083086,1,0.17653655
37738,0,0.16888592,0.07196759,0,0.17278352
37741,0,0.16888592,0.18979604,1,0.17931470
37744,0,0.16888592,0.18979604,1,0.17931470
37752,0,0.16888592,0.14827397,0,0.15528448
37754,0,0.16888592,0.11008333,0,0.13422148
37757,1,0.16888592,0.18979604,1,0.17931470
37758,0,0.16888592,0.21864256,1,0.18242868
37759,0,0.16888592,0.31688110,1,0.18779273
37771,0,0.16888592,0.16395800,0,0.15695549
37773,1,0.16888592,0.18953304,1,0.18284755
37776,0,0.16888592,0.07261478,0,0.12636211
37784,1,0.16888592,0.06778740,0,0.14660845
37791,0,0.16888592,0.21671430,1,0.16856925
37813,0,0.16888592,0.28591443,1,0.18459375
37817,0,0.16888592,0.21489916,1,0.16455324
37828,0,0.16888592,0.28591443,1,0.18459375
37830,0,0.16888592,0.11081162,0,0.15050329
37832,0,0.16888592,0.11081162,0,0.15050329
37833,1,0.16888592,0.21678357,1,0.18154393
37842,0,0.16888592,0.07261478,0,0.12636211
37844,0,0.16888592,0.12607561,0,0.13733196
37853,0,0.16888592,0.16527858,0,0.17592375
37855,1,0.16888592,0.26375138,1,0.17655670
37856,0,0.16888592,0.21597764,1,0.18681156
37858,0,0.16888592,0.13647791,0,0.18551785
37860,0,0.16888592,0.17295257,0,0.16548268
37874,1,0.16888592,0.13130315,0,0.17103805
37877,0,0.16888592,0.17039728,0,0.14697583
37886,0,0.16888592,0.11081162,0,0.15050329
37888,0,0.16888592,0.11081162,0,0.15050329
37916,0,0.16888592,0.16551480,0,0.17239091
37920,0,0.16888592,0.18979604,1,0.17931470
37921,0,0.16888592,0.07261478,0,0.12636211
37935,0,0.16888592,0.23105796,1,0.17655670
37940,0,0.16888592,0.10798700,0,0.17411010
37944,0,0.16888592,0.07261478,0,0.12636211
37953,0,0.16888592,0.16527858,0,0.17592375
37954,0,0.16888592,0.26707610,1,0.18513808
37957,0,0.16888592,0.23105796,1,0.17655670
37959,0,0.16888592,0.21678357,1,0.18154393
37962,1,0.16888592,0.17920207,1,0.18436576
37965,0,0.16888592,0.24074818,1,0.21654899
37982,0,0.16888592,0.11081162,0,0.15050329
37988,0,0.16888592,0.11081162,0,0.15050329
37996,0,0.16888592,0.16551480,0,0.17239091
37998,0,0.16888592,0.18979604,1,0.17931470
38002,1,0.16888592,0.85106072,1,0.63221614
38017,1,0.16888592,0.21671430,1,0.16856925
38018,0,0.16888592,0.16551480,0,0.17239091
38019,0,0.16888592,0.07261478,0,0.12636211
38031,0,0.16888592,0.21671430,1,0.16856925
38032,0,0.16888592,0.18979604,1,0.17931470
38041,1,0.16888592,0.11081162,0,0.15050329
38046,0,0.16888592,0.24780457,1,0.18020668
38049,0,0.16888592,0.27586448,1,0.19287224
38053,0,0.16888592,0.22867516,1,0.18529320
38060,0,0.16888592,0.17657565,1,0.17744196
38074,0,0.16888592,0.12474607,0,0.15353923
38084,1,0.16888592,0.18979604,1,0.17931470
38091,0,0.16888592,0.16551480,0,0.17239091
38092,0,0.16888592,0.05733375,0,0.16306195
38100,0,0.16888592,0.16527858,0,0.17592375
38111,0,0.16888592,0.09994451,0,0.13410725
38117,0,0.16888592,0.17556595,0,0.17161561
38124,1,0.16888592,0.15469337,0,0.15588496
38135,0,0.16888592,0.19185457,1,0.14112757
38138,0,0.16888592,0.27011767,1,0.18775725
38152,0,0.16888592,0.32106282,1,0.19620904
38156,0,0.16888592,0.13253674,0,0.17970732
38161,0,0.16888592,0.18979604,1,0.17931470
38168,0,0.16888592,0.29623377,1,0.22177902
38175,0,0.16888592,0.20536973,1,0.17660554
38178,0,0.16888592,0.14814401,0,0.16239025
38188,1,0.16888592,0.16551480,0,0.17239091
38196,0,0.16888592,0.11980455,0,0.18860291
38205,0,0.16888592,0.07261478,0,0.12636211
38207,1,0.16888592,0.21671430,1,0.16856925
38209,0,0.16888592,0.14147888,0,0.17963481
38210,0,0.16888592,0.18979604,1,0.17931470
38212,1,0.16888592,0.07261478,0,0.12636211
38213,0,0.16888592,0.16397887,0,0.18349206
38220,0,0.16888592,0.11081162,0,0.15050329
38232,0,0.16888592,0.11081162,0,0.15050329
38239,0,0.16888592,0.11081162,0,0.15050329
38241,0,0.16888592,0.16551480,0,0.17239091
38254,1,0.16888592,0.10406013,0,0.15539543
38255,0,0.16888592,0.26690915,1,0.17747810
38256,0,0.16888592,0.15339338,0,0.17744196
38262,0,0.16888592,0.18979604,1,0.17931470
38266,1,0.16888592,0.11081162,0,0.15050329
38271,1,0.16888592,0.16551480,0,0.17239091
38272,0,0.16888592,0.25659390,1,0.20818714
38279,0,0.16888592,0.11081162,0,0.15050329
38280,0,0.16888592,0.12830167,0,0.13032181
38284,0,0.16888592,0.14241992,0,0.17706820
38287,0,0.16888592,0.23858661,1,0.18264940
38298,0,0.16888592,0.19929863,1,0.19117990
38311,0,0.16888592,0.11081162,0,0.15050329
38312,0,0.16888592,0.16551480,0,0.17239091
38320,0,0.16888592,0.16096567,0,0.18571209
38322,1,0.16888592,0.18979604,1,0.17931470
38325,0,0.16888592,0.18979604,1,0.17931470
38332,0,0.16888592,0.11081162,0,0.15050329
38342,0,0.16888592,0.23808167,1,0.18856628
38345,0,0.16888592,0.24636552,1,0.18735033
38350,0,0.16888592,0.07261478,0,0.12636211
38359,0,0.16888592,0.23893958,1,0.18889224
38363,0,0.16888592,0.10911786,0,0.15475866
38394,0,0.16888592,0.21671430,1,0.16856925
38397,0,0.16888592,0.26690915,1,0.17747810
38401,0,0.16888592,0.40101834,1,0.24344539
38406,0,0.16888592,0.16359090,0,0.16375905
38427,0,0.16888592,0.16551480,0,0.17239091
38435,0,0.16888592,0.48258868,1,0.37630465
38441,0,0.16888592,0.16551480,0,0.17239091
38455,0,0.16888592,0.17790318,1,0.21504118
38456,0,0.16888592,0.04330864,0,0.16132191
38458,0,0.16888592,0.00570162,0,0.01743081
38466,1,0.16888592,0.20174983,1,0.17655670
38467,0,0.16888592,0.15047989,0,0.18118169
38475,0,0.16888592,0.16551480,0,0.17239091
38481,0,0.16888592,0.11081162,0,0.15050329
38485,0,0.16888592,0.15277146,0,0.17589957
38487,1,0.16888592,0.12830167,0,0.13032181
38490,0,0.16888592,0.18979604,1,0.17931470
38497,1,0.16888592,0.12885153,0,0.18137723
38500,0,0.16888592,0.12830167,0,0.13032181
38502,0,0.16888592,0.32198841,1,0.20015108
38508,0,0.16888592,0.27422695,1,0.19098074
38509,0,0.16888592,0.00693922,0,0.07273888
38510,0,0.16888592,0.20700003,1,0.18648743
38512,0,0.16888592,0.13894014,0,0.15630620
38513,0,0.16888592,0.18979604,1,0.17931470
38517,0,0.16888592,0.16551480,0,0.17239091
38518,0,0.16888592,0.12830167,0,0.13032181
38523,0,0.16888592,0.07261478,0,0.12636211
38525,0,0.16888592,0.18979604,1,0.17931470
38526,0,0.16888592,0.16551480,0,0.17239091
38531,1,0.16888592,0.16294610,0,0.15680206
38538,0,0.16888592,0.16551480,0,0.17239091
38551,0,0.16888592,0.23787858,1,0.18388712
38552,0,0.16888592,0.13504974,0,0.17744196
38554,0,0.16888592,0.23378096,1,0.19104729
38559,1,0.16888592,0.16551480,0,0.17239091
38562,0,0.16888592,0.17025654,0,0.18282644
38566,0,0.16888592,0.18979604,1,0.17931470
38569,0,0.16888592,0.15277146,0,0.17589957
38584,1,0.16888592,0.13523933,0,0.16792842
38585,0,0.16888592,0.45157884,1,0.27725090
38589,0,0.16888592,0.12830167,0,0.13032181
38593,0,0.16888592,0.12830167,0,0.13032181
38618,0,0.16888592,0.12637858,0,0.13500207
38620,0,0.16888592,0.11081162,0,0.15050329
38630,1,0.16888592,0.18979604,1,0.17931470
38643,0,0.16888592,0.23833922,1,0.18436576
38650,0,0.16888592,0.03301901,0,0.10836298
38664,0,0.16888592,0.11064312,0,0.15404680
38676,0,0.16888592,0.06919065,0,0.13272274
38682,0,0.16888592,0.15277146,0,0.17589957
38685,0,0.16888592,0.12830167,0,0.13032181
38686,0,0.16888592,0.00459765,0,0.04697764
38688,0,0.16888592,0.11081162,0,0.15050329
38689,0,0.16888592,0.12830167,0,0.13032181
38690,0,0.16888592,0.16527858,0,0.17592375
38698,0,0.16888592,0.11081162,0,0.15050329
38702,0,0.16888592,0.25010781,1,0.18436576
38708,0,0.16888592,0.16551480,0,0.17239091
38714,1,0.16888592,0.18979604,1,0.17931470
38723,0,0.16888592,0.31485485,1,0.17932142
38724,0,0.16888592,0.18979604,1,0.17931470
38727,1,0.16888592,0.11064312,0,0.15404680
38732,0,0.16888592,0.11064312,0,0.15404680
38743,0,0.16888592,0.16551480,0,0.17239091
38751,0,0.16888592,0.16527858,0,0.17592375
38752,0,0.16888592,0.16551480,0,0.17239091
38759,0,0.16888592,0.11081162,0,0.15050329
38763,0,0.16888592,0.16527858,0,0.17592375
38764,0,0.16888592,0.10203686,0,0.17660057
38765,0,0.16888592,0.12830167,0,0.13032181
38781,0,0.16888592,0.17557658,1,0.18267720
38788,1,0.16888592,0.23332865,1,0.19133145
38791,0,0.16888592,0.17373409,0,0.18690621
38793,0,0.16888592,0.18574360,1,0.18883945
38795,1,0.16888592,0.16214458,0,0.15571781
38800,0,0.16888592,0.11081162,0,0.15050329
38803,0,0.16888592,0.24636552,1,0.18735033
38807,0,0.16888592,0.18979604,1,0.17931470
38808,0,0.16888592,0.16551480,0,0.17239091
38817,1,0.16888592,0.18979604,1,0.17931470
38828,0,0.16888592,0.11081162,0,0.15050329
38837,0,0.16888592,0.16551480,0,0.17239091
38838,1,0.16888592,0.23283636,1,0.14097809
38840,0,0.16888592,0.18979604,1,0.17931470
38845,0,0.16888592,0.19076262,1,0.17970732
38846,1,0.16888592,0.15277146,0,0.17589957
38863,0,0.16888592,0.16411157,0,0.14197787
38871,0,0.16888592,0.28505602,1,0.18033063
38875,0,0.16888592,0.23114690,1,0.18173098
38881,0,0.16888592,0.35739660,1,0.17944536
38882,0,0.16888592,0.11081162,0,0.15050329
38888,0,0.16888592,0.13655501,0,0.18436576
38893,0,0.16888592,0.07977647,0,0.15518962
38898,0,0.16888592,0.14253814,0,0.16161856
38904,1,0.16888592,0.14253814,0,0.16161856
38905,0,0.16888592,0.13289100,0,0.17823715
38914,0,0.16888592,0.16527858,0,0.17592375
38918,0,0.16888592,0.07261478,0,0.12636211
38919,1,0.16888592,0.18979604,1,0.17931470
38922,1,0.16888592,0.16551480,0,0.17239091
38925,0,0.16888592,0.18979604,1,0.17931470
38933,0,0.16888592,0.07261478,0,0.12636211
38935,0,0.16888592,0.10180811,0,0.14923663
38936,1,0.16888592,0.16426244,0,0.16175214
38940,0,0.16888592,0.20097839,1,0.17664054
38941,1,0.16888592,0.44300708,1,0.22891258
38959,0,0.16888592,0.14171686,0,0.18321013
38963,0,0.16888592,0.17557658,1,0.18267720
38966,1,0.16888592,0.11064312,0,0.15404680
38977,0,0.16888592,0.13289100,0,0.17823715
38982,0,0.16888592,0.11081162,0,0.15050329
38986,0,0.16888592,0.11700213,0,0.13272274
38989,1,0.16888592,0.24636552,1,0.18735033
38990,0,0.16888592,0.16551480,0,0.17239091
39000,1,0.16888592,0.29731673,1,0.20831180
39001,0,0.16888592,0.10176637,0,0.15434772
39005,0,0.16888592,0.11008333,0,0.13422148
39016,1,0.16888592,0.18979604,1,0.17931470
39017,0,0.16888592,0.24757340,1,0.18436576
39018,0,0.16888592,0.21870369,1,0.17744196
39020,1,0.16888592,0.18979604,1,0.17931470
39024,0,0.16888592,0.15277146,0,0.17589957
39035,0,0.16888592,0.18979604,1,0.17931470
39036,0,0.16888592,0.18979604,1,0.17931470
39042,0,0.16888592,0.14301935,0,0.16550102
39046,1,0.16888592,0.28085636,1,0.18897376
39047,1,0.16888592,0.12830167,0,0.13032181
39049,0,0.16888592,0.08663309,0,0.14660845
39051,0,0.16888592,0.18979604,1,0.17931470
39057,1,0.16888592,0.55348300,1,0.31907096
39059,0,0.16888592,0.12830167,0,0.13032181
39071,1,0.16888592,0.24138380,1,0.18019696
39073,1,0.16888592,0.19510081,1,0.18436576
39079,0,0.16888592,0.23114690,1,0.18173098
39082,0,0.16888592,0.21671430,1,0.16856925
39092,0,0.16888592,0.17199677,0,0.14486105
39094,0,0.16888592,0.21678357,1,0.18154393
39099,0,0.16888592,0.21671430,1,0.16856925
39100,0,0.16888592,0.10127010,0,0.15215473
39105,1,0.16888592,0.22020780,1,0.17664921
39116,0,0.16888592,0.16551480,0,0.17239091
39120,0,0.16888592,0.27422695,1,0.19098074
39126,0,0.16888592,0.06841622,0,0.14660845
39140,0,0.16888592,0.07261478,0,0.12636211
39144,0,0.16888592,0.11081162,0,0.15050329
39147,1,0.16888592,0.50722637,1,0.36585466
39152,0,0.16888592,0.11081162,0,0.15050329
39155,1,0.16888592,0.18979604,1,0.17931470
39162,1,0.16888592,0.85106072,1,0.63221614
39164,0,0.16888592,0.11081162,0,0.15050329
39171,0,0.16888592,0.11801825,0,0.13885794
39174,0,0.16888592,0.08582398,0,0.17764649
39175,0,0.16888592,0.11081162,0,0.15050329
39179,0,0.16888592,0.11081162,0,0.15050329
39184,0,0.16888592,0.18979604,1,0.17931470
39185,0,0.16888592,0.11064312,0,0.15404680
39190,0,0.16888592,0.11081162,0,0.15050329
39191,0,0.16888592,0.18979604,1,0.17931470
39200,1,0.16888592,0.19252564,1,0.15276025
39209,0,0.16888592,0.12830167,0,0.13032181
39220,0,0.16888592,0.11081162,0,0.15050329
39222,0,0.16888592,0.12124797,0,0.17296901
39238,0,0.16888592,0.12830167,0,0.13032181
39241,0,0.16888592,0.00860765,0,0.04082672
39247,0,0.16888592,0.16226068,0,0.13796340
39249,1,0.16888592,0.51208144,1,0.30549469
39251,0,0.16888592,0.21678357,1,0.18154393
39252,0,0.16888592,0.20884941,1,0.17823715
39256,0,0.16888592,0.06645442,0,0.13344003
39260,0,0.16888592,0.22020780,1,0.17664921
39266,0,0.16888592,0.07261478,0,0.12636211
39267,0,0.16888592,0.22020780,1,0.17664921
39271,0,0.16888592,0.15069264,0,0.15585262
39272,0,0.16888592,0.07261478,0,0.12636211
39275,0,0.16888592,0.33094713,1,0.18604207
39280,0,0.16888592,0.27422695,1,0.19098074
39301,0,0.16888592,0.03620517,0,0.14569288
39302,0,0.16888592,0.21678357,1,0.18154393
39308,0,0.16888592,0.07261478,0,0.12636211
39309,0,0.16888592,0.18979604,1,0.17931470
39313,0,0.16888592,0.18979604,1,0.17931470
39316,0,0.16888592,0.16007066,0,0.13763039
39318,0,0.16888592,0.21671430,1,0.16856925
39319,0,0.16888592,0.29148345,1,0.22891658
39333,0,0.16888592,0.05661656,0,0.12344332
39337,1,0.16888592,0.23378096,1,0.19104729
39340,0,0.16888592,0.18186558,1,0.18436576
39341,0,0.16888592,0.03046982,0,0.14643504
39343,1,0.16888592,0.24138380,1,0.18019696
39344,1,0.16888592,0.10885112,0,0.15754388
39346,0,0.16888592,0.07249963,0,0.13120452
39354,0,0.16888592,0.20346677,1,0.12562430
39358,0,0.16888592,0.40117438,1,0.21997919
39367,0,0.16888592,0.18979604,1,0.17931470
39381,1,0.16888592,0.11081162,0,0.15050329
39387,0,0.16888592,0.18714910,1,0.18436576
39395,0,0.16888592,0.20443823,1,0.16220805
39398,0,0.16888592,0.18644743,1,0.18775515
39405,0,0.16888592,0.12739773,0,0.17213603
39408,0,0.16888592,0.16551480,0,0.17239091
39425,1,0.16888592,0.29518713,1,0.19105233
39426,1,0.16888592,0.11081162,0,0.15050329
39428,0,0.16888592,0.11081162,0,0.15050329
39430,0,0.16888592,0.24780457,1,0.18020668
39431,0,0.16888592,0.16551480,0,0.17239091
39432,0,0.16888592,0.03173206,0,0.17625770
39441,1,0.16888592,0.18979604,1,0.17931470
39453,0,0.16888592,0.12830167,0,0.13032181
39465,0,0.16888592,0.11081162,0,0.15050329
39467,0,0.16888592,0.12830167,0,0.13032181
39468,0,0.16888592,0.18979604,1,0.17931470
39479,1,0.16888592,0.24141443,1,0.20413241
39482,0,0.16888592,0.11081162,0,0.15050329
39499,1,0.16888592,0.18979604,1,0.17931470
39502,0,0.16888592,0.18979604,1,0.17931470
39506,0,0.16888592,0.17018960,0,0.17744196
39508,0,0.16888592,0.08336305,0,0.14660845
39510,1,0.16888592,0.09173628,0,0.16191215
39517,1,0.16888592,0.20097839,1,0.17664054
39526,1,0.16888592,0.18979604,1,0.17931470
39528,0,0.16888592,0.21671430,1,0.16856925
39529,0,0.16888592,0.16195194,0,0.17919469
39530,0,0.16888592,0.11081162,0,0.15050329
39531,0,0.16888592,0.11081162,0,0.15050329
39534,0,0.16888592,0.18979604,1,0.17931470
39535,0,0.16888592,0.11081162,0,0.15050329
39539,1,0.16888592,0.18979604,1,0.17931470
39544,0,0.16888592,0.04396176,0,0.14360998
39547,1,0.16888592,0.18979604,1,0.17931470
39549,0,0.16888592,0.16551480,0,0.17239091
39556,0,0.16888592,0.16736438,0,0.15795785
39558,0,0.16888592,0.17039728,0,0.14697583
39565,0,0.16888592,0.21671430,1,0.16856925
39579,0,0.16888592,0.12830167,0,0.13032181
39580,0,0.16888592,0.15147653,0,0.17624494
39584,0,0.16888592,0.14331809,0,0.19295020
39589,0,0.16888592,0.09118850,0,0.17603031
39595,0,0.16888592,0.16449349,0,0.16100028
39597,0,0.16888592,0.16527858,0,0.17592375
39611,1,0.16888592,0.51916537,1,0.31341108
39612,0,0.16888592,0.28591443,1,0.18459375
39614,0,0.16888592,0.18979604,1,0.17931470
39621,0,0.16888592,0.15277146,0,0.17589957
39623,0,0.16888592,0.19185457,1,0.14112757
39629,0,0.16888592,0.03894051,0,0.17168763
39639,1,0.16888592,0.11961221,0,0.17736597
39645,1,0.16888592,0.32014619,1,0.18725443
39650,0,0.16888592,0.25384582,1,0.17655670
39672,0,0.16888592,0.16551480,0,0.17239091
39684,0,0.16888592,0.16527858,0,0.17592375
39708,1,0.16888592,0.18979604,1,0.17931470
39713,1,0.16888592,0.16551480,0,0.17239091
39723,0,0.16888592,0.17028355,0,0.17939016
39726,0,0.16888592,0.18979604,1,0.17931470
39735,0,0.16888592,0.27586448,1,0.19287224
39736,0,0.16888592,0.18979604,1,0.17931470
39741,1,0.16888592,0.44300708,1,0.22891258
39748,1,0.16888592,0.47082487,1,0.26565765
39751,0,0.16888592,0.16551480,0,0.17239091
39755,0,0.16888592,0.12830167,0,0.13032181
39758,0,0.16888592,0.16214458,0,0.15571781
39773,0,0.16888592,0.30379536,1,0.18351750
39776,0,0.16888592,0.12101438,0,0.17592375
39784,0,0.16888592,0.16527858,0,0.17592375
39787,0,0.16888592,0.28505602,1,0.18033063
39791,0,0.16888592,0.26789525,1,0.18388326
39797,0,0.16888592,0.16551480,0,0.17239091
39800,1,0.16888592,0.27514990,1,0.20403318
39810,0,0.16888592,0.16551480,0,0.17239091
39822,0,0.16888592,0.23434376,1,0.19473268
39828,0,0.16888592,0.07261478,0,0.12636211
39830,0,0.16888592,0.19706868,1,0.18082840
39833,0,0.16888592,0.16551480,0,0.17239091
39838,1,0.16888592,0.08267760,0,0.16823223
39853,0,0.16888592,0.21061040,1,0.14013022
39855,0,0.16888592,0.12830167,0,0.13032181
39871,0,0.16888592,0.16551480,0,0.17239091
39879,0,0.16888592,0.12830167,0,0.13032181
39884,0,0.16888592,0.11064312,0,0.15404680
39885,1,0.16888592,0.18979604,1,0.17931470
39893,0,0.16888592,0.07132279,0,0.16048218
39897,0,0.16888592,0.10176637,0,0.15434772
39903,1,0.16888592,0.23808167,1,0.18856628
39913,1,0.16888592,0.06316592,0,0.17741149
39914,1,0.16888592,0.11081162,0,0.15050329
39916,0,0.16888592,0.16148141,0,0.18755737
39920,0,0.16888592,0.11252376,0,0.14660845
39923,0,0.16888592,0.18979604,1,0.17931470
39925,0,0.16888592,0.16527858,0,0.17592375
