row_id,split,label
0,train,0
1,train,1
2,validation,0
3,train,0
4,train,0
5,test,1
6,test,0
7,train,0
8,test,0
9,train,1
10,train,0
11,train,1
12,train,0
13,train,0
14,train,0
15,test,0
16,test,0
17,validation,0
18,train,0
19,train,0
20,train,1
21,train,0
22,validation,0
23,train,0
24,train,0
25,train,0
26,train,0
27,train,1
28,train,0
29,test,0
30,validation,0
31,test,0
32,train,0
33,train,0
34,train,1
35,test,0
36,train,0
37,train,1
38,train,0
39,train,0
40,train,0
41,train,0
42,validation,0
43,validation,0
44,test,1
45,train,0
46,train,0
47,validation,0
48,train,0
49,train,1
50,train,0
51,train,0
52,train,0
53,train,1
54,train,1
55,train,0
56,train,1
57,train,0
58,test,0
59,validation,0
60,train,0
61,train,0
62,validation,0
63,validation,0
64,train,1
65,train,0
66,train,0
67,train,0
68,train,0
69,validation,1
70,train,0
71,train,0
72,train,0
73,test,0
74,train,0
75,train,0
76,train,0
77,train,0
78,test,0
79,train,0
80,validation,0
81,validation,0
82,train,0
83,train,0
84,validation,0
85,validation,0
86,train,0
87,train,0
88,test,0
89,train,1
90,test,0
91,validation,0
92,test,0
93,train,0
94,train,0
95,validation,0
96,train,0
97,train,1
98,train,0
99,validation,0
100,validation,0
101,train,0
102,train,0
103,validation,1
104,train,0
105,train,0
106,validation,0
107,train,0
108,train,0
109,train,0
110,test,0
111,train,0
112,train,0
113,validation,1
114,test,1
115,test,0
116,validation,0
117,test,1
118,test,1
119,validation,1
120,validation,0
121,train,0
122,train,0
123,test,0
124,train,0
125,train,0
126,train,0
127,train,1
128,train,0
129,train,0
130,train,0
131,train,0
132,test,0
133,train,0
134,validation,0
135,train,0
136,validation,0
137,train,0
138,validation,0
139,train,0
140,validation,0
141,validation,0
142,test,0
143,train,0
144,validation,0
145,train,0
146,validation,0
147,validation,0
148,train,0
149,train,0
150,train,0
151,train,1
152,test,0
153,train,0
154,train,0
155,train,0
156,train,0
157,train,1
158,test,0
159,test,0
160,train,0
161,train,1
162,train,1
163,train,0
164,train,0
165,train,0
166,train,0
167,test,0
168,test,1
169,train,0
170,train,0
171,train,0
172,validation,0
173,train,0
174,validation,0
175,test,0
176,train,0
177,train,0
178,train,1
179,test,0
180,validation,0
181,train,0
182,train,0
183,test,0
184,validation,0
185,train,0
186,train,0
187,validation,1
188,train,1
189,train,0
190,train,0
191,train,0
192,train,0
193,test,1
194,train,0
195,test,0
196,validation,0
197,train,1
198,train,1
199,train,0
200,validation,0
201,validation,0
202,train,0
203,train,0
204,test,0
205,train,0
206,test,0
207,train,1
208,train,0
209,train,1
210,train,1
211,validation,1
212,train,1
213,train,1
214,train,0
215,train,0
216,train,1
217,validation,0
218,test,0
219,test,0
220,train,0
221,train,0
222,train,0
223,validation,0
224,test,0
225,train,1
226,train,0
227,train,0
228,validation,1
229,test,0
230,validation,0
231,test,0
232,validation,1
233,train,0
234,train,0
235,train,0
236,validation,0
237,train,0
238,test,0
239,train,0
240,train,0
241,train,0
242,train,0
243,test,0
244,train,0
245,train,0
246,train,0
247,validation,1
248,train,0
249,validation,0
250,validation,0
251,train,0
252,validation,0
253,train,0
254,train,0
255,test,0
256,test,0
257,train,1
258,test,0
259,train,0
260,test,0
261,test,0
262,test,0
263,train,0
264,train,0
265,train,0
266,validation,0
267,train,1
268,train,0
269,train,0
270,train,0
271,train,1
272,train,0
273,train,0
274,train,0
275,validation,0
276,test,0
277,train,0
278,validation,0
279,train,0
280,train,0
281,train,1
282,validation,0
283,validation,0
284,train,0
285,train,1
286,train,0
287,train,0
288,train,1
289,test,0
290,validation,0
291,train,1
292,train,0
293,train,0
294,test,0
295,validation,0
296,validation,0
297,train,0
298,train,1
299,test,0
300,test,0
301,validation,1
302,train,0
303,train,0
304,train,0
305,train,0
306,train,1
307,test,0
308,validation,0
309,train,0
310,validation,0
311,validation,0
312,test,0
313,validation,0
314,test,0
315,train,0
316,test,0
317,train,0
318,validation,0
319,train,0
320,test,0
321,train,0
322,train,1
323,test,0
324,train,0
325,validation,0
326,validation,1
327,test,0
328,train,0
329,train,0
330,test,1
331,test,0
332,test,1
333,train,0
334,train,1
335,train,0
336,train,1
337,validation,0
338,train,0
339,train,0
340,test,0
341,train,0
342,train,1
343,train,0
344,validation,0
345,test,0
346,train,1
347,train,0
348,train,0
349,validation,0
350,validation,0
351,train,0
352,test,0
353,test,0
354,train,0
355,test,0
356,test,0
357,test,0
358,train,0
359,validation,0
360,validation,0
361,test,0
362,test,0
363,train,0
364,validation,1
365,test,0
366,test,0
367,train,0
368,train,0
369,validation,0
370,test,1
371,validation,0
372,train,0
373,train,1
374,train,0
375,test,0
376,validation,0
377,validation,0
378,train,0
379,validation,0
380,train,0
381,validation,1
382,train,1
383,validation,0
384,validation,0
385,train,0
386,train,0
387,train,0
388,train,0
389,train,0
390,validation,0
391,train,0
392,train,1
393,validation,1
394,validation,0
395,train,0
396,test,1
397,validation,0
398,test,0
399,train,1
400,train,1
401,train,1
402,validation,0
403,validation,0
404,train,0
405,train,0
406,train,0
407,validation,0
408,test,0
409,train,0
410,validation,0
411,validation,1
412,train,1
413,train,0
414,train,0
415,train,0
416,test,0
417,train,0
418,validation,0
419,train,0
420,test,0
421,train,0
422,train,0
423,train,0
424,test,1
425,train,0
426,train,0
427,train,0
428,train,1
429,train,0
430,train,0
431,train,0
432,validation,0
433,train,0
434,train,0
435,train,0
436,train,0
437,test,0
438,test,0
439,test,0
440,train,1
441,test,1
442,train,0
443,validation,0
444,train,0
445,train,1
446,train,0
447,validation,0
448,train,0
449,train,0
450,test,1
451,train,0
452,test,1
453,test,0
454,test,0
455,validation,0
456,validation,0
457,train,0
458,train,1
459,test,0
460,train,1
461,train,0
462,test,0
463,train,0
464,train,1
465,train,0
466,test,0
467,validation,0
468,test,1
469,test,0
470,train,0
471,validation,0
472,train,0
473,train,0
474,train,0
475,train,0
476,train,0
477,validation,0
478,train,0
479,train,1
480,train,0
481,test,0
482,train,0
483,train,0
484,train,0
485,validation,0
486,test,0
487,train,0
488,train,0
489,train,0
490,validation,0
491,train,1
492,train,1
493,validation,1
494,train,1
495,train,0
496,train,1
497,train,0
498,train,0
499,train,0
500,validation,0
501,validation,1
502,train,1
503,test,0
504,test,0
505,train,0
506,test,1
507,train,0
508,train,0
509,test,0
510,train,1
511,train,1
512,train,0
513,train,0
514,train,0
515,train,1
516,train,0
517,test,0
518,train,0
519,validation,0
520,train,0
521,train,1
522,test,1
523,train,0
524,test,0
525,validation,1
526,train,0
527,test,0
528,validation,0
529,validation,1
530,train,0
531,train,0
532,train,0
533,train,1
534,train,0
535,train,0
536,validation,0
537,train,0
538,test,0
539,test,0
540,train,1
541,train,1
542,train,0
543,validation,0
544,test,1
545,train,0
546,validation,0
547,train,0
548,train,0
549,train,1
550,train,0
551,validation,1
552,train,0
553,test,1
554,train,0
555,train,1
556,validation,0
557,test,0
558,train,0
559,train,0
560,validation,0
561,test,0
562,train,0
563,validation,1
564,train,0
565,train,0
566,train,1
567,train,0
568,validation,0
569,train,0
570,validation,1
571,train,0
572,validation,0
573,test,0
574,validation,0
575,train,0
576,train,0
577,validation,0
578,train,0
579,train,0
580,train,0
581,test,0
582,train,1
583,train,0
584,validation,0
585,train,0
586,train,0
587,train,1
588,validation,0
589,validation,0
590,validation,0
591,test,0
592,train,0
593,test,0
594,validation,0
595,validation,0
596,test,0
597,train,0
598,validation,0
599,train,0
600,validation,0
601,test,0
602,validation,0
603,test,0
604,train,0
605,train,1
606,train,0
607,test,0
608,train,0
609,train,0
610,train,0
611,validation,0
612,train,1
613,test,0
614,test,0
615,train,0
616,train,0
617,train,0
618,validation,0
619,train,1
620,validation,0
621,validation,0
622,test,0
623,validation,1
624,train,0
625,validation,0
626,train,0
627,train,0
628,test,1
629,test,0
630,validation,1
631,train,0
632,train,0
633,test,0
634,train,0
635,train,0
636,validation,1
637,test,0
638,train,0
639,validation,0
640,train,0
641,test,0
642,train,1
643,test,0
644,test,0
645,train,0
646,test,0
647,train,1
648,test,1
649,validation,0
650,train,1
651,test,0
652,train,0
653,test,1
654,validation,0
655,train,0
656,test,0
657,train,0
658,train,0
659,validation,0
660,test,0
661,validation,0
662,train,0
663,test,0
664,train,0
665,train,0
666,validation,1
667,test,0
668,train,1
669,train,0
670,train,0
671,train,0
672,test,0
673,validation,0
674,validation,0
675,test,1
676,train,0
677,train,1
678,train,0
679,train,0
680,test,0
681,test,0
682,train,0
683,validation,0
684,train,0
685,test,0
686,train,0
687,train,0
688,validation,0
689,train,0
690,validation,0
691,validation,0
692,test,1
693,train,0
694,test,0
695,train,0
696,test,0
697,validation,0
698,test,0
699,train,0
700,train,0
701,train,0
702,train,0
703,train,0
704,train,0
705,test,1
706,validation,1
707,train,0
708,train,0
709,train,0
710,train,0
711,train,0
712,train,1
713,test,0
714,train,0
715,test,0
716,train,1
717,validation,0
718,train,0
719,train,0
720,train,0
721,train,0
722,train,0
723,test,0
724,train,0
725,train,1
726,validation,0
727,train,0
728,train,0
729,test,1
730,train,0
731,validation,0
732,train,0
733,test,1
734,validation,0
735,train,0
736,test,0
737,train,0
738,test,1
739,test,0
740,train,0
741,train,0
742,validation,0
743,train,0
744,validation,0
745,train,1
746,test,0
747,train,1
748,train,0
749,test,0
750,train,0
751,validation,0
752,test,0
753,train,0
754,train,0
755,validation,1
756,test,0
757,train,0
758,train,0
759,test,1
760,train,1
761,train,0
762,train,0
763,train,0
764,test,0
765,train,0
766,validation,0
767,train,0
768,train,0
769,train,0
770,train,1
771,train,0
772,train,0
773,train,0
774,validation,0
775,train,1
776,test,0
777,validation,0
778,validation,0
779,train,0
780,test,0
781,test,0
782,train,1
783,test,0
784,test,0
785,test,0
786,train,0
787,validation,0
788,validation,0
789,train,0
790,train,0
791,train,0
792,train,0
793,test,0
794,train,0
795,train,0
796,validation,0
797,test,0
798,train,0
799,train,1
800,train,1
801,train,1
802,train,1
803,validation,0
804,train,0
805,train,0
806,train,0
807,train,1
808,validation,0
809,train,0
810,test,0
811,validation,0
812,train,0
813,train,1
814,train,0
815,train,0
816,test,0
817,validation,0
818,validation,0
819,train,0
820,train,0
821,train,0
822,train,0
823,test,0
824,validation,0
825,train,0
826,train,0
827,train,0
828,validation,0
829,validation,0
830,test,0
831,train,0
832,train,0
833,train,0
834,train,0
835,train,0
836,validation,0
837,train,0
838,train,0
839,validation,0
840,validation,0
841,test,0
842,train,0
843,train,0
844,test,0
845,train,0
846,train,0
847,validation,0
848,train,0
849,train,0
850,train,0
851,validation,1
852,validation,0
853,test,0
854,test,0
855,test,0
856,validation,0
857,validation,0
858,test,0
859,train,0
860,test,1
861,validation,0
862,train,1
863,train,0
864,train,0
865,test,0
866,train,0
867,test,0
868,train,0
869,validation,0
870,train,0
871,train,0
872,test,0
873,train,1
874,train,0
875,train,0
876,train,0
877,train,0
878,train,0
879,train,1
880,test,0
881,train,0
882,test,1
883,train,0
884,train,0
885,train,0
886,test,0
887,train,0
888,train,0
889,train,1
890,train,0
891,validation,0
892,train,0
893,train,0
894,train,0
895,train,1
896,test,0
897,train,1
898,validation,1
899,validation,0
900,train,0
901,train,0
902,train,0
903,test,0
904,test,1
905,validation,0
906,train,0
907,train,0
908,train,0
909,validation,0
910,validation,0
911,train,0
912,validation,1
913,train,1
914,train,0
915,validation,0
916,validation,1
917,test,0
918,test,0
919,train,0
920,train,0
921,train,0
922,validation,0
923,train,0
924,train,0
925,train,0
926,train,0
927,test,0
928,test,0
929,train,0
930,train,0
931,test,0
932,validation,0
933,test,0
934,test,0
935,validation,0
936,test,1
937,train,1
938,test,0
939,train,0
940,train,0
941,train,1
942,train,1
943,test,0
944,validation,0
945,validation,0
946,validation,0
947,test,0
948,train,0
949,train,0
950,validation,0
951,train,0
952,validation,0
953,train,0
954,train,0
955,validation,0
956,validation,0
957,test,1
958,train,0
959,train,1
960,test,0
961,validation,0
962,train,0
963,train,0
964,train,0
965,test,0
966,train,0
967,validation,0
968,train,0
969,train,0
970,train,0
971,train,0
972,train,1
973,test,0
974,train,1
975,validation,1
976,train,0
977,validation,0
978,validation,0
979,train,0
980,train,1
981,train,1
982,test,0
983,train,0
984,validation,0
985,train,0
986,train,0
987,train,0
988,validation,0
989,train,0
990,test,0
991,train,0
992,train,0
993,train,0
994,test,0
995,test,0
996,train,0
997,train,0
998,test,1
999,train,0
1000,train,0
1001,train,0
1002,validation,0
1003,validation,0
1004,train,0
1005,train,0
1006,train,0
1007,validation,0
1008,test,0
1009,test,0
1010,train,0
1011,validation,0
1012,test,1
1013,train,1
1014,validation,0
1015,test,0
1016,validation,0
1017,test,1
1018,validation,0
1019,train,0
1020,test,0
1021,validation,1
1022,train,0
1023,train,0
1024,train,0
1025,train,0
1026,train,0
1027,test,0
1028,train,0
1029,train,0
1030,train,0
1031,validation,0
1032,validation,0
1033,test,0
1034,train,0
1035,train,0
1036,validation,0
1037,train,1
1038,train,0
1039,test,1
1040,validation,0
1041,test,0
1042,test,0
1043,train,0
1044,validation,0
1045,train,0
1046,train,0
1047,train,0
1048,test,1
1049,test,0
1050,train,0
1051,train,0
1052,train,1
1053,train,0
1054,validation,0
1055,validation,0
1056,train,0
1057,validation,0
1058,test,0
1059,validation,0
1060,train,0
1061,test,0
1062,train,0
1063,validation,0
1064,train,0
1065,test,0
1066,train,0
1067,validation,0
1068,train,0
1069,train,1
1070,train,0
1071,validation,0
1072,test,0
1073,train,0
1074,validation,0
1075,test,0
1076,validation,0
1077,train,1
1078,train,0
1079,test,1
1080,validation,1
1081,validation,0
1082,train,0
1083,train,0
1084,train,1
1085,train,0
1086,train,1
1087,train,0
1088,train,0
1089,train,0
1090,validation,0
1091,train,0
1092,validation,1
1093,train,0
1094,train,1
1095,train,0
1096,train,0
1097,train,0
1098,validation,0
1099,test,0
1100,test,0
1101,validation,0
1102,train,0
1103,validation,0
1104,train,0
1105,train,0
1106,test,0
1107,train,0
1108,test,0
1109,train,1
1110,train,1
1111,test,0
1112,train,0
1113,train,0
1114,validation,0
1115,test,0
1116,train,0
1117,train,0
1118,test,0
1119,validation,1
1120,train,0
1121,train,0
1122,train,0
1123,validation,0
1124,train,0
1125,test,0
1126,train,0
1127,train,0
1128,train,0
1129,train,0
1130,train,0
1131,validation,0
1132,train,0
1133,validation,0
1134,train,0
1135,test,0
1136,train,1
1137,validation,1
1138,validation,0
1139,validation,0
1140,train,0
1141,test,0
1142,train,0
1143,train,0
1144,validation,0
1145,test,1
1146,validation,0
1147,train,0
1148,train,0
1149,test,0
1150,train,0
1151,train,0
1152,train,0
1153,train,0
1154,test,0
1155,validation,1
1156,validation,0
1157,train,0
1158,train,0
1159,test,0
1160,train,0
1161,validation,0
1162,train,0
1163,validation,0
1164,validation,0
1165,validation,0
1166,validation,1
1167,validation,0
1168,train,0
1169,train,0
1170,train,0
1171,test,0
1172,test,0
1173,train,0
1174,validation,0
1175,train,0
1176,test,1
1177,test,0
1178,train,0
1179,test,0
1180,train,1
1181,validation,0
1182,train,0
1183,train,1
1184,train,1
1185,train,1
1186,train,0
1187,train,0
1188,train,0
1189,train,0
1190,validation,0
1191,test,0
1192,train,0
1193,validation,1
1194,train,0
1195,validation,0
1196,train,0
1197,train,1
1198,test,0
1199,train,1
1200,validation,0
1201,train,0
1202,train,0
1203,test,0
1204,test,0
1205,validation,0
1206,train,1
1207,train,0
1208,train,0
1209,validation,0
1210,test,1
1211,validation,0
1212,train,0
1213,validation,0
1214,test,0
1215,test,0
1216,test,0
1217,train,0
1218,test,0
1219,train,0
1220,train,0
1221,train,1
1222,train,0
1223,train,0
1224,train,0
1225,train,0
1226,train,0
1227,validation,0
1228,train,0
1229,train,0
1230,validation,0
1231,train,1
1232,train,0
1233,validation,0
1234,train,0
1235,test,1
1236,test,0
1237,validation,0
1238,test,0
1239,train,0
1240,train,0
1241,validation,0
1242,train,0
1243,train,0
1244,train,0
1245,validation,0
1246,train,0
1247,validation,0
1248,test,1
1249,validation,0
1250,train,0
1251,validation,0
1252,train,1
1253,train,1
1254,test,0
1255,validation,0
1256,train,0
1257,test,0
1258,test,0
1259,train,1
1260,validation,0
1261,train,0
1262,train,0
1263,test,0
1264,test,0
1265,test,0
1266,validation,0
1267,train,0
1268,test,0
1269,train,0
1270,train,0
1271,validation,0
1272,test,1
1273,validation,0
1274,train,0
1275,train,0
1276,train,0
1277,train,0
1278,validation,0
1279,validation,0
1280,test,1
1281,train,0
1282,validation,0
1283,test,0
1284,train,1
1285,validation,0
1286,train,0
1287,train,0
1288,train,0
1289,train,0
1290,train,0
1291,train,0
1292,train,0
1293,train,0
1294,train,1
1295,validation,0
1296,train,1
1297,train,0
1298,test,1
1299,test,0
1300,validation,0
1301,train,0
1302,train,0
1303,validation,0
1304,train,0
1305,train,0
1306,test,0
1307,validation,0
1308,test,0
1309,train,0
1310,validation,0
1311,train,0
1312,validation,1
1313,train,0
1314,train,0
1315,validation,0
1316,train,1
1317,validation,0
1318,train,0
1319,train,0
1320,train,0
1321,train,1
1322,test,0
1323,train,0
1324,validation,0
1325,validation,1
1326,train,0
1327,validation,0
1328,train,0
1329,train,0
1330,test,1
1331,validation,0
1332,validation,0
1333,test,0
1334,train,0
1335,train,0
1336,train,0
1337,train,0
1338,train,0
1339,validation,0
1340,train,0
1341,train,0
1342,test,0
1343,train,0
1344,train,0
1345,validation,0
1346,train,0
1347,test,0
1348,validation,0
1349,train,1
1350,train,0
1351,train,0
1352,test,0
1353,train,0
1354,validation,0
1355,train,0
1356,train,0
1357,train,0
1358,validation,0
1359,train,1
1360,train,0
1361,validation,0
1362,test,0
1363,test,0
1364,test,1
1365,train,0
1366,test,0
1367,test,0
1368,train,0
1369,train,0
1370,train,0
1371,validation,0
1372,train,0
1373,train,0
1374,train,0
1375,test,0
1376,train,0
1377,train,0
1378,validation,0
1379,train,0
1380,validation,1
1381,validation,0
1382,train,0
1383,train,0
1384,test,0
1385,test,0
1386,train,0
1387,validation,0
1388,train,0
1389,train,1
1390,train,0
1391,test,0
1392,train,0
1393,validation,0
1394,train,0
1395,train,0
1396,test,0
1397,train,0
1398,train,0
1399,train,0
1400,train,0
1401,train,0
1402,test,0
1403,test,0
1404,train,0
1405,train,0
1406,train,0
1407,test,0
1408,validation,1
1409,train,0
1410,train,1
1411,train,0
1412,train,0
1413,train,0
1414,train,0
1415,train,0
1416,train,0
1417,train,0
1418,train,1
1419,test,0
1420,train,0
1421,test,1
1422,train,0
1423,train,0
1424,train,0
1425,train,1
1426,train,0
1427,train,0
1428,validation,0
1429,train,0
1430,train,1
1431,train,0
1432,validation,1
1433,train,0
1434,train,0
1435,train,0
1436,test,0
1437,validation,0
1438,train,0
1439,validation,1
1440,train,1
1441,train,0
1442,train,0
1443,train,1
1444,train,0
1445,train,0
1446,train,0
1447,train,0
1448,train,0
1449,test,0
1450,test,0
1451,train,1
1452,train,0
1453,train,0
1454,test,0
1455,train,0
1456,train,0
1457,train,0
1458,test,0
1459,test,1
1460,train,0
1461,validation,0
1462,validation,0
1463,train,0
1464,validation,0
1465,train,1
1466,train,0
1467,validation,0
1468,train,0
1469,train,0
1470,train,0
1471,test,0
1472,test,0
1473,train,0
1474,test,0
1475,validation,0
1476,validation,0
1477,test,0
1478,train,1
1479,train,0
1480,validation,0
1481,train,0
1482,validation,1
1483,train,0
1484,train,0
1485,train,0
1486,train,0
1487,test,0
1488,test,0
1489,validation,1
1490,test,0
1491,validation,1
1492,test,0
1493,validation,0
1494,validation,0
1495,train,0
1496,test,0
1497,test,0
1498,train,0
1499,test,0
1500,test,0
1501,validation,0
1502,train,0
1503,validation,0
1504,test,0
1505,train,1
1506,validation,0
1507,validation,0
1508,train,0
1509,validation,0
1510,train,0
1511,train,0
1512,train,0
1513,test,0
1514,train,0
1515,test,0
1516,train,0
1517,test,0
1518,train,0
1519,test,0
1520,train,0
1521,train,1
1522,validation,0
1523,train,1
1524,validation,0
1525,validation,0
1526,test,0
1527,test,0
1528,test,1
1529,validation,0
1530,train,0
1531,train,1
1532,train,0
1533,test,0
1534,validation,0
1535,train,0
1536,train,0
1537,train,1
1538,test,0
1539,train,0
1540,train,1
1541,test,1
1542,test,0
1543,train,0
1544,validation,0
1545,train,0
1546,train,0
1547,train,1
1548,train,1
1549,validation,0
1550,validation,0
1551,train,0
1552,validation,0
1553,train,0
1554,validation,0
1555,validation,0
1556,test,0
1557,validation,0
1558,test,1
1559,train,0
1560,test,0
1561,train,0
1562,train,0
1563,train,0
1564,train,1
1565,train,0
1566,test,0
1567,train,1
1568,train,0
1569,train,0
1570,train,0
1571,validation,0
1572,train,0
1573,train,0
1574,train,0
1575,validation,0
1576,test,0
1577,validation,0
1578,train,0
1579,train,1
1580,validation,1
1581,train,0
1582,train,0
1583,test,0
1584,train,1
1585,test,0
1586,validation,1
1587,validation,0
1588,train,0
1589,train,0
1590,train,0
1591,train,0
1592,train,0
1593,test,0
1594,train,0
1595,validation,0
1596,train,0
1597,validation,0
1598,train,0
1599,test,0
1600,train,0
1601,validation,0
1602,test,0
1603,train,0
1604,train,0
1605,train,0
1606,train,0
1607,validation,0
1608,test,0
1609,test,0
1610,train,0
1611,test,0
1612,test,0
1613,validation,0
1614,test,0
1615,validation,0
1616,train,1
1617,train,0
1618,train,1
1619,train,0
1620,validation,0
1621,train,0
1622,train,1
1623,train,0
1624,test,0
1625,train,0
1626,train,0
1627,validation,0
1628,train,0
1629,test,0
1630,train,0
1631,test,0
1632,train,0
1633,train,0
1634,train,0
1635,validation,0
1636,validation,0
1637,train,0
1638,validation,0
1639,train,0
1640,train,0
1641,train,0
1642,validation,0
1643,train,0
1644,test,0
1645,validation,0
1646,train,0
1647,validation,0
1648,test,0
1649,validation,0
1650,validation,0
1651,train,1
1652,train,0
1653,train,0
1654,test,1
1655,train,0
1656,train,0
1657,train,0
1658,validation,0
1659,train,1
1660,train,0
1661,train,1
1662,test,0
1663,train,0
1664,test,0
1665,train,1
1666,train,0
1667,train,0
1668,validation,1
1669,test,0
1670,train,0
1671,test,0
1672,train,0
1673,validation,0
1674,train,0
1675,train,0
1676,test,1
1677,train,0
1678,test,1
1679,train,0
1680,train,0
1681,train,0
1682,train,1
1683,validation,0
1684,test,0
1685,train,1
1686,validation,0
1687,test,1
1688,train,0
1689,train,0
1690,train,0
1691,validation,0
1692,test,0
1693,train,0
1694,train,0
1695,train,1
1696,validation,0
1697,test,0
1698,train,0
1699,test,0
1700,train,0
1701,train,0
1702,validation,1
1703,test,0
1704,train,0
1705,train,1
1706,train,1
1707,validation,0
1708,train,0
1709,validation,0
1710,validation,0
1711,test,1
1712,train,0
1713,validation,0
1714,train,0
1715,validation,0
1716,test,0
1717,test,0
1718,validation,0
1719,validation,0
1720,validation,0
1721,train,0
1722,test,0
1723,train,0
1724,train,0
1725,test,0
1726,train,0
1727,train,0
1728,validation,0
1729,train,0
1730,train,0
1731,train,0
1732,test,0
1733,train,0
1734,train,0
1735,validation,0
1736,train,1
1737,validation,0
1738,train,0
1739,train,0
1740,validation,0
1741,test,1
1742,train,1
1743,train,0
1744,train,0
1745,train,0
1746,validation,0
1747,train,0
1748,train,0
1749,test,0
1750,train,1
1751,train,0
1752,validation,1
1753,test,0
1754,validation,0
1755,validation,0
1756,train,0
1757,validation,1
1758,validation,1
1759,train,1
1760,validation,1
1761,validation,0
1762,train,0
1763,train,0
1764,train,0
1765,validation,0
1766,train,0
1767,train,0
1768,train,0
1769,test,0
1770,train,0
1771,validation,0
1772,train,0
1773,train,1
1774,train,1
1775,validation,1
1776,train,0
1777,validation,0
1778,train,0
1779,train,0
1780,test,0
1781,train,0
1782,train,0
1783,train,0
1784,validation,1
1785,test,0
1786,train,0
1787,train,0
1788,train,0
1789,train,0
1790,train,0
1791,train,0
1792,validation,0
1793,train,0
1794,train,1
1795,train,0
1796,train,1
1797,train,0
1798,train,0
1799,test,0
1800,train,0
1801,validation,0
1802,validation,0
1803,validation,1
1804,train,0
1805,validation,0
1806,validation,0
1807,train,1
1808,train,1
1809,train,0
1810,test,0
1811,train,0
1812,test,0
1813,train,0
1814,test,0
1815,validation,1
1816,train,0
1817,train,1
1818,validation,0
1819,test,0
1820,train,0
1821,train,0
1822,train,0
1823,test,0
1824,train,0
1825,train,0
1826,train,1
1827,validation,0
1828,train,0
1829,validation,0
1830,test,1
1831,train,0
1832,test,0
1833,train,0
1834,test,0
1835,test,0
1836,validation,0
1837,validation,0
1838,train,0
1839,train,0
1840,train,0
1841,train,1
1842,validation,0
1843,train,0
1844,test,0
1845,train,0
1846,validation,0
1847,test,0
1848,train,0
1849,validation,0
1850,train,1
1851,train,1
1852,train,0
1853,test,0
1854,validation,0
1855,train,1
1856,test,0
1857,train,1
1858,train,0
1859,train,0
1860,train,0
1861,validation,1
1862,test,0
1863,train,0
1864,train,0
1865,test,0
1866,train,1
1867,validation,0
1868,train,0
1869,test,0
1870,train,0
1871,train,0
1872,test,0
1873,train,1
1874,train,1
1875,train,1
1876,train,0
1877,test,1
1878,train,0
1879,train,0
1880,test,0
1881,validation,0
1882,train,0
1883,train,1
1884,train,0
1885,test,0
1886,train,0
1887,test,1
1888,train,0
1889,train,0
1890,train,0
1891,train,0
1892,train,0
1893,train,0
1894,train,0
1895,train,0
1896,train,0
1897,train,0
1898,train,1
1899,validation,0
1900,test,0
1901,validation,0
1902,validation,0
1903,validation,0
1904,train,1
1905,train,0
1906,train,0
1907,train,1
1908,train,1
1909,validation,0
1910,validation,0
1911,train,0
1912,train,0
1913,train,0
1914,test,0
1915,test,0
1916,train,0
1917,train,0
1918,test,0
1919,train,0
1920,validation,0
1921,validation,0
1922,test,0
1923,validation,0
1924,train,1
1925,test,1
1926,validation,0
1927,train,0
1928,validation,1
1929,train,1
1930,validation,0
1931,test,0
1932,validation,0
1933,train,0
1934,train,0
1935,train,1
1936,train,1
1937,train,0
1938,validation,0
1939,test,0
1940,train,1
1941,train,0
1942,test,0
1943,validation,0
1944,train,0
1945,test,0
1946,test,0
1947,test,0
1948,validation,1
1949,validation,0
1950,test,1
1951,train,0
1952,train,0
1953,train,0
1954,train,0
1955,train,0
1956,validation,0
1957,train,0
1958,train,0
1959,train,0
1960,train,0
1961,train,0
1962,train,0
1963,test,0
1964,train,0
1965,train,1
1966,train,1
1967,train,1
1968,validation,0
1969,test,0
1970,train,0
1971,train,0
1972,train,0
1973,test,0
1974,validation,0
1975,train,0
1976,validation,0
1977,train,0
1978,validation,0
1979,train,0
1980,train,0
1981,train,0
1982,train,0
1983,test,0
1984,train,0
1985,train,0
1986,train,0
1987,train,0
1988,train,1
1989,train,0
1990,train,0
1991,train,0
1992,train,1
1993,train,0
1994,validation,0
1995,validation,0
1996,train,0
1997,test,1
1998,train,0
1999,train,0
2000,train,0
2001,validation,0
2002,test,0
2003,train,0
2004,train,0
2005,train,0
2006,train,0
2007,test,0
2008,test,0
2009,train,0
2010,validation,1
2011,validation,1
2012,train,0
2013,train,0
2014,test,0
2015,validation,0
2016,test,0
2017,test,1
2018,train,0
2019,train,0
2020,test,0
2021,train,0
2022,test,1
2023,train,0
2024,validation,0
2025,validation,0
2026,train,1
2027,test,0
2028,train,0
2029,train,0
2030,train,0
2031,test,1
2032,test,0
2033,train,0
2034,train,0
2035,train,0
2036,test,0
2037,test,0
2038,validation,0
2039,train,0
2040,test,0
2041,train,0
2042,train,0
2043,validation,0
2044,validation,0
2045,train,0
2046,train,0
2047,validation,1
2048,train,0
2049,train,0
2050,train,1
2051,validation,0
2052,test,0
2053,validation,1
2054,train,0
2055,train,1
2056,train,0
2057,test,0
2058,train,0
2059,train,0
2060,validation,1
2061,train,0
2062,train,1
2063,test,0
2064,train,0
2065,train,1
2066,train,0
2067,train,0
2068,train,0
2069,train,0
2070,validation,1
2071,test,1
2072,train,0
2073,train,0
2074,validation,0
2075,test,1
2076,test,1
2077,train,0
2078,validation,0
2079,train,0
2080,train,1
2081,validation,0
2082,test,1
2083,train,1
2084,test,0
2085,train,1
2086,validation,1
2087,train,0
2088,train,0
2089,test,0
2090,train,0
2091,test,0
2092,train,0
2093,validation,0
2094,validation,1
2095,train,0
2096,train,0
2097,train,1
2098,validation,0
2099,train,0
2100,train,1
2101,train,0
2102,validation,0
2103,train,0
2104,train,1
2105,train,0
2106,train,0
2107,validation,0
2108,train,0
2109,validation,0
2110,train,1
2111,train,0
2112,validation,0
2113,test,1
2114,train,0
2115,validation,0
2116,test,1
2117,train,0
2118,train,0
2119,train,0
2120,validation,0
2121,test,1
2122,train,1
2123,train,0
2124,train,0
2125,validation,0
2126,test,0
2127,train,0
2128,validation,1
2129,train,0
2130,validation,0
2131,train,0
2132,train,0
2133,test,0
2134,validation,0
2135,train,0
2136,train,0
2137,train,0
2138,train,0
2139,train,0
2140,train,0
2141,train,0
2142,validation,0
2143,validation,1
2144,validation,0
2145,validation,0
2146,validation,1
2147,train,1
2148,train,0
2149,validation,0
2150,train,0
2151,train,1
2152,validation,0
2153,train,0
2154,validation,0
2155,test,0
2156,test,0
2157,train,1
2158,test,0
2159,test,0
2160,validation,0
2161,validation,0
2162,train,0
2163,test,1
2164,test,0
2165,train,1
2166,test,0
2167,train,0
2168,test,0
2169,validation,0
2170,test,0
2171,train,0
2172,train,0
2173,train,0
2174,validation,0
2175,train,0
2176,validation,0
2177,train,0
2178,validation,0
2179,test,0
2180,train,0
2181,validation,0
2182,train,0
2183,train,0
2184,train,0
2185,train,0
2186,test,0
2187,train,0
2188,train,0
2189,test,0
2190,train,0
2191,validation,1
2192,test,0
2193,train,0
2194,train,1
2195,validation,0
2196,test,0
2197,train,0
2198,train,0
2199,test,0
2200,validation,0
2201,train,0
2202,train,0
2203,validation,0
2204,train,0
2205,validation,0
2206,validation,0
2207,train,0
2208,train,0
2209,train,0
2210,train,0
2211,test,0
2212,test,1
2213,train,0
2214,test,0
2215,train,0
2216,validation,0
2217,train,0
2218,validation,0
2219,train,0
2220,train,1
2221,train,1
2222,train,0
2223,train,0
2224,train,0
2225,test,0
2226,test,0
2227,train,0
2228,train,1
2229,train,0
2230,train,0
2231,train,0
2232,train,0
2233,validation,0
2234,train,0
2235,train,0
2236,train,0
2237,train,0
2238,test,1
2239,test,0
2240,train,0
2241,train,0
2242,train,0
2243,train,0
2244,test,0
2245,train,0
2246,test,0
2247,train,1
2248,test,0
2249,train,0
2250,test,0
2251,train,1
2252,train,0
2253,validation,0
2254,train,1
2255,train,0
2256,test,0
2257,train,0
2258,validation,0
2259,validation,1
2260,train,0
2261,test,0
2262,train,0
2263,train,0
2264,train,0
2265,train,0
2266,validation,1
2267,test,1
2268,train,1
2269,train,1
2270,test,0
2271,train,0
2272,train,0
2273,test,0
2274,train,0
2275,train,0
2276,train,0
2277,validation,0
2278,train,0
2279,validation,0
2280,test,1
2281,train,0
2282,train,0
2283,train,0
2284,train,0
2285,train,0
2286,train,1
2287,train,0
2288,test,1
2289,train,0
2290,validation,0
2291,train,0
2292,train,0
2293,validation,0
2294,test,0
2295,train,0
2296,validation,0
2297,train,0
2298,train,0
2299,train,0
2300,train,0
2301,test,0
2302,validation,0
2303,train,0
2304,validation,0
2305,train,0
2306,train,0
2307,train,0
2308,train,0
2309,train,1
2310,train,0
2311,validation,0
2312,validation,0
2313,validation,0
2314,train,0
2315,train,0
2316,validation,0
2317,train,0
2318,test,0
2319,train,0
2320,train,1
2321,train,0
2322,train,0
2323,train,0
2324,train,0
2325,train,0
2326,train,0
2327,test,1
2328,train,0
2329,train,0
2330,train,0
2331,validation,0
2332,train,0
2333,train,1
2334,validation,0
2335,train,0
2336,train,0
2337,test,1
2338,validation,0
2339,test,0
2340,validation,0
2341,validation,0
2342,test,0
2343,test,0
2344,validation,0
2345,test,1
2346,train,0
2347,train,0
2348,train,0
2349,train,1
2350,train,0
2351,train,0
2352,train,0
2353,train,0
2354,train,0
2355,train,1
2356,validation,0
2357,train,0
2358,validation,0
2359,validation,0
2360,test,0
2361,test,1
2362,train,0
2363,train,0
2364,validation,0
2365,train,0
2366,train,1
2367,train,0
2368,test,0
2369,validation,0
2370,validation,1
2371,train,0
2372,train,0
2373,train,0
2374,test,0
2375,train,1
2376,train,0
2377,validation,0
2378,train,0
2379,train,0
2380,train,0
2381,test,0
2382,train,0
2383,train,1
2384,train,0
2385,train,0
2386,train,0
2387,train,1
2388,train,0
2389,validation,0
2390,test,0
2391,train,1
2392,train,0
2393,train,1
2394,test,0
2395,train,0
2396,train,0
2397,test,0
2398,train,0
2399,train,0
2400,train,0
2401,train,0
2402,train,0
2403,train,0
2404,test,0
2405,validation,1
2406,test,0
2407,train,0
2408,train,0
2409,train,0
2410,validation,0
2411,validation,1
2412,validation,0
2413,train,0
2414,train,0
2415,test,0
2416,test,1
2417,train,0
2418,test,1
2419,train,0
2420,validation,0
2421,train,1
2422,train,0
2423,train,0
2424,test,0
2425,train,0
2426,train,1
2427,train,0
2428,train,0
2429,train,1
2430,test,0
2431,train,0
2432,train,0
2433,train,0
2434,test,0
2435,train,0
2436,train,0
2437,test,0
2438,test,0
2439,train,1
2440,test,0
2441,train,0
2442,train,1
2443,train,0
2444,train,0
2445,train,0
2446,train,0
2447,train,0
2448,train,0
2449,test,0
2450,test,0
2451,validation,0
2452,validation,0
2453,train,1
2454,train,0
2455,train,1
2456,train,1
2457,train,0
2458,train,0
2459,test,0
2460,test,0
2461,test,0
2462,train,0
2463,train,0
2464,train,0
2465,validation,0
2466,test,0
2467,test,0
2468,validation,0
2469,train,0
2470,train,0
2471,test,0
2472,test,0
2473,train,1
2474,train,1
2475,train,0
2476,train,0
2477,test,0
2478,train,1
2479,train,0
2480,train,0
2481,train,0
2482,test,0
2483,train,0
2484,test,0
2485,train,0
2486,validation,0
2487,validation,0
2488,train,0
2489,train,0
2490,train,0
2491,train,0
2492,validation,0
2493,train,0
2494,test,0
2495,train,0
2496,test,1
2497,train,0
2498,train,0
2499,train,0
2500,train,0
2501,validation,1
2502,train,0
2503,train,0
2504,train,0
2505,train,0
2506,test,1
2507,train,0
2508,test,0
2509,test,0
2510,test,0
2511,train,0
2512,train,0
2513,validation,0
2514,train,0
2515,train,0
2516,train,0
2517,train,0
2518,test,0
2519,train,0
2520,train,0
2521,train,0
2522,train,1
2523,train,0
2524,train,0
2525,train,0
2526,train,1
2527,train,0
2528,train,0
2529,validation,0
2530,train,0
2531,train,0
2532,train,0
2533,validation,0
2534,train,0
2535,train,0
2536,train,0
2537,test,0
2538,validation,0
2539,test,0
2540,train,0
2541,train,1
2542,validation,0
2543,test,0
2544,train,0
2545,train,0
2546,train,0
2547,validation,0
2548,test,0
2549,train,0
2550,train,1
2551,train,0
2552,train,0
2553,train,0
2554,test,0
2555,validation,0
2556,test,0
2557,train,0
2558,train,0
2559,train,0
2560,validation,0
2561,validation,0
2562,train,0
2563,validation,0
2564,train,0
2565,train,0
2566,validation,0
2567,validation,0
2568,test,1
2569,train,0
2570,train,0
2571,train,0
2572,test,0
2573,validation,0
2574,test,1
2575,validation,0
2576,train,0
2577,train,0
2578,train,1
2579,train,0
2580,train,0
2581,validation,0
2582,validation,0
2583,train,0
2584,train,0
2585,train,0
2586,validation,0
2587,train,0
2588,test,0
2589,train,0
2590,test,0
2591,validation,1
2592,validation,0
2593,train,0
2594,train,1
2595,validation,0
2596,validation,0
2597,test,0
2598,train,0
2599,validation,0
2600,test,0
2601,train,0
2602,train,1
2603,validation,1
2604,train,0
2605,train,0
2606,train,0
2607,train,0
2608,train,0
2609,test,1
2610,validation,0
2611,train,0
2612,train,0
2613,validation,0
2614,test,0
2615,validation,1
2616,train,0
2617,train,0
2618,train,0
2619,train,1
2620,validation,1
2621,train,0
2622,train,0
2623,validation,0
2624,train,0
2625,train,0
2626,train,0
2627,train,0
2628,train,0
2629,train,0
2630,train,1
2631,train,1
2632,validation,0
2633,train,0
2634,train,0
2635,train,1
2636,test,0
2637,train,0
2638,validation,0
2639,train,0
2640,test,0
2641,train,0
2642,train,0
2643,validation,0
2644,train,1
2645,validation,0
2646,validation,0
2647,validation,0
2648,train,0
2649,train,0
2650,test,0
2651,validation,0
2652,validation,0
2653,train,0
2654,train,0
2655,validation,0
2656,validation,0
2657,train,0
2658,train,0
2659,train,0
2660,train,0
2661,validation,0
2662,train,0
2663,test,0
2664,validation,0
2665,train,0
2666,test,0
2667,train,0
2668,train,0
2669,test,0
2670,train,1
2671,train,1
2672,validation,0
2673,validation,0
2674,validation,1
2675,test,0
2676,train,0
2677,test,1
2678,train,0
2679,test,0
2680,train,0
2681,validation,0
2682,train,0
2683,train,0
2684,train,0
2685,train,0
2686,train,1
2687,validation,1
2688,validation,0
2689,train,0
2690,train,0
2691,train,0
2692,train,1
2693,test,0
2694,train,0
2695,validation,1
2696,train,0
2697,train,0
2698,validation,0
2699,train,0
2700,validation,0
2701,train,0
2702,train,0
2703,train,0
2704,train,0
2705,train,0
2706,validation,0
2707,validation,0
2708,test,1
2709,train,0
2710,validation,0
2711,train,0
2712,validation,0
2713,validation,0
2714,validation,0
2715,validation,0
2716,validation,0
2717,train,0
2718,train,0
2719,test,1
2720,test,0
2721,train,0
2722,train,0
2723,train,1
2724,train,0
2725,train,1
2726,validation,0
2727,train,0
2728,train,0
2729,train,0
2730,test,0
2731,train,0
2732,train,0
2733,train,0
2734,train,0
2735,validation,0
2736,train,1
2737,validation,1
2738,train,0
2739,train,0
2740,test,0
2741,train,0
2742,test,1
2743,train,0
2744,test,0
2745,validation,0
2746,train,0
2747,train,0
2748,validation,1
2749,test,1
2750,train,0
2751,train,0
2752,train,0
2753,validation,0
2754,train,1
2755,validation,0
2756,train,0
2757,test,0
2758,test,0
2759,validation,1
2760,train,0
2761,train,0
2762,train,1
2763,test,0
2764,test,1
2765,train,0
2766,train,0
2767,test,1
2768,train,0
2769,train,0
2770,train,0
2771,validation,0
2772,validation,0
2773,train,0
2774,train,0
2775,train,1
2776,train,0
2777,train,0
2778,train,1
2779,train,0
2780,test,0
2781,train,0
2782,validation,1
2783,validation,0
2784,train,0
2785,train,0
2786,train,0
2787,train,0
2788,train,0
2789,train,0
2790,train,0
2791,train,1
2792,train,0
2793,train,1
2794,test,0
2795,train,0
2796,train,1
2797,train,0
2798,train,1
2799,train,0
2800,train,0
2801,train,0
2802,validation,0
2803,train,0
2804,validation,0
2805,test,0
2806,validation,0
2807,train,0
2808,train,0
2809,validation,0
2810,validation,0
2811,train,0
2812,train,1
2813,test,0
2814,test,1
2815,validation,0
2816,train,1
2817,train,0
2818,train,0
2819,train,0
2820,validation,0
2821,test,0
2822,test,0
2823,train,0
2824,train,0
2825,test,1
2826,validation,0
2827,train,0
2828,validation,0
2829,validation,0
2830,validation,0
2831,test,0
2832,train,1
2833,train,0
2834,train,0
2835,validation,0
2836,train,0
2837,test,0
2838,train,0
2839,validation,0
2840,train,0
2841,train,0
2842,train,1
2843,test,1
2844,train,0
2845,train,0
2846,train,0
2847,validation,0
2848,train,0
2849,train,0
2850,train,0
2851,train,0
2852,validation,0
2853,validation,0
2854,train,0
2855,train,0
2856,train,0
2857,train,0
2858,train,0
2859,validation,0
2860,train,0
2861,train,0
2862,train,0
2863,train,0
2864,train,0
2865,train,0
2866,validation,0
2867,train,0
2868,validation,0
2869,test,0
2870,validation,0
2871,train,1
2872,train,0
2873,validation,0
2874,train,1
2875,train,0
2876,train,0
2877,validation,1
2878,train,0
2879,test,0
2880,train,0
2881,train,0
2882,train,0
2883,train,0
2884,validation,0
2885,validation,0
2886,validation,1
2887,test,0
2888,test,0
2889,test,0
2890,train,0
2891,validation,0
2892,test,0
2893,train,1
2894,train,0
2895,validation,0
2896,train,0
2897,train,0
2898,test,1
2899,train,1
2900,test,0
2901,train,0
2902,train,0
2903,train,0
2904,train,0
2905,train,0
2906,train,0
2907,train,0
2908,validation,0
2909,train,0
2910,train,0
2911,train,0
2912,train,0
2913,test,0
2914,train,1
2915,train,0
2916,test,0
2917,train,0
2918,test,0
2919,train,1
2920,train,0
2921,train,0
2922,test,0
2923,test,1
2924,train,1
2925,validation,0
2926,train,0
2927,train,0
2928,test,1
2929,train,0
2930,validation,1
2931,validation,0
2932,test,1
2933,train,0
2934,train,0
2935,train,0
2936,train,0
2937,train,0
2938,train,0
2939,train,0
2940,train,0
2941,validation,1
2942,train,0
2943,train,0
2944,test,0
2945,validation,0
2946,validation,1
2947,train,1
2948,test,1
2949,train,1
2950,train,0
2951,train,0
2952,validation,0
2953,train,1
2954,train,0
2955,train,0
2956,train,0
2957,train,0
2958,train,0
2959,train,0
2960,train,0
2961,train,0
2962,train,1
2963,train,0
2964,train,0
2965,validation,0
2966,train,0
2967,train,0
2968,train,1
2969,train,0
2970,train,0
2971,validation,0
2972,test,0
2973,train,0
2974,train,0
2975,test,0
2976,train,0
2977,train,0
2978,validation,0
2979,train,0
2980,train,0
2981,train,0
2982,train,0
2983,train,0
2984,test,0
2985,validation,0
2986,train,0
2987,train,1
2988,test,0
2989,train,0
2990,train,0
2991,validation,0
2992,validation,0
2993,validation,0
2994,train,1
2995,train,0
2996,train,0
2997,test,0
2998,test,0
2999,train,1
3000,test,0
3001,train,0
3002,train,0
3003,validation,0
3004,train,0
3005,train,0
3006,test,0
3007,test,0
3008,train,0
3009,test,0
3010,test,0
3011,test,1
3012,train,0
3013,test,0
3014,test,0
3015,train,0
3016,train,0
3017,test,0
3018,train,0
3019,validation,0
3020,train,0
3021,train,1
3022,validation,0
3023,test,0
3024,train,0
3025,train,0
3026,validation,0
3027,train,1
3028,train,0
3029,validation,0
3030,test,0
3031,validation,0
3032,train,0
3033,train,0
3034,test,0
3035,test,0
3036,validation,1
3037,train,0
3038,train,1
3039,train,0
3040,train,0
3041,test,0
3042,validation,1
3043,train,0
3044,test,0
3045,test,0
3046,train,0
3047,validation,0
3048,train,0
3049,train,0
3050,train,0
3051,train,0
3052,train,0
3053,train,1
3054,test,0
3055,train,1
3056,train,0
3057,train,1
3058,test,1
3059,train,0
3060,validation,0
3061,train,0
3062,train,0
3063,train,0
3064,test,0
3065,train,0
3066,test,1
3067,validation,1
3068,train,0
3069,train,1
3070,train,0
3071,validation,0
3072,train,0
3073,test,0
3074,train,0
3075,train,1
3076,train,0
3077,train,0
3078,train,0
3079,train,0
3080,train,0
3081,train,0
3082,train,0
3083,train,0
3084,train,0
3085,test,1
3086,test,0
3087,test,0
3088,train,0
3089,train,0
3090,validation,0
3091,validation,0
3092,train,0
3093,train,0
3094,validation,0
3095,test,0
3096,train,0
3097,train,0
3098,validation,1
3099,train,1
3100,train,0
3101,validation,0
3102,train,0
3103,test,0
3104,validation,0
3105,train,0
3106,train,1
3107,test,1
3108,train,1
3109,train,0
3110,test,0
3111,train,0
3112,test,0
3113,train,0
3114,train,0
3115,train,0
3116,train,0
3117,train,0
3118,train,1
3119,train,0
3120,test,0
3121,train,0
3122,train,0
3123,train,1
3124,train,0
3125,train,1
3126,train,0
3127,test,0
3128,test,1
3129,test,0
3130,train,0
3131,validation,0
3132,validation,0
3133,train,0
3134,train,0
3135,train,1
3136,validation,0
3137,validation,0
3138,validation,0
3139,train,0
3140,test,0
3141,train,0
3142,train,1
3143,validation,0
3144,train,0
3145,train,0
3146,validation,0
3147,train,1
3148,train,0
3149,train,1
3150,validation,0
3151,train,0
3152,train,0
3153,validation,0
3154,train,0
3155,test,0
3156,train,0
3157,train,0
3158,train,0
3159,train,0
3160,train,0
3161,train,0
3162,train,1
3163,validation,0
3164,train,0
3165,train,0
3166,train,1
3167,validation,0
3168,train,0
3169,train,0
3170,validation,0
3171,train,1
3172,train,0
3173,validation,0
3174,train,1
3175,train,0
3176,test,0
3177,train,1
3178,train,0
3179,train,0
3180,train,0
3181,train,0
3182,train,0
3183,train,1
3184,validation,0
3185,train,0
3186,test,0
3187,train,1
3188,train,1
3189,train,0
3190,validation,0
3191,train,0
3192,test,0
3193,train,0
3194,train,0
3195,train,0
3196,train,0
3197,train,1
3198,validation,0
3199,train,0
3200,train,0
3201,train,0
3202,test,0
3203,test,1
3204,train,0
3205,train,0
3206,train,0
3207,train,0
3208,validation,0
3209,validation,0
3210,train,0
3211,test,0
3212,train,0
3213,test,0
3214,train,0
3215,train,0
3216,test,0
3217,train,0
3218,test,0
3219,test,0
3220,train,0
3221,train,0
3222,validation,0
3223,train,0
3224,test,0
3225,train,0
3226,validation,0
3227,train,0
3228,train,0
3229,test,0
3230,train,0
3231,train,1
3232,validation,0
3233,train,0
3234,test,0
3235,validation,0
3236,validation,0
3237,validation,0
3238,test,0
3239,train,0
3240,train,0
3241,train,0
3242,test,0
3243,test,0
3244,train,0
3245,train,1
3246,train,0
3247,train,0
3248,train,1
3249,test,0
3250,validation,0
3251,train,0
3252,train,0
3253,train,0
3254,train,1
3255,train,0
3256,train,0
3257,train,1
3258,test,1
3259,train,0
3260,train,0
3261,validation,0
3262,validation,0
3263,validation,0
3264,validation,0
3265,train,0
3266,test,0
3267,validation,0
3268,train,0
3269,train,0
3270,train,0
3271,train,1
3272,train,0
3273,train,0
3274,test,0
3275,train,0
3276,train,0
3277,train,1
3278,test,0
3279,validation,0
3280,validation,0
3281,validation,0
3282,train,0
3283,validation,0
3284,train,0
3285,train,1
3286,train,1
3287,train,0
3288,validation,0
3289,train,0
3290,train,0
3291,train,0
3292,train,0
3293,test,1
3294,train,0
3295,train,0
3296,train,0
3297,train,0
3298,train,1
3299,validation,1
3300,train,0
3301,test,0
3302,train,0
3303,validation,0
3304,train,1
3305,train,0
3306,train,0
3307,train,0
3308,train,0
3309,train,0
3310,train,0
3311,train,0
3312,train,0
3313,train,0
3314,train,0
3315,train,0
3316,validation,1
3317,validation,0
3318,train,0
3319,test,0
3320,test,1
3321,test,0
3322,train,0
3323,train,0
3324,train,0
3325,train,0
3326,train,0
3327,validation,0
3328,train,0
3329,test,0
3330,validation,0
3331,train,0
3332,train,0
3333,train,0
3334,test,0
3335,train,0
3336,train,0
3337,train,0
3338,test,1
3339,train,0
3340,test,0
3341,test,0
3342,validation,0
3343,test,0
3344,train,0
3345,validation,1
3346,train,0
3347,train,0
3348,train,0
3349,validation,0
3350,train,0
3351,train,1
3352,train,0
3353,train,0
3354,train,0
3355,validation,1
3356,train,0
3357,test,1
3358,test,0
3359,train,0
3360,validation,0
3361,validation,0
3362,train,1
3363,train,0
3364,train,0
3365,test,1
3366,train,0
3367,train,1
3368,train,0
3369,train,0
3370,train,0
3371,train,1
3372,train,0
3373,train,1
3374,train,0
3375,train,0
3376,test,0
3377,train,1
3378,test,0
3379,test,0
3380,train,0
3381,validation,0
3382,test,0
3383,train,0
3384,validation,0
3385,train,0
3386,validation,0
3387,test,0
3388,train,0
3389,train,0
3390,train,0
3391,validation,1
3392,train,0
3393,train,0
3394,train,0
3395,validation,0
3396,test,0
3397,train,0
3398,train,0
3399,test,0
3400,train,0
3401,test,0
3402,validation,0
3403,validation,0
3404,validation,0
3405,train,0
3406,validation,0
3407,test,0
3408,train,0
3409,train,0
3410,validation,1
3411,train,0
3412,train,0
3413,test,1
3414,train,0
3415,validation,0
3416,train,0
3417,train,0
3418,validation,0
3419,train,0
3420,train,0
3421,train,0
3422,train,0
3423,train,0
3424,test,0
3425,train,0
3426,test,0
3427,validation,0
3428,test,0
3429,validation,0
3430,train,0
3431,train,0
3432,train,0
3433,train,1
3434,train,0
3435,train,1
3436,validation,0
3437,train,1
3438,validation,0
3439,train,0
3440,train,0
3441,train,0
3442,validation,0
3443,train,0
3444,validation,0
3445,train,0
3446,test,0
3447,train,1
3448,validation,1
3449,train,0
3450,train,0
3451,train,0
3452,test,0
3453,test,1
3454,train,0
3455,train,0
3456,train,0
3457,validation,1
3458,validation,0
3459,train,0
3460,train,0
3461,train,0
3462,validation,0
3463,test,0
3464,test,0
3465,validation,0
3466,test,0
3467,train,0
3468,test,0
3469,train,1
3470,validation,1
3471,test,0
3472,train,0
3473,validation,0
3474,train,0
3475,train,0
3476,train,0
3477,test,0
3478,train,0
3479,train,0
3480,test,1
3481,train,1
3482,train,1
3483,train,0
3484,train,0
3485,train,0
3486,train,1
3487,train,0
3488,train,1
3489,train,0
3490,validation,0
3491,train,0
3492,train,0
3493,train,1
3494,train,0
3495,train,0
3496,train,0
3497,train,0
3498,validation,0
3499,validation,0
3500,test,0
3501,test,0
3502,test,0
3503,train,1
3504,train,0
3505,test,0
3506,train,0
3507,train,0
3508,train,1
3509,test,0
3510,train,1
3511,train,0
3512,test,0
3513,validation,1
3514,test,0
3515,test,1
3516,test,0
3517,train,0
3518,validation,0
3519,validation,0
3520,validation,0
3521,train,0
3522,validation,1
3523,validation,1
3524,test,0
3525,train,1
3526,train,0
3527,train,0
3528,test,0
3529,train,0
3530,validation,0
3531,validation,0
3532,train,1
3533,train,0
3534,test,0
3535,train,0
3536,test,0
3537,validation,0
3538,test,0
3539,train,0
3540,validation,1
3541,test,0
3542,train,0
3543,train,1
3544,train,0
3545,test,0
3546,test,0
3547,test,0
3548,train,0
3549,test,0
3550,test,1
3551,train,0
3552,train,0
3553,train,0
3554,test,0
3555,validation,0
3556,train,0
3557,validation,1
3558,train,0
3559,validation,0
3560,validation,0
3561,train,0
3562,validation,0
3563,train,0
3564,train,1
3565,train,0
3566,test,0
3567,validation,0
3568,test,0
3569,train,0
3570,validation,0
3571,validation,1
3572,train,0
3573,validation,0
3574,train,0
3575,test,0
3576,test,0
3577,test,0
3578,train,0
3579,train,0
3580,train,0
3581,train,0
3582,train,0
3583,train,1
3584,train,1
3585,train,0
3586,validation,0
3587,train,0
3588,train,0
3589,train,0
3590,train,0
3591,train,1
3592,test,0
3593,train,0
3594,train,0
3595,validation,0
3596,train,0
3597,validation,0
3598,test,0
3599,train,0
3600,train,0
3601,validation,0
3602,test,0
3603,train,0
3604,train,0
3605,train,0
3606,train,0
3607,validation,0
3608,test,0
3609,test,0
3610,train,0
3611,train,0
3612,train,1
3613,train,1
3614,test,0
3615,test,0
3616,validation,0
3617,train,0
3618,train,0
3619,train,0
3620,train,0
3621,train,0
3622,validation,0
3623,train,0
3624,test,0
3625,train,0
3626,train,0
3627,train,0
3628,train,1
3629,train,0
3630,train,0
3631,validation,0
3632,train,0
3633,validation,0
3634,train,0
3635,test,0
3636,train,0
3637,test,1
3638,train,0
3639,train,1
3640,train,1
3641,train,1
3642,train,0
3643,train,0
3644,validation,0
3645,train,0
3646,validation,0
3647,train,0
3648,validation,0
3649,train,0
3650,train,0
3651,test,0
3652,test,0
3653,test,1
3654,test,0
3655,train,0
3656,train,1
3657,train,0
3658,test,0
3659,train,0
3660,train,0
3661,validation,1
3662,train,0
3663,train,0
3664,train,0
3665,test,0
3666,train,0
3667,train,0
3668,train,0
3669,train,0
3670,train,0
3671,validation,1
3672,validation,0
3673,train,0
3674,validation,0
3675,train,0
3676,train,1
3677,test,0
3678,train,0
3679,validation,1
3680,validation,0
3681,train,0
3682,validation,0
3683,train,0
3684,test,0
3685,train,0
3686,validation,0
3687,train,0
3688,train,1
3689,train,0
3690,validation,1
3691,test,0
3692,train,0
3693,train,0
3694,test,1
3695,train,0
3696,validation,0
3697,test,1
3698,test,0
3699,validation,0
3700,test,0
3701,train,0
3702,test,1
3703,train,0
3704,train,0
3705,test,1
3706,validation,0
3707,test,0
3708,train,0
3709,test,0
3710,train,0
3711,train,0
3712,train,0
3713,train,1
3714,validation,0
3715,train,0
3716,train,0
3717,train,0
3718,test,0
3719,train,0
3720,test,0
3721,train,0
3722,test,0
3723,validation,0
3724,train,0
3725,validation,0
3726,train,0
3727,train,0
3728,train,0
3729,train,0
3730,test,0
3731,train,0
3732,test,0
3733,validation,1
3734,test,0
3735,train,0
3736,train,1
3737,test,0
3738,train,0
3739,validation,0
3740,train,0
3741,train,0
3742,train,0
3743,validation,0
3744,train,0
3745,train,0
3746,train,0
3747,test,0
3748,train,0
3749,test,0
3750,train,0
3751,validation,0
3752,train,0
3753,test,1
3754,train,0
3755,test,0
3756,validation,0
3757,train,0
3758,validation,0
3759,validation,1
3760,train,0
3761,validation,0
3762,train,0
3763,train,0
3764,train,0
3765,train,0
3766,validation,0
3767,test,0
3768,validation,1
3769,train,0
3770,train,0
3771,train,0
3772,train,0
3773,train,0
3774,validation,0
3775,train,0
3776,train,1
3777,train,0
3778,train,0
3779,test,0
3780,test,0
3781,test,0
3782,train,0
3783,train,0
3784,train,0
3785,test,0
3786,train,1
3787,validation,0
3788,train,0
3789,train,0
3790,train,0
3791,test,0
3792,train,0
3793,train,0
3794,train,0
3795,train,0
3796,test,0
3797,test,0
3798,validation,0
3799,test,0
3800,train,1
3801,test,0
3802,test,0
3803,validation,0
3804,train,0
3805,train,0
3806,validation,0
3807,test,0
3808,validation,0
3809,test,0
3810,train,0
3811,train,0
3812,test,0
3813,train,0
3814,validation,1
3815,train,0
3816,train,0
3817,train,1
3818,train,0
3819,validation,1
3820,train,1
3821,train,0
3822,test,1
3823,test,0
3824,train,0
3825,test,0
3826,train,1
3827,train,0
3828,train,0
3829,train,0
3830,test,0
3831,train,1
3832,validation,0
3833,test,0
3834,train,0
3835,test,0
3836,train,0
3837,train,0
3838,train,0
3839,test,0
3840,train,0
3841,validation,0
3842,validation,1
3843,validation,0
3844,validation,0
3845,validation,0
3846,test,0
3847,train,0
3848,validation,0
3849,train,0
3850,train,0
3851,train,0
3852,train,0
3853,train,0
3854,train,0
3855,train,0
3856,train,0
3857,train,1
3858,validation,0
3859,test,1
3860,train,0
3861,train,0
3862,test,0
3863,train,0
3864,train,0
3865,train,0
3866,train,0
3867,validation,0
3868,train,0
3869,train,0
3870,train,0
3871,train,0
3872,test,1
3873,validation,1
3874,train,0
3875,train,0
3876,train,0
3877,train,0
3878,train,1
3879,train,0
3880,train,0
3881,test,0
3882,train,0
3883,train,0
3884,train,1
3885,test,1
3886,validation,0
3887,train,1
3888,train,0
3889,validation,0
3890,train,0
3891,validation,0
3892,train,0
3893,test,1
3894,train,0
3895,test,1
3896,train,0
3897,train,1
3898,train,0
3899,test,0
3900,train,0
3901,validation,0
3902,train,0
3903,train,0
3904,train,0
3905,validation,0
3906,train,1
3907,test,0
3908,validation,0
3909,validation,0
3910,train,0
3911,train,0
3912,train,0
3913,train,0
3914,validation,0
3915,train,0
3916,train,0
3917,train,0
3918,test,0
3919,validation,0
3920,validation,0
3921,validation,0
3922,validation,0
3923,train,0
3924,train,0
3925,train,0
3926,validation,1
3927,test,0
3928,train,0
3929,train,0
3930,validation,0
3931,train,0
3932,train,0
3933,validation,1
3934,train,0
3935,test,0
3936,train,0
3937,train,0
3938,validation,0
3939,train,0
3940,train,0
3941,train,0
3942,train,1
3943,train,0
3944,test,0
3945,train,0
3946,train,0
3947,validation,0
3948,train,0
3949,test,1
3950,train,0
3951,validation,0
3952,test,0
3953,validation,0
3954,validation,0
3955,test,0
3956,test,1
3957,train,0
3958,train,1
3959,train,0
3960,train,0
3961,train,0
3962,test,0
3963,train,0
3964,validation,0
3965,train,0
3966,train,0
3967,test,0
3968,test,0
3969,train,0
3970,test,0
3971,train,0
3972,test,0
3973,train,0
3974,validation,1
3975,validation,0
3976,test,0
3977,test,1
3978,train,0
3979,train,0
3980,train,1
3981,train,0
3982,train,0
3983,train,0
3984,validation,0
3985,train,0
3986,train,1
3987,validation,1
3988,train,0
3989,test,0
3990,test,0
3991,train,0
3992,test,1
3993,validation,0
3994,train,0
3995,train,0
3996,validation,0
3997,validation,0
3998,train,0
3999,train,0
4000,test,0
4001,validation,0
4002,validation,0
4003,validation,0
4004,validation,0
4005,train,0
4006,train,0
4007,train,0
4008,train,0
4009,train,0
4010,train,1
4011,train,0
4012,train,0
4013,train,0
4014,train,0
4015,train,0
4016,test,0
4017,train,1
4018,train,0
4019,train,0
4020,train,0
4021,test,0
4022,validation,0
4023,validation,1
4024,train,0
4025,train,0
4026,validation,0
4027,train,1
4028,test,1
4029,validation,0
4030,validation,0
4031,train,0
4032,train,0
4033,test,1
4034,train,0
4035,validation,0
4036,train,0
4037,train,0
4038,train,0
4039,validation,0
4040,train,0
4041,train,0
4042,test,0
4043,validation,0
4044,train,0
4045,validation,0
4046,test,0
4047,train,0
4048,validation,0
4049,test,1
4050,validation,0
4051,validation,1
4052,train,0
4053,train,0
4054,train,1
4055,train,0
4056,train,0
4057,train,1
4058,train,0
4059,train,0
4060,train,0
4061,validation,0
4062,validation,0
4063,train,0
4064,validation,0
4065,test,1
4066,train,0
4067,train,1
4068,train,0
4069,test,0
4070,train,0
4071,train,0
4072,train,0
4073,train,0
4074,test,0
4075,train,1
4076,train,0
4077,train,0
4078,train,0
4079,test,1
4080,train,0
4081,train,0
4082,train,1
4083,train,0
4084,train,0
4085,train,1
4086,test,0
4087,train,0
4088,validation,0
4089,test,1
4090,train,0
4091,train,0
4092,train,0
4093,train,0
4094,train,0
4095,train,0
4096,test,0
4097,train,0
4098,train,1
4099,train,0
4100,train,0
4101,train,0
4102,train,0
4103,train,0
4104,train,0
4105,train,0
4106,train,0
4107,train,0
4108,train,0
4109,validation,0
4110,test,0
4111,test,0
4112,train,0
4113,train,0
4114,test,0
4115,validation,0
4116,test,0
4117,train,0
4118,test,0
4119,validation,0
4120,train,1
4121,train,1
4122,train,1
4123,test,0
4124,train,0
4125,train,0
4126,test,1
4127,train,1
4128,train,0
4129,train,1
4130,train,1
4131,train,0
4132,train,0
4133,train,1
4134,validation,0
4135,train,1
4136,validation,0
4137,train,0
4138,train,0
4139,train,1
4140,train,1
4141,train,0
4142,train,0
4143,validation,0
4144,train,0
4145,test,0
4146,train,0
4147,train,0
4148,test,0
4149,train,0
4150,train,0
4151,test,0
4152,train,0
4153,validation,0
4154,train,0
4155,train,0
4156,train,0
4157,train,0
4158,train,1
4159,validation,0
4160,test,0
4161,train,1
4162,train,0
4163,train,0
4164,validation,0
4165,train,0
4166,train,0
4167,test,0
4168,validation,0
4169,test,0
4170,test,0
4171,train,0
4172,train,0
4173,test,0
4174,train,0
4175,train,1
4176,test,0
4177,validation,1
4178,train,0
4179,train,0
4180,test,0
4181,train,0
4182,train,0
4183,train,0
4184,train,0
4185,train,0
4186,test,0
4187,train,0
4188,validation,0
4189,train,0
4190,validation,0
4191,train,1
4192,train,0
4193,train,0
4194,test,0
4195,train,1
4196,validation,1
4197,validation,0
4198,train,1
4199,test,1
4200,validation,0
4201,test,0
4202,train,0
4203,train,0
4204,train,0
4205,train,0
4206,train,0
4207,train,0
4208,validation,0
4209,validation,0
4210,test,0
4211,train,0
4212,train,0
4213,validation,0
4214,test,0
4215,train,0
4216,validation,0
4217,train,0
4218,train,0
4219,test,1
4220,train,0
4221,validation,0
4222,train,0
4223,train,0
4224,train,0
4225,train,0
4226,validation,0
4227,train,0
4228,test,0
4229,train,0
4230,validation,0
4231,train,0
4232,train,0
4233,validation,0
4234,train,0
4235,train,1
4236,train,0
4237,validation,0
4238,test,0
4239,train,0
4240,train,1
4241,validation,0
4242,train,0
4243,validation,0
4244,test,0
4245,train,0
4246,validation,0
4247,train,0
4248,train,0
4249,train,0
4250,train,1
4251,validation,0
4252,train,1
4253,validation,1
4254,train,0
4255,test,0
4256,test,1
4257,train,0
4258,train,0
4259,train,1
4260,train,0
4261,train,1
4262,train,0
4263,train,0
4264,train,1
4265,train,1
4266,train,0
4267,train,0
4268,train,0
4269,train,0
4270,validation,0
4271,validation,0
4272,train,0
4273,train,0
4274,validation,1
4275,validation,0
4276,validation,0
4277,train,0
4278,train,0
4279,train,1
4280,train,0
4281,validation,0
4282,test,0
4283,validation,0
4284,test,0
4285,train,1
4286,train,0
4287,train,0
4288,train,0
4289,train,0
4290,train,0
4291,validation,0
4292,test,0
4293,train,0
4294,train,0
4295,train,0
4296,validation,0
4297,test,0
4298,train,0
4299,train,0
4300,train,0
4301,train,1
4302,train,0
4303,train,0
4304,test,0
4305,train,0
4306,test,1
4307,train,0
4308,train,0
4309,validation,1
4310,train,0
4311,train,0
4312,train,0
4313,validation,0
4314,train,0
4315,train,0
4316,train,0
4317,train,0
4318,train,0
4319,train,0
4320,train,0
4321,train,0
4322,train,0
4323,train,0
4324,validation,0
4325,test,1
4326,train,0
4327,train,0
4328,train,0
4329,train,0
4330,test,0
4331,test,0
4332,test,1
4333,train,0
4334,train,0
4335,test,0
4336,train,0
4337,train,0
4338,validation,0
4339,train,0
4340,train,0
4341,validation,0
4342,train,0
4343,validation,1
4344,train,0
4345,train,0
4346,train,1
4347,train,0
4348,test,1
4349,train,0
4350,train,0
4351,test,1
4352,train,0
4353,train,0
4354,train,0
4355,train,0
4356,test,0
4357,train,0
4358,train,0
4359,test,0
4360,train,0
4361,validation,1
4362,train,0
4363,train,0
4364,test,0
4365,train,1
4366,test,0
4367,train,0
4368,train,0
4369,train,0
4370,test,0
4371,train,0
4372,test,0
4373,train,0
4374,train,0
4375,validation,0
4376,test,0
4377,test,0
4378,train,0
4379,train,1
4380,validation,1
4381,train,0
4382,train,0
4383,train,1
4384,test,0
4385,train,0
4386,test,0
4387,train,0
4388,train,0
4389,validation,0
4390,test,0
4391,train,1
4392,validation,0
4393,train,1
4394,train,0
4395,train,0
4396,test,0
4397,train,0
4398,train,0
4399,train,0
4400,train,0
4401,train,0
4402,train,0
4403,train,0
4404,train,0
4405,train,0
4406,validation,0
4407,validation,0
4408,train,0
4409,train,0
4410,validation,0
4411,train,0
4412,train,0
4413,train,1
4414,train,0
4415,train,0
4416,train,0
4417,validation,0
4418,validation,0
4419,train,0
4420,validation,0
4421,train,0
4422,train,0
4423,train,0
4424,test,0
4425,validation,0
4426,train,0
4427,test,0
4428,validation,0
4429,train,0
4430,train,0
4431,test,1
4432,train,0
4433,train,0
4434,train,0
4435,train,1
4436,train,0
4437,test,1
4438,train,0
4439,validation,0
4440,train,0
4441,train,0
4442,train,0
4443,train,0
4444,train,0
4445,train,0
4446,train,0
4447,validation,0
4448,validation,0
4449,validation,0
4450,validation,0
4451,train,0
4452,test,0
4453,test,0
4454,train,1
4455,test,1
4456,test,0
4457,train,0
4458,validation,0
4459,train,0
4460,train,0
4461,validation,0
4462,train,0
4463,train,0
4464,train,0
4465,train,0
4466,train,0
4467,train,0
4468,train,0
4469,validation,0
4470,train,0
4471,train,0
4472,train,0
4473,test,0
4474,train,0
4475,train,0
4476,test,1
4477,train,0
4478,train,0
4479,validation,0
4480,train,1
4481,train,0
4482,train,0
4483,train,0
4484,validation,0
4485,test,0
4486,test,0
4487,train,0
4488,train,0
4489,train,0
4490,train,0
4491,train,0
4492,train,0
4493,train,0
4494,train,0
4495,train,0
4496,train,0
4497,train,0
4498,train,0
4499,train,0
4500,validation,0
4501,train,0
4502,test,0
4503,train,0
4504,train,0
4505,validation,0
4506,train,1
4507,train,0
4508,test,0
4509,validation,1
4510,test,0
4511,train,1
4512,validation,1
4513,train,0
4514,validation,0
4515,train,0
4516,train,0
4517,train,1
4518,train,0
4519,validation,0
4520,train,0
4521,train,0
4522,validation,0
4523,train,0
4524,validation,0
4525,train,0
4526,train,0
4527,train,0
4528,train,1
4529,test,0
4530,validation,0
4531,train,1
4532,train,0
4533,train,0
4534,train,0
4535,train,0
4536,train,1
4537,validation,1
4538,test,0
4539,train,0
4540,train,0
4541,train,0
4542,validation,0
4543,train,0
4544,train,0
4545,train,0
4546,train,0
4547,test,0
4548,train,1
4549,train,1
4550,test,1
4551,train,1
4552,validation,0
4553,train,1
4554,train,0
4555,test,1
4556,test,0
4557,train,0
4558,train,0
4559,train,0
4560,train,0
4561,train,0
4562,validation,0
4563,train,0
4564,train,0
4565,train,0
4566,train,0
4567,train,0
4568,test,0
4569,validation,0
4570,train,0
4571,train,0
4572,train,1
4573,train,0
4574,validation,0
4575,validation,1
4576,test,0
4577,train,1
4578,validation,0
4579,validation,0
4580,train,0
4581,test,0
4582,validation,1
4583,test,1
4584,test,0
4585,validation,0
4586,train,0
4587,validation,0
4588,test,0
4589,train,0
4590,train,0
4591,test,0
4592,train,0
4593,validation,0
4594,validation,0
4595,train,1
4596,validation,0
4597,train,0
4598,train,0
4599,validation,0
4600,train,1
4601,train,0
4602,validation,0
4603,train,0
4604,train,0
4605,train,0
4606,test,0
4607,train,0
4608,train,0
4609,train,0
4610,train,1
4611,validation,0
4612,train,1
4613,test,0
4614,validation,0
4615,test,1
4616,test,0
4617,train,1
4618,train,0
4619,validation,0
4620,validation,0
4621,test,0
4622,train,1
4623,train,1
4624,train,0
4625,train,0
4626,train,0
4627,train,0
4628,train,0
4629,train,0
4630,train,0
4631,train,0
4632,test,0
4633,test,0
4634,test,0
4635,validation,0
4636,train,0
4637,train,0
4638,train,1
4639,train,0
4640,train,0
4641,train,0
4642,test,1
4643,train,1
4644,train,0
4645,validation,0
4646,test,0
4647,train,0
4648,validation,1
4649,train,0
4650,train,0
4651,train,0
4652,train,0
4653,test,0
4654,train,1
4655,test,0
4656,train,0
4657,train,1
4658,train,1
4659,test,1
4660,validation,0
4661,train,0
4662,test,0
4663,train,0
4664,train,0
4665,test,0
4666,train,0
4667,test,0
4668,train,1
4669,validation,1
4670,train,0
4671,validation,0
4672,train,0
4673,train,0
4674,test,0
4675,train,0
4676,train,0
4677,validation,0
4678,validation,0
4679,train,0
4680,train,0
4681,train,0
4682,validation,1
4683,validation,0
4684,train,0
4685,train,0
4686,train,1
4687,validation,0
4688,train,0
4689,train,1
4690,train,0
4691,train,0
4692,train,0
4693,test,0
4694,train,0
4695,train,0
4696,train,0
4697,validation,0
4698,train,0
4699,train,0
4700,train,0
4701,train,0
4702,train,0
4703,train,0
4704,test,0
4705,train,1
4706,train,0
4707,train,1
4708,train,0
4709,train,0
4710,train,0
4711,test,0
4712,test,0
4713,validation,0
4714,train,0
4715,train,0
4716,test,0
4717,train,0
4718,test,0
4719,train,0
4720,train,0
4721,train,1
4722,test,1
4723,train,0
4724,validation,1
4725,train,0
4726,train,0
4727,train,0
4728,train,0
4729,train,0
4730,train,0
4731,train,0
4732,test,0
4733,train,0
4734,train,0
4735,train,0
4736,validation,0
4737,train,0
4738,train,1
4739,train,0
4740,validation,1
4741,train,0
4742,train,0
4743,validation,0
4744,test,0
4745,test,0
4746,train,0
4747,train,0
4748,train,0
4749,validation,0
4750,train,0
4751,validation,1
4752,test,0
4753,train,1
4754,validation,1
4755,validation,0
4756,train,0
4757,train,0
4758,validation,0
4759,train,0
4760,train,0
4761,test,1
4762,train,0
4763,train,0
4764,train,0
4765,train,0
4766,validation,0
4767,test,1
4768,validation,0
4769,train,1
4770,test,0
4771,train,0
4772,train,0
4773,train,0
4774,train,0
4775,train,0
4776,validation,0
4777,train,0
4778,train,0
4779,train,0
4780,train,0
4781,train,0
4782,train,0
4783,train,0
4784,train,0
4785,validation,0
4786,test,0
4787,train,0
4788,test,0
4789,train,1
4790,validation,0
4791,train,0
4792,train,0
4793,train,0
4794,train,0
4795,train,0
4796,test,0
4797,test,0
4798,train,0
4799,train,1
4800,train,1
4801,validation,0
4802,train,0
4803,test,0
4804,train,1
4805,train,0
4806,validation,0
4807,train,0
4808,train,0
4809,train,0
4810,validation,0
4811,test,0
4812,train,0
4813,train,0
4814,train,1
4815,test,0
4816,validation,0
4817,validation,0
4818,train,1
4819,train,0
4820,train,0
4821,train,0
4822,train,0
4823,train,0
4824,train,0
4825,train,1
4826,test,0
4827,validation,1
4828,train,1
4829,validation,0
4830,train,0
4831,train,0
4832,train,1
4833,test,0
4834,validation,0
4835,validation,0
4836,train,1
4837,test,0
4838,train,0
4839,train,0
4840,train,0
4841,train,0
4842,train,0
4843,test,1
4844,test,0
4845,train,0
4846,test,1
4847,train,0
4848,train,0
4849,test,0
4850,train,1
4851,validation,0
4852,train,0
4853,train,0
4854,validation,0
4855,train,0
4856,train,0
4857,train,1
4858,test,0
4859,train,0
4860,validation,0
4861,train,0
4862,train,0
4863,test,1
4864,validation,0
4865,train,1
4866,train,1
4867,validation,0
4868,train,0
4869,validation,0
4870,test,0
4871,validation,1
4872,train,0
4873,train,0
4874,train,1
4875,train,0
4876,validation,0
4877,validation,0
4878,test,0
4879,test,1
4880,train,0
4881,train,0
4882,test,0
4883,train,0
4884,train,0
4885,train,0
4886,test,0
4887,test,0
4888,validation,0
4889,train,0
4890,train,0
4891,test,0
4892,validation,0
4893,test,0
4894,test,0
4895,train,0
4896,test,0
4897,test,1
4898,validation,0
4899,test,0
4900,test,0
4901,train,0
4902,train,0
4903,test,0
4904,validation,0
4905,validation,1
4906,validation,1
4907,train,0
4908,train,0
4909,train,0
4910,train,1
4911,validation,0
4912,train,0
4913,train,0
4914,train,0
4915,train,0
4916,train,0
4917,train,0
4918,train,0
4919,validation,0
4920,train,0
4921,train,0
4922,train,0
4923,train,1
4924,train,0
4925,train,1
4926,train,0
4927,train,0
4928,train,0
4929,test,0
4930,train,0
4931,train,0
4932,test,0
4933,train,0
4934,validation,0
4935,validation,1
4936,train,1
4937,test,0
4938,validation,0
4939,validation,0
4940,train,0
4941,validation,1
4942,test,0
4943,train,0
4944,train,0
4945,validation,0
4946,train,0
4947,train,0
4948,test,0
4949,test,0
4950,train,0
4951,train,0
4952,test,0
4953,validation,0
4954,validation,0
4955,train,0
4956,test,0
4957,train,0
4958,train,1
4959,test,0
4960,train,0
4961,train,0
4962,train,0
4963,test,0
4964,train,0
4965,train,0
4966,train,0
4967,train,0
4968,validation,1
4969,train,0
4970,train,0
4971,test,0
4972,validation,0
4973,train,0
4974,train,0
4975,train,0
4976,train,0
4977,train,0
4978,validation,0
4979,train,0
4980,validation,0
4981,train,1
4982,train,0
4983,train,0
4984,train,0
4985,train,0
4986,train,0
4987,validation,0
4988,train,0
4989,train,0
4990,validation,0
4991,train,0
4992,train,1
4993,train,0
4994,validation,0
4995,validation,1
4996,validation,0
4997,train,1
4998,validation,0
4999,train,0
5000,train,0
5001,train,0
5002,train,0
5003,train,0
5004,train,0
5005,validation,0
5006,train,0
5007,validation,0
5008,train,0
5009,train,0
5010,validation,1
5011,validation,0
5012,train,1
5013,validation,0
5014,train,0
5015,train,1
5016,test,0
5017,test,1
5018,train,0
5019,test,0
5020,test,0
5021,train,1
5022,test,0
5023,test,0
5024,test,1
5025,train,0
5026,train,0
5027,validation,0
5028,train,0
5029,validation,0
5030,test,1
5031,train,0
5032,train,0
5033,test,0
5034,train,1
5035,validation,0
5036,train,0
5037,train,0
5038,train,0
5039,train,0
5040,train,0
5041,test,0
5042,test,0
5043,validation,0
5044,test,0
5045,test,0
5046,test,0
5047,train,1
5048,test,0
5049,test,0
5050,train,0
5051,validation,0
5052,test,0
5053,test,0
5054,train,0
5055,test,0
5056,train,0
5057,train,0
5058,train,0
5059,train,0
5060,validation,1
5061,train,1
5062,train,0
5063,train,0
5064,train,0
5065,validation,0
5066,train,0
5067,train,1
5068,test,1
5069,test,0
5070,test,0
5071,test,0
5072,validation,0
5073,validation,0
5074,validation,0
5075,train,0
5076,train,0
5077,test,0
5078,test,0
5079,validation,1
5080,train,0
5081,test,0
5082,test,0
5083,train,0
5084,validation,0
5085,test,1
5086,test,0
5087,test,0
5088,train,0
5089,train,0
5090,test,1
5091,train,0
5092,test,1
5093,train,1
5094,train,0
5095,train,0
5096,train,1
5097,train,0
5098,train,0
5099,test,1
5100,train,0
5101,validation,0
5102,train,0
5103,train,0
5104,train,0
5105,validation,0
5106,train,0
5107,validation,1
5108,train,0
5109,train,1
5110,test,0
5111,validation,0
5112,validation,0
5113,train,0
5114,validation,0
5115,test,0
5116,train,0
5117,train,0
5118,validation,1
5119,train,0
5120,validation,0
5121,train,0
5122,train,0
5123,train,1
5124,test,0
5125,validation,0
5126,train,0
5127,validation,0
5128,train,0
5129,test,0
5130,train,0
5131,train,0
5132,train,0
5133,train,1
5134,train,0
5135,test,0
5136,train,1
5137,train,1
5138,test,0
5139,train,0
5140,test,0
5141,train,1
5142,validation,0
5143,train,0
5144,train,0
5145,train,0
5146,train,0
5147,train,0
5148,train,0
5149,train,1
5150,test,0
5151,train,0
5152,validation,1
5153,train,1
5154,validation,0
5155,train,0
5156,train,0
5157,train,0
5158,train,0
5159,test,0
5160,validation,0
5161,train,1
5162,test,0
5163,train,0
5164,train,0
5165,train,1
5166,test,1
5167,test,0
5168,validation,1
5169,train,1
5170,validation,0
5171,train,0
5172,validation,0
5173,train,0
5174,train,0
5175,train,0
5176,validation,1
5177,train,0
5178,validation,1
5179,test,0
5180,test,0
5181,train,0
5182,test,0
5183,validation,0
5184,train,0
5185,train,1
5186,train,0
5187,train,1
5188,test,0
5189,train,0
5190,train,0
5191,train,1
5192,train,0
5193,train,0
5194,test,0
5195,test,0
5196,train,0
5197,test,0
5198,train,0
5199,test,0
5200,train,0
5201,test,0
5202,train,0
5203,train,0
5204,train,0
5205,train,0
5206,train,0
5207,train,1
5208,train,0
5209,train,1
5210,test,0
5211,train,0
5212,validation,0
5213,train,1
5214,validation,0
5215,train,0
5216,train,0
5217,train,0
5218,train,0
5219,train,0
5220,train,0
5221,train,0
5222,test,0
5223,train,1
5224,train,0
5225,train,0
5226,train,1
5227,train,0
5228,train,0
5229,train,0
5230,test,1
5231,train,0
5232,train,0
5233,validation,0
5234,validation,0
5235,train,0
5236,train,0
5237,train,0
5238,train,0
5239,test,1
5240,train,0
5241,train,1
5242,train,0
5243,validation,0
5244,train,1
5245,validation,0
5246,train,0
5247,test,1
5248,train,0
5249,train,0
5250,validation,0
5251,validation,0
5252,train,0
5253,train,0
5254,train,0
5255,train,1
5256,train,1
5257,train,0
5258,test,0
5259,train,0
5260,train,0
5261,test,0
5262,train,0
5263,train,0
5264,train,1
5265,validation,0
5266,validation,0
5267,train,0
5268,test,0
5269,train,0
5270,validation,0
5271,train,0
5272,train,0
5273,train,0
5274,train,0
5275,train,1
5276,validation,0
5277,train,0
5278,train,0
5279,train,0
5280,test,0
5281,train,1
5282,train,1
5283,train,0
5284,validation,0
5285,train,0
5286,validation,1
5287,test,0
5288,train,0
5289,train,1
5290,train,0
5291,train,0
5292,train,0
5293,train,0
5294,train,1
5295,train,0
5296,train,1
5297,validation,0
5298,test,0
5299,train,0
5300,train,0
5301,train,0
5302,train,0
5303,train,1
5304,test,0
5305,validation,0
5306,train,0
5307,validation,1
5308,train,0
5309,train,0
5310,train,0
5311,train,0
5312,train,1
5313,validation,1
5314,train,0
5315,train,0
5316,train,0
5317,train,0
5318,train,0
5319,train,0
5320,validation,0
5321,test,0
5322,test,0
5323,train,0
5324,train,0
5325,train,0
5326,validation,0
5327,validation,0
5328,test,1
5329,train,0
5330,validation,0
5331,validation,0
5332,train,0
5333,train,0
5334,train,0
5335,test,0
5336,validation,0
5337,validation,0
5338,validation,0
5339,train,0
5340,train,0
5341,test,0
5342,train,0
5343,train,0
5344,validation,0
5345,train,1
5346,train,0
5347,validation,0
5348,validation,0
5349,train,0
5350,validation,0
5351,train,1
5352,validation,0
5353,validation,1
5354,train,0
5355,train,0
5356,validation,0
5357,train,0
5358,test,0
5359,train,0
5360,train,0
5361,train,0
5362,train,0
5363,train,0
5364,train,0
5365,test,1
5366,test,0
5367,validation,0
5368,test,0
5369,validation,0
5370,train,0
5371,train,1
5372,train,0
5373,train,1
5374,test,0
5375,test,0
5376,train,0
5377,train,0
5378,train,0
5379,train,0
5380,train,0
5381,train,0
5382,train,0
5383,train,1
5384,train,0
5385,test,0
5386,test,0
5387,validation,0
5388,train,0
5389,train,0
5390,train,0
5391,validation,0
5392,train,0
5393,validation,0
5394,train,1
5395,train,1
5396,validation,0
5397,train,0
5398,test,0
5399,train,1
5400,train,0
5401,train,0
5402,train,1
5403,train,0
5404,train,0
5405,test,0
5406,validation,0
5407,test,0
5408,train,0
5409,train,1
5410,test,0
5411,train,0
5412,train,0
5413,test,1
5414,test,0
5415,validation,0
5416,train,0
5417,train,0
5418,train,1
5419,test,1
5420,test,0
5421,validation,0
5422,train,0
5423,validation,0
5424,train,0
5425,train,0
5426,test,0
5427,test,0
5428,train,0
5429,train,0
5430,validation,1
5431,train,0
5432,train,0
5433,train,0
5434,train,0
5435,train,0
5436,train,0
5437,test,1
5438,train,0
5439,train,0
5440,test,0
5441,train,0
5442,validation,0
5443,train,0
5444,test,0
5445,test,0
5446,train,1
5447,train,0
5448,validation,0
5449,train,0
5450,train,0
5451,train,1
5452,train,0
5453,validation,0
5454,train,1
5455,validation,1
5456,train,0
5457,train,0
5458,test,1
5459,train,0
5460,train,0
5461,train,0
5462,train,0
5463,train,0
5464,test,1
5465,train,0
5466,test,0
5467,train,0
5468,train,0
5469,train,1
5470,train,0
5471,test,0
5472,train,1
5473,train,0
5474,train,0
5475,train,0
5476,train,0
5477,train,0
5478,validation,0
5479,train,0
5480,validation,0
5481,train,0
5482,test,0
5483,train,0
5484,train,1
5485,validation,0
5486,train,0
5487,train,0
5488,train,0
5489,test,0
5490,train,0
5491,validation,0
5492,test,0
5493,train,0
5494,train,0
5495,validation,0
5496,validation,0
5497,test,0
5498,train,0
5499,validation,1
5500,validation,1
5501,test,0
5502,train,0
5503,test,0
5504,train,0
5505,test,0
5506,validation,0
5507,test,0
5508,train,0
5509,validation,0
5510,validation,0
5511,train,0
5512,train,0
5513,train,0
5514,train,1
5515,validation,1
5516,train,0
5517,test,0
5518,test,0
5519,train,0
5520,train,0
5521,validation,0
5522,train,0
5523,train,1
5524,train,0
5525,validation,0
5526,train,0
5527,train,0
5528,validation,0
5529,train,1
5530,train,0
5531,validation,0
5532,train,0
5533,train,1
5534,train,1
5535,train,0
5536,train,0
5537,validation,1
5538,test,1
5539,train,1
5540,train,1
5541,train,0
5542,train,0
5543,train,0
5544,test,0
5545,validation,0
5546,validation,0
5547,train,0
5548,train,0
5549,train,0
5550,train,0
5551,validation,0
5552,validation,0
5553,train,0
5554,train,0
5555,train,0
5556,train,0
5557,validation,0
5558,train,0
5559,test,0
5560,train,1
5561,test,0
5562,train,0
5563,train,0
5564,train,0
5565,train,0
5566,test,0
5567,test,0
5568,train,0
5569,test,0
5570,validation,0
5571,test,1
5572,validation,0
5573,test,0
5574,validation,0
5575,test,1
5576,train,0
5577,train,0
5578,test,0
5579,train,0
5580,validation,0
5581,test,1
5582,train,1
5583,train,0
5584,train,0
5585,validation,0
5586,train,0
5587,train,0
5588,test,0
5589,train,1
5590,test,0
5591,train,0
5592,train,0
5593,train,0
5594,train,0
5595,validation,0
5596,test,0
5597,train,1
5598,train,0
5599,train,0
5600,train,0
5601,train,0
5602,test,0
5603,train,0
5604,train,0
5605,train,1
5606,train,0
5607,train,0
5608,train,0
5609,train,0
5610,train,0
5611,train,0
5612,train,0
5613,train,0
5614,train,0
5615,train,0
5616,train,0
5617,train,1
5618,validation,0
5619,validation,0
5620,train,0
5621,train,0
5622,test,0
5623,train,1
5624,validation,0
5625,validation,0
5626,test,0
5627,train,0
5628,validation,0
5629,train,0
5630,train,0
5631,train,0
5632,train,1
5633,train,1
5634,validation,0
5635,train,0
5636,train,0
5637,train,0
5638,test,0
5639,train,0
5640,test,0
5641,validation,0
5642,test,0
5643,train,0
5644,train,1
5645,train,0
5646,validation,0
5647,validation,0
5648,train,0
5649,train,0
5650,train,0
5651,validation,0
5652,train,0
5653,train,1
5654,test,0
5655,train,0
5656,test,0
5657,train,0
5658,validation,0
5659,train,0
5660,train,0
5661,validation,0
5662,train,0
5663,validation,1
5664,train,0
5665,train,1
5666,test,0
5667,train,0
5668,train,0
5669,train,0
5670,validation,0
5671,train,1
5672,train,0
5673,test,0
5674,test,0
5675,train,0
5676,train,1
5677,test,0
5678,validation,0
5679,validation,0
5680,test,0
5681,train,0
5682,validation,0
5683,train,0
5684,train,0
5685,train,0
5686,train,0
5687,test,0
5688,train,0
5689,validation,0
5690,train,0
5691,validation,0
5692,train,1
5693,train,0
5694,train,0
5695,validation,1
5696,validation,0
5697,test,0
5698,validation,0
5699,validation,1
5700,test,0
5701,test,0
5702,train,0
5703,test,0
5704,validation,0
5705,train,1
5706,validation,0
5707,train,0
5708,validation,0
5709,train,0
5710,train,0
5711,validation,0
5712,train,1
5713,train,0
5714,validation,0
5715,train,1
5716,train,0
5717,test,0
5718,train,0
5719,test,0
5720,train,0
5721,validation,0
5722,train,0
5723,test,0
5724,validation,0
5725,train,0
5726,train,1
5727,train,0
5728,test,0
5729,train,0
5730,test,0
5731,train,0
5732,validation,0
5733,train,0
5734,train,0
5735,train,0
5736,train,0
5737,validation,0
5738,test,0
5739,train,0
5740,train,0
5741,train,0
5742,test,0
5743,validation,1
5744,test,0
5745,train,0
5746,train,0
5747,test,0
5748,test,0
5749,test,0
5750,train,1
5751,train,0
5752,test,0
5753,train,0
5754,train,0
5755,train,0
5756,train,0
5757,test,0
5758,validation,0
5759,train,0
5760,train,1
5761,train,0
5762,train,0
5763,train,0
5764,train,0
5765,train,0
5766,train,0
5767,train,0
5768,validation,0
5769,train,0
5770,train,0
5771,validation,0
5772,train,1
5773,train,0
5774,test,0
5775,train,0
5776,train,0
5777,train,0
5778,test,0
5779,train,0
5780,validation,0
5781,test,0
5782,test,0
5783,test,1
5784,train,0
5785,train,0
5786,train,0
5787,test,0
5788,train,1
5789,test,0
5790,train,0
5791,train,0
5792,train,1
5793,train,0
5794,train,0
5795,train,0
5796,validation,0
5797,train,0
5798,validation,0
5799,validation,0
5800,validation,0
5801,train,1
5802,train,0
5803,train,0
5804,test,0
5805,train,0
5806,validation,0
5807,train,0
5808,test,0
5809,validation,0
5810,train,0
5811,validation,0
5812,train,0
5813,train,0
5814,train,0
5815,validation,0
5816,test,1
5817,train,0
5818,train,0
5819,test,0
5820,train,0
5821,test,0
5822,train,0
5823,validation,0
5824,validation,1
5825,train,0
5826,train,0
5827,train,0
5828,validation,0
5829,train,0
5830,train,0
5831,train,0
5832,train,0
5833,train,0
5834,validation,0
5835,train,1
5836,train,1
5837,test,1
5838,train,0
5839,test,0
5840,train,0
5841,train,0
5842,train,0
5843,train,0
5844,train,1
5845,test,0
5846,validation,0
5847,test,1
5848,train,0
5849,test,1
5850,test,0
5851,train,0
5852,validation,1
5853,train,1
5854,train,0
5855,train,0
5856,test,0
5857,validation,0
5858,train,0
5859,train,1
5860,validation,0
5861,train,0
5862,train,0
5863,validation,0
5864,train,0
5865,train,0
5866,train,0
5867,test,0
5868,test,1
5869,test,0
5870,train,0
5871,train,0
5872,test,1
5873,validation,0
5874,train,0
5875,validation,0
5876,train,0
5877,train,0
5878,test,0
5879,train,0
5880,train,0
5881,validation,0
5882,test,0
5883,train,0
5884,validation,0
5885,train,0
5886,train,0
5887,test,0
5888,train,1
5889,test,1
5890,train,0
5891,train,0
5892,test,0
5893,test,0
5894,train,0
5895,train,0
5896,train,0
5897,test,0
5898,test,0
5899,test,0
5900,validation,0
5901,train,0
5902,validation,0
5903,train,0
5904,train,0
5905,train,0
5906,test,0
5907,test,0
5908,test,0
5909,train,1
5910,train,0
5911,test,0
5912,validation,0
5913,validation,0
5914,validation,0
5915,train,0
5916,validation,1
5917,train,1
5918,train,0
5919,train,0
5920,test,0
5921,train,0
5922,train,0
5923,train,1
5924,train,0
5925,train,0
5926,test,0
5927,train,0
5928,train,0
5929,train,0
5930,test,0
5931,train,0
5932,train,0
5933,validation,0
5934,train,0
5935,train,0
5936,validation,0
5937,train,0
5938,validation,0
5939,train,0
5940,train,0
5941,train,0
5942,train,0
5943,train,0
5944,test,0
5945,train,0
5946,train,0
5947,train,0
5948,train,1
5949,test,0
5950,train,0
5951,train,0
5952,test,0
5953,train,0
5954,train,0
5955,validation,0
5956,train,0
5957,train,0
5958,train,0
5959,train,0
5960,train,1
5961,train,0
5962,train,0
5963,test,0
5964,test,0
5965,train,0
5966,train,0
5967,validation,0
5968,train,1
5969,test,0
5970,train,0
5971,test,0
5972,train,1
5973,train,0
5974,test,1
5975,train,0
5976,validation,0
5977,train,1
5978,train,0
5979,train,1
5980,train,0
5981,train,0
5982,train,1
5983,train,1
5984,test,0
5985,validation,1
5986,test,0
5987,train,0
5988,validation,0
5989,train,0
5990,train,0
5991,test,0
5992,validation,0
5993,train,0
5994,train,0
5995,train,0
5996,train,1
5997,test,0
5998,validation,0
5999,validation,0
6000,validation,1
6001,train,0
6002,test,0
6003,validation,0
6004,train,0
6005,train,0
6006,train,0
6007,test,0
6008,train,0
6009,train,0
6010,train,1
6011,train,0
6012,train,0
6013,train,0
6014,train,1
6015,train,1
6016,test,0
6017,validation,0
6018,validation,0
6019,train,0
6020,test,0
6021,train,0
6022,train,0
6023,train,0
6024,train,0
6025,test,0
6026,train,0
6027,test,0
6028,validation,0
6029,train,0
6030,test,0
6031,train,0
6032,train,0
6033,train,0
6034,validation,0
6035,train,0
6036,validation,0
6037,train,1
6038,train,0
6039,train,0
6040,train,0
6041,validation,0
6042,train,0
6043,train,0
6044,validation,0
6045,train,0
6046,train,0
6047,validation,1
6048,validation,0
6049,validation,0
6050,train,1
6051,train,0
6052,train,0
6053,train,0
6054,train,0
6055,train,0
6056,validation,1
6057,train,0
6058,train,1
6059,test,0
6060,train,1
6061,train,0
6062,validation,0
6063,validation,0
6064,train,0
6065,train,0
6066,test,0
6067,train,0
6068,train,0
6069,test,0
6070,test,0
6071,train,0
6072,validation,0
6073,train,0
6074,train,0
6075,test,0
6076,validation,1
6077,train,0
6078,test,0
6079,validation,0
6080,train,0
6081,validation,0
6082,validation,0
6083,train,0
6084,test,0
6085,train,0
6086,test,0
6087,train,1
6088,train,0
6089,validation,0
6090,train,0
6091,test,0
6092,train,1
6093,train,0
6094,train,0
6095,validation,1
6096,validation,0
6097,validation,0
6098,train,0
6099,test,0
6100,train,0
6101,train,0
6102,validation,0
6103,test,1
6104,train,0
6105,train,0
6106,train,0
6107,test,1
6108,train,0
6109,validation,0
6110,train,0
6111,train,1
6112,test,0
6113,validation,0
6114,train,0
6115,train,0
6116,train,1
6117,validation,1
6118,test,0
6119,train,0
6120,train,0
6121,train,0
6122,train,0
6123,train,0
6124,train,0
6125,train,0
6126,validation,0
6127,validation,0
6128,train,0
6129,train,0
6130,validation,0
6131,train,0
6132,validation,0
6133,train,0
6134,train,0
6135,train,0
6136,train,0
6137,train,0
6138,test,0
6139,validation,0
6140,test,1
6141,train,1
6142,train,0
6143,validation,0
6144,train,0
6145,test,0
6146,test,0
6147,validation,0
6148,train,0
6149,test,0
6150,validation,0
6151,validation,1
6152,train,0
6153,test,0
6154,test,0
6155,train,0
6156,train,0
6157,test,0
6158,train,0
6159,validation,0
6160,train,0
6161,test,0
6162,validation,0
6163,train,0
6164,train,0
6165,validation,1
6166,train,0
6167,validation,0
6168,test,0
6169,train,0
6170,train,0
6171,train,0
6172,train,0
6173,train,0
6174,validation,0
6175,validation,1
6176,train,0
6177,test,0
6178,train,0
6179,train,0
6180,validation,0
6181,train,0
6182,test,0
6183,validation,0
6184,validation,0
6185,validation,0
6186,train,0
6187,train,0
6188,train,0
6189,validation,0
6190,validation,0
6191,train,0
6192,train,0
6193,validation,0
6194,validation,0
6195,train,1
6196,test,0
6197,train,1
6198,train,0
6199,train,0
6200,validation,0
6201,train,1
6202,validation,0
6203,test,1
6204,test,0
6205,test,0
6206,train,0
6207,train,0
6208,validation,0
6209,test,0
6210,validation,0
6211,train,0
6212,train,0
6213,train,1
6214,train,0
6215,train,0
6216,train,0
6217,train,0
6218,train,0
6219,test,0
6220,test,0
6221,test,1
6222,test,1
6223,validation,0
6224,train,0
6225,validation,0
6226,train,0
6227,train,0
6228,train,1
6229,validation,0
6230,train,0
6231,train,0
6232,validation,1
6233,test,1
6234,train,1
6235,test,0
6236,train,0
6237,train,0
6238,train,0
6239,test,0
6240,test,0
6241,test,0
6242,train,0
6243,train,0
6244,train,1
6245,train,0
6246,train,0
6247,validation,0
6248,validation,0
6249,train,0
6250,test,1
6251,train,0
6252,train,0
6253,train,1
6254,train,0
6255,train,0
6256,train,0
6257,test,1
6258,train,1
6259,train,0
6260,train,0
6261,test,0
6262,validation,0
6263,test,1
6264,validation,0
6265,train,0
6266,train,0
6267,validation,0
6268,train,0
6269,train,0
6270,validation,0
6271,train,0
6272,train,0
6273,validation,0
6274,train,0
6275,train,0
6276,test,1
6277,train,1
6278,test,0
6279,test,0
6280,test,0
6281,train,0
6282,train,1
6283,train,0
6284,test,1
6285,train,1
6286,train,1
6287,train,0
6288,train,0
6289,train,0
6290,test,0
6291,test,1
6292,test,0
6293,test,0
6294,test,0
6295,test,0
6296,train,0
6297,train,0
6298,train,0
6299,test,0
6300,test,0
6301,train,1
6302,validation,0
6303,train,1
6304,train,0
6305,test,0
6306,test,0
6307,test,0
6308,validation,0
6309,validation,1
6310,validation,0
6311,test,0
6312,validation,0
6313,train,1
6314,validation,1
6315,train,1
6316,validation,0
6317,train,0
6318,test,1
6319,train,0
6320,train,0
6321,train,0
6322,train,0
6323,train,0
6324,train,0
6325,train,1
6326,train,0
6327,train,0
6328,train,0
6329,train,0
6330,train,0
6331,train,0
6332,train,0
6333,validation,0
6334,test,0
6335,validation,0
6336,train,0
6337,validation,0
6338,test,0
6339,validation,0
6340,train,0
6341,train,0
6342,train,0
6343,test,0
6344,test,0
6345,test,0
6346,test,0
6347,test,0
6348,validation,0
6349,validation,1
6350,test,0
6351,train,0
6352,train,0
6353,validation,0
6354,test,0
6355,train,0
6356,train,0
6357,test,1
6358,test,0
6359,train,0
6360,train,0
6361,validation,1
6362,train,0
6363,validation,1
6364,train,0
6365,test,0
6366,validation,1
6367,train,1
6368,train,0
6369,test,0
6370,test,0
6371,train,0
6372,train,0
6373,train,0
6374,validation,0
6375,train,1
6376,validation,0
6377,train,0
6378,train,0
6379,validation,0
6380,train,0
6381,train,0
6382,validation,0
6383,train,0
6384,train,1
6385,train,1
6386,train,0
6387,test,0
6388,validation,0
6389,train,0
6390,test,1
6391,validation,0
6392,train,1
6393,train,0
6394,train,0
6395,validation,0
6396,train,0
6397,validation,0
6398,train,0
6399,validation,0
6400,validation,0
6401,test,0
6402,train,0
6403,train,1
6404,train,0
6405,test,0
6406,train,0
6407,validation,1
6408,train,0
6409,test,0
6410,validation,0
6411,train,1
6412,train,0
6413,train,1
6414,train,0
6415,train,0
6416,train,1
6417,train,1
6418,test,1
6419,train,0
6420,validation,0
6421,train,0
6422,train,0
6423,train,0
6424,validation,0
6425,validation,0
6426,train,0
6427,train,1
6428,validation,0
6429,train,0
6430,train,0
6431,test,0
6432,test,0
6433,validation,0
6434,test,1
6435,train,0
6436,train,0
6437,train,1
6438,validation,0
6439,train,0
6440,train,0
6441,train,0
6442,train,0
6443,train,0
6444,train,0
6445,train,0
6446,validation,0
6447,train,1
6448,train,1
6449,validation,0
6450,validation,0
6451,validation,1
6452,validation,0
6453,train,0
6454,train,0
6455,test,0
6456,train,0
6457,train,0
6458,train,0
6459,train,0
6460,train,0
6461,train,0
6462,validation,0
6463,train,0
6464,train,0
6465,validation,0
6466,train,0
6467,test,0
6468,train,0
6469,validation,0
6470,test,0
6471,test,0
6472,train,1
6473,test,0
6474,test,0
6475,train,0
6476,train,0
6477,train,0
6478,train,0
6479,train,0
6480,train,1
6481,validation,0
6482,test,1
6483,train,0
6484,train,0
6485,train,0
6486,train,0
6487,train,0
6488,test,1
6489,test,0
6490,train,0
6491,test,0
6492,validation,1
6493,train,0
6494,validation,0
6495,validation,0
6496,train,0
6497,test,0
6498,train,0
6499,validation,0
6500,test,0
6501,test,0
6502,train,0
6503,train,0
6504,train,0
6505,test,0
6506,train,0
6507,validation,0
6508,test,1
6509,test,0
6510,train,0
6511,train,0
6512,train,0
6513,test,0
6514,train,0
6515,validation,0
6516,train,0
6517,train,0
6518,validation,0
6519,test,0
6520,test,0
6521,test,1
6522,test,0
6523,train,0
6524,validation,0
6525,test,0
6526,test,0
6527,test,0
6528,train,0
6529,train,0
6530,train,1
6531,test,0
6532,train,0
6533,test,0
6534,train,0
6535,train,0
6536,train,1
6537,train,0
6538,train,0
6539,train,0
6540,test,0
6541,train,0
6542,train,0
6543,validation,1
6544,train,0
6545,train,0
6546,test,0
6547,train,0
6548,validation,0
6549,train,0
6550,validation,0
6551,test,0
6552,train,0
6553,test,0
6554,test,0
6555,train,1
6556,train,0
6557,train,0
6558,train,0
6559,test,0
6560,train,0
6561,train,0
6562,test,0
6563,validation,0
6564,train,1
6565,test,0
6566,train,1
6567,train,0
6568,validation,0
6569,train,1
6570,test,0
6571,train,1
6572,train,0
6573,validation,0
6574,train,0
6575,train,1
6576,train,0
6577,train,0
6578,train,0
6579,train,1
6580,train,0
6581,validation,0
6582,test,0
6583,test,0
6584,train,0
6585,validation,0
6586,validation,0
6587,validation,0
6588,train,0
6589,test,1
6590,train,0
6591,train,0
6592,train,1
6593,validation,0
6594,validation,0
6595,train,0
6596,train,0
6597,test,0
6598,train,0
6599,validation,0
6600,train,0
6601,validation,1
6602,validation,1
6603,validation,0
6604,train,1
6605,test,1
6606,validation,0
6607,test,0
6608,validation,0
6609,test,1
6610,train,0
6611,train,1
6612,train,0
6613,test,0
6614,train,0
6615,validation,0
6616,train,0
6617,train,0
6618,train,0
6619,test,1
6620,train,1
6621,train,1
6622,train,1
6623,train,0
6624,train,1
6625,train,1
6626,validation,0
6627,test,0
6628,train,0
6629,validation,0
6630,train,0
6631,train,0
6632,train,0
6633,test,0
6634,train,0
6635,train,0
6636,train,0
6637,train,0
6638,train,0
6639,validation,0
6640,validation,0
6641,train,0
6642,train,0
6643,validation,0
6644,validation,1
6645,train,0
6646,validation,0
6647,test,0
6648,train,0
6649,test,0
6650,train,0
6651,train,1
6652,train,0
6653,test,0
6654,train,0
6655,test,0
6656,validation,0
6657,train,0
6658,train,1
6659,validation,1
6660,train,0
6661,train,1
6662,train,1
6663,validation,0
6664,test,0
6665,validation,0
6666,train,1
6667,train,0
6668,test,0
6669,train,0
6670,train,0
6671,validation,0
6672,validation,0
6673,train,0
6674,train,0
6675,train,0
6676,test,0
6677,validation,0
6678,validation,0
6679,validation,0
6680,validation,0
6681,test,1
6682,validation,0
6683,test,1
6684,train,0
6685,validation,0
6686,validation,0
6687,train,0
6688,validation,0
6689,train,0
6690,train,0
6691,validation,0
6692,train,1
6693,train,0
6694,train,0
6695,train,0
6696,test,0
6697,test,0
6698,validation,1
6699,train,0
6700,train,0
6701,train,0
6702,test,0
6703,train,1
6704,test,0
6705,test,1
6706,test,0
6707,test,0
6708,validation,0
6709,train,0
6710,validation,0
6711,test,0
6712,train,1
6713,train,0
6714,train,0
6715,test,1
6716,train,0
6717,train,0
6718,test,1
6719,validation,0
6720,validation,0
6721,train,0
6722,test,0
6723,train,1
6724,train,0
6725,test,0
6726,train,0
6727,train,0
6728,validation,1
6729,train,0
6730,train,0
6731,train,0
6732,test,1
6733,test,0
6734,train,0
6735,train,0
6736,test,0
6737,validation,0
6738,train,0
6739,train,0
6740,train,0
6741,train,0
6742,train,0
6743,test,0
6744,train,0
6745,validation,0
6746,test,1
6747,train,0
6748,train,0
6749,validation,0
6750,train,0
6751,train,1
6752,test,0
6753,validation,1
6754,train,0
6755,test,0
6756,train,0
6757,train,0
6758,train,0
6759,validation,1
6760,train,1
6761,test,0
6762,train,0
6763,validation,1
6764,train,0
6765,train,0
6766,train,0
6767,train,1
6768,test,0
6769,train,0
6770,train,0
6771,train,0
6772,train,0
6773,test,1
6774,train,0
6775,test,0
6776,validation,1
6777,validation,0
6778,validation,0
6779,train,0
6780,train,0
6781,train,0
6782,train,0
6783,train,0
6784,train,0
6785,train,0
6786,test,1
6787,test,0
6788,test,0
6789,validation,0
6790,validation,0
6791,test,1
6792,validation,0
6793,train,0
6794,train,0
6795,train,0
6796,train,0
6797,train,0
6798,test,0
6799,train,1
6800,train,0
6801,test,0
6802,train,0
6803,train,0
6804,train,0
6805,train,0
6806,test,1
6807,train,0
6808,validation,1
6809,test,1
6810,validation,1
6811,train,1
6812,test,1
6813,train,0
6814,train,1
6815,validation,0
6816,validation,0
6817,train,0
6818,train,0
6819,test,0
6820,train,0
6821,train,0
6822,train,0
6823,train,0
6824,train,0
6825,test,0
6826,train,1
6827,train,1
6828,train,0
6829,train,0
6830,train,1
6831,train,1
6832,train,0
6833,test,0
6834,train,0
6835,train,0
6836,validation,0
6837,train,0
6838,train,0
6839,train,0
6840,validation,0
6841,train,0
6842,train,0
6843,validation,0
6844,train,0
6845,test,0
6846,train,0
6847,test,0
6848,train,1
6849,validation,1
6850,train,0
6851,train,0
6852,train,1
6853,test,1
6854,train,0
6855,test,1
6856,train,0
6857,train,0
6858,train,0
6859,train,0
6860,train,0
6861,train,0
6862,train,1
6863,train,0
6864,train,0
6865,train,0
6866,train,0
6867,validation,1
6868,test,0
6869,train,0
6870,train,0
6871,train,0
6872,test,0
6873,test,1
6874,train,0
6875,validation,0
6876,train,1
6877,test,0
6878,validation,0
6879,test,0
6880,train,0
6881,train,0
6882,train,0
6883,train,0
6884,train,0
6885,validation,0
6886,test,0
6887,train,0
6888,test,0
6889,validation,0
6890,validation,0
6891,test,0
6892,train,0
6893,validation,0
6894,validation,0
6895,train,0
6896,train,0
6897,test,1
6898,train,0
6899,train,0
6900,train,0
6901,test,0
6902,train,0
6903,train,0
6904,train,0
6905,train,0
6906,train,0
6907,validation,1
6908,train,0
6909,train,0
6910,test,0
6911,train,0
6912,test,1
6913,train,1
6914,train,0
6915,train,0
6916,validation,0
6917,train,1
6918,validation,0
6919,train,0
6920,test,0
6921,test,0
6922,train,0
6923,train,0
6924,train,0
6925,train,0
6926,test,0
6927,train,0
6928,test,0
6929,validation,0
6930,validation,0
6931,train,0
6932,train,0
6933,train,0
6934,train,0
6935,train,0
6936,train,0
6937,train,0
6938,test,0
6939,train,1
6940,train,0
6941,train,0
6942,train,0
6943,train,0
6944,train,1
6945,test,0
6946,validation,0
6947,train,0
6948,validation,0
6949,validation,0
6950,validation,0
6951,train,0
6952,train,0
6953,train,0
6954,validation,0
6955,train,1
6956,test,0
6957,train,0
6958,validation,0
6959,train,0
6960,train,0
6961,train,0
6962,train,1
6963,test,1
6964,validation,0
6965,validation,0
6966,test,0
6967,train,0
6968,train,0
6969,train,0
6970,train,0
6971,validation,0
6972,train,0
6973,train,0
6974,train,0
6975,train,1
6976,test,0
6977,train,0
6978,test,0
6979,validation,0
6980,train,0
6981,train,0
6982,train,0
6983,test,0
6984,test,1
6985,train,0
6986,validation,0
6987,train,1
6988,train,1
6989,train,0
6990,train,0
6991,train,0
6992,validation,0
6993,validation,0
6994,train,0
6995,train,0
6996,validation,0
6997,test,1
6998,test,1
6999,test,0
7000,train,0
7001,train,0
7002,train,0
7003,test,0
7004,validation,0
7005,train,0
7006,train,0
7007,train,0
7008,validation,0
7009,train,0
7010,train,0
7011,train,0
7012,validation,0
7013,train,0
7014,train,0
7015,test,0
7016,train,1
7017,train,0
7018,test,0
7019,train,0
7020,validation,0
7021,train,0
7022,train,0
7023,test,0
7024,validation,1
7025,test,0
7026,validation,0
7027,train,0
7028,train,0
7029,train,0
7030,validation,0
7031,train,0
7032,validation,0
7033,train,0
7034,train,0
7035,train,1
7036,train,0
7037,train,0
7038,train,1
7039,train,0
7040,train,0
7041,validation,1
7042,train,0
7043,train,0
7044,train,0
7045,test,0
7046,train,0
7047,train,0
7048,train,0
7049,train,0
7050,train,0
7051,train,0
7052,train,0
7053,test,0
7054,test,1
7055,train,0
7056,train,0
7057,validation,0
7058,train,0
7059,train,0
7060,train,0
7061,validation,0
7062,train,0
7063,train,0
7064,train,1
7065,train,0
7066,train,0
7067,train,1
7068,train,0
7069,train,1
7070,validation,0
7071,train,0
7072,train,0
7073,validation,1
7074,train,0
7075,validation,0
7076,train,0
7077,test,0
7078,train,0
7079,test,0
7080,test,0
7081,train,0
7082,train,0
7083,validation,0
7084,train,0
7085,validation,0
7086,train,0
7087,train,0
7088,train,0
7089,train,0
7090,train,0
7091,train,0
7092,train,0
7093,train,1
7094,train,0
7095,test,1
7096,train,0
7097,validation,0
7098,train,0
7099,train,0
7100,train,0
7101,validation,0
7102,train,1
7103,train,0
7104,train,0
7105,train,0
7106,train,0
7107,test,0
7108,train,0
7109,validation,0
7110,train,0
7111,train,1
7112,train,0
7113,train,0
7114,train,0
7115,test,0
7116,train,0
7117,validation,0
7118,validation,0
7119,train,0
7120,train,0
7121,train,0
7122,train,1
7123,train,0
7124,train,1
7125,train,0
7126,test,1
7127,train,0
7128,test,0
7129,test,0
7130,train,0
7131,validation,0
7132,train,0
7133,train,0
7134,train,0
7135,train,0
7136,train,0
7137,train,0
7138,train,0
7139,test,0
7140,train,0
7141,train,0
7142,test,0
7143,train,0
7144,test,0
7145,train,1
7146,train,0
7147,train,0
7148,test,0
7149,train,0
7150,train,0
7151,train,1
7152,train,0
7153,train,0
7154,train,0
7155,test,0
7156,validation,1
7157,validation,0
7158,train,0
7159,test,0
7160,train,0
7161,train,0
7162,train,0
7163,test,0
7164,test,1
7165,test,0
7166,test,0
7167,train,0
7168,validation,0
7169,test,0
7170,train,0
7171,train,0
7172,train,0
7173,train,0
7174,train,0
7175,validation,0
7176,validation,0
7177,train,0
7178,test,1
7179,train,0
7180,test,0
7181,train,1
7182,test,0
7183,test,0
7184,test,0
7185,train,0
7186,train,0
7187,test,0
7188,train,0
7189,train,0
7190,validation,0
7191,train,0
7192,train,0
7193,train,0
7194,train,0
7195,train,0
7196,train,0
7197,validation,0
7198,validation,1
7199,train,0
7200,test,0
7201,test,0
7202,validation,0
7203,train,0
7204,train,0
7205,train,0
7206,train,0
7207,train,0
7208,train,0
7209,train,0
7210,train,0
7211,train,0
7212,train,1
7213,train,1
7214,train,0
7215,train,0
7216,test,0
7217,train,0
7218,train,0
7219,validation,0
7220,train,0
7221,train,0
7222,train,1
7223,train,0
7224,train,0
7225,train,0
7226,test,0
7227,test,1
7228,train,0
7229,validation,1
7230,test,0
7231,validation,0
7232,train,0
7233,test,0
7234,train,1
7235,train,0
7236,test,0
7237,test,0
7238,train,0
7239,test,0
7240,train,0
7241,train,0
7242,train,1
7243,train,0
7244,train,1
7245,test,0
7246,validation,0
7247,train,0
7248,test,0
7249,train,0
7250,train,0
7251,train,0
7252,test,0
7253,test,0
7254,validation,0
7255,train,0
7256,test,0
7257,train,1
7258,train,0
7259,validation,0
7260,test,0
7261,train,0
7262,train,0
7263,validation,0
7264,train,0
7265,train,0
7266,validation,0
7267,train,0
7268,train,0
7269,train,0
7270,train,0
7271,train,0
7272,train,1
7273,test,0
7274,train,0
7275,test,1
7276,train,0
7277,train,0
7278,test,0
7279,train,0
7280,validation,0
7281,train,0
7282,validation,0
7283,train,0
7284,train,0
7285,test,0
7286,train,0
7287,train,0
7288,train,0
7289,validation,0
7290,validation,0
7291,train,0
7292,validation,0
7293,test,1
7294,test,0
7295,validation,0
7296,test,0
7297,train,1
7298,train,0
7299,train,0
7300,train,0
7301,train,0
7302,validation,1
7303,validation,1
7304,test,0
7305,validation,0
7306,train,0
7307,test,0
7308,test,0
7309,train,0
7310,test,0
7311,train,0
7312,test,1
7313,train,0
7314,train,0
7315,train,1
7316,train,0
7317,train,0
7318,validation,0
7319,train,0
7320,train,0
7321,train,0
7322,test,1
7323,train,1
7324,train,0
7325,train,1
7326,validation,0
7327,train,0
7328,test,0
7329,train,0
7330,validation,0
7331,train,0
7332,train,0
7333,train,0
7334,validation,1
7335,train,0
7336,train,0
7337,test,0
7338,test,0
7339,train,0
7340,train,0
7341,test,0
7342,train,0
7343,train,0
7344,test,0
7345,train,1
7346,train,0
7347,train,0
7348,validation,0
7349,validation,0
7350,train,0
7351,validation,0
7352,train,0
7353,validation,0
7354,train,0
7355,train,0
7356,train,0
7357,train,0
7358,validation,0
7359,validation,0
7360,train,0
7361,train,0
7362,train,0
7363,train,0
7364,train,0
7365,train,0
7366,test,0
7367,train,1
7368,train,0
7369,validation,0
7370,test,0
7371,train,0
7372,test,0
7373,train,1
7374,test,0
7375,validation,0
7376,train,0
7377,validation,0
7378,validation,1
7379,train,0
7380,train,0
7381,train,0
7382,train,0
7383,train,0
7384,test,0
7385,validation,0
7386,train,1
7387,train,0
7388,validation,1
7389,train,0
7390,validation,1
7391,train,0
7392,train,0
7393,train,0
7394,train,0
7395,train,0
7396,train,0
7397,train,0
7398,train,1
7399,train,0
7400,train,0
7401,test,1
7402,test,0
7403,train,0
7404,validation,0
7405,train,0
7406,train,0
7407,train,0
7408,test,1
7409,train,0
7410,train,0
7411,train,0
7412,train,0
7413,train,0
7414,test,1
7415,train,1
7416,train,0
7417,train,1
7418,test,0
7419,train,0
7420,train,0
7421,train,0
7422,train,0
7423,train,0
7424,train,0
7425,train,1
7426,train,1
7427,train,0
7428,train,0
7429,train,0
7430,validation,0
7431,validation,0
7432,train,0
7433,train,0
7434,train,1
7435,validation,0
7436,train,0
7437,test,0
7438,validation,0
7439,train,0
7440,train,0
7441,train,1
7442,train,0
7443,train,1
7444,train,0
7445,train,0
7446,train,0
7447,train,1
7448,train,0
7449,train,0
7450,train,0
7451,test,0
7452,validation,0
7453,test,0
7454,validation,0
7455,train,0
7456,train,0
7457,train,0
7458,validation,0
7459,train,0
7460,train,0
7461,validation,0
7462,test,0
7463,test,0
7464,test,0
7465,train,0
7466,train,0
7467,validation,1
7468,train,1
7469,test,0
7470,test,0
7471,train,0
7472,train,1
7473,validation,0
7474,train,1
7475,train,0
7476,train,0
7477,train,0
7478,train,0
7479,validation,0
7480,train,1
7481,train,0
7482,train,0
7483,train,0
7484,train,0
7485,train,0
7486,train,0
7487,train,0
7488,validation,1
7489,validation,0
7490,train,0
7491,test,1
7492,train,0
7493,train,0
7494,train,0
7495,train,0
7496,train,0
7497,validation,0
7498,train,0
7499,train,0
7500,train,0
7501,train,1
7502,test,0
7503,train,0
7504,train,0
7505,train,0
7506,train,0
7507,train,1
7508,validation,0
7509,train,0
7510,train,0
7511,train,0
7512,test,0
7513,train,0
7514,train,0
7515,test,0
7516,train,0
7517,train,0
7518,train,0
7519,test,0
7520,train,0
7521,train,1
7522,test,0
7523,train,0
7524,train,0
7525,train,0
7526,train,0
7527,validation,0
7528,train,0
7529,test,0
7530,train,0
7531,train,0
7532,train,0
7533,validation,0
7534,validation,1
7535,test,0
7536,test,0
7537,train,0
7538,validation,0
7539,test,0
7540,train,0
7541,train,0
7542,train,0
7543,test,0
7544,train,0
7545,train,0
7546,train,1
7547,train,1
7548,validation,0
7549,train,0
7550,train,0
7551,train,0
7552,test,1
7553,test,0
7554,test,0
7555,validation,0
7556,train,0
7557,train,0
7558,train,1
7559,train,0
7560,train,0
7561,train,0
7562,test,0
7563,test,0
7564,test,0
7565,test,1
7566,validation,0
7567,validation,0
7568,train,0
7569,train,0
7570,train,0
7571,train,0
7572,validation,0
7573,train,0
7574,train,0
7575,train,0
7576,train,0
7577,train,0
7578,train,0
7579,train,0
7580,validation,1
7581,test,1
7582,train,1
7583,validation,0
7584,train,1
7585,train,1
7586,train,0
7587,train,0
7588,train,0
7589,train,0
7590,train,0
7591,validation,0
7592,train,0
7593,test,0
7594,train,1
7595,validation,0
7596,train,0
7597,validation,0
7598,validation,0
7599,train,0
7600,train,0
7601,test,1
7602,train,1
7603,train,1
7604,train,0
7605,validation,0
7606,train,1
7607,train,0
7608,train,0
7609,train,0
7610,validation,0
7611,test,0
7612,validation,0
7613,train,0
7614,train,0
7615,train,0
7616,test,0
7617,train,0
7618,train,1
7619,train,0
7620,train,0
7621,train,1
7622,validation,0
7623,train,1
7624,validation,0
7625,test,0
7626,train,0
7627,test,0
7628,train,1
7629,validation,0
7630,train,1
7631,train,0
7632,train,0
7633,test,0
7634,train,1
7635,validation,1
7636,test,1
7637,validation,0
7638,train,0
7639,validation,0
7640,test,0
7641,train,1
7642,validation,0
7643,validation,0
7644,validation,1
7645,test,0
7646,train,0
7647,train,0
7648,validation,0
7649,validation,0
7650,train,0
7651,test,0
7652,train,0
7653,test,0
7654,train,0
7655,train,0
7656,test,0
7657,train,1
7658,train,0
7659,train,1
7660,train,0
7661,test,0
7662,test,0
7663,train,0
7664,train,0
7665,train,0
7666,validation,0
7667,train,1
7668,train,1
7669,train,0
7670,train,0
7671,train,0
7672,test,0
7673,train,0
7674,train,0
7675,train,0
7676,test,0
7677,train,0
7678,train,0
7679,validation,0
7680,train,0
7681,train,0
7682,validation,1
7683,test,0
7684,validation,0
7685,train,0
7686,train,0
7687,train,1
7688,train,1
7689,test,0
7690,train,0
7691,test,0
7692,validation,0
7693,train,0
7694,train,0
7695,train,0
7696,validation,0
7697,train,0
7698,train,0
7699,train,0
7700,train,1
7701,train,0
7702,validation,0
7703,train,1
7704,train,0
7705,test,0
7706,train,0
7707,train,0
7708,train,1
7709,train,0
7710,train,0
7711,validation,1
7712,validation,1
7713,test,1
7714,train,1
7715,train,0
7716,validation,0
7717,test,0
7718,train,0
7719,train,0
7720,validation,0
7721,train,0
7722,test,0
7723,validation,0
7724,train,0
7725,validation,0
7726,train,0
7727,train,0
7728,train,0
7729,test,0
7730,train,0
7731,train,0
7732,train,0
7733,train,1
7734,test,0
7735,train,0
7736,train,0
7737,test,0
7738,validation,0
7739,test,0
7740,validation,0
7741,train,0
7742,train,0
7743,train,0
7744,validation,0
7745,validation,0
7746,train,0
7747,train,1
7748,train,0
7749,train,1
7750,train,0
7751,validation,0
7752,test,0
7753,train,0
7754,train,0
7755,train,0
7756,train,0
7757,train,1
7758,test,1
7759,train,0
7760,train,0
7761,train,0
7762,train,0
7763,train,0
7764,validation,0
7765,train,0
7766,train,0
7767,train,0
7768,test,0
7769,test,0
7770,train,0
7771,validation,0
7772,validation,0
7773,train,0
7774,test,0
7775,train,1
7776,train,0
7777,train,0
7778,test,0
7779,train,0
7780,train,1
7781,train,0
7782,test,0
7783,train,0
7784,validation,0
7785,train,0
7786,train,0
7787,train,0
7788,train,0
7789,train,1
7790,train,0
7791,train,1
7792,train,1
7793,train,0
7794,train,0
7795,train,0
7796,test,0
7797,train,0
7798,validation,0
7799,train,0
7800,train,0
7801,validation,0
7802,train,0
7803,train,0
7804,validation,0
7805,train,0
7806,train,1
7807,test,0
7808,test,0
7809,validation,0
7810,validation,0
7811,test,0
7812,validation,0
7813,train,0
7814,train,0
7815,validation,0
7816,test,0
7817,train,1
7818,train,0
7819,train,0
7820,train,0
7821,train,1
7822,validation,1
7823,train,0
7824,train,0
7825,validation,0
7826,test,0
7827,train,0
7828,validation,1
7829,train,0
7830,validation,0
7831,train,0
7832,validation,0
7833,train,0
7834,train,1
7835,train,0
7836,train,1
7837,train,0
7838,validation,0
7839,validation,1
7840,train,0
7841,validation,0
7842,train,0
7843,train,0
7844,train,1
7845,train,0
7846,test,0
7847,train,0
7848,test,0
7849,train,0
7850,validation,0
7851,train,0
7852,train,0
7853,train,0
7854,train,0
7855,train,0
7856,train,0
7857,train,0
7858,train,0
7859,test,0
7860,test,0
7861,train,0
7862,train,0
7863,train,1
7864,train,1
7865,validation,0
7866,train,0
7867,train,0
7868,test,0
7869,train,0
7870,test,0
7871,validation,0
7872,train,0
7873,train,0
7874,test,0
7875,train,0
7876,validation,0
7877,train,0
7878,train,0
7879,train,0
7880,train,0
7881,validation,0
7882,train,1
7883,train,0
7884,validation,0
7885,train,1
7886,train,0
7887,train,0
7888,test,1
7889,test,0
7890,train,0
7891,validation,0
7892,train,0
7893,train,0
7894,train,0
7895,validation,0
7896,validation,0
7897,validation,0
7898,train,0
7899,train,0
7900,test,0
7901,train,0
7902,train,0
7903,test,0
7904,validation,0
7905,test,0
7906,test,1
7907,validation,0
7908,validation,0
7909,train,1
7910,test,1
7911,train,0
7912,test,0
7913,validation,0
7914,train,0
7915,train,0
7916,test,0
7917,train,1
7918,train,0
7919,validation,0
7920,train,0
7921,test,0
7922,test,0
7923,train,0
7924,train,0
7925,test,0
7926,train,0
7927,train,0
7928,test,0
7929,test,0
7930,train,0
7931,test,0
7932,train,1
7933,test,0
7934,test,0
7935,train,0
7936,train,1
7937,test,0
7938,train,0
7939,train,0
7940,train,0
7941,test,0
7942,validation,0
7943,validation,0
7944,train,0
7945,validation,0
7946,test,0
7947,train,0
7948,test,1
7949,validation,0
7950,train,0
7951,train,0
7952,train,1
7953,train,0
7954,validation,0
7955,test,0
7956,train,0
7957,train,1
7958,train,0
7959,train,0
7960,test,0
7961,validation,0
7962,test,0
7963,train,0
7964,validation,0
7965,test,0
7966,train,0
7967,test,1
7968,train,0
7969,train,0
7970,train,0
7971,train,0
7972,validation,0
7973,train,0
7974,train,0
7975,validation,0
7976,train,0
7977,validation,0
7978,train,1
7979,train,1
7980,train,0
7981,train,0
7982,train,1
7983,train,0
7984,train,0
7985,train,0
7986,test,0
7987,train,1
7988,test,1
7989,train,1
7990,test,0
7991,train,1
7992,train,1
7993,train,0
7994,train,0
7995,train,0
7996,train,0
7997,train,0
7998,train,0
7999,train,1
8000,train,0
8001,train,0
8002,train,0
8003,test,1
8004,validation,0
8005,train,0
8006,train,1
8007,validation,0
8008,train,0
8009,test,0
8010,train,0
8011,train,0
8012,validation,0
8013,validation,0
8014,validation,0
8015,train,0
8016,train,0
8017,train,1
8018,train,0
8019,train,0
8020,test,0
8021,train,0
8022,train,0
8023,train,1
8024,train,0
8025,test,0
8026,train,1
8027,train,1
8028,train,0
8029,train,0
8030,train,0
8031,train,0
8032,train,1
8033,validation,0
8034,train,0
8035,train,0
8036,validation,0
8037,validation,0
8038,test,1
8039,validation,0
8040,train,1
8041,validation,0
8042,validation,0
8043,train,0
8044,test,0
8045,train,1
8046,train,0
8047,train,0
8048,validation,0
8049,train,0
8050,train,0
8051,train,0
8052,train,0
8053,train,0
8054,validation,0
8055,train,0
8056,test,0
8057,train,0
8058,validation,0
8059,train,1
8060,train,0
8061,train,0
8062,train,0
8063,train,0
8064,test,0
8065,train,0
8066,train,0
8067,train,0
8068,test,0
8069,train,0
8070,train,1
8071,train,0
8072,train,1
8073,train,0
8074,train,0
8075,train,0
8076,validation,1
8077,train,0
8078,train,0
8079,test,1
8080,validation,0
8081,test,0
8082,train,0
8083,train,0
8084,train,0
8085,train,0
8086,validation,0
8087,validation,1
8088,train,0
8089,validation,0
8090,train,0
8091,test,0
8092,validation,0
8093,test,0
8094,validation,0
8095,train,0
8096,train,0
8097,train,0
8098,train,0
8099,train,0
8100,train,0
8101,train,0
8102,validation,0
8103,test,0
8104,train,1
8105,test,0
8106,validation,1
8107,validation,0
8108,train,0
8109,train,1
8110,test,0
8111,validation,1
8112,train,0
8113,validation,0
8114,train,0
8115,validation,0
8116,train,0
8117,train,0
8118,test,1
8119,test,0
8120,train,0
8121,test,0
8122,train,0
8123,test,0
8124,test,0
8125,train,0
8126,train,0
8127,train,0
8128,train,0
8129,test,0
8130,validation,0
8131,train,0
8132,train,0
8133,train,0
8134,test,0
8135,validation,1
8136,validation,0
8137,train,0
8138,train,0
8139,validation,0
8140,train,1
8141,train,0
8142,train,1
8143,test,0
8144,validation,0
8145,train,0
8146,test,1
8147,train,0
8148,train,0
8149,train,0
8150,train,0
8151,train,0
8152,train,0
8153,train,0
8154,train,0
8155,test,0
8156,train,0
8157,test,0
8158,train,0
8159,train,0
8160,train,0
8161,train,0
8162,test,0
8163,test,1
8164,train,0
8165,train,1
8166,train,0
8167,train,0
8168,validation,0
8169,train,1
8170,validation,0
8171,train,1
8172,train,0
8173,train,0
8174,test,0
8175,train,0
8176,validation,1
8177,train,0
8178,train,1
8179,validation,0
8180,test,1
8181,test,0
8182,train,0
8183,train,0
8184,train,0
8185,test,0
8186,train,0
8187,test,0
8188,train,0
8189,test,0
8190,train,1
8191,train,0
8192,validation,0
8193,train,0
8194,train,1
8195,train,1
8196,test,0
8197,test,0
8198,train,0
8199,train,0
8200,validation,0
8201,train,0
8202,train,1
8203,train,1
8204,train,0
8205,validation,1
8206,train,0
8207,validation,1
8208,validation,0
8209,test,1
8210,test,0
8211,validation,1
8212,train,0
8213,test,0
8214,test,0
8215,train,0
8216,train,0
8217,train,0
8218,validation,0
8219,train,0
8220,train,1
8221,train,0
8222,train,0
8223,train,0
8224,train,0
8225,train,1
8226,train,0
8227,train,1
8228,train,0
8229,train,0
8230,validation,0
8231,test,0
8232,test,0
8233,train,0
8234,train,1
8235,train,0
8236,train,1
8237,validation,0
8238,validation,0
8239,train,0
8240,validation,0
8241,validation,0
8242,train,0
8243,train,0
8244,validation,0
8245,train,0
8246,test,0
8247,train,0
8248,train,0
8249,train,0
8250,train,1
8251,train,0
8252,train,0
8253,train,1
8254,train,0
8255,test,0
8256,train,0
8257,train,0
8258,test,0
8259,validation,1
8260,validation,0
8261,train,0
8262,validation,0
8263,validation,0
8264,train,0
8265,train,0
8266,train,1
8267,train,1
8268,train,0
8269,train,0
8270,train,0
8271,train,0
8272,test,0
8273,train,0
8274,train,0
8275,test,0
8276,test,0
8277,train,0
8278,train,0
8279,validation,0
8280,validation,0
8281,train,0
8282,test,0
8283,train,0
8284,train,1
8285,test,0
8286,validation,0
8287,train,1
8288,train,0
8289,train,0
8290,train,0
8291,train,1
8292,train,0
8293,train,0
8294,test,0
8295,train,0
8296,train,0
8297,validation,0
8298,train,0
8299,train,0
8300,train,0
8301,train,0
8302,train,0
8303,train,0
8304,train,1
8305,test,0
8306,train,0
8307,train,0
8308,train,0
8309,train,0
8310,train,0
8311,train,0
8312,test,0
8313,test,1
8314,test,0
8315,validation,0
8316,validation,0
8317,validation,0
8318,train,0
8319,validation,0
8320,train,0
8321,train,0
8322,train,0
8323,validation,0
8324,test,0
8325,validation,0
8326,train,0
8327,train,0
8328,validation,0
8329,validation,0
8330,train,0
8331,train,0
8332,train,0
8333,validation,0
8334,train,0
8335,validation,0
8336,train,0
8337,test,0
8338,train,0
8339,train,0
8340,test,0
8341,train,0
8342,train,0
8343,validation,0
8344,validation,0
8345,test,0
8346,test,1
8347,train,0
8348,train,0
8349,validation,0
8350,train,0
8351,train,0
8352,validation,0
8353,train,0
8354,test,0
8355,test,0
8356,test,0
8357,train,0
8358,train,0
8359,train,0
8360,train,0
8361,train,0
8362,train,1
8363,train,1
8364,train,0
8365,validation,0
8366,validation,0
8367,test,1
8368,train,0
8369,train,0
8370,test,0
8371,validation,1
8372,train,0
8373,train,0
8374,validation,0
8375,train,0
8376,train,0
8377,train,0
8378,train,0
8379,validation,0
8380,test,0
8381,train,0
8382,test,0
8383,test,1
8384,validation,0
8385,validation,0
8386,train,0
8387,train,0
8388,train,0
8389,train,0
8390,test,0
8391,validation,0
8392,validation,1
8393,validation,1
8394,train,1
8395,validation,0
8396,test,0
8397,train,0
8398,train,1
8399,validation,0
8400,train,0
8401,test,0
8402,test,0
8403,train,0
8404,test,0
8405,train,0
8406,train,0
8407,train,0
8408,train,0
8409,validation,0
8410,train,0
8411,train,0
8412,test,0
8413,train,0
8414,test,1
8415,test,0
8416,validation,0
8417,validation,0
8418,train,0
8419,train,0
8420,train,0
8421,train,0
8422,validation,0
8423,train,0
8424,validation,1
8425,train,0
8426,validation,1
8427,test,0
8428,test,0
8429,train,0
8430,train,0
8431,test,0
8432,train,0
8433,test,0
8434,test,0
8435,train,1
8436,test,0
8437,test,1
8438,test,0
8439,train,0
8440,test,0
8441,train,0
8442,test,0
8443,test,0
8444,train,0
8445,train,1
8446,train,0
8447,train,1
8448,train,1
8449,train,0
8450,train,0
8451,train,0
8452,train,1
8453,test,0
8454,train,0
8455,train,0
8456,test,0
8457,train,0
8458,validation,0
8459,validation,1
8460,train,0
8461,validation,0
8462,train,1
8463,train,0
8464,validation,0
8465,train,0
8466,validation,0
8467,validation,0
8468,train,0
8469,train,0
8470,train,1
8471,train,0
8472,train,0
8473,train,1
8474,train,0
8475,test,0
8476,validation,0
8477,test,0
8478,validation,0
8479,test,0
8480,train,0
8481,validation,0
8482,train,0
8483,train,0
8484,train,0
8485,train,1
8486,train,0
8487,train,1
8488,train,0
8489,validation,0
8490,validation,0
8491,train,0
8492,test,0
8493,train,0
8494,validation,0
8495,train,0
8496,train,0
8497,train,0
8498,validation,0
8499,train,1
8500,test,0
8501,train,0
8502,validation,0
8503,validation,0
8504,train,0
8505,train,0
8506,test,0
8507,train,0
8508,train,1
8509,validation,0
8510,validation,1
8511,train,0
8512,train,0
8513,validation,0
8514,train,0
8515,train,0
8516,train,0
8517,test,0
8518,train,0
8519,train,1
8520,train,0
8521,train,0
8522,train,0
8523,train,0
8524,train,0
8525,train,0
8526,train,0
8527,test,0
8528,train,0
8529,test,0
8530,test,0
8531,train,0
8532,test,0
8533,validation,0
8534,train,0
8535,train,0
8536,test,0
8537,validation,1
8538,train,1
8539,validation,0
8540,train,1
8541,validation,1
8542,train,0
8543,train,0
8544,train,0
8545,train,0
8546,test,0
8547,test,0
8548,train,0
8549,train,0
8550,train,0
8551,validation,0
8552,train,0
8553,test,0
8554,test,0
8555,train,0
8556,validation,0
8557,train,0
8558,train,0
8559,train,0
8560,test,0
8561,train,0
8562,train,0
8563,train,0
8564,train,0
8565,validation,0
8566,test,0
8567,train,0
8568,train,0
8569,train,0
8570,train,1
8571,train,0
8572,train,0
8573,test,0
8574,test,0
8575,test,0
8576,train,0
8577,validation,0
8578,validation,0
8579,test,0
8580,train,1
8581,validation,0
8582,train,0
8583,test,0
8584,validation,0
8585,train,1
8586,train,0
8587,train,0
8588,test,0
8589,train,0
8590,train,0
8591,test,0
8592,train,0
8593,test,0
8594,train,0
8595,test,0
8596,train,0
8597,validation,0
8598,train,0
8599,test,0
8600,validation,1
8601,train,0
8602,train,0
8603,train,0
8604,test,0
8605,validation,0
8606,test,0
8607,train,1
8608,validation,0
8609,train,0
8610,train,0
8611,train,0
8612,train,0
8613,test,0
8614,train,1
8615,validation,0
8616,train,0
8617,test,0
8618,train,0
8619,test,0
8620,validation,0
8621,validation,0
8622,train,0
8623,train,0
8624,validation,0
8625,train,0
8626,train,0
8627,validation,0
8628,test,1
8629,train,0
8630,train,0
8631,train,0
8632,train,0
8633,train,1
8634,validation,0
8635,train,0
8636,validation,0
8637,validation,1
8638,train,0
8639,test,0
8640,train,0
8641,train,0
8642,train,0
8643,train,1
8644,test,0
8645,train,0
8646,train,0
8647,validation,0
8648,validation,0
8649,train,1
8650,validation,0
8651,train,1
8652,train,0
8653,validation,1
8654,train,1
8655,validation,0
8656,train,0
8657,train,0
8658,validation,0
8659,train,0
8660,train,1
8661,train,0
8662,validation,0
8663,validation,0
8664,test,0
8665,test,0
8666,train,0
8667,test,0
8668,train,0
8669,test,0
8670,validation,0
8671,test,0
8672,train,0
8673,train,0
8674,validation,0
8675,validation,1
8676,train,1
8677,train,0
8678,train,0
8679,validation,0
8680,train,1
8681,test,0
8682,validation,0
8683,train,0
8684,validation,1
8685,test,0
8686,train,0
8687,train,0
8688,train,1
8689,validation,0
8690,train,0
8691,train,0
8692,test,0
8693,train,0
8694,validation,1
8695,test,0
8696,train,0
8697,train,0
8698,train,0
8699,train,0
8700,test,0
8701,train,0
8702,validation,0
8703,train,0
8704,validation,0
8705,train,0
8706,validation,0
8707,validation,1
8708,train,1
8709,test,0
8710,train,0
8711,validation,0
8712,validation,0
8713,test,0
8714,train,0
8715,validation,0
8716,train,1
8717,train,0
8718,train,0
8719,train,1
8720,train,0
8721,train,0
8722,train,1
8723,train,0
8724,train,0
8725,train,0
8726,train,1
8727,validation,0
8728,validation,0
8729,train,0
8730,test,0
8731,test,0
8732,train,1
8733,train,0
8734,train,1
8735,train,0
8736,train,0
8737,train,0
8738,validation,0
8739,validation,0
8740,train,0
8741,train,1
8742,test,0
8743,train,0
8744,train,0
8745,train,0
8746,train,0
8747,test,0
8748,train,0
8749,test,0
8750,train,0
8751,test,1
8752,train,0
8753,train,0
8754,train,0
8755,train,0
8756,train,1
8757,train,0
8758,train,0
8759,validation,0
8760,test,0
8761,train,0
8762,train,1
8763,train,1
8764,validation,0
8765,test,0
8766,test,0
8767,train,0
8768,validation,0
8769,train,0
8770,train,0
8771,train,0
8772,train,1
8773,train,0
8774,train,0
8775,train,0
8776,test,0
8777,test,0
8778,test,0
8779,train,0
8780,test,0
8781,train,0
8782,train,0
8783,train,1
8784,test,0
8785,validation,0
8786,validation,1
8787,validation,0
8788,train,0
8789,validation,0
8790,train,0
8791,validation,0
8792,train,0
8793,train,0
8794,train,0
8795,train,0
8796,train,0
8797,train,0
8798,test,0
8799,test,0
8800,train,0
8801,test,0
8802,train,0
8803,train,0
8804,test,0
8805,train,1
8806,test,1
8807,train,0
8808,train,0
8809,train,0
8810,validation,0
8811,train,0
8812,train,0
8813,train,0
8814,validation,1
8815,test,0
8816,train,0
8817,train,0
8818,test,0
8819,test,0
8820,train,0
8821,test,0
8822,test,0
8823,train,0
8824,train,0
8825,train,0
8826,train,0
8827,train,0
8828,train,0
8829,train,0
8830,validation,0
8831,test,0
8832,train,0
8833,train,0
8834,train,0
8835,train,0
8836,train,0
8837,test,0
8838,test,1
8839,train,0
8840,train,0
8841,train,0
8842,train,0
8843,validation,0
8844,validation,0
8845,test,0
8846,train,0
8847,validation,0
8848,train,0
8849,test,0
8850,train,0
8851,train,0
8852,test,0
8853,train,0
8854,train,0
8855,train,0
8856,train,1
8857,validation,0
8858,train,0
8859,train,0
8860,test,0
8861,validation,0
8862,test,0
8863,validation,0
8864,train,1
8865,validation,0
8866,train,0
8867,train,0
8868,validation,0
8869,train,0
8870,validation,0
8871,train,0
8872,train,0
8873,train,1
8874,train,0
8875,train,0
8876,validation,1
8877,train,0
8878,train,0
8879,train,0
8880,train,0
8881,train,0
8882,test,0
8883,train,0
8884,train,1
8885,train,0
8886,test,0
8887,test,0
8888,train,0
8889,train,1
8890,train,0
8891,train,0
8892,train,0
8893,validation,1
8894,test,0
8895,train,1
8896,test,0
8897,validation,0
8898,train,0
8899,train,0
8900,train,0
8901,train,1
8902,train,1
8903,train,0
8904,test,1
8905,train,0
8906,train,0
8907,validation,0
8908,train,0
8909,test,0
8910,test,1
8911,train,0
8912,test,0
8913,train,0
8914,train,0
8915,train,0
8916,train,0
8917,train,0
8918,test,0
8919,validation,0
8920,train,0
8921,train,0
8922,train,0
8923,validation,0
8924,train,0
8925,validation,0
8926,train,0
8927,validation,0
8928,train,0
8929,train,0
8930,train,0
8931,validation,0
8932,validation,0
8933,test,0
8934,train,0
8935,train,0
8936,train,1
8937,train,0
8938,train,0
8939,validation,0
8940,test,0
8941,train,0
8942,train,1
8943,train,0
8944,train,1
8945,train,0
8946,validation,0
8947,test,0
8948,test,0
8949,train,1
8950,train,0
8951,test,0
8952,test,0
8953,train,1
8954,test,0
8955,validation,0
8956,train,0
8957,train,1
8958,train,1
8959,train,0
8960,train,0
8961,validation,0
8962,train,0
8963,train,0
8964,train,1
8965,train,0
8966,validation,0
8967,validation,0
8968,validation,1
8969,validation,0
8970,validation,0
8971,train,0
8972,train,0
8973,test,0
8974,train,0
8975,train,1
8976,train,0
8977,validation,0
8978,train,0
8979,train,0
8980,train,0
8981,train,0
8982,test,0
8983,test,1
8984,validation,1
8985,train,0
8986,train,0
8987,train,1
8988,train,0
8989,train,0
8990,train,0
8991,train,0
8992,test,0
8993,train,0
8994,test,0
8995,train,1
8996,train,0
8997,train,1
8998,train,0
8999,train,0
9000,train,0
9001,validation,0
9002,validation,0
9003,validation,0
9004,train,0
9005,test,0
9006,test,0
9007,train,1
9008,test,0
9009,test,0
9010,test,0
9011,train,1
9012,test,0
9013,test,0
9014,train,0
9015,validation,0
9016,train,0
9017,validation,0
9018,train,0
9019,train,0
9020,test,0
9021,train,1
9022,validation,0
9023,validation,1
9024,test,0
9025,train,0
9026,validation,0
9027,train,0
9028,test,0
9029,train,1
9030,test,0
9031,test,0
9032,train,0
9033,train,0
9034,train,0
9035,train,0
9036,train,0
9037,test,0
9038,validation,0
9039,train,0
9040,test,0
9041,train,0
9042,train,1
9043,train,0
9044,train,0
9045,train,0
9046,train,1
9047,train,0
9048,test,0
9049,train,0
9050,train,0
9051,train,1
9052,train,0
9053,train,0
9054,train,0
9055,validation,0
9056,train,0
9057,train,1
9058,train,0
9059,test,1
9060,test,1
9061,train,0
9062,validation,0
9063,train,0
9064,train,0
9065,train,0
9066,train,0
9067,train,0
9068,test,0
9069,train,0
9070,train,0
9071,train,1
9072,train,1
9073,train,1
9074,train,0
9075,train,0
9076,train,0
9077,test,0
9078,validation,0
9079,train,0
9080,train,0
9081,test,0
9082,test,0
9083,validation,0
9084,train,0
9085,validation,1
9086,test,0
9087,train,1
9088,train,0
9089,test,0
9090,test,0
9091,validation,0
9092,train,0
9093,train,0
9094,train,0
9095,train,0
9096,train,0
9097,test,0
9098,test,0
9099,test,0
9100,train,0
9101,train,0
9102,train,0
9103,train,0
9104,train,1
9105,validation,0
9106,test,1
9107,train,0
9108,train,0
9109,train,0
9110,train,0
9111,test,0
9112,train,1
9113,test,1
9114,train,1
9115,train,0
9116,train,0
9117,test,0
9118,train,0
9119,train,0
9120,test,0
9121,test,0
9122,train,0
9123,validation,0
9124,train,1
9125,train,0
9126,train,1
9127,test,1
9128,train,0
9129,train,0
9130,train,0
9131,train,0
9132,train,0
9133,train,0
9134,train,0
9135,train,1
9136,train,0
9137,test,0
9138,train,0
9139,validation,0
9140,test,0
9141,validation,0
9142,validation,0
9143,train,0
9144,train,0
9145,test,0
9146,train,1
9147,train,0
9148,validation,0
9149,train,0
9150,validation,0
9151,train,0
9152,validation,1
9153,test,0
9154,train,0
9155,train,0
9156,validation,0
9157,train,0
9158,train,0
9159,train,0
9160,train,0
9161,test,0
9162,test,1
9163,train,0
9164,train,1
9165,validation,0
9166,validation,1
9167,validation,1
9168,test,1
9169,train,0
9170,train,0
9171,test,0
9172,train,0
9173,test,0
9174,train,0
9175,test,0
9176,test,0
9177,train,1
9178,validation,0
9179,test,0
9180,train,0
9181,test,0
9182,test,1
9183,validation,0
9184,validation,0
9185,train,1
9186,test,1
9187,train,0
9188,test,0
9189,test,0
9190,train,0
9191,train,1
9192,train,0
9193,train,0
9194,validation,0
9195,train,0
9196,validation,1
9197,validation,0
9198,train,1
9199,train,0
9200,validation,1
9201,test,0
9202,train,0
9203,train,1
9204,validation,0
9205,train,0
9206,test,0
9207,train,0
9208,validation,0
9209,test,0
9210,train,1
9211,test,0
9212,train,0
9213,validation,0
9214,test,0
9215,train,0
9216,validation,0
9217,test,0
9218,train,0
9219,train,0
9220,test,0
9221,test,1
9222,validation,0
9223,train,0
9224,validation,0
9225,validation,0
9226,train,0
9227,train,1
9228,validation,1
9229,train,0
9230,validation,0
9231,test,1
9232,train,1
9233,test,0
9234,test,0
9235,train,0
9236,train,0
9237,train,0
9238,validation,1
9239,validation,0
9240,train,0
9241,train,1
9242,test,0
9243,validation,0
9244,validation,0
9245,train,0
9246,validation,0
9247,test,0
9248,train,0
9249,validation,0
9250,train,0
9251,train,0
9252,train,0
9253,train,0
9254,train,0
9255,test,0
9256,train,0
9257,train,0
9258,validation,0
9259,train,0
9260,train,0
9261,test,0
9262,train,0
9263,test,0
9264,test,0
9265,test,0
9266,validation,0
9267,train,0
9268,train,0
9269,train,0
9270,test,0
9271,train,1
9272,train,0
9273,train,1
9274,train,0
9275,validation,0
9276,test,0
9277,train,0
9278,validation,1
9279,train,0
9280,train,0
9281,test,1
9282,train,0
9283,train,0
9284,test,0
9285,validation,0
9286,train,0
9287,train,0
9288,validation,0
9289,train,0
9290,test,0
9291,train,0
9292,train,0
9293,test,0
9294,validation,1
9295,train,0
9296,validation,0
9297,test,0
9298,train,0
9299,train,0
9300,train,0
9301,validation,0
9302,train,0
9303,train,0
9304,test,0
9305,train,0
9306,train,1
9307,train,0
9308,test,0
9309,train,1
9310,train,1
9311,train,0
9312,test,0
9313,train,0
9314,train,1
9315,validation,0
9316,train,0
9317,train,0
9318,validation,0
9319,validation,0
9320,train,0
9321,test,0
9322,train,0
9323,train,0
9324,train,0
9325,test,1
9326,validation,0
9327,train,0
9328,test,0
9329,test,1
9330,test,1
9331,validation,0
9332,train,0
9333,train,0
9334,train,0
9335,validation,0
9336,train,0
9337,test,0
9338,train,0
9339,train,0
9340,validation,0
9341,train,0
9342,train,0
9343,validation,0
9344,test,0
9345,validation,0
9346,train,1
9347,test,0
9348,validation,0
9349,train,0
9350,train,0
9351,train,0
9352,train,0
9353,train,0
9354,train,0
9355,train,0
9356,train,0
9357,train,0
9358,validation,0
9359,validation,0
9360,train,0
9361,train,0
9362,test,1
9363,test,0
9364,train,0
9365,train,0
9366,validation,0
9367,train,0
9368,validation,0
9369,train,0
9370,validation,0
9371,train,0
9372,test,0
9373,test,0
9374,test,0
9375,test,0
9376,train,0
9377,test,0
9378,validation,0
9379,test,1
9380,validation,0
9381,train,1
9382,validation,0
9383,test,0
9384,test,0
9385,validation,1
9386,train,0
9387,train,0
9388,train,0
9389,train,0
9390,test,0
9391,validation,0
9392,train,0
9393,train,0
9394,test,1
9395,validation,0
9396,train,1
9397,train,1
9398,test,0
9399,test,0
9400,test,0
9401,train,0
9402,test,0
9403,train,0
9404,train,0
9405,validation,1
9406,train,1
9407,train,0
9408,train,1
9409,train,0
9410,validation,1
9411,validation,0
9412,train,0
9413,train,0
9414,train,0
9415,validation,0
9416,validation,0
9417,test,0
9418,train,0
9419,train,1
9420,train,0
9421,train,0
9422,train,0
9423,validation,0
9424,validation,0
9425,train,1
9426,validation,0
9427,train,0
9428,train,1
9429,validation,0
9430,train,0
9431,train,0
9432,train,0
9433,validation,0
9434,train,1
9435,train,1
9436,train,0
9437,train,0
9438,validation,0
9439,train,0
9440,train,1
9441,test,0
9442,validation,0
9443,train,0
9444,train,0
9445,validation,0
9446,train,0
9447,train,0
9448,validation,1
9449,train,0
9450,test,0
9451,train,0
9452,test,0
9453,train,0
9454,test,0
9455,train,0
9456,validation,1
9457,train,0
9458,test,0
9459,test,0
9460,validation,0
9461,train,0
9462,train,0
9463,train,0
9464,test,0
9465,test,1
9466,train,0
9467,train,0
9468,train,0
9469,train,0
9470,train,0
9471,validation,1
9472,validation,0
9473,train,0
9474,validation,0
9475,train,0
9476,train,0
9477,validation,0
9478,train,0
9479,train,0
9480,train,0
9481,train,0
9482,validation,0
9483,train,0
9484,train,0
9485,train,0
9486,train,0
9487,validation,0
9488,train,1
9489,test,0
9490,train,0
9491,train,0
9492,test,0
9493,train,1
9494,train,0
9495,train,0
9496,train,0
9497,validation,0
9498,train,0
9499,train,0
9500,test,0
9501,train,0
9502,train,0
9503,validation,0
9504,train,0
9505,validation,0
9506,train,0
9507,test,1
9508,train,0
9509,train,0
9510,train,0
9511,train,0
9512,train,0
9513,train,0
9514,train,0
9515,validation,0
9516,test,0
9517,validation,0
9518,train,0
9519,train,0
9520,train,0
9521,test,0
9522,train,1
9523,test,0
9524,train,0
9525,test,0
9526,train,0
9527,train,0
9528,validation,0
9529,validation,0
9530,train,0
9531,validation,0
9532,train,1
9533,test,1
9534,train,0
9535,train,0
9536,train,0
9537,train,0
9538,train,0
9539,test,0
9540,train,0
9541,train,0
9542,test,0
9543,train,0
9544,validation,1
9545,train,0
9546,train,0
9547,test,0
9548,train,1
9549,train,0
9550,test,0
9551,validation,0
9552,validation,0
9553,train,0
9554,train,0
9555,train,0
9556,validation,0
9557,test,0
9558,train,1
9559,test,0
9560,train,0
9561,validation,0
9562,test,0
9563,test,0
9564,train,0
9565,train,1
9566,test,0
9567,validation,0
9568,test,0
9569,train,1
9570,train,0
9571,train,0
9572,validation,0
9573,train,0
9574,train,0
9575,train,0
9576,train,0
9577,train,0
9578,train,0
9579,train,0
9580,validation,0
9581,test,0
9582,train,0
9583,train,0
9584,train,0
9585,test,0
9586,train,0
9587,test,0
9588,validation,0
9589,train,0
9590,train,0
9591,train,1
9592,validation,0
9593,test,1
9594,validation,0
9595,train,1
9596,train,0
9597,train,0
9598,validation,0
9599,train,0
9600,validation,1
9601,train,0
9602,train,0
9603,train,0
9604,train,0
9605,train,1
9606,train,0
9607,train,1
9608,train,0
9609,train,0
9610,train,0
9611,validation,0
9612,train,0
9613,validation,0
9614,test,0
9615,train,0
9616,train,0
9617,train,0
9618,test,0
9619,train,0
9620,train,1
9621,test,0
9622,train,0
9623,test,0
9624,validation,0
9625,train,0
9626,validation,0
9627,train,0
9628,validation,0
9629,train,0
9630,train,0
9631,validation,0
9632,train,0
9633,train,0
9634,test,0
9635,validation,1
9636,train,0
9637,validation,0
9638,train,1
9639,train,0
9640,train,0
9641,train,0
9642,validation,0
9643,train,0
9644,test,0
9645,train,0
9646,train,0
9647,test,0
9648,train,0
9649,validation,0
9650,train,0
9651,validation,0
9652,train,0
9653,train,1
9654,validation,0
9655,validation,0
9656,validation,0
9657,train,0
9658,validation,0
9659,validation,0
9660,validation,0
9661,train,1
9662,test,0
9663,train,1
9664,validation,0
9665,train,0
9666,train,0
9667,train,0
9668,test,0
9669,train,0
9670,validation,0
9671,test,1
9672,test,0
9673,test,0
9674,train,0
9675,train,1
9676,train,0
9677,train,0
9678,train,1
9679,validation,0
9680,train,0
9681,validation,0
9682,train,0
9683,train,1
9684,train,0
9685,train,0
9686,train,0
9687,train,1
9688,test,1
9689,test,1
9690,test,0
9691,test,0
9692,validation,0
9693,train,0
9694,train,0
9695,validation,0
9696,validation,0
9697,train,0
9698,train,0
9699,validation,0
9700,train,0
9701,train,1
9702,train,0
9703,test,0
9704,test,1
9705,validation,0
9706,test,0
9707,train,0
9708,validation,0
9709,test,0
9710,train,0
9711,validation,0
9712,validation,0
9713,validation,0
9714,test,0
9715,validation,0
9716,test,0
9717,test,0
9718,validation,0
9719,train,0
9720,train,0
9721,test,1
9722,train,0
9723,train,1
9724,train,0
9725,train,0
9726,test,0
9727,validation,0
9728,train,0
9729,validation,1
9730,train,0
9731,train,0
9732,train,0
9733,train,1
9734,test,0
9735,validation,0
9736,test,0
9737,train,0
9738,train,0
9739,train,0
9740,train,0
9741,train,0
9742,train,0
9743,test,1
9744,train,0
9745,test,1
9746,validation,0
9747,train,1
9748,test,0
9749,train,1
9750,train,0
9751,test,0
9752,train,0
9753,train,0
9754,train,0
9755,train,0
9756,train,0
9757,validation,0
9758,validation,0
9759,train,0
9760,validation,0
9761,train,0
9762,test,0
9763,train,1
9764,train,0
9765,train,0
9766,train,0
9767,train,0
9768,train,0
9769,train,0
9770,validation,0
9771,train,0
9772,test,0
9773,train,1
9774,train,0
9775,test,0
9776,test,0
9777,train,0
9778,train,0
9779,train,0
9780,train,0
9781,validation,0
9782,train,0
9783,validation,0
9784,train,0
9785,train,0
9786,test,0
9787,train,0
9788,train,0
9789,test,0
9790,test,0
9791,validation,1
9792,train,0
9793,train,0
9794,train,1
9795,test,0
9796,validation,0
9797,train,0
9798,train,1
9799,validation,0
9800,train,0
9801,validation,0
9802,train,0
9803,train,0
9804,train,0
9805,train,0
9806,test,1
9807,train,0
9808,test,0
9809,validation,0
9810,train,0
9811,train,0
9812,train,0
9813,train,0
9814,test,0
9815,test,1
9816,validation,1
9817,train,0
9818,validation,0
9819,test,0
9820,train,0
9821,train,0
9822,validation,0
9823,test,0
9824,train,0
9825,test,0
9826,train,0
9827,train,0
9828,validation,0
9829,test,0
9830,test,1
9831,train,0
9832,validation,0
9833,test,1
9834,validation,0
9835,train,0
9836,train,0
9837,train,0
9838,train,0
9839,test,0
9840,train,0
9841,train,1
9842,train,0
9843,train,0
9844,train,0
9845,train,0
9846,test,0
9847,validation,0
9848,train,0
9849,train,0
9850,train,0
9851,train,0
9852,test,0
9853,test,0
9854,train,0
9855,test,0
9856,train,0
9857,validation,1
9858,test,0
9859,train,0
9860,test,0
9861,train,0
9862,test,0
9863,train,0
9864,test,0
9865,train,0
9866,test,0
9867,train,0
9868,train,0
9869,train,0
9870,validation,0
9871,validation,0
9872,validation,0
9873,train,0
9874,train,0
9875,train,0
9876,train,0
9877,train,0
9878,train,0
9879,validation,0
9880,train,0
9881,test,0
9882,train,0
9883,train,0
9884,train,0
9885,train,0
9886,test,0
9887,test,0
9888,train,0
9889,test,0
9890,train,0
9891,train,0
9892,validation,0
9893,test,0
9894,train,0
9895,test,0
9896,test,0
9897,train,1
9898,train,0
9899,train,0
9900,train,0
9901,train,0
9902,train,0
9903,validation,1
9904,train,0
9905,train,0
9906,train,1
9907,train,0
9908,train,1
9909,train,0
9910,train,0
9911,train,0
9912,train,0
9913,train,0
9914,train,0
9915,train,0
9916,train,0
9917,validation,0
9918,validation,0
9919,validation,0
9920,train,1
9921,test,0
9922,train,0
9923,test,0
9924,train,0
9925,train,0
9926,test,0
9927,train,0
9928,validation,0
9929,train,0
9930,train,0
9931,train,0
9932,test,0
9933,test,0
9934,validation,0
9935,validation,0
9936,validation,0
9937,train,0
9938,test,0
9939,validation,1
9940,train,0
9941,train,0
9942,train,0
9943,validation,0
9944,train,0
9945,train,0
9946,train,0
9947,train,1
9948,test,1
9949,train,0
9950,validation,0
9951,train,1
9952,train,1
9953,train,0
9954,validation,0
9955,train,0
9956,validation,1
9957,test,1
9958,train,0
9959,validation,1
9960,test,0
9961,test,0
9962,train,1
9963,train,0
9964,train,1
9965,train,0
9966,train,0
9967,train,0
9968,validation,1
9969,validation,1
9970,train,0
9971,train,0
9972,test,0
9973,train,1
9974,test,1
9975,train,1
9976,test,0
9977,test,0
9978,train,0
9979,train,0
9980,validation,0
9981,train,0
9982,train,0
9983,test,1
9984,validation,0
9985,train,0
9986,validation,1
9987,train,1
9988,train,0
9989,test,0
9990,train,1
9991,train,0
9992,test,0
9993,test,0
9994,validation,0
9995,train,1
9996,test,0
9997,train,1
9998,validation,0
9999,train,1
10000,validation,0
10001,train,0
10002,train,1
10003,test,0
10004,test,1
10005,validation,0
10006,train,0
10007,train,0
10008,train,0
10009,validation,0
10010,validation,0
10011,train,1
10012,train,1
10013,test,0
10014,validation,0
10015,train,0
10016,train,0
10017,train,0
10018,train,0
10019,train,0
10020,validation,0
10021,train,0
10022,train,0
10023,train,0
10024,test,0
10025,train,0
10026,validation,0
10027,validation,1
10028,train,0
10029,test,0
10030,train,1
10031,train,0
10032,train,0
10033,train,0
10034,train,0
10035,train,0
10036,train,1
10037,validation,0
10038,test,0
10039,train,0
10040,validation,1
10041,validation,0
10042,train,0
10043,train,0
10044,test,0
10045,train,0
10046,train,0
10047,train,1
10048,validation,0
10049,validation,0
10050,train,0
10051,train,0
10052,test,0
10053,train,0
10054,train,0
10055,train,0
10056,validation,0
10057,train,1
10058,validation,0
10059,train,0
10060,train,1
10061,train,1
10062,train,0
10063,train,1
10064,train,0
10065,validation,0
10066,train,0
10067,test,0
10068,test,0
10069,test,0
10070,test,0
10071,train,0
10072,validation,0
10073,train,0
10074,train,0
10075,test,0
10076,train,0
10077,validation,0
10078,test,0
10079,train,0
10080,train,0
10081,train,0
10082,test,0
10083,train,0
10084,train,0
10085,test,0
10086,train,1
10087,train,0
10088,train,0
10089,train,1
10090,train,1
10091,train,0
10092,train,0
10093,validation,0
10094,validation,0
10095,test,1
10096,train,0
10097,test,0
10098,test,0
10099,train,0
10100,test,0
10101,validation,0
10102,validation,0
10103,train,1
10104,test,0
10105,validation,0
10106,train,0
10107,train,0
10108,train,0
10109,train,0
10110,test,0
10111,validation,0
10112,train,1
10113,train,1
10114,train,0
10115,validation,0
10116,test,0
10117,test,0
10118,train,0
10119,validation,0
10120,test,1
10121,train,0
10122,train,1
10123,train,0
10124,validation,0
10125,train,0
10126,validation,1
10127,train,0
10128,train,0
10129,train,0
10130,train,0
10131,test,0
10132,train,0
10133,validation,0
10134,test,1
10135,train,0
10136,train,0
10137,validation,0
10138,test,1
10139,train,0
10140,train,0
10141,train,0
10142,validation,1
10143,test,1
10144,train,0
10145,test,1
10146,train,1
10147,train,0
10148,train,0
10149,train,0
10150,train,0
10151,test,1
10152,train,0
10153,train,0
10154,train,0
10155,test,1
10156,train,1
10157,train,0
10158,validation,0
10159,test,0
10160,train,0
10161,test,0
10162,validation,0
10163,train,0
10164,test,0
10165,train,0
10166,test,0
10167,test,0
10168,train,0
10169,train,0
10170,train,0
10171,train,0
10172,train,1
10173,train,0
10174,train,1
10175,test,0
10176,train,1
10177,validation,0
10178,validation,1
10179,test,1
10180,train,0
10181,train,0
10182,validation,0
10183,test,0
10184,test,0
10185,test,0
10186,train,1
10187,train,1
10188,train,0
10189,train,0
10190,train,1
10191,test,0
10192,validation,0
10193,test,0
10194,train,0
10195,train,0
10196,train,1
10197,train,0
10198,train,1
10199,validation,0
10200,train,0
10201,test,0
10202,test,0
10203,train,1
10204,test,0
10205,train,0
10206,train,0
10207,test,0
10208,train,0
10209,train,0
10210,test,1
10211,validation,0
10212,test,0
10213,train,0
10214,validation,0
10215,validation,1
10216,train,0
10217,test,0
10218,test,0
10219,train,0
10220,validation,0
10221,validation,0
10222,train,0
10223,train,0
10224,train,0
10225,train,0
10226,train,0
10227,validation,0
10228,validation,0
10229,train,0
10230,validation,1
10231,train,0
10232,train,0
10233,train,0
10234,train,0
10235,train,0
10236,train,0
10237,validation,1
10238,train,0
10239,train,1
10240,train,0
10241,test,0
10242,train,1
10243,train,0
10244,test,0
10245,train,0
10246,train,0
10247,validation,1
10248,validation,0
10249,test,0
10250,validation,0
10251,train,0
10252,train,0
10253,train,0
10254,test,0
10255,test,0
10256,train,0
10257,train,1
10258,test,0
10259,train,0
10260,train,0
10261,train,1
10262,train,0
10263,train,0
10264,train,0
10265,test,0
10266,train,1
10267,validation,0
10268,train,0
10269,train,1
10270,train,0
10271,test,0
10272,train,0
10273,test,1
10274,test,0
10275,train,0
10276,test,1
10277,train,0
10278,test,0
10279,train,1
10280,train,0
10281,test,0
10282,train,0
10283,test,0
10284,validation,0
10285,test,0
10286,train,0
10287,test,0
10288,train,0
10289,train,0
10290,train,0
10291,train,0
10292,train,0
10293,validation,1
10294,train,0
10295,test,0
10296,train,1
10297,validation,0
10298,test,0
10299,train,0
10300,train,0
10301,train,0
10302,train,1
10303,train,1
10304,train,0
10305,train,0
10306,test,0
10307,train,1
10308,train,0
10309,train,0
10310,train,0
10311,train,0
10312,validation,0
10313,train,0
10314,train,0
10315,test,0
10316,train,0
10317,test,0
10318,test,1
10319,test,0
10320,validation,0
10321,validation,1
10322,train,1
10323,train,0
10324,train,1
10325,validation,0
10326,train,0
10327,test,0
10328,train,0
10329,validation,0
10330,test,0
10331,train,0
10332,test,0
10333,validation,0
10334,validation,0
10335,train,0
10336,train,0
10337,train,0
10338,train,0
10339,train,0
10340,train,0
10341,validation,0
10342,train,0
10343,validation,1
10344,train,0
10345,train,1
10346,train,0
10347,validation,0
10348,train,0
10349,train,0
10350,validation,0
10351,validation,0
10352,train,0
10353,train,0
10354,train,0
10355,train,0
10356,train,1
10357,train,0
10358,train,1
10359,train,0
10360,test,0
10361,test,0
10362,validation,0
10363,train,0
10364,train,0
10365,train,0
10366,train,0
10367,train,0
10368,validation,0
10369,test,0
10370,train,0
10371,validation,0
10372,test,0
10373,train,0
10374,validation,0
10375,train,0
10376,train,0
10377,train,1
10378,train,1
10379,test,0
10380,train,1
10381,train,0
10382,train,0
10383,train,1
10384,train,0
10385,train,0
10386,train,0
10387,train,0
10388,train,0
10389,validation,0
10390,validation,0
10391,train,0
10392,test,1
10393,train,1
10394,train,0
10395,train,0
10396,train,0
10397,train,0
10398,train,0
10399,validation,0
10400,test,0
10401,train,0
10402,train,0
10403,train,0
10404,train,0
10405,train,0
10406,test,0
10407,train,0
10408,test,0
10409,validation,1
10410,train,0
10411,validation,1
10412,train,0
10413,test,0
10414,test,1
10415,train,0
10416,train,0
10417,validation,0
10418,test,1
10419,test,0
10420,validation,0
10421,validation,0
10422,train,1
10423,train,0
10424,train,0
10425,validation,0
10426,train,0
10427,validation,0
10428,train,0
10429,train,0
10430,validation,0
10431,test,1
10432,test,0
10433,train,0
10434,train,0
10435,test,0
10436,test,1
10437,test,0
10438,test,0
10439,train,0
10440,validation,0
10441,validation,0
10442,train,0
10443,validation,0
10444,train,0
10445,train,0
10446,train,1
10447,validation,0
10448,train,1
10449,train,0
10450,train,1
10451,train,0
10452,train,0
10453,train,0
10454,validation,0
10455,validation,0
10456,train,0
10457,validation,0
10458,test,0
10459,test,0
10460,train,0
10461,validation,0
10462,train,0
10463,validation,0
10464,train,0
10465,train,0
10466,train,0
10467,validation,0
10468,train,0
10469,train,0
10470,train,0
10471,train,0
10472,test,0
10473,test,0
10474,test,0
10475,train,0
10476,train,0
10477,train,0
10478,train,0
10479,validation,0
10480,validation,0
10481,test,0
10482,train,0
10483,test,0
10484,train,0
10485,test,0
10486,train,0
10487,train,0
10488,train,0
10489,train,0
10490,train,0
10491,test,0
10492,test,0
10493,test,0
10494,train,1
10495,train,0
10496,train,0
10497,train,0
10498,train,0
10499,train,0
10500,train,0
10501,validation,1
10502,train,1
10503,validation,0
10504,validation,1
10505,test,0
10506,train,0
10507,validation,0
10508,train,1
10509,train,0
10510,validation,0
10511,train,0
10512,train,1
10513,train,1
10514,train,0
10515,train,1
10516,train,1
10517,train,0
10518,train,0
10519,train,0
10520,train,1
10521,train,0
10522,validation,0
10523,train,1
10524,train,0
10525,validation,0
10526,train,0
10527,train,0
10528,test,0
10529,train,0
10530,test,0
10531,train,0
10532,train,0
10533,train,0
10534,train,0
10535,train,0
10536,validation,0
10537,test,0
10538,train,0
10539,validation,0
10540,validation,0
10541,validation,0
10542,train,0
10543,test,0
10544,train,0
10545,train,0
10546,train,0
10547,train,1
10548,train,0
10549,train,0
10550,test,0
10551,train,0
10552,validation,0
10553,train,0
10554,train,0
10555,train,0
10556,validation,1
10557,train,1
10558,test,0
10559,train,0
10560,validation,0
10561,train,1
10562,train,0
10563,train,0
10564,train,0
10565,train,0
10566,train,0
10567,validation,0
10568,train,1
10569,validation,0
10570,test,0
10571,validation,1
10572,train,0
10573,test,1
10574,test,0
10575,train,0
10576,test,0
10577,validation,0
10578,train,0
10579,train,0
10580,test,0
10581,validation,0
10582,test,0
10583,train,0
10584,test,0
10585,train,0
10586,train,1
10587,validation,0
10588,test,1
10589,validation,1
10590,validation,0
10591,train,0
10592,train,0
10593,validation,0
10594,test,0
10595,train,0
10596,test,0
10597,test,0
10598,train,0
10599,train,1
10600,validation,0
10601,train,0
10602,train,1
10603,train,0
10604,train,0
10605,train,0
10606,test,0
10607,train,0
10608,train,0
10609,train,0
10610,validation,1
10611,validation,0
10612,validation,0
10613,validation,1
10614,train,0
10615,validation,1
10616,validation,0
10617,train,0
10618,test,0
10619,train,0
10620,train,0
10621,train,0
10622,train,0
10623,train,0
10624,test,0
10625,train,0
10626,validation,0
10627,train,0
10628,train,0
10629,train,1
10630,validation,0
10631,validation,1
10632,test,0
10633,train,0
10634,train,0
10635,validation,0
10636,train,0
10637,train,0
10638,train,0
10639,test,0
10640,train,1
10641,validation,0
10642,test,0
10643,train,0
10644,train,1
10645,train,0
10646,test,1
10647,train,1
10648,validation,0
10649,train,1
10650,train,0
10651,test,0
10652,test,0
10653,train,0
10654,validation,0
10655,test,0
10656,validation,0
10657,train,1
10658,validation,0
10659,test,0
10660,train,0
10661,validation,0
10662,validation,0
10663,train,0
10664,validation,0
10665,test,0
10666,test,0
10667,train,0
10668,train,0
10669,test,0
10670,train,1
10671,train,0
10672,train,0
10673,validation,0
10674,validation,1
10675,train,0
10676,test,0
10677,train,0
10678,train,0
10679,train,1
10680,train,0
10681,test,0
10682,validation,0
10683,train,0
10684,test,0
10685,train,0
10686,train,0
10687,train,1
10688,test,0
10689,train,0
10690,train,1
10691,validation,0
10692,validation,1
10693,train,1
10694,train,0
10695,test,0
10696,train,0
10697,validation,0
10698,train,0
10699,train,0
10700,train,0
10701,train,0
10702,test,0
10703,train,0
10704,train,0
10705,train,0
10706,test,1
10707,train,0
10708,train,0
10709,train,0
10710,train,0
10711,train,0
10712,train,0
10713,train,0
10714,validation,1
10715,test,1
10716,test,0
10717,train,0
10718,train,0
10719,train,1
10720,validation,0
10721,test,0
10722,train,1
10723,train,1
10724,train,0
10725,test,0
10726,train,0
10727,train,0
10728,train,0
10729,train,0
10730,train,0
10731,test,0
10732,train,0
10733,train,0
10734,test,0
10735,validation,0
10736,test,1
10737,validation,0
10738,train,0
10739,test,0
10740,train,0
10741,validation,0
10742,train,0
10743,validation,0
10744,train,0
10745,train,0
10746,test,1
10747,train,0
10748,test,1
10749,train,0
10750,test,0
10751,test,0
10752,validation,1
10753,test,0
10754,train,0
10755,test,0
10756,test,0
10757,validation,0
10758,test,0
10759,train,0
10760,train,0
10761,validation,1
10762,train,0
10763,train,0
10764,train,0
10765,validation,0
10766,train,0
10767,train,0
10768,train,0
10769,train,0
10770,train,1
10771,test,0
10772,train,0
10773,train,0
10774,train,1
10775,train,0
10776,test,0
10777,train,0
10778,train,1
10779,train,1
10780,test,0
10781,test,0
10782,train,0
10783,train,0
10784,validation,0
10785,train,0
10786,train,0
10787,train,0
10788,train,1
10789,train,0
10790,train,0
10791,train,0
10792,train,1
10793,train,1
10794,test,0
10795,train,0
10796,validation,0
10797,train,0
10798,train,0
10799,train,0
10800,validation,0
10801,validation,1
10802,train,0
10803,train,1
10804,train,0
10805,train,0
10806,test,0
10807,train,0
10808,train,0
10809,test,0
10810,train,1
10811,test,1
10812,train,0
10813,train,0
10814,train,0
10815,validation,0
10816,train,0
10817,train,0
10818,test,1
10819,train,0
10820,train,0
10821,test,0
10822,train,0
10823,train,0
10824,train,0
10825,validation,0
10826,test,0
10827,train,0
10828,train,0
10829,test,0
10830,train,1
10831,validation,1
10832,validation,0
10833,test,0
10834,train,0
10835,train,0
10836,validation,0
10837,train,0
10838,train,1
10839,train,0
10840,train,0
10841,train,0
10842,train,0
10843,train,0
10844,train,0
10845,train,0
10846,train,0
10847,train,0
10848,test,0
10849,validation,0
10850,test,0
10851,test,0
10852,train,1
10853,train,1
10854,train,0
10855,train,0
10856,train,0
10857,train,0
10858,train,1
10859,test,0
10860,train,1
10861,train,0
10862,test,0
10863,validation,1
10864,train,0
10865,train,0
10866,train,1
10867,train,0
10868,validation,0
10869,validation,0
10870,test,0
10871,validation,0
10872,test,0
10873,train,0
10874,train,0
10875,test,0
10876,train,0
10877,train,0
10878,train,0
10879,test,1
10880,train,0
10881,train,0
10882,train,0
10883,train,0
10884,test,0
10885,train,0
10886,train,0
10887,test,1
10888,train,0
10889,train,0
10890,train,0
10891,train,0
10892,test,0
10893,train,0
10894,validation,0
10895,train,1
10896,test,1
10897,validation,0
10898,test,0
10899,validation,0
10900,train,0
10901,train,0
10902,train,0
10903,train,1
10904,train,0
10905,validation,1
10906,train,0
10907,validation,0
10908,validation,0
10909,train,0
10910,validation,1
10911,validation,0
10912,train,0
10913,train,0
10914,train,0
10915,train,0
10916,train,0
10917,train,0
10918,train,0
10919,validation,0
10920,train,0
10921,train,0
10922,test,0
10923,test,0
10924,test,1
10925,validation,0
10926,train,0
10927,validation,0
10928,train,0
10929,validation,0
10930,validation,0
10931,test,0
10932,train,0
10933,train,0
10934,train,0
10935,train,0
10936,validation,0
10937,test,0
10938,train,0
10939,validation,0
10940,validation,0
10941,test,0
10942,test,0
10943,train,0
10944,train,0
10945,train,1
10946,validation,0
10947,train,0
10948,validation,0
10949,train,0
10950,train,0
10951,validation,0
10952,test,0
10953,train,0
10954,train,0
10955,train,0
10956,validation,0
10957,validation,0
10958,validation,0
10959,train,0
10960,train,0
10961,train,0
10962,train,1
10963,train,0
10964,validation,0
10965,train,1
10966,train,0
10967,test,0
10968,test,0
10969,validation,0
10970,train,0
10971,train,0
10972,train,1
10973,train,1
10974,train,1
10975,validation,0
10976,train,0
10977,train,0
10978,test,0
10979,train,0
10980,validation,0
10981,test,0
10982,validation,1
10983,validation,0
10984,train,0
10985,validation,0
10986,validation,0
10987,validation,0
10988,validation,0
10989,validation,0
10990,train,0
10991,train,1
10992,train,0
10993,train,0
10994,validation,0
10995,train,0
10996,train,0
10997,train,0
10998,train,0
10999,test,0
11000,train,0
11001,validation,0
11002,train,0
11003,test,0
11004,train,0
11005,train,0
11006,validation,0
11007,train,0
11008,train,0
11009,train,0
11010,train,0
11011,validation,0
11012,validation,0
11013,test,0
11014,train,1
11015,train,0
11016,train,0
11017,train,1
11018,train,0
11019,train,1
11020,validation,1
11021,train,0
11022,train,0
11023,train,0
11024,train,0
11025,train,0
11026,test,0
11027,validation,0
11028,train,0
11029,test,0
11030,train,0
11031,train,0
11032,test,0
11033,train,0
11034,train,0
11035,train,0
11036,train,1
11037,test,0
11038,train,0
11039,train,0
11040,train,0
11041,train,0
11042,train,1
11043,test,0
11044,train,0
11045,train,0
11046,test,0
11047,validation,0
11048,validation,0
11049,test,0
11050,train,0
11051,test,0
11052,validation,0
11053,validation,0
11054,train,0
11055,train,0
11056,validation,0
11057,train,0
11058,train,1
11059,validation,0
11060,train,0
11061,train,0
11062,train,0
11063,train,1
11064,validation,1
11065,train,0
11066,train,0
11067,train,0
11068,test,0
11069,train,0
11070,train,0
11071,train,1
11072,train,0
11073,test,0
11074,train,0
11075,train,0
11076,validation,0
11077,train,0
11078,validation,0
11079,test,0
11080,train,0
11081,test,1
11082,test,1
11083,train,1
11084,validation,0
11085,train,0
11086,test,0
11087,test,1
11088,validation,0
11089,test,0
11090,test,0
11091,train,0
11092,validation,1
11093,test,0
11094,validation,0
11095,train,0
11096,train,0
11097,validation,0
11098,train,0
11099,validation,0
11100,train,0
11101,train,0
11102,train,0
11103,train,0
11104,train,0
11105,test,0
11106,train,0
11107,test,0
11108,test,0
11109,validation,0
11110,train,0
11111,train,0
11112,train,0
11113,train,0
11114,test,0
11115,test,0
11116,train,1
11117,train,0
11118,test,0
11119,train,0
11120,validation,0
11121,train,1
11122,test,0
11123,train,0
11124,validation,1
11125,train,0
11126,train,1
11127,test,1
11128,train,0
11129,train,1
11130,validation,0
11131,test,0
11132,validation,0
11133,train,0
11134,train,1
11135,train,0
11136,test,0
11137,train,1
11138,train,0
11139,train,0
11140,train,0
11141,train,0
11142,test,0
11143,train,0
11144,train,0
11145,train,1
11146,train,0
11147,validation,0
11148,test,0
11149,train,0
11150,train,0
11151,train,0
11152,train,0
11153,train,0
11154,train,0
11155,train,0
11156,train,1
11157,train,1
11158,test,0
11159,train,1
11160,train,0
11161,train,0
11162,train,1
11163,validation,0
11164,test,0
11165,validation,0
11166,train,0
11167,test,0
11168,train,0
11169,validation,0
11170,train,0
11171,train,1
11172,test,1
11173,train,0
11174,train,0
11175,train,0
11176,train,0
11177,train,0
11178,test,1
11179,train,0
11180,test,0
11181,train,1
11182,train,0
11183,train,0
11184,train,0
11185,train,0
11186,train,0
11187,train,0
11188,test,1
11189,train,0
11190,train,0
11191,test,1
11192,train,0
11193,train,1
11194,test,0
11195,train,0
11196,train,1
11197,train,0
11198,train,0
11199,validation,0
11200,test,0
11201,train,0
11202,train,0
11203,test,0
11204,validation,0
11205,test,0
11206,test,0
11207,train,0
11208,train,0
11209,train,0
11210,train,1
11211,train,0
11212,train,0
11213,validation,0
11214,test,0
11215,train,0
11216,train,0
11217,train,0
11218,train,0
11219,train,0
11220,validation,0
11221,validation,0
11222,validation,0
11223,train,0
11224,test,0
11225,test,0
11226,test,0
11227,train,0
11228,train,1
11229,test,0
11230,train,0
11231,test,0
11232,train,0
11233,train,0
11234,validation,0
11235,validation,0
11236,train,0
11237,train,0
11238,train,0
11239,train,1
11240,validation,0
11241,train,0
11242,validation,0
11243,train,1
11244,train,0
11245,train,0
11246,train,0
11247,train,0
11248,train,0
11249,train,0
11250,train,0
11251,validation,0
11252,train,0
11253,train,0
11254,train,0
11255,train,0
11256,train,0
11257,train,0
11258,test,0
11259,validation,0
11260,train,0
11261,train,0
11262,test,1
11263,test,0
11264,train,1
11265,train,1
11266,train,1
11267,train,0
11268,test,0
11269,train,0
11270,validation,1
11271,test,0
11272,validation,0
11273,validation,0
11274,test,0
11275,test,0
11276,train,0
11277,test,0
11278,train,0
11279,test,1
11280,train,0
11281,validation,0
11282,train,0
11283,validation,0
11284,train,0
11285,test,0
11286,test,0
11287,train,0
11288,validation,0
11289,train,1
11290,test,0
11291,train,0
11292,validation,0
11293,train,0
11294,test,0
11295,train,0
11296,train,0
11297,train,0
11298,train,0
11299,train,1
11300,test,1
11301,validation,0
11302,validation,1
11303,train,0
11304,test,0
11305,train,0
11306,test,0
11307,train,0
11308,train,1
11309,validation,1
11310,train,0
11311,train,0
11312,test,0
11313,test,0
11314,validation,0
11315,test,0
11316,validation,0
11317,test,0
11318,train,0
11319,train,0
11320,validation,0
11321,validation,0
11322,train,0
11323,train,0
11324,test,0
11325,train,1
11326,test,0
11327,test,0
11328,train,0
11329,test,0
11330,validation,0
11331,train,0
11332,train,0
11333,train,0
11334,train,0
11335,validation,0
11336,train,0
11337,train,0
11338,train,0
11339,validation,0
11340,validation,0
11341,train,0
11342,test,0
11343,test,0
11344,train,0
11345,train,0
11346,test,0
11347,train,0
11348,train,0
11349,train,0
11350,train,1
11351,train,0
11352,train,0
11353,test,0
11354,train,0
11355,train,0
11356,train,0
11357,test,0
11358,validation,0
11359,train,0
11360,train,0
11361,train,1
11362,validation,0
11363,train,0
11364,test,0
11365,train,1
11366,test,0
11367,test,1
11368,train,0
11369,test,0
11370,train,0
11371,train,1
11372,validation,0
11373,test,0
11374,test,0
11375,train,0
11376,validation,0
11377,train,0
11378,validation,0
11379,train,0
11380,train,1
11381,test,0
11382,train,0
11383,train,0
11384,validation,0
11385,train,1
11386,test,0
11387,test,0
11388,test,0
11389,train,0
11390,train,0
11391,train,0
11392,test,1
11393,train,0
11394,train,0
11395,train,0
11396,test,0
11397,validation,1
11398,validation,0
11399,train,0
11400,validation,0
11401,train,0
11402,train,1
11403,train,0
11404,train,0
11405,validation,0
11406,validation,0
11407,train,0
11408,train,0
11409,validation,0
11410,test,0
11411,train,0
11412,validation,0
11413,train,0
11414,train,0
11415,train,0
11416,train,0
11417,train,1
11418,train,0
11419,test,0
11420,test,0
11421,validation,0
11422,test,0
11423,train,0
11424,validation,0
11425,train,0
11426,validation,0
11427,train,0
11428,train,0
11429,test,0
11430,validation,1
11431,train,1
11432,validation,0
11433,train,0
11434,validation,0
11435,train,0
11436,train,0
11437,train,0
11438,train,0
11439,train,0
11440,train,0
11441,train,0
11442,train,1
11443,train,0
11444,train,0
11445,train,0
11446,test,0
11447,train,0
11448,validation,0
11449,train,0
11450,train,0
11451,validation,0
11452,train,1
11453,test,0
11454,train,0
11455,train,1
11456,validation,1
11457,train,1
11458,validation,0
11459,train,0
11460,train,0
11461,train,0
11462,test,0
11463,validation,1
11464,train,0
11465,train,1
11466,test,0
11467,validation,1
11468,validation,0
11469,train,0
11470,validation,0
11471,train,0
11472,train,1
11473,test,0
11474,test,0
11475,train,0
11476,test,0
11477,train,0
11478,train,0
11479,train,0
11480,train,0
11481,train,0
11482,train,0
11483,train,1
11484,train,0
11485,train,0
11486,validation,0
11487,test,0
11488,train,0
11489,validation,0
11490,validation,0
11491,train,0
11492,train,0
11493,train,1
11494,train,0
11495,train,1
11496,train,0
11497,validation,0
11498,train,1
11499,validation,0
11500,train,0
11501,train,0
11502,train,0
11503,train,0
11504,train,0
11505,train,0
11506,train,0
11507,train,0
11508,test,0
11509,train,0
11510,train,0
11511,train,0
11512,train,0
11513,train,0
11514,train,0
11515,test,0
11516,train,1
11517,test,0
11518,train,1
11519,train,0
11520,train,0
11521,train,0
11522,train,0
11523,test,0
11524,train,1
11525,train,0
11526,validation,1
11527,validation,0
11528,train,0
11529,validation,0
11530,train,0
11531,train,0
11532,validation,0
11533,train,0
11534,train,0
11535,train,0
11536,train,0
11537,test,1
11538,train,1
11539,validation,0
11540,test,0
11541,train,0
11542,train,0
11543,train,0
11544,train,0
11545,test,1
11546,train,1
11547,train,0
11548,train,0
11549,train,0
11550,test,0
11551,validation,0
11552,test,0
11553,train,0
11554,train,0
11555,test,0
11556,validation,0
11557,train,0
11558,train,0
11559,train,0
11560,test,0
11561,validation,1
11562,train,1
11563,test,1
11564,train,0
11565,train,0
11566,train,1
11567,validation,0
11568,train,0
11569,train,0
11570,train,0
11571,test,1
11572,train,0
11573,validation,0
11574,test,0
11575,train,0
11576,test,1
11577,train,0
11578,test,0
11579,train,0
11580,train,0
11581,train,0
11582,test,0
11583,train,0
11584,validation,0
11585,train,0
11586,train,0
11587,train,1
11588,validation,0
11589,train,1
11590,validation,0
11591,test,0
11592,train,0
11593,train,0
11594,validation,0
11595,train,0
11596,validation,0
11597,train,0
11598,train,0
11599,validation,0
11600,train,1
11601,test,0
11602,validation,0
11603,validation,0
11604,test,0
11605,validation,0
11606,train,0
11607,validation,0
11608,train,0
11609,train,0
11610,train,0
11611,test,0
11612,train,1
11613,train,0
11614,train,1
11615,test,1
11616,train,1
11617,train,1
11618,train,0
11619,test,0
11620,train,0
11621,test,0
11622,train,0
11623,train,1
11624,validation,0
11625,validation,0
11626,test,0
11627,train,0
11628,train,0
11629,test,1
11630,test,1
11631,train,0
11632,train,1
11633,train,0
11634,train,0
11635,test,0
11636,train,0
11637,train,0
11638,train,0
11639,validation,0
11640,validation,0
11641,train,0
11642,train,0
11643,train,0
11644,test,0
11645,train,0
11646,train,1
11647,test,0
11648,train,0
11649,train,0
11650,train,0
11651,train,0
11652,validation,0
11653,train,0
11654,test,0
11655,train,0
11656,test,1
11657,train,0
11658,train,0
11659,train,0
11660,validation,0
11661,train,0
11662,validation,0
11663,train,0
11664,validation,0
11665,train,0
11666,validation,0
11667,train,0
11668,validation,1
11669,train,0
11670,train,0
11671,test,0
11672,train,0
11673,train,0
11674,train,0
11675,train,0
11676,train,1
11677,train,0
11678,validation,0
11679,test,0
11680,train,1
11681,validation,0
11682,validation,0
11683,validation,0
11684,test,0
11685,train,0
11686,train,0
11687,train,0
11688,validation,0
11689,train,1
11690,train,0
11691,test,0
11692,train,0
11693,test,0
11694,train,0
11695,train,0
11696,train,0
11697,train,0
11698,train,0
11699,test,0
11700,train,0
11701,train,0
11702,test,1
11703,train,0
11704,train,0
11705,train,1
11706,train,0
11707,train,0
11708,train,0
11709,train,0
11710,train,0
11711,test,0
11712,test,0
11713,test,0
11714,train,0
11715,validation,0
11716,train,0
11717,validation,0
11718,train,0
11719,train,1
11720,train,0
11721,validation,0
11722,train,1
11723,validation,0
11724,train,0
11725,train,0
11726,test,1
11727,validation,0
11728,train,0
11729,validation,0
11730,validation,0
11731,validation,0
11732,test,0
11733,train,0
11734,train,0
11735,train,0
11736,validation,0
11737,train,0
11738,train,0
11739,train,0
11740,test,0
11741,validation,0
11742,train,0
11743,validation,0
11744,train,0
11745,train,1
11746,train,0
11747,train,1
11748,validation,0
11749,validation,0
11750,train,1
11751,test,0
11752,train,0
11753,train,0
11754,validation,1
11755,train,0
11756,validation,0
11757,train,1
11758,train,0
11759,test,0
11760,train,0
11761,test,0
11762,test,1
11763,train,0
11764,train,0
11765,train,1
11766,train,0
11767,train,1
11768,train,0
11769,train,0
11770,validation,0
11771,test,0
11772,validation,0
11773,train,0
11774,train,0
11775,validation,0
11776,validation,0
11777,validation,0
11778,train,1
11779,validation,0
11780,train,0
11781,validation,0
11782,train,0
11783,train,1
11784,train,0
11785,validation,0
11786,train,0
11787,train,0
11788,train,0
11789,train,0
11790,train,1
11791,train,0
11792,validation,1
11793,train,0
11794,test,0
11795,test,0
11796,train,0
11797,test,0
11798,train,0
11799,test,0
11800,train,1
11801,train,0
11802,train,1
11803,validation,0
11804,train,1
11805,validation,1
11806,train,0
11807,train,0
11808,train,0
11809,train,0
11810,test,0
11811,train,0
11812,train,0
11813,test,0
11814,validation,1
11815,train,0
11816,train,0
11817,train,0
11818,validation,0
11819,train,0
11820,test,0
11821,train,0
11822,validation,0
11823,train,0
11824,train,0
11825,validation,1
11826,train,0
11827,train,1
11828,train,0
11829,train,0
11830,train,1
11831,train,0
11832,validation,0
11833,train,0
11834,train,0
11835,train,0
11836,validation,0
11837,train,0
11838,train,0
11839,validation,0
11840,train,0
11841,train,1
11842,test,0
11843,test,1
11844,train,0
11845,test,0
11846,test,0
11847,train,0
11848,validation,0
11849,train,0
11850,validation,1
11851,train,0
11852,train,0
11853,test,0
11854,validation,0
11855,test,0
11856,test,0
11857,test,0
11858,validation,0
11859,train,0
11860,train,1
11861,train,0
11862,test,0
11863,test,1
11864,train,0
11865,train,0
11866,test,0
11867,validation,0
11868,train,0
11869,train,0
11870,validation,0
11871,validation,0
11872,test,0
11873,test,1
11874,train,1
11875,validation,0
11876,train,0
11877,train,0
11878,validation,0
11879,train,0
11880,test,1
11881,train,0
11882,train,0
11883,train,0
11884,train,0
11885,train,0
11886,validation,0
11887,train,1
11888,train,0
11889,train,0
11890,train,0
11891,test,1
11892,test,0
11893,train,0
11894,train,1
11895,train,0
11896,train,0
11897,validation,0
11898,train,0
11899,test,0
11900,train,0
11901,train,0
11902,train,0
11903,train,0
11904,validation,0
11905,test,0
11906,train,0
11907,validation,1
11908,train,0
11909,train,0
11910,test,0
11911,validation,0
11912,train,0
11913,train,0
11914,test,1
11915,train,0
11916,train,0
11917,train,1
11918,train,0
11919,train,0
11920,train,1
11921,test,0
11922,train,0
11923,train,0
11924,train,0
11925,test,0
11926,test,0
11927,train,0
11928,train,1
11929,test,0
11930,validation,0
11931,train,0
11932,test,1
11933,train,1
11934,train,1
11935,train,0
11936,train,1
11937,train,0
11938,train,0
11939,test,1
11940,train,0
11941,test,0
11942,validation,0
11943,train,0
11944,validation,1
11945,test,0
11946,test,0
11947,train,0
11948,train,0
11949,train,1
11950,train,0
11951,validation,0
11952,validation,0
11953,test,0
11954,train,0
11955,test,1
11956,train,0
11957,train,0
11958,train,0
11959,train,0
11960,test,0
11961,test,0
11962,train,0
11963,train,0
11964,train,0
11965,validation,1
11966,validation,0
11967,test,0
11968,test,0
11969,test,1
11970,test,0
11971,train,0
11972,train,0
11973,train,0
11974,test,0
11975,test,0
11976,train,0
11977,test,0
11978,validation,1
11979,train,0
11980,test,0
11981,train,0
11982,train,0
11983,train,0
11984,train,1
11985,validation,1
11986,train,0
11987,test,0
11988,train,0
11989,validation,0
11990,train,0
11991,train,0
11992,train,1
11993,test,0
11994,train,0
11995,train,0
11996,train,0
11997,train,0
11998,test,0
11999,train,0
12000,train,0
12001,train,0
12002,train,0
12003,train,0
12004,train,1
12005,test,0
12006,train,0
12007,train,0
12008,train,0
12009,train,0
12010,validation,0
12011,test,0
12012,validation,0
12013,test,0
12014,train,0
12015,train,0
12016,train,0
12017,train,0
12018,train,0
12019,test,1
12020,train,0
12021,train,1
12022,test,0
12023,train,0
12024,validation,1
12025,train,1
12026,train,0
12027,train,0
12028,test,0
12029,train,0
12030,test,0
12031,validation,0
12032,train,0
12033,train,0
12034,train,0
12035,train,0
12036,train,0
12037,train,0
12038,train,0
12039,test,0
12040,train,0
12041,train,0
12042,validation,0
12043,train,0
12044,train,0
12045,train,0
12046,train,1
12047,train,0
12048,test,0
12049,train,0
12050,train,0
12051,train,1
12052,test,0
12053,test,0
12054,test,1
12055,test,0
12056,train,0
12057,train,0
12058,train,0
12059,validation,0
12060,test,0
12061,train,0
12062,train,0
12063,train,0
12064,test,1
12065,train,0
12066,test,0
12067,train,0
12068,test,0
12069,train,0
12070,train,0
12071,validation,1
12072,train,0
12073,train,0
12074,validation,0
12075,train,1
12076,validation,0
12077,test,1
12078,train,0
12079,train,1
12080,train,0
12081,train,0
12082,train,1
12083,train,0
12084,train,0
12085,test,0
12086,test,0
12087,train,0
12088,validation,1
12089,validation,0
12090,train,0
12091,train,0
12092,train,0
12093,train,0
12094,train,0
12095,train,0
12096,validation,0
12097,test,0
12098,test,0
12099,train,0
12100,test,0
12101,train,0
12102,validation,1
12103,train,0
12104,train,1
12105,test,0
12106,train,0
12107,test,0
12108,train,0
12109,train,0
12110,test,0
12111,train,1
12112,train,0
12113,train,0
12114,train,1
12115,train,0
12116,validation,0
12117,validation,0
12118,test,0
12119,test,0
12120,test,0
12121,train,0
12122,test,0
12123,train,0
12124,validation,1
12125,train,0
12126,train,0
12127,test,0
12128,train,1
12129,test,0
12130,test,0
12131,train,1
12132,train,0
12133,test,0
12134,test,0
12135,validation,0
12136,validation,0
12137,train,1
12138,train,1
12139,train,0
12140,validation,0
12141,test,0
12142,test,1
12143,train,0
12144,test,0
12145,validation,0
12146,train,1
12147,test,0
12148,test,0
12149,validation,0
12150,train,0
12151,train,0
12152,train,0
12153,test,0
12154,train,0
12155,validation,1
12156,test,0
12157,validation,0
12158,train,0
12159,train,1
12160,validation,1
12161,validation,1
12162,train,0
12163,test,0
12164,train,0
12165,train,0
12166,train,1
12167,validation,0
12168,test,0
12169,train,1
12170,validation,0
12171,train,0
12172,train,0
12173,train,1
12174,test,0
12175,train,0
12176,train,0
12177,train,1
12178,train,0
12179,train,0
12180,train,0
12181,train,0
12182,test,0
12183,train,0
12184,validation,1
12185,train,0
12186,train,1
12187,train,0
12188,train,1
12189,train,0
12190,train,0
12191,test,0
12192,train,1
12193,train,0
12194,validation,1
12195,validation,0
12196,test,0
12197,validation,0
12198,validation,0
12199,validation,0
12200,train,0
12201,train,0
12202,train,0
12203,test,0
12204,test,0
12205,train,1
12206,train,0
12207,train,0
12208,train,1
12209,train,0
12210,train,0
12211,train,0
12212,train,0
12213,validation,1
12214,validation,0
12215,train,0
12216,train,0
12217,train,1
12218,train,0
12219,test,0
12220,train,0
12221,train,0
12222,test,1
12223,train,0
12224,validation,0
12225,train,0
12226,train,1
12227,train,0
12228,test,1
12229,train,0
12230,validation,0
12231,train,0
12232,train,0
12233,train,0
12234,test,0
12235,validation,1
12236,train,1
12237,train,1
12238,test,0
12239,validation,0
12240,train,0
12241,train,0
12242,train,0
12243,train,0
12244,validation,0
12245,train,1
12246,train,0
12247,validation,0
12248,train,0
12249,validation,0
12250,train,0
12251,validation,1
12252,train,0
12253,train,1
12254,train,0
12255,train,1
12256,train,0
12257,test,0
12258,train,0
12259,validation,0
12260,train,0
12261,train,1
12262,train,0
12263,validation,0
12264,train,0
12265,validation,0
12266,train,0
12267,validation,0
12268,train,0
12269,train,0
12270,train,0
12271,train,0
12272,train,0
12273,test,0
12274,train,0
12275,test,0
12276,train,1
12277,train,0
12278,validation,0
12279,train,0
12280,test,0
12281,train,0
12282,train,0
12283,validation,1
12284,train,0
12285,validation,1
12286,train,0
12287,train,0
12288,train,0
12289,test,0
12290,train,1
12291,test,0
12292,test,0
12293,test,0
12294,train,0
12295,validation,0
12296,train,0
12297,train,0
12298,test,0
12299,train,0
12300,test,0
12301,validation,0
12302,validation,0
12303,train,1
12304,test,0
12305,test,0
12306,test,0
12307,train,0
12308,test,0
12309,test,0
12310,validation,1
12311,test,0
12312,validation,0
12313,train,0
12314,train,1
12315,test,0
12316,train,1
12317,train,0
12318,train,0
12319,train,0
12320,test,0
12321,train,0
12322,train,1
12323,train,0
12324,test,0
12325,train,0
12326,train,0
12327,train,0
12328,train,0
12329,train,0
12330,train,0
12331,test,0
12332,train,0
12333,test,1
12334,test,0
12335,train,1
12336,train,0
12337,train,0
12338,validation,0
12339,train,0
12340,train,0
12341,validation,0
12342,train,0
12343,train,0
12344,test,0
12345,train,0
12346,train,0
12347,train,0
12348,train,0
12349,test,0
12350,train,1
12351,train,0
12352,train,0
12353,validation,0
12354,train,0
12355,test,0
12356,train,0
12357,train,1
12358,train,0
12359,validation,1
12360,test,0
12361,test,0
12362,test,1
12363,train,0
12364,train,0
12365,validation,0
12366,train,0
12367,validation,1
12368,validation,1
12369,train,0
12370,validation,0
12371,train,0
12372,train,0
12373,train,1
12374,train,0
12375,train,0
12376,train,0
12377,train,0
12378,validation,1
12379,test,1
12380,validation,0
12381,test,0
12382,validation,1
12383,train,0
12384,train,0
12385,train,0
12386,train,0
12387,train,0
12388,train,0
12389,train,0
12390,train,0
12391,validation,0
12392,train,0
12393,validation,1
12394,test,0
12395,validation,0
12396,train,0
12397,train,0
12398,train,0
12399,train,1
12400,train,1
12401,test,0
12402,test,0
12403,test,0
12404,validation,0
12405,train,0
12406,train,0
12407,train,0
12408,test,0
12409,train,1
12410,train,0
12411,validation,1
12412,train,1
12413,train,1
12414,train,0
12415,test,0
12416,train,1
12417,train,0
12418,validation,1
12419,train,0
12420,train,0
12421,validation,0
12422,train,0
12423,test,0
12424,train,0
12425,train,0
12426,validation,0
12427,test,0
12428,test,0
12429,train,1
12430,train,0
12431,train,0
12432,test,0
12433,train,0
12434,train,0
12435,validation,0
12436,test,0
12437,train,0
12438,validation,0
12439,validation,0
12440,validation,1
12441,test,0
12442,validation,0
12443,train,0
12444,train,1
12445,train,1
12446,validation,0
12447,train,0
12448,train,0
12449,train,0
12450,train,0
12451,validation,0
12452,test,0
12453,train,0
12454,test,0
12455,test,0
12456,train,0
12457,train,0
12458,train,0
12459,test,0
12460,validation,0
12461,train,0
12462,train,0
12463,train,0
12464,train,0
12465,test,0
12466,validation,0
12467,validation,1
12468,train,0
12469,train,0
12470,validation,0
12471,train,1
12472,test,0
12473,train,0
12474,validation,0
12475,test,0
12476,test,0
12477,train,1
12478,train,0
12479,train,1
12480,train,0
12481,train,0
12482,train,0
12483,train,0
12484,train,1
12485,train,0
12486,train,0
12487,train,0
12488,train,0
12489,train,0
12490,test,0
12491,train,0
12492,train,0
12493,train,0
12494,validation,0
12495,test,0
12496,train,0
12497,train,0
12498,validation,0
12499,train,0
12500,train,0
12501,train,0
12502,test,0
12503,train,0
12504,train,0
12505,train,0
12506,validation,0
12507,train,1
12508,train,0
12509,train,0
12510,test,0
12511,train,0
12512,train,0
12513,train,0
12514,validation,1
12515,train,0
12516,test,1
12517,train,1
12518,train,1
12519,train,1
12520,train,1
12521,test,1
12522,train,1
12523,test,0
12524,test,0
12525,train,0
12526,test,0
12527,validation,1
12528,validation,0
12529,validation,0
12530,train,0
12531,validation,0
12532,train,0
12533,validation,0
12534,train,0
12535,train,0
12536,validation,0
12537,train,0
12538,test,0
12539,train,0
12540,train,0
12541,train,1
12542,train,0
12543,test,0
12544,train,0
12545,train,0
12546,test,0
12547,train,0
12548,test,0
12549,train,1
12550,train,0
12551,validation,0
12552,train,1
12553,train,0
12554,train,0
12555,validation,0
12556,train,0
12557,train,0
12558,train,0
12559,validation,1
12560,train,1
12561,train,0
12562,train,0
12563,train,0
12564,test,0
12565,validation,0
12566,train,0
12567,train,0
12568,validation,0
12569,train,1
12570,train,0
12571,validation,0
12572,validation,0
12573,train,0
12574,test,0
12575,test,0
12576,train,0
12577,train,0
12578,train,1
12579,train,0
12580,test,0
12581,validation,0
12582,train,0
12583,train,0
12584,train,0
12585,validation,0
12586,test,0
12587,test,0
12588,test,0
12589,train,0
12590,test,0
12591,train,0
12592,train,1
12593,train,0
12594,validation,0
12595,train,1
12596,validation,0
12597,train,0
12598,train,0
12599,test,0
12600,train,1
12601,train,0
12602,validation,1
12603,train,0
12604,test,0
12605,test,0
12606,validation,0
12607,train,0
12608,train,0
12609,validation,0
12610,train,0
12611,train,0
12612,validation,0
12613,train,1
12614,train,0
12615,train,0
12616,train,1
12617,train,0
12618,test,0
12619,train,0
12620,test,1
12621,train,1
12622,train,0
12623,train,0
12624,train,0
12625,train,0
12626,train,0
12627,test,0
12628,validation,0
12629,validation,0
12630,train,0
12631,test,1
12632,train,1
12633,test,0
12634,test,0
12635,validation,0
12636,validation,0
12637,train,0
12638,train,0
12639,train,0
12640,validation,0
12641,train,0
12642,train,0
12643,train,1
12644,train,0
12645,train,0
12646,train,0
12647,train,1
12648,train,1
12649,train,1
12650,train,0
12651,train,0
12652,validation,0
12653,validation,1
12654,train,0
12655,test,1
12656,train,0
12657,train,0
12658,train,0
12659,validation,0
12660,train,0
12661,train,0
12662,train,0
12663,validation,0
12664,train,0
12665,validation,0
12666,train,0
12667,test,0
12668,train,0
12669,train,0
12670,train,0
12671,train,0
12672,train,1
12673,train,0
12674,train,1
12675,train,1
12676,train,0
12677,validation,1
12678,test,0
12679,train,1
12680,train,0
12681,train,0
12682,validation,1
12683,test,0
12684,train,1
12685,train,0
12686,train,0
12687,train,1
12688,train,0
12689,test,0
12690,test,0
12691,validation,0
12692,validation,0
12693,train,0
12694,train,0
12695,validation,0
12696,validation,0
12697,test,0
12698,train,1
12699,train,0
12700,test,0
12701,validation,0
12702,validation,0
12703,train,0
12704,test,0
12705,test,0
12706,train,0
12707,test,0
12708,train,1
12709,train,0
12710,train,0
12711,validation,1
12712,train,0
12713,train,0
12714,validation,0
12715,train,0
12716,validation,0
12717,train,0
12718,validation,0
12719,validation,0
12720,train,0
12721,train,0
12722,train,1
12723,validation,0
12724,train,0
12725,train,0
12726,train,0
12727,train,0
12728,test,0
12729,train,1
12730,train,0
12731,test,0
12732,train,0
12733,test,0
12734,test,0
12735,validation,0
12736,train,0
12737,validation,0
12738,test,0
12739,test,0
12740,train,1
12741,train,0
12742,train,0
12743,train,0
12744,test,0
12745,validation,0
12746,train,0
12747,train,1
12748,train,0
12749,test,0
12750,validation,0
12751,train,0
12752,train,0
12753,validation,0
12754,test,0
12755,train,1
12756,test,0
12757,train,1
12758,validation,0
12759,train,0
12760,validation,0
12761,test,0
12762,train,0
12763,train,0
12764,validation,0
12765,train,1
12766,train,0
12767,train,0
12768,test,0
12769,train,0
12770,train,0
12771,train,0
12772,test,0
12773,train,0
12774,validation,0
12775,test,0
12776,validation,0
12777,train,0
12778,train,0
12779,train,0
12780,test,0
12781,train,0
12782,test,0
12783,train,0
12784,validation,1
12785,test,0
12786,validation,0
12787,validation,0
12788,test,0
12789,test,1
12790,train,1
12791,test,0
12792,test,0
12793,validation,0
12794,train,0
12795,validation,0
12796,test,0
12797,test,0
12798,train,0
12799,train,1
12800,train,1
12801,validation,1
12802,train,0
12803,test,0
12804,train,0
12805,train,0
12806,validation,0
12807,train,1
12808,train,0
12809,train,0
12810,train,0
12811,train,1
12812,train,0
12813,train,0
12814,train,0
12815,validation,1
12816,train,0
12817,train,0
12818,test,0
12819,train,0
12820,validation,0
12821,validation,0
12822,test,0
12823,train,0
12824,test,0
12825,train,0
12826,train,0
12827,train,0
12828,train,0
12829,train,0
12830,test,0
12831,validation,0
12832,train,0
12833,train,0
12834,train,0
12835,train,0
12836,test,1
12837,train,0
12838,train,0
12839,validation,1
12840,validation,0
12841,train,0
12842,train,0
12843,train,0
12844,train,0
12845,test,0
12846,test,0
12847,test,0
12848,test,0
12849,train,0
12850,test,1
12851,train,0
12852,validation,0
12853,train,0
12854,validation,1
12855,test,0
12856,validation,0
12857,train,0
12858,train,0
12859,train,0
12860,train,0
12861,test,1
12862,train,0
12863,test,0
12864,train,0
12865,test,0
12866,train,0
12867,train,0
12868,test,0
12869,train,0
12870,train,0
12871,test,0
12872,train,0
12873,validation,0
12874,validation,0
12875,train,0
12876,validation,0
12877,test,1
12878,validation,1
12879,train,0
12880,train,0
12881,test,1
12882,validation,0
12883,train,0
12884,train,0
12885,test,0
12886,test,0
12887,test,1
12888,test,0
12889,validation,0
12890,test,0
12891,train,0
12892,test,0
12893,validation,0
12894,train,0
12895,train,1
12896,validation,0
12897,validation,0
12898,train,0
12899,validation,0
12900,test,1
12901,train,0
12902,train,0
12903,train,0
12904,train,0
12905,train,0
12906,train,1
12907,train,0
12908,validation,0
12909,train,0
12910,train,1
12911,train,0
12912,train,0
12913,train,0
12914,train,0
12915,test,0
12916,train,0
12917,test,0
12918,train,1
12919,train,0
12920,train,0
12921,validation,0
12922,validation,0
12923,train,0
12924,validation,0
12925,train,0
12926,train,0
12927,train,0
12928,validation,0
12929,validation,0
12930,test,0
12931,train,1
12932,train,0
12933,validation,0
12934,test,1
12935,train,0
12936,test,0
12937,train,0
12938,test,0
12939,validation,0
12940,train,1
12941,train,0
12942,test,1
12943,test,0
12944,train,0
12945,train,0
12946,validation,1
12947,test,0
12948,train,0
12949,test,0
12950,validation,0
12951,train,1
12952,train,0
12953,test,0
12954,train,0
12955,train,0
12956,validation,0
12957,train,0
12958,test,0
12959,train,0
12960,validation,0
12961,train,0
12962,train,0
12963,train,0
12964,train,0
12965,test,1
12966,train,0
12967,train,0
12968,validation,0
12969,train,0
12970,test,0
12971,validation,0
12972,test,0
12973,test,0
12974,train,0
12975,test,0
12976,train,0
12977,train,0
12978,train,0
12979,train,0
12980,train,1
12981,validation,1
12982,test,0
12983,validation,0
12984,train,0
12985,train,0
12986,train,0
12987,validation,0
12988,train,1
12989,train,0
12990,validation,0
12991,test,1
12992,validation,0
12993,validation,0
12994,validation,0
12995,test,0
12996,validation,0
12997,validation,0
12998,train,0
12999,validation,0
13000,train,0
13001,train,0
13002,test,0
13003,train,0
13004,train,0
13005,validation,0
13006,test,0
13007,train,0
13008,train,1
13009,validation,1
13010,train,0
13011,train,0
13012,train,0
13013,test,0
13014,test,1
13015,train,0
13016,test,0
13017,train,0
13018,train,0
13019,validation,0
13020,train,0
13021,test,0
13022,train,0
13023,validation,0
13024,train,1
13025,train,0
13026,train,0
13027,train,0
13028,train,1
13029,train,0
13030,validation,0
13031,test,0
13032,train,0
13033,train,0
13034,test,0
13035,test,0
13036,train,0
13037,train,0
13038,validation,0
13039,train,0
13040,train,0
13041,train,1
13042,train,0
13043,test,1
13044,train,0
13045,train,0
13046,validation,0
13047,train,0
13048,train,0
13049,test,1
13050,train,0
13051,train,0
13052,test,0
13053,train,0
13054,validation,0
13055,test,0
13056,test,0
13057,validation,0
13058,train,0
13059,validation,0
13060,train,0
13061,train,0
13062,train,0
13063,validation,1
13064,train,0
13065,validation,0
13066,train,0
13067,train,0
13068,validation,0
13069,test,0
13070,validation,1
13071,train,1
13072,train,0
13073,train,0
13074,train,0
13075,test,1
13076,train,0
13077,validation,0
13078,train,0
13079,test,0
13080,validation,0
13081,test,0
13082,validation,0
13083,validation,1
13084,train,1
13085,test,0
13086,train,1
13087,validation,0
13088,train,1
13089,train,0
13090,train,0
13091,train,0
13092,validation,0
13093,test,0
13094,validation,0
13095,train,0
13096,train,0
13097,train,1
13098,train,0
13099,train,0
13100,train,0
13101,test,1
13102,test,0
13103,train,0
13104,train,0
13105,train,0
13106,test,1
13107,train,0
13108,train,1
13109,train,0
13110,test,0
13111,test,0
13112,test,1
13113,test,0
13114,train,0
13115,validation,0
13116,test,1
13117,train,0
13118,train,0
13119,test,1
13120,test,1
13121,train,0
13122,test,0
13123,train,0
13124,validation,0
13125,test,0
13126,train,0
13127,train,0
13128,test,0
13129,train,0
13130,test,0
13131,test,0
13132,train,1
13133,validation,0
13134,validation,1
13135,validation,0
13136,train,0
13137,test,0
13138,train,0
13139,train,0
13140,validation,0
13141,validation,0
13142,validation,0
13143,train,0
13144,train,0
13145,validation,0
13146,train,0
13147,train,0
13148,train,0
13149,train,0
13150,train,0
13151,test,0
13152,train,0
13153,validation,0
13154,test,1
13155,train,0
13156,train,1
13157,train,0
13158,train,0
13159,train,1
13160,test,0
13161,train,0
13162,train,0
13163,train,0
13164,train,0
13165,train,0
13166,validation,0
13167,train,0
13168,test,0
13169,validation,0
13170,train,0
13171,validation,0
13172,validation,0
13173,train,0
13174,test,1
13175,train,0
13176,validation,0
13177,test,1
13178,train,0
13179,test,0
13180,validation,0
13181,test,0
13182,validation,0
13183,train,0
13184,train,0
13185,train,0
13186,validation,0
13187,test,0
13188,train,0
13189,train,0
13190,validation,0
13191,train,1
13192,validation,0
13193,validation,1
13194,validation,0
13195,train,1
13196,train,1
13197,test,0
13198,train,0
13199,validation,0
13200,train,0
13201,test,0
13202,train,1
13203,train,0
13204,train,1
13205,test,0
13206,train,0
13207,train,0
13208,validation,1
13209,validation,0
13210,validation,0
13211,test,0
13212,train,0
13213,train,0
13214,validation,0
13215,train,0
13216,train,0
13217,train,0
13218,train,1
13219,train,1
13220,validation,0
13221,validation,0
13222,train,1
13223,train,0
13224,validation,0
13225,train,0
13226,train,1
13227,train,0
13228,test,0
13229,train,0
13230,train,0
13231,validation,0
13232,train,0
13233,train,0
13234,test,0
13235,train,1
13236,train,0
13237,test,0
13238,train,0
13239,test,0
13240,validation,0
13241,validation,0
13242,train,0
13243,train,0
13244,train,0
13245,train,1
13246,train,0
13247,train,0
13248,validation,0
13249,test,0
13250,train,1
13251,train,0
13252,validation,0
13253,train,1
13254,train,0
13255,train,0
13256,train,0
13257,validation,0
13258,validation,0
13259,train,0
13260,train,0
13261,train,0
13262,train,0
13263,test,0
13264,validation,0
13265,train,0
13266,test,0
13267,train,0
13268,train,0
13269,test,0
13270,train,0
13271,validation,0
13272,validation,1
13273,test,0
13274,validation,0
13275,train,1
13276,train,0
13277,train,0
13278,train,1
13279,test,0
13280,train,0
13281,train,1
13282,train,0
13283,test,1
13284,train,0
13285,train,0
13286,test,0
13287,train,0
13288,test,0
13289,validation,0
13290,test,0
13291,test,0
13292,train,0
13293,train,0
13294,test,0
13295,train,0
13296,test,0
13297,train,0
13298,train,1
13299,test,0
13300,test,1
13301,train,0
13302,train,0
13303,test,0
13304,test,0
13305,train,0
13306,train,0
13307,train,0
13308,test,1
13309,train,0
13310,train,0
13311,train,0
13312,validation,0
13313,validation,0
13314,train,1
13315,validation,0
13316,train,1
13317,validation,0
13318,train,0
13319,train,0
13320,validation,0
13321,train,0
13322,validation,0
13323,test,0
13324,validation,0
13325,train,0
13326,train,0
13327,train,1
13328,train,0
13329,train,0
13330,test,0
13331,test,0
13332,train,0
13333,train,1
13334,test,0
13335,train,0
13336,test,0
13337,test,0
13338,test,0
13339,test,0
13340,train,0
13341,train,0
13342,validation,0
13343,train,0
13344,train,0
13345,train,0
13346,test,1
13347,test,0
13348,train,0
13349,train,0
13350,train,0
13351,test,0
13352,test,0
13353,train,0
13354,train,0
13355,train,0
13356,train,0
13357,train,0
13358,train,1
13359,train,0
13360,test,0
13361,train,0
13362,validation,0
13363,test,1
13364,train,0
13365,validation,0
13366,train,0
13367,train,1
13368,train,0
13369,train,1
13370,train,0
13371,test,1
13372,test,0
13373,validation,0
13374,train,0
13375,train,1
13376,train,0
13377,train,0
13378,validation,0
13379,train,1
13380,train,0
13381,train,0
13382,train,0
13383,train,1
13384,train,0
13385,test,0
13386,train,1
13387,train,1
13388,train,0
13389,train,0
13390,validation,0
13391,train,0
13392,train,0
13393,validation,0
13394,train,0
13395,train,0
13396,test,0
13397,train,0
13398,train,0
13399,train,0
13400,train,0
13401,validation,0
13402,train,0
13403,test,0
13404,test,0
13405,test,0
13406,train,0
13407,train,0
13408,train,0
13409,train,0
13410,train,0
13411,train,0
13412,train,0
13413,train,0
13414,train,0
13415,train,0
13416,test,0
13417,validation,0
13418,train,0
13419,train,0
13420,train,0
13421,train,0
13422,train,0
13423,test,0
13424,train,0
13425,validation,0
13426,train,0
13427,train,0
13428,validation,0
13429,train,0
13430,validation,1
13431,validation,0
13432,train,0
13433,validation,0
13434,train,0
13435,test,0
13436,train,0
13437,train,0
13438,train,0
13439,train,0
13440,train,0
13441,train,0
13442,validation,1
13443,test,0
13444,train,0
13445,train,0
13446,validation,0
13447,train,0
13448,train,0
13449,train,0
13450,train,1
13451,validation,1
13452,train,1
13453,train,0
13454,validation,0
13455,train,0
13456,train,0
13457,test,0
13458,test,0
13459,test,0
13460,validation,0
13461,train,1
13462,train,1
13463,train,0
13464,validation,0
13465,train,1
13466,test,0
13467,test,0
13468,train,0
13469,train,0
13470,train,0
13471,train,0
13472,train,0
13473,train,1
13474,train,0
13475,test,1
13476,train,0
13477,train,1
13478,test,1
13479,validation,0
13480,test,0
13481,train,0
13482,validation,0
13483,train,0
13484,train,0
13485,train,0
13486,test,0
13487,validation,0
13488,train,0
13489,train,0
13490,train,0
13491,train,1
13492,train,0
13493,train,0
13494,train,0
13495,train,0
13496,train,0
13497,validation,0
13498,test,0
13499,train,0
13500,test,0
13501,train,0
13502,test,0
13503,validation,1
13504,train,0
13505,train,0
13506,train,0
13507,test,0
13508,train,0
13509,test,0
13510,validation,0
13511,validation,0
13512,test,1
13513,train,0
13514,train,1
13515,train,0
13516,train,0
13517,test,1
13518,validation,0
13519,train,0
13520,validation,0
13521,train,1
13522,test,0
13523,train,0
13524,train,0
13525,train,0
13526,test,0
13527,train,0
13528,train,0
13529,train,0
13530,train,0
13531,train,0
13532,test,0
13533,train,0
13534,train,1
13535,test,0
13536,train,0
13537,validation,0
13538,train,0
13539,test,0
13540,train,0
13541,test,0
13542,test,0
13543,train,1
13544,train,0
13545,train,0
13546,test,0
13547,test,0
13548,train,0
13549,validation,0
13550,train,0
13551,test,0
13552,validation,0
13553,test,0
13554,test,1
13555,train,0
13556,train,0
13557,train,0
13558,train,0
13559,validation,0
13560,train,0
13561,test,0
13562,train,1
13563,validation,0
13564,train,0
13565,test,0
13566,train,0
13567,validation,1
13568,train,0
13569,train,1
13570,validation,1
13571,train,0
13572,train,0
13573,validation,1
13574,test,0
13575,train,1
13576,validation,0
13577,test,0
13578,train,0
13579,test,0
13580,test,1
13581,test,1
13582,train,0
13583,validation,0
13584,train,0
13585,validation,0
13586,train,0
13587,train,0
13588,train,0
13589,train,0
13590,train,0
13591,train,1
13592,train,0
13593,train,0
13594,test,0
13595,validation,1
13596,train,0
13597,validation,0
13598,train,1
13599,train,0
13600,train,0
13601,validation,0
13602,validation,0
13603,train,0
13604,test,0
13605,test,0
13606,test,0
13607,train,0
13608,train,0
13609,test,1
13610,train,0
13611,train,0
13612,test,1
13613,validation,0
13614,train,0
13615,test,0
13616,train,0
13617,test,0
13618,train,0
13619,train,1
13620,train,0
13621,test,1
13622,train,0
13623,train,0
13624,train,0
13625,train,0
13626,train,0
13627,validation,0
13628,validation,0
13629,train,0
13630,train,0
13631,train,0
13632,validation,0
13633,test,0
13634,train,0
13635,train,0
13636,train,0
13637,train,0
13638,train,0
13639,train,0
13640,test,0
13641,train,0
13642,train,1
13643,test,0
13644,train,0
13645,train,0
13646,validation,0
13647,test,0
13648,test,0
13649,train,0
13650,train,0
13651,train,0
13652,validation,0
13653,test,0
13654,test,0
13655,validation,0
13656,train,1
13657,test,0
13658,train,0
13659,train,0
13660,train,0
13661,train,0
13662,train,0
13663,train,0
13664,validation,1
13665,train,0
13666,train,1
13667,train,0
13668,train,1
13669,train,0
13670,train,0
13671,train,0
13672,validation,0
13673,validation,0
13674,train,0
13675,validation,0
13676,train,1
13677,train,1
13678,train,0
13679,train,0
13680,validation,0
13681,train,0
13682,train,0
13683,train,0
13684,test,0
13685,train,0
13686,train,0
13687,validation,0
13688,validation,1
13689,train,0
13690,validation,0
13691,validation,0
13692,train,0
13693,validation,0
13694,validation,0
13695,validation,0
13696,train,1
13697,validation,0
13698,train,0
13699,train,0
13700,train,0
13701,train,0
13702,train,0
13703,train,0
13704,train,0
13705,train,1
13706,train,1
13707,train,0
13708,train,0
13709,train,0
13710,test,0
13711,train,0
13712,train,1
13713,train,0
13714,train,0
13715,test,1
13716,validation,0
13717,train,0
13718,train,0
13719,test,1
13720,train,0
13721,train,0
13722,train,0
13723,test,0
13724,train,0
13725,test,1
13726,train,1
13727,validation,0
13728,validation,0
13729,train,1
13730,test,0
13731,train,0
13732,test,0
13733,test,0
13734,train,0
13735,train,1
13736,test,0
13737,train,0
13738,validation,1
13739,train,0
13740,train,0
13741,validation,1
13742,validation,0
13743,validation,0
13744,test,1
13745,validation,0
13746,train,1
13747,train,0
13748,train,0
13749,train,0
13750,train,1
13751,validation,0
13752,train,0
13753,train,0
13754,train,0
13755,train,0
13756,validation,0
13757,train,0
13758,train,0
13759,train,0
13760,train,0
13761,train,0
13762,validation,0
13763,train,0
13764,train,0
13765,train,1
13766,validation,0
13767,train,0
13768,train,0
13769,train,0
13770,train,0
13771,train,0
13772,test,0
13773,train,0
13774,test,0
13775,validation,0
13776,train,0
13777,train,0
13778,train,0
13779,train,0
13780,test,1
13781,validation,0
13782,train,0
13783,validation,0
13784,train,0
13785,train,0
13786,train,1
13787,train,0
13788,test,1
13789,test,0
13790,train,0
13791,test,0
13792,test,1
13793,train,0
13794,train,0
13795,train,0
13796,test,0
13797,validation,0
13798,train,0
13799,train,0
13800,train,0
13801,test,1
13802,train,0
13803,train,0
13804,test,0
13805,train,0
13806,validation,0
13807,train,0
13808,test,0
13809,train,0
13810,validation,0
13811,train,0
13812,train,0
13813,train,0
13814,train,0
13815,train,0
13816,test,0
13817,validation,0
13818,train,0
13819,train,0
13820,train,0
13821,train,0
13822,train,1
13823,validation,0
13824,validation,1
13825,train,0
13826,train,0
13827,train,1
13828,train,0
13829,train,0
13830,train,0
13831,test,0
13832,test,0
13833,test,0
13834,train,0
13835,train,0
13836,train,0
13837,train,0
13838,train,0
13839,test,0
13840,train,0
13841,validation,0
13842,train,0
13843,train,0
13844,train,0
13845,test,0
13846,test,1
13847,train,0
13848,train,0
13849,train,0
13850,validation,0
13851,train,0
13852,train,1
13853,train,0
13854,test,0
13855,train,1
13856,validation,0
13857,validation,0
13858,validation,1
13859,test,0
13860,train,0
13861,test,0
13862,validation,0
13863,validation,0
13864,train,0
13865,train,0
13866,train,0
13867,test,0
13868,train,0
13869,validation,0
13870,test,0
13871,validation,0
13872,test,1
13873,train,0
13874,train,0
13875,train,0
13876,train,0
13877,train,0
13878,train,1
13879,train,0
13880,validation,0
13881,validation,1
13882,train,0
13883,train,0
13884,train,0
13885,train,0
13886,train,0
13887,train,0
13888,train,0
13889,test,1
13890,train,1
13891,train,0
13892,train,0
13893,train,0
13894,validation,0
13895,validation,0
13896,test,0
13897,train,0
13898,train,0
13899,train,0
13900,validation,0
13901,test,0
13902,train,0
13903,test,0
13904,test,0
13905,test,0
13906,train,0
13907,train,0
13908,train,0
13909,train,0
13910,test,0
13911,train,1
13912,train,0
13913,test,0
13914,train,0
13915,test,0
13916,train,0
13917,train,0
13918,train,0
13919,train,0
13920,test,0
13921,validation,1
13922,validation,1
13923,train,0
13924,test,0
13925,test,0
13926,validation,1
13927,test,0
13928,train,0
13929,train,0
13930,test,0
13931,test,0
13932,validation,0
13933,train,1
13934,train,0
13935,validation,1
13936,train,0
13937,train,0
13938,train,0
13939,train,0
13940,test,0
13941,train,0
13942,validation,0
13943,train,0
13944,train,0
13945,validation,0
13946,train,0
13947,train,1
13948,train,0
13949,train,1
13950,train,0
13951,train,0
13952,train,1
13953,train,1
13954,train,0
13955,test,0
13956,train,1
13957,train,0
13958,train,0
13959,train,0
13960,train,0
13961,train,0
13962,validation,0
13963,test,0
13964,train,0
13965,train,0
13966,test,0
13967,train,1
13968,train,0
13969,test,0
13970,test,0
13971,train,0
13972,train,1
13973,train,0
13974,train,0
13975,train,0
13976,test,0
13977,train,0
13978,validation,0
13979,train,0
13980,test,0
13981,train,0
13982,test,0
13983,train,1
13984,test,0
13985,train,0
13986,train,0
13987,train,0
13988,train,0
13989,train,1
13990,validation,0
13991,train,0
13992,train,0
13993,train,0
13994,train,0
13995,train,0
13996,train,0
13997,validation,1
13998,train,0
13999,test,0
14000,train,0
14001,validation,0
14002,validation,0
14003,test,0
14004,test,1
14005,train,0
14006,train,0
14007,validation,0
14008,test,0
14009,validation,1
14010,test,1
14011,train,0
14012,test,1
14013,train,0
14014,train,0
14015,train,1
14016,train,0
14017,train,1
14018,test,0
14019,train,0
14020,train,0
14021,test,0
14022,test,0
14023,train,0
14024,train,1
14025,validation,0
14026,train,0
14027,train,0
14028,train,0
14029,train,1
14030,test,1
14031,train,0
14032,train,1
14033,train,0
14034,train,0
14035,train,1
14036,train,0
14037,train,0
14038,validation,0
14039,train,0
14040,validation,0
14041,train,0
14042,train,0
14043,train,1
14044,train,0
14045,train,0
14046,train,0
14047,train,0
14048,validation,0
14049,train,0
14050,validation,0
14051,train,0
14052,train,0
14053,test,0
14054,train,1
14055,train,1
14056,train,0
14057,train,0
14058,test,0
14059,test,0
14060,train,0
14061,train,1
14062,validation,0
14063,test,0
14064,train,0
14065,train,0
14066,train,0
14067,test,0
14068,train,0
14069,train,0
14070,train,0
14071,train,1
14072,train,1
14073,train,0
14074,train,0
14075,train,0
14076,train,0
14077,train,0
14078,test,0
14079,train,0
14080,test,0
14081,train,0
14082,validation,0
14083,validation,0
14084,train,0
14085,train,0
14086,train,0
14087,test,0
14088,validation,0
14089,train,0
14090,train,0
14091,train,0
14092,validation,1
14093,validation,0
14094,test,0
14095,train,0
14096,train,0
14097,validation,1
14098,validation,0
14099,train,0
14100,train,0
14101,validation,0
14102,test,0
14103,train,0
14104,train,0
14105,train,0
14106,train,0
14107,train,0
14108,validation,0
14109,validation,0
14110,train,0
14111,train,0
14112,train,0
14113,train,0
14114,train,0
14115,train,0
14116,train,0
14117,train,0
14118,train,0
14119,train,0
14120,train,0
14121,validation,0
14122,train,0
14123,train,0
14124,train,1
14125,train,0
14126,validation,0
14127,validation,0
14128,train,0
14129,test,0
14130,test,1
14131,train,1
14132,train,0
14133,train,0
14134,train,0
14135,train,0
14136,validation,0
14137,train,0
14138,validation,0
14139,train,0
14140,train,1
14141,train,0
14142,validation,0
14143,test,0
14144,train,0
14145,train,0
14146,train,1
14147,train,0
14148,validation,0
14149,validation,0
14150,validation,1
14151,train,0
14152,train,0
14153,train,0
14154,train,0
14155,train,0
14156,test,0
14157,validation,0
14158,test,0
14159,train,1
14160,validation,0
14161,train,0
14162,validation,0
14163,train,0
14164,train,0
14165,train,0
14166,train,0
14167,validation,0
14168,train,1
14169,test,1
14170,train,1
14171,test,0
14172,validation,0
14173,train,1
14174,train,0
14175,validation,1
14176,train,0
14177,validation,0
14178,train,0
14179,train,0
14180,train,0
14181,train,0
14182,train,0
14183,train,0
14184,train,0
14185,test,0
14186,validation,1
14187,train,1
14188,train,0
14189,test,1
14190,train,0
14191,test,1
14192,train,1
14193,validation,0
14194,train,0
14195,test,0
14196,test,0
14197,train,0
14198,train,0
14199,train,0
14200,train,0
14201,test,1
14202,test,1
14203,test,0
14204,test,0
14205,train,0
14206,test,0
14207,test,0
14208,validation,1
14209,train,0
14210,train,0
14211,train,0
14212,train,0
14213,train,1
14214,train,0
14215,train,0
14216,test,0
14217,validation,0
14218,train,0
14219,train,0
14220,validation,0
14221,train,0
14222,train,0
14223,validation,0
14224,train,1
14225,train,0
14226,train,0
14227,test,1
14228,train,0
14229,test,0
14230,test,1
14231,validation,0
14232,train,0
14233,train,0
14234,train,0
14235,train,0
14236,validation,0
14237,train,0
14238,train,1
14239,train,0
14240,train,0
14241,test,0
14242,train,1
14243,train,0
14244,train,0
14245,train,0
14246,train,0
14247,train,0
14248,validation,0
14249,train,0
14250,test,0
14251,train,0
14252,train,0
14253,validation,0
14254,train,1
14255,train,0
14256,train,1
14257,train,1
14258,train,0
14259,test,0
14260,validation,0
14261,train,0
14262,train,0
14263,train,0
14264,test,0
14265,validation,0
14266,train,0
14267,test,0
14268,validation,0
14269,train,0
14270,train,0
14271,train,0
14272,validation,0
14273,validation,0
14274,train,0
14275,test,0
14276,validation,0
14277,train,0
14278,validation,0
14279,validation,0
14280,train,0
14281,train,0
14282,train,0
14283,train,0
14284,train,0
14285,validation,0
14286,validation,0
14287,train,0
14288,train,1
14289,train,0
14290,test,1
14291,train,0
14292,train,0
14293,train,0
14294,train,0
14295,validation,1
14296,train,0
14297,train,0
14298,train,1
14299,test,0
14300,validation,0
14301,train,0
14302,train,0
14303,validation,0
14304,train,0
14305,train,1
14306,test,0
14307,validation,0
14308,train,1
14309,train,1
14310,train,0
14311,train,1
14312,validation,0
14313,train,1
14314,validation,0
14315,train,0
14316,train,0
14317,test,0
14318,test,0
14319,train,0
14320,test,0
14321,train,0
14322,train,0
14323,test,0
14324,train,1
14325,train,0
14326,test,0
14327,test,1
14328,validation,0
14329,test,0
14330,train,0
14331,test,0
14332,train,0
14333,train,0
14334,train,1
14335,validation,0
14336,train,0
14337,train,0
14338,train,0
14339,validation,0
14340,train,0
14341,test,0
14342,test,1
14343,train,0
14344,train,1
14345,train,0
14346,test,0
14347,train,0
14348,train,0
14349,train,0
14350,validation,0
14351,test,0
14352,train,0
14353,validation,0
14354,train,0
14355,train,0
14356,train,0
14357,train,1
14358,test,0
14359,train,1
14360,train,0
14361,train,0
14362,train,0
14363,test,0
14364,validation,0
14365,test,0
14366,train,1
14367,test,0
14368,train,0
14369,validation,0
14370,train,1
14371,test,0
14372,train,1
14373,train,1
14374,validation,0
14375,train,0
14376,train,0
14377,train,0
14378,train,0
14379,train,0
14380,train,0
14381,train,0
14382,train,1
14383,validation,0
14384,train,0
14385,train,0
14386,train,0
14387,test,0
14388,train,0
14389,test,0
14390,train,0
14391,train,0
14392,test,0
14393,validation,0
14394,test,0
14395,validation,1
14396,test,0
14397,test,0
14398,validation,0
14399,test,0
14400,train,1
14401,test,0
14402,validation,0
14403,train,0
14404,train,0
14405,train,0
14406,train,0
14407,train,0
14408,train,0
14409,train,0
14410,train,0
14411,validation,0
14412,train,0
14413,train,0
14414,train,1
14415,test,0
14416,train,0
14417,train,0
14418,train,0
14419,train,0
14420,train,0
14421,train,0
14422,train,0
14423,validation,0
14424,train,0
14425,test,0
14426,test,1
14427,test,0
14428,train,0
14429,validation,0
14430,train,1
14431,train,0
14432,train,0
14433,validation,0
14434,test,1
14435,train,0
14436,train,0
14437,validation,0
14438,test,1
14439,validation,0
14440,train,0
14441,train,0
14442,train,0
14443,train,0
14444,validation,0
14445,test,0
14446,train,0
14447,validation,1
14448,test,0
14449,validation,0
14450,train,0
14451,train,1
14452,train,0
14453,validation,0
14454,train,0
14455,train,0
14456,validation,0
14457,train,0
14458,train,0
14459,train,1
14460,train,0
14461,train,0
14462,train,0
14463,train,0
14464,train,0
14465,test,0
14466,train,0
14467,validation,0
14468,validation,0
14469,train,0
14470,train,0
14471,train,1
14472,test,0
14473,train,0
14474,train,1
14475,train,0
14476,validation,0
14477,test,0
14478,train,0
14479,validation,0
14480,train,1
14481,train,0
14482,validation,1
14483,validation,0
14484,test,0
14485,train,0
14486,test,0
14487,validation,0
14488,train,0
14489,test,0
14490,train,0
14491,test,0
14492,train,0
14493,train,0
14494,validation,1
14495,train,0
14496,test,0
14497,validation,0
14498,test,0
14499,train,0
14500,train,0
14501,train,0
14502,train,0
14503,test,0
14504,test,1
14505,train,0
14506,train,0
14507,train,0
14508,train,0
14509,test,0
14510,test,0
14511,train,0
14512,train,1
14513,train,0
14514,train,1
14515,validation,1
14516,validation,0
14517,train,0
14518,validation,0
14519,validation,0
14520,validation,0
14521,validation,0
14522,train,0
14523,test,1
14524,train,0
14525,test,0
14526,train,0
14527,validation,0
14528,train,0
14529,train,0
14530,train,0
14531,test,0
14532,test,0
14533,validation,0
14534,train,0
14535,train,0
14536,validation,0
14537,train,1
14538,validation,0
14539,validation,1
14540,train,0
14541,test,0
14542,train,0
14543,test,0
14544,train,0
14545,train,0
14546,train,0
14547,train,0
14548,train,0
14549,train,1
14550,validation,0
14551,test,1
14552,train,0
14553,validation,0
14554,train,1
14555,test,0
14556,train,0
14557,train,0
14558,test,0
14559,validation,0
14560,train,1
14561,train,0
14562,train,0
14563,train,0
14564,train,0
14565,test,0
14566,test,0
14567,test,1
14568,train,0
14569,train,0
14570,train,1
14571,validation,0
14572,test,0
14573,train,0
14574,train,0
14575,train,0
14576,train,0
14577,train,0
14578,test,0
14579,train,0
14580,train,0
14581,train,1
14582,validation,0
14583,train,0
14584,test,0
14585,train,0
14586,train,0
14587,train,0
14588,train,0
14589,validation,1
14590,train,0
14591,train,0
14592,validation,0
14593,validation,1
14594,train,0
14595,train,0
14596,test,0
14597,test,0
14598,test,0
14599,validation,0
14600,validation,0
14601,train,0
14602,train,1
14603,train,0
14604,validation,0
14605,test,0
14606,train,0
14607,train,0
14608,train,0
14609,train,0
14610,validation,1
14611,train,1
14612,train,0
14613,test,0
14614,validation,0
14615,train,1
14616,train,1
14617,train,0
14618,train,0
14619,test,0
14620,test,0
14621,validation,0
14622,validation,0
14623,train,0
14624,train,0
14625,train,0
14626,test,0
14627,train,0
14628,train,0
14629,train,1
14630,test,0
14631,validation,0
14632,train,1
14633,train,0
14634,test,1
14635,train,1
14636,train,1
14637,train,0
14638,train,0
14639,train,1
14640,test,0
14641,train,0
14642,validation,0
14643,train,0
14644,train,0
14645,test,0
14646,validation,0
14647,train,0
14648,test,0
14649,validation,0
14650,train,1
14651,validation,0
14652,validation,0
14653,train,0
14654,train,1
14655,train,0
14656,train,0
14657,train,0
14658,train,0
14659,validation,0
14660,train,0
14661,train,0
14662,train,0
14663,validation,0
14664,validation,0
14665,validation,0
14666,train,1
14667,train,0
14668,validation,0
14669,train,0
14670,train,0
14671,train,0
14672,train,0
14673,train,0
14674,test,0
14675,train,0
14676,test,0
14677,train,0
14678,train,1
14679,train,0
14680,train,0
14681,train,0
14682,test,0
14683,validation,0
14684,test,0
14685,train,0
14686,validation,1
14687,train,0
14688,train,0
14689,test,0
14690,train,0
14691,train,0
14692,train,0
14693,train,0
14694,train,0
14695,train,0
14696,train,1
14697,validation,0
14698,test,0
14699,train,1
14700,validation,1
14701,train,0
14702,test,0
14703,test,0
14704,test,0
14705,test,0
14706,validation,0
14707,train,0
14708,train,1
14709,train,0
14710,validation,0
14711,validation,0
14712,test,0
14713,train,0
14714,train,0
14715,train,0
14716,train,0
14717,train,0
14718,train,1
14719,test,0
14720,train,1
14721,train,0
14722,train,0
14723,train,0
14724,train,0
14725,train,0
14726,train,1
14727,train,0
14728,train,0
14729,validation,1
14730,train,0
14731,train,0
14732,train,1
14733,train,0
14734,train,0
14735,test,1
14736,validation,0
14737,train,1
14738,train,0
14739,train,0
14740,train,0
14741,test,0
14742,validation,0
14743,train,0
14744,test,0
14745,train,0
14746,train,0
14747,train,0
14748,test,0
14749,validation,0
14750,validation,0
14751,train,0
14752,validation,0
14753,validation,1
14754,train,0
14755,validation,1
14756,test,0
14757,test,0
14758,test,0
14759,train,0
14760,train,1
14761,test,0
14762,validation,0
14763,train,0
14764,validation,0
14765,train,0
14766,test,0
14767,train,0
14768,test,0
14769,train,0
14770,train,0
14771,test,0
14772,validation,0
14773,train,0
14774,test,1
14775,train,1
14776,train,0
14777,validation,0
14778,train,0
14779,train,0
14780,validation,0
14781,test,0
14782,train,0
14783,train,0
14784,train,0
14785,train,0
14786,train,0
14787,train,0
14788,train,0
14789,train,1
14790,validation,0
14791,validation,0
14792,validation,0
14793,train,0
14794,train,1
14795,validation,0
14796,train,1
14797,validation,0
14798,validation,0
14799,train,0
14800,test,0
14801,train,0
14802,test,0
14803,train,0
14804,validation,1
14805,train,0
14806,train,0
14807,validation,0
14808,train,0
14809,train,0
14810,train,0
14811,train,1
14812,test,0
14813,train,0
14814,train,0
14815,validation,0
14816,test,0
14817,validation,0
14818,validation,0
14819,validation,0
14820,test,0
14821,train,0
14822,train,0
14823,train,1
14824,train,1
14825,validation,1
14826,validation,0
14827,train,0
14828,train,1
14829,validation,0
14830,train,0
14831,test,0
14832,train,0
14833,validation,0
14834,validation,0
14835,train,0
14836,train,0
14837,train,0
14838,test,0
14839,train,0
14840,train,1
14841,train,1
14842,train,1
14843,validation,0
14844,train,0
14845,test,0
14846,train,0
14847,train,0
14848,train,0
14849,train,0
14850,test,1
14851,train,0
14852,train,0
14853,validation,0
14854,train,0
14855,train,0
14856,validation,0
14857,validation,1
14858,train,1
14859,validation,0
14860,validation,0
14861,train,0
14862,train,0
14863,train,0
14864,validation,0
14865,validation,0
14866,train,1
14867,validation,0
14868,train,1
14869,train,0
14870,train,0
14871,test,0
14872,train,0
14873,test,0
14874,train,1
14875,validation,0
14876,test,0
14877,train,1
14878,test,0
14879,train,0
14880,validation,0
14881,test,0
14882,train,0
14883,test,0
14884,train,0
14885,train,0
14886,train,0
14887,train,0
14888,train,0
14889,test,1
14890,train,0
14891,validation,0
14892,train,0
14893,train,0
14894,train,0
14895,validation,0
14896,test,0
14897,train,0
14898,train,0
14899,train,0
14900,test,0
14901,test,0
14902,validation,0
14903,train,1
14904,test,0
14905,validation,1
14906,train,0
14907,test,0
14908,train,0
14909,test,0
14910,train,0
14911,validation,0
14912,train,0
14913,train,0
14914,train,0
14915,train,1
14916,test,0
14917,train,0
14918,train,0
14919,train,0
14920,test,1
14921,validation,0
14922,validation,0
14923,train,0
14924,train,0
14925,train,0
14926,test,0
14927,train,0
14928,train,0
14929,train,0
14930,train,0
14931,validation,0
14932,train,0
14933,test,0
14934,train,0
14935,test,1
14936,train,1
14937,train,0
14938,train,0
14939,train,1
14940,train,0
14941,train,0
14942,train,0
14943,validation,0
14944,validation,0
14945,validation,0
14946,test,0
14947,test,1
14948,test,0
14949,train,0
14950,train,1
14951,train,0
14952,test,0
14953,test,0
14954,train,0
14955,validation,1
14956,train,0
14957,train,1
14958,train,0
14959,train,0
14960,test,1
14961,validation,0
14962,train,0
14963,train,0
14964,train,0
14965,train,0
14966,train,0
14967,test,0
14968,train,0
14969,validation,0
14970,train,0
14971,train,0
14972,train,1
14973,validation,0
14974,validation,0
14975,train,0
14976,train,0
14977,train,1
14978,train,0
14979,train,1
14980,train,0
14981,validation,0
14982,test,0
14983,train,0
14984,test,0
14985,train,0
14986,test,0
14987,train,1
14988,validation,0
14989,test,0
14990,train,0
14991,test,1
14992,train,0
14993,train,0
14994,train,0
14995,validation,0
14996,validation,0
14997,test,1
14998,test,1
14999,test,1
15000,train,0
15001,train,1
15002,test,0
15003,train,0
15004,train,0
15005,test,0
15006,train,1
15007,train,0
15008,test,1
15009,validation,1
15010,validation,0
15011,train,0
15012,train,0
15013,train,0
15014,train,0
15015,test,0
15016,validation,0
15017,validation,0
15018,test,0
15019,train,0
15020,test,0
15021,validation,1
15022,validation,0
15023,train,0
15024,train,0
15025,train,0
15026,test,0
15027,train,0
15028,test,0
15029,train,0
15030,validation,0
15031,train,1
15032,train,0
15033,validation,0
15034,test,0
15035,train,0
15036,validation,0
15037,train,0
15038,test,0
15039,validation,0
15040,train,0
15041,train,0
15042,test,0
15043,train,0
15044,validation,0
15045,train,0
15046,train,0
15047,train,0
15048,train,0
15049,validation,0
15050,validation,0
15051,train,0
15052,test,0
15053,validation,0
15054,train,0
15055,train,0
15056,train,1
15057,train,0
15058,train,0
15059,validation,0
15060,train,0
15061,train,0
15062,test,1
15063,test,0
15064,train,0
15065,validation,0
15066,train,0
15067,validation,0
15068,train,0
15069,train,0
15070,train,1
15071,validation,0
15072,train,1
15073,test,0
15074,train,1
15075,train,0
15076,validation,0
15077,test,0
15078,train,0
15079,test,0
15080,validation,0
15081,train,0
15082,validation,0
15083,validation,0
15084,train,0
15085,train,1
15086,validation,0
15087,validation,1
15088,train,1
15089,validation,0
15090,train,0
15091,train,1
15092,train,0
15093,validation,0
15094,test,0
15095,validation,0
15096,validation,0
15097,test,0
15098,train,1
15099,train,1
15100,train,0
15101,validation,0
15102,train,0
15103,test,1
15104,test,0
15105,test,0
15106,train,0
15107,train,0
15108,train,0
15109,test,0
15110,validation,0
15111,test,1
15112,test,1
15113,train,0
15114,validation,1
15115,test,0
15116,validation,0
15117,train,0
15118,test,1
15119,test,0
15120,train,1
15121,validation,0
15122,test,0
15123,validation,1
15124,validation,0
15125,test,0
15126,train,0
15127,train,1
15128,train,0
15129,train,0
15130,validation,0
15131,test,0
15132,train,0
15133,test,0
15134,test,0
15135,train,1
15136,train,0
15137,train,1
15138,validation,0
15139,train,0
15140,test,0
15141,train,1
15142,test,0
15143,test,0
15144,train,0
15145,train,0
15146,train,0
15147,validation,0
15148,train,1
15149,validation,0
15150,train,1
15151,test,0
15152,train,0
15153,test,0
15154,test,0
15155,train,0
15156,train,0
15157,train,0
15158,train,0
15159,test,0
15160,validation,0
15161,train,0
15162,train,0
15163,test,1
15164,train,0
15165,validation,0
15166,train,0
15167,train,0
15168,train,0
15169,validation,0
15170,train,0
15171,test,0
15172,test,0
15173,validation,0
15174,train,0
15175,validation,0
15176,validation,0
15177,train,0
15178,train,0
15179,train,0
15180,train,0
15181,train,0
15182,validation,0
15183,test,0
15184,test,0
15185,train,1
15186,validation,1
15187,train,0
15188,train,1
15189,test,0
15190,test,0
15191,validation,0
15192,train,0
15193,train,0
15194,train,0
15195,train,0
15196,train,0
15197,validation,0
15198,validation,0
15199,validation,1
15200,train,0
15201,train,0
15202,train,0
15203,train,0
15204,validation,0
15205,test,0
15206,validation,0
15207,train,0
15208,validation,0
15209,validation,0
15210,validation,0
15211,validation,1
15212,test,1
15213,test,0
15214,validation,0
15215,train,0
15216,train,0
15217,train,0
15218,test,1
15219,test,0
15220,train,0
15221,test,0
15222,train,0
15223,validation,1
15224,train,0
15225,train,1
15226,train,0
15227,train,0
15228,train,1
15229,test,0
15230,train,0
15231,test,0
15232,train,0
15233,validation,0
15234,validation,0
15235,validation,0
15236,train,0
15237,train,0
15238,validation,0
15239,train,0
15240,train,0
15241,train,0
15242,test,0
15243,train,0
15244,train,0
15245,test,0
15246,train,1
15247,train,0
15248,validation,0
15249,train,0
15250,test,0
15251,train,1
15252,train,0
15253,train,0
15254,train,0
15255,train,1
15256,train,0
15257,validation,0
15258,validation,0
15259,validation,0
15260,train,1
15261,train,0
15262,train,0
15263,test,0
15264,validation,0
15265,train,1
15266,train,0
15267,train,0
15268,train,1
15269,validation,0
15270,validation,0
15271,train,0
15272,train,1
15273,validation,0
15274,train,0
15275,train,0
15276,validation,1
15277,test,0
15278,train,0
15279,test,0
15280,train,0
15281,train,0
15282,test,0
15283,train,1
15284,test,1
15285,train,0
15286,train,0
15287,validation,0
15288,validation,0
15289,validation,0
15290,validation,1
15291,train,0
15292,test,0
15293,test,0
15294,train,0
15295,validation,0
15296,train,0
15297,train,1
15298,train,0
15299,train,0
15300,train,0
15301,validation,0
15302,train,0
15303,train,0
15304,train,0
15305,train,1
15306,train,0
15307,test,0
15308,train,0
15309,validation,0
15310,validation,0
15311,train,1
15312,test,0
15313,validation,0
15314,train,0
15315,validation,1
15316,train,0
15317,test,1
15318,train,0
15319,test,0
15320,train,0
15321,test,0
15322,validation,0
15323,test,0
15324,test,0
15325,validation,0
15326,test,0
15327,test,0
15328,train,0
15329,train,0
15330,train,0
15331,train,0
15332,train,0
15333,train,0
15334,train,0
15335,train,0
15336,validation,0
15337,validation,0
15338,validation,0
15339,train,1
15340,train,0
15341,train,0
15342,validation,0
15343,train,0
15344,test,0
15345,test,0
15346,train,0
15347,train,0
15348,train,0
15349,train,0
15350,test,0
15351,validation,0
15352,test,1
15353,train,0
15354,train,0
15355,train,0
15356,train,0
15357,validation,0
15358,train,0
15359,train,0
15360,validation,0
15361,train,0
15362,train,0
15363,train,0
15364,train,0
15365,train,0
15366,train,0
15367,train,0
15368,train,0
15369,train,0
15370,train,0
15371,train,0
15372,train,0
15373,train,0
15374,train,0
15375,train,1
15376,validation,1
15377,train,0
15378,train,0
15379,train,1
15380,validation,0
15381,validation,1
15382,train,0
15383,train,0
15384,validation,0
15385,train,1
15386,train,0
15387,train,0
15388,validation,0
15389,test,0
15390,validation,0
15391,validation,0
15392,train,0
15393,test,0
15394,train,0
15395,train,0
15396,test,0
15397,train,0
15398,train,1
15399,train,0
15400,validation,1
15401,test,0
15402,validation,0
15403,validation,0
15404,train,0
15405,train,1
15406,validation,0
15407,test,0
15408,train,0
15409,train,1
15410,validation,1
15411,test,0
15412,validation,0
15413,train,0
15414,train,0
15415,train,0
15416,train,1
15417,test,0
15418,train,0
15419,test,0
15420,train,0
15421,validation,0
15422,train,0
15423,validation,0
15424,train,1
15425,train,1
15426,train,0
15427,validation,0
15428,train,0
15429,train,1
15430,train,0
15431,train,1
15432,train,0
15433,train,0
15434,validation,0
15435,train,0
15436,test,0
15437,train,0
15438,validation,0
15439,test,0
15440,train,0
15441,test,1
15442,validation,0
15443,train,0
15444,test,0
15445,test,1
15446,train,0
15447,test,0
15448,train,0
15449,test,0
15450,train,1
15451,validation,0
15452,train,0
15453,validation,0
15454,train,0
15455,train,1
15456,validation,0
15457,validation,0
15458,train,0
15459,train,0
15460,train,0
15461,validation,0
15462,validation,0
15463,validation,0
15464,train,0
15465,test,0
15466,train,0
15467,train,1
15468,train,0
15469,train,0
15470,test,0
15471,train,0
15472,validation,1
15473,validation,0
15474,validation,0
15475,train,0
15476,test,0
15477,train,0
15478,train,0
15479,train,0
15480,test,0
15481,validation,0
15482,train,0
15483,train,1
15484,validation,0
15485,train,1
15486,test,0
15487,train,0
15488,test,0
15489,validation,0
15490,test,0
15491,validation,1
15492,train,0
15493,train,0
15494,test,0
15495,test,0
15496,train,0
15497,test,0
15498,train,1
15499,test,1
15500,test,0
15501,train,0
15502,train,0
15503,train,0
15504,test,0
15505,test,0
15506,test,0
15507,train,0
15508,train,0
15509,train,0
15510,train,0
15511,validation,0
15512,train,0
15513,validation,0
15514,validation,0
15515,validation,0
15516,train,0
15517,test,0
15518,test,0
15519,validation,0
15520,validation,0
15521,train,0
15522,test,1
15523,validation,0
15524,test,0
15525,train,0
15526,validation,0
15527,test,0
15528,test,0
15529,train,0
15530,train,0
15531,train,0
15532,validation,0
15533,test,0
15534,test,0
15535,train,0
15536,validation,0
15537,train,1
15538,train,0
15539,train,0
15540,test,0
15541,validation,0
15542,train,0
15543,train,1
15544,train,0
15545,test,0
15546,train,0
15547,test,1
15548,train,0
15549,validation,0
15550,test,0
15551,test,0
15552,train,0
15553,test,0
15554,test,0
15555,train,1
15556,train,0
15557,train,0
15558,train,0
15559,validation,0
15560,train,0
15561,validation,1
15562,train,0
15563,train,0
15564,train,0
15565,test,0
15566,test,0
15567,train,0
15568,train,1
15569,train,0
15570,train,1
15571,train,1
15572,validation,0
15573,test,0
15574,validation,0
15575,train,0
15576,train,0
15577,validation,0
15578,train,0
15579,test,0
15580,validation,0
15581,train,1
15582,validation,1
15583,train,1
15584,test,0
15585,train,0
15586,train,0
15587,train,0
15588,train,0
15589,train,1
15590,train,0
15591,validation,1
15592,train,0
15593,train,1
15594,train,0
15595,train,0
15596,train,0
15597,train,1
15598,train,0
15599,train,1
15600,train,0
15601,train,1
15602,train,0
15603,train,0
15604,train,0
15605,train,0
15606,test,0
15607,train,0
15608,train,1
15609,test,0
15610,train,0
15611,train,0
15612,train,0
15613,test,0
15614,validation,1
15615,test,0
15616,train,1
15617,test,0
15618,test,0
15619,test,0
15620,train,0
15621,train,1
15622,train,0
15623,validation,0
15624,train,0
15625,validation,0
15626,test,1
15627,train,0
15628,test,1
15629,train,0
15630,train,0
15631,train,0
15632,validation,0
15633,test,0
15634,train,0
15635,train,0
15636,train,1
15637,train,0
15638,train,0
15639,train,0
15640,train,0
15641,train,0
15642,train,0
15643,train,0
15644,validation,0
15645,train,0
15646,validation,0
15647,train,0
15648,train,0
15649,train,0
15650,validation,0
15651,train,0
15652,train,0
15653,validation,0
15654,train,0
15655,train,0
15656,test,0
15657,train,0
15658,train,0
15659,train,1
15660,validation,1
15661,train,0
15662,validation,0
15663,train,0
15664,test,1
15665,validation,0
15666,train,0
15667,train,0
15668,validation,0
15669,validation,0
15670,validation,0
15671,train,0
15672,train,0
15673,test,0
15674,validation,0
15675,validation,0
15676,test,0
15677,train,0
15678,train,0
15679,validation,0
15680,train,0
15681,train,1
15682,train,0
15683,validation,0
15684,train,0
15685,train,1
15686,train,1
15687,train,0
15688,test,0
15689,train,0
15690,validation,0
15691,train,0
15692,train,1
15693,train,0
15694,test,0
15695,test,0
15696,train,1
15697,train,0
15698,validation,0
15699,train,1
15700,test,0
15701,train,0
15702,train,0
15703,train,1
15704,train,0
15705,train,0
15706,test,0
15707,train,0
15708,train,0
15709,test,0
15710,train,0
15711,train,0
15712,validation,0
15713,validation,0
15714,train,0
15715,train,0
15716,train,0
15717,train,1
15718,test,0
15719,test,0
15720,train,0
15721,train,0
15722,validation,0
15723,train,0
15724,train,0
15725,train,0
15726,test,0
15727,validation,0
15728,validation,1
15729,train,0
15730,validation,0
15731,train,0
15732,train,1
15733,validation,0
15734,train,0
15735,train,1
15736,validation,0
15737,train,0
15738,train,1
15739,train,1
15740,train,0
15741,train,0
15742,test,0
15743,test,0
15744,train,0
15745,test,0
15746,train,0
15747,train,0
15748,test,0
15749,train,0
15750,train,0
15751,train,0
15752,validation,0
15753,train,0
15754,train,1
15755,train,0
15756,test,0
15757,test,1
15758,validation,0
15759,test,0
15760,test,0
15761,train,0
15762,train,0
15763,train,1
15764,train,0
15765,validation,0
15766,test,0
15767,test,0
15768,train,0
15769,test,0
15770,validation,0
15771,train,0
15772,train,0
15773,validation,1
15774,validation,1
15775,train,1
15776,test,1
15777,validation,0
15778,train,0
15779,train,0
15780,test,1
15781,train,0
15782,train,0
15783,train,0
15784,train,0
15785,validation,0
15786,validation,0
15787,train,0
15788,train,0
15789,validation,0
15790,train,1
15791,test,0
15792,train,0
15793,validation,0
15794,test,0
15795,test,0
15796,train,0
15797,train,0
15798,train,0
15799,test,0
15800,train,0
15801,test,0
15802,train,1
15803,test,0
15804,test,1
15805,train,0
15806,train,0
15807,validation,1
15808,validation,0
15809,train,0
15810,train,0
15811,train,0
15812,train,0
15813,validation,0
15814,test,0
15815,test,0
15816,test,0
15817,validation,0
15818,validation,0
15819,train,0
15820,validation,0
15821,train,0
15822,train,0
15823,train,0
15824,validation,0
15825,validation,0
15826,validation,0
15827,train,0
15828,validation,0
15829,train,0
15830,train,0
15831,train,0
15832,validation,0
15833,train,0
15834,validation,0
15835,train,0
15836,train,0
15837,train,0
15838,test,1
15839,train,0
15840,test,0
15841,train,0
15842,train,0
15843,train,1
15844,train,0
15845,train,0
15846,validation,0
15847,train,0
15848,train,0
15849,train,1
15850,validation,1
15851,test,0
15852,train,0
15853,train,0
15854,train,0
15855,train,0
15856,test,0
15857,test,0
15858,train,0
15859,train,0
15860,test,0
15861,test,0
15862,train,0
15863,validation,0
15864,validation,0
15865,train,0
15866,train,0
15867,validation,0
15868,validation,0
15869,train,1
15870,validation,0
15871,test,1
15872,train,0
15873,train,0
15874,validation,1
15875,train,0
15876,validation,0
15877,validation,0
15878,train,0
15879,train,0
15880,train,1
15881,train,1
15882,train,0
15883,test,0
15884,validation,0
15885,validation,0
15886,train,0
15887,train,0
15888,validation,0
15889,train,0
15890,train,0
15891,train,0
15892,train,0
15893,test,0
15894,train,0
15895,train,0
15896,train,1
15897,train,0
15898,train,0
15899,train,0
15900,validation,0
15901,train,0
15902,train,1
15903,validation,0
15904,test,0
15905,train,0
15906,validation,1
15907,validation,0
15908,test,0
15909,validation,0
15910,train,0
15911,train,0
15912,train,0
15913,train,0
15914,train,0
15915,validation,0
15916,test,0
15917,validation,0
15918,train,1
15919,train,0
15920,test,0
15921,train,0
15922,test,0
15923,test,1
15924,test,0
15925,validation,0
15926,test,1
15927,train,0
15928,train,0
15929,train,0
15930,train,0
15931,train,0
15932,validation,0
15933,train,0
15934,train,0
15935,validation,0
15936,test,1
15937,train,0
15938,train,0
15939,train,0
15940,train,0
15941,train,1
15942,validation,0
15943,validation,0
15944,test,0
15945,train,0
15946,train,0
15947,train,0
15948,test,0
15949,validation,1
15950,train,0
15951,test,0
15952,train,0
15953,validation,0
15954,train,0
15955,validation,0
15956,train,0
15957,train,1
15958,train,1
15959,train,0
15960,validation,0
15961,train,1
15962,validation,0
15963,test,0
15964,train,0
15965,train,1
15966,train,0
15967,train,1
15968,test,0
15969,train,0
15970,train,0
15971,test,0
15972,train,0
15973,train,0
15974,train,1
15975,validation,1
15976,test,0
15977,test,0
15978,train,0
15979,train,0
15980,validation,0
15981,train,0
15982,train,0
15983,test,0
15984,validation,1
15985,validation,0
15986,validation,0
15987,train,0
15988,train,0
15989,validation,0
15990,train,0
15991,train,0
15992,train,0
15993,train,0
15994,train,1
15995,train,1
15996,train,1
15997,validation,0
15998,validation,0
15999,test,0
16000,test,0
16001,train,0
16002,train,1
16003,train,0
16004,test,0
16005,train,1
16006,train,0
16007,test,0
16008,train,1
16009,test,0
16010,validation,0
16011,validation,0
16012,validation,0
16013,train,0
16014,train,1
16015,train,0
16016,train,1
16017,train,0
16018,validation,0
16019,validation,0
16020,train,1
16021,test,0
16022,test,0
16023,train,0
16024,train,0
16025,train,0
16026,train,0
16027,train,0
16028,train,0
16029,train,0
16030,train,0
16031,train,0
16032,train,1
16033,train,1
16034,test,0
16035,train,0
16036,train,0
16037,train,0
16038,validation,0
16039,train,0
16040,train,0
16041,validation,0
16042,validation,0
16043,train,1
16044,train,1
16045,train,0
16046,train,0
16047,train,0
16048,validation,0
16049,train,0
16050,validation,0
16051,test,0
16052,test,1
16053,train,0
16054,test,0
16055,train,0
16056,train,0
16057,train,0
16058,train,0
16059,train,0
16060,validation,0
16061,train,0
16062,test,0
16063,train,0
16064,validation,0
16065,test,0
16066,train,0
16067,train,0
16068,train,0
16069,train,0
16070,train,0
16071,train,1
16072,train,0
16073,train,1
16074,train,1
16075,train,0
16076,train,0
16077,train,0
16078,train,0
16079,train,0
16080,train,0
16081,train,0
16082,test,0
16083,test,0
16084,train,0
16085,validation,0
16086,validation,0
16087,train,1
16088,train,1
16089,train,1
16090,train,0
16091,train,0
16092,test,0
16093,train,0
16094,train,0
16095,test,0
16096,validation,0
16097,validation,0
16098,train,0
16099,train,0
16100,train,0
16101,test,0
16102,test,0
16103,test,0
16104,validation,1
16105,train,0
16106,test,0
16107,validation,0
16108,train,0
16109,train,0
16110,test,1
16111,train,0
16112,train,1
16113,train,0
16114,validation,1
16115,train,1
16116,test,0
16117,validation,0
16118,validation,0
16119,validation,0
16120,validation,0
16121,test,0
16122,train,0
16123,test,0
16124,test,1
16125,train,0
16126,test,0
16127,validation,0
16128,train,0
16129,train,0
16130,test,1
16131,train,0
16132,train,1
16133,train,0
16134,validation,0
16135,test,0
16136,train,0
16137,train,0
16138,test,0
16139,train,0
16140,train,0
16141,validation,0
16142,validation,0
16143,train,0
16144,train,0
16145,validation,0
16146,train,0
16147,train,0
16148,train,0
16149,train,1
16150,validation,0
16151,train,1
16152,validation,0
16153,train,0
16154,train,0
16155,train,1
16156,train,0
16157,train,0
16158,validation,0
16159,validation,0
16160,train,0
16161,train,0
16162,validation,0
16163,test,0
16164,train,0
16165,train,0
16166,test,0
16167,train,0
16168,train,1
16169,validation,0
16170,validation,0
16171,train,0
16172,validation,1
16173,train,0
16174,validation,1
16175,train,0
16176,train,0
16177,train,0
16178,train,0
16179,train,0
16180,train,0
16181,validation,0
16182,train,0
16183,test,0
16184,train,0
16185,train,0
16186,validation,0
16187,train,0
16188,train,0
16189,test,0
16190,train,0
16191,train,0
16192,train,0
16193,train,0
16194,validation,0
16195,train,1
16196,train,0
16197,train,0
16198,train,0
16199,train,0
16200,test,0
16201,validation,1
16202,validation,0
16203,train,0
16204,validation,0
16205,validation,1
16206,train,0
16207,train,0
16208,train,0
16209,train,0
16210,train,1
16211,validation,0
16212,train,0
16213,validation,0
16214,test,0
16215,train,0
16216,test,0
16217,test,0
16218,train,0
16219,train,0
16220,train,0
16221,train,0
16222,train,0
16223,test,0
16224,train,1
16225,train,0
16226,validation,0
16227,test,0
16228,test,0
16229,train,1
16230,train,0
16231,validation,0
16232,train,0
16233,train,0
16234,validation,0
16235,train,0
16236,train,0
16237,train,0
16238,validation,0
16239,validation,0
16240,train,0
16241,test,0
16242,validation,0
16243,train,0
16244,train,0
16245,train,0
16246,test,0
16247,validation,0
16248,train,0
16249,validation,1
16250,train,0
16251,train,1
16252,train,1
16253,train,0
16254,train,0
16255,train,0
16256,test,0
16257,train,1
16258,train,1
16259,test,1
16260,validation,0
16261,validation,0
16262,train,0
16263,train,0
16264,train,0
16265,train,0
16266,train,0
16267,train,1
16268,validation,0
16269,validation,0
16270,test,0
16271,validation,0
16272,train,0
16273,train,0
16274,validation,0
16275,test,0
16276,validation,0
16277,train,0
16278,validation,0
16279,train,0
16280,test,0
16281,train,0
16282,validation,0
16283,train,0
16284,train,0
16285,train,0
16286,test,1
16287,train,0
16288,train,0
16289,train,0
16290,train,0
16291,train,0
16292,validation,0
16293,test,0
16294,train,1
16295,train,0
16296,validation,0
16297,train,0
16298,train,0
16299,train,0
16300,train,1
16301,train,0
16302,validation,0
16303,train,0
16304,train,0
16305,train,0
16306,train,0
16307,train,1
16308,validation,0
16309,validation,0
16310,train,0
16311,validation,1
16312,validation,0
16313,train,0
16314,train,0
16315,validation,0
16316,train,0
16317,train,1
16318,validation,0
16319,train,1
16320,validation,0
16321,test,0
16322,validation,1
16323,train,1
16324,train,0
16325,train,1
16326,train,1
16327,train,0
16328,test,0
16329,train,0
16330,train,1
16331,train,0
16332,test,0
16333,test,0
16334,validation,0
16335,train,0
16336,validation,0
16337,train,0
16338,validation,0
16339,test,1
16340,test,0
16341,train,0
16342,train,0
16343,validation,0
16344,train,1
16345,test,1
16346,train,0
16347,train,0
16348,train,1
16349,validation,0
16350,validation,0
16351,test,0
16352,train,0
16353,train,0
16354,test,0
16355,train,0
16356,train,0
16357,train,0
16358,validation,0
16359,test,0
16360,validation,0
16361,train,0
16362,train,0
16363,train,0
16364,validation,0
16365,train,0
16366,validation,1
16367,train,0
16368,train,0
16369,train,0
16370,train,0
16371,train,1
16372,train,0
16373,train,0
16374,test,0
16375,train,0
16376,validation,0
16377,train,0
16378,train,0
16379,test,1
16380,train,0
16381,validation,1
16382,test,0
16383,train,0
16384,train,0
16385,validation,0
16386,train,0
16387,train,0
16388,train,1
16389,validation,0
16390,test,0
16391,train,1
16392,train,0
16393,train,1
16394,validation,0
16395,train,0
16396,validation,0
16397,validation,0
16398,train,0
16399,test,0
16400,train,0
16401,train,0
16402,validation,0
16403,train,0
16404,train,1
16405,train,0
16406,validation,0
16407,train,0
16408,train,0
16409,validation,0
16410,train,0
16411,train,0
16412,train,1
16413,train,0
16414,test,0
16415,train,0
16416,train,1
16417,train,0
16418,train,0
16419,validation,0
16420,validation,0
16421,train,0
16422,test,0
16423,test,1
16424,validation,0
16425,validation,0
16426,test,0
16427,validation,0
16428,test,0
16429,train,0
16430,test,0
16431,train,0
16432,train,0
16433,train,0
16434,test,0
16435,train,0
16436,train,0
16437,test,0
16438,train,0
16439,train,0
16440,train,0
16441,train,0
16442,train,0
16443,test,0
16444,test,0
16445,train,0
16446,train,1
16447,train,0
16448,test,0
16449,train,0
16450,test,0
16451,test,0
16452,train,0
16453,train,0
16454,train,0
16455,train,0
16456,train,1
16457,validation,0
16458,train,0
16459,validation,0
16460,train,0
16461,train,0
16462,test,0
16463,validation,0
16464,train,0
16465,train,1
16466,test,0
16467,train,0
16468,train,0
16469,train,0
16470,train,0
16471,train,0
16472,train,0
16473,train,1
16474,train,0
16475,train,0
16476,train,1
16477,test,0
16478,train,0
16479,train,1
16480,validation,0
16481,train,0
16482,test,0
16483,validation,0
16484,validation,0
16485,train,0
16486,test,0
16487,validation,1
16488,train,0
16489,validation,0
16490,train,0
16491,train,0
16492,train,1
16493,validation,0
16494,train,0
16495,train,0
16496,test,0
16497,train,0
16498,train,0
16499,train,0
16500,test,1
16501,train,0
16502,test,0
16503,train,1
16504,train,0
16505,validation,0
16506,test,0
16507,train,0
16508,train,0
16509,train,0
16510,train,0
16511,train,1
16512,validation,0
16513,train,0
16514,train,0
16515,train,1
16516,test,0
16517,train,0
16518,test,1
16519,validation,0
16520,validation,0
16521,train,1
16522,train,0
16523,train,1
16524,validation,0
16525,train,0
16526,test,0
16527,train,0
16528,train,1
16529,train,0
16530,train,1
16531,train,1
16532,train,0
16533,train,0
16534,train,0
16535,train,0
16536,train,0
16537,test,0
16538,train,0
16539,train,1
16540,train,0
16541,train,1
16542,train,1
16543,train,0
16544,train,0
16545,train,0
16546,train,0
16547,train,0
16548,train,0
16549,validation,0
16550,train,0
16551,train,0
16552,validation,0
16553,test,0
16554,train,0
16555,test,1
16556,test,0
16557,train,1
16558,train,0
16559,validation,0
16560,train,1
16561,train,0
16562,train,0
16563,test,1
16564,train,0
16565,validation,0
16566,train,0
16567,test,0
16568,train,0
16569,train,0
16570,test,0
16571,test,0
16572,train,0
16573,train,0
16574,train,0
16575,train,1
16576,train,0
16577,train,1
16578,train,0
16579,test,0
16580,test,0
16581,train,0
16582,validation,0
16583,train,0
16584,train,0
16585,train,0
16586,validation,1
16587,validation,1
16588,test,0
16589,test,0
16590,train,0
16591,train,0
16592,train,0
16593,train,0
16594,train,0
16595,train,1
16596,train,1
16597,test,0
16598,test,0
16599,train,0
16600,test,0
16601,train,0
16602,train,0
16603,validation,0
16604,train,0
16605,train,1
16606,train,1
16607,train,0
16608,train,0
16609,validation,0
16610,validation,0
16611,validation,0
16612,validation,1
16613,validation,0
16614,test,0
16615,validation,1
16616,test,0
16617,test,0
16618,train,0
16619,train,0
16620,train,1
16621,validation,1
16622,train,0
16623,train,1
16624,train,0
16625,validation,0
16626,train,0
16627,train,1
16628,validation,1
16629,train,0
16630,test,1
16631,train,0
16632,validation,0
16633,train,0
16634,train,0
16635,validation,0
16636,test,0
16637,train,1
16638,test,0
16639,train,0
16640,test,0
16641,validation,0
16642,train,0
16643,train,0
16644,test,0
16645,train,0
16646,train,1
16647,train,0
16648,train,0
16649,validation,1
16650,validation,0
16651,test,0
16652,train,0
16653,train,0
16654,train,0
16655,train,0
16656,train,0
16657,train,0
16658,validation,1
16659,validation,0
16660,test,0
16661,train,0
16662,train,0
16663,train,0
16664,validation,0
16665,test,0
16666,validation,0
16667,train,0
16668,train,0
16669,test,0
16670,test,0
16671,train,0
16672,train,0
16673,test,0
16674,train,0
16675,train,0
16676,train,0
16677,validation,0
16678,validation,0
16679,test,0
16680,validation,1
16681,train,1
16682,test,0
16683,test,0
16684,train,0
16685,train,1
16686,train,0
16687,train,0
16688,train,0
16689,validation,0
16690,train,0
16691,train,1
16692,validation,0
16693,train,0
16694,validation,0
16695,train,0
16696,test,0
16697,train,0
16698,train,0
16699,train,0
16700,test,1
16701,test,0
16702,validation,1
16703,validation,0
16704,validation,0
16705,train,0
16706,train,0
16707,validation,0
16708,validation,0
16709,train,0
16710,test,0
16711,train,1
16712,validation,0
16713,train,1
16714,validation,0
16715,train,0
16716,validation,1
16717,train,0
16718,test,1
16719,train,1
16720,train,0
16721,validation,0
16722,train,0
16723,train,0
16724,train,1
16725,train,0
16726,test,0
16727,test,0
16728,validation,0
16729,train,0
16730,train,0
16731,train,0
16732,validation,0
16733,train,0
16734,train,0
16735,train,0
16736,validation,0
16737,train,0
16738,train,0
16739,train,0
16740,train,0
16741,train,0
16742,train,0
16743,train,0
16744,train,1
16745,train,1
16746,test,0
16747,train,1
16748,test,1
16749,test,0
16750,train,0
16751,train,0
16752,train,0
16753,train,0
16754,test,0
16755,train,0
16756,train,0
16757,train,0
16758,train,0
16759,validation,0
16760,validation,1
16761,train,1
16762,validation,0
16763,train,1
16764,train,1
16765,test,0
16766,train,1
16767,test,0
16768,validation,1
16769,train,0
16770,test,1
16771,train,0
16772,train,0
16773,train,0
16774,test,0
16775,validation,1
16776,train,0
16777,train,0
16778,train,0
16779,train,1
16780,train,0
16781,train,1
16782,test,0
16783,validation,0
16784,train,1
16785,test,0
16786,train,0
16787,train,0
16788,train,0
16789,train,1
16790,train,0
16791,train,0
16792,validation,0
16793,train,0
16794,test,1
16795,train,0
16796,train,1
16797,train,0
16798,train,0
16799,validation,0
16800,test,0
16801,test,0
16802,train,0
16803,test,0
16804,train,0
16805,train,0
16806,validation,0
16807,train,0
16808,test,0
16809,train,1
16810,test,1
16811,train,1
16812,validation,1
16813,validation,0
16814,train,0
16815,train,0
16816,train,0
16817,validation,0
16818,validation,0
16819,train,0
16820,test,0
16821,validation,0
16822,validation,0
16823,test,0
16824,train,1
16825,test,0
16826,train,0
16827,train,0
16828,validation,0
16829,train,0
16830,test,0
16831,train,0
16832,train,0
16833,train,0
16834,train,0
16835,train,0
16836,train,0
16837,validation,0
16838,train,0
16839,train,0
16840,validation,0
16841,train,0
16842,train,1
16843,train,0
16844,train,0
16845,test,0
16846,train,0
16847,test,0
16848,train,1
16849,test,0
16850,train,0
16851,train,0
16852,train,0
16853,validation,0
16854,train,1
16855,train,0
16856,test,0
16857,test,0
16858,train,0
16859,train,1
16860,train,0
16861,train,0
16862,validation,0
16863,validation,0
16864,validation,1
16865,train,0
16866,train,0
16867,train,0
16868,train,0
16869,train,0
16870,train,1
16871,train,0
16872,train,0
16873,test,0
16874,train,0
16875,validation,0
16876,test,0
16877,train,0
16878,train,0
16879,test,0
16880,validation,0
16881,train,0
16882,train,0
16883,test,0
16884,validation,1
16885,train,0
16886,train,0
16887,test,0
16888,train,0
16889,train,0
16890,train,1
16891,test,0
16892,validation,0
16893,validation,0
16894,train,0
16895,test,0
16896,train,0
16897,train,0
16898,train,0
16899,train,0
16900,train,0
16901,train,0
16902,train,0
16903,test,0
16904,train,0
16905,validation,0
16906,test,1
16907,train,0
16908,train,0
16909,train,0
16910,train,0
16911,train,0
16912,test,1
16913,train,0
16914,train,0
16915,validation,0
16916,train,0
16917,train,0
16918,train,0
16919,test,0
16920,train,0
16921,train,0
16922,train,1
16923,train,1
16924,validation,0
16925,train,0
16926,validation,0
16927,test,1
16928,train,0
16929,test,1
16930,train,0
16931,validation,0
16932,test,0
16933,test,0
16934,validation,0
16935,validation,0
16936,train,0
16937,train,0
16938,test,0
16939,test,0
16940,train,0
16941,train,0
16942,train,0
16943,test,0
16944,test,0
16945,test,0
16946,test,1
16947,train,0
16948,train,0
16949,validation,0
16950,train,0
16951,test,0
16952,train,0
16953,test,0
16954,train,0
16955,train,0
16956,train,0
16957,train,0
16958,test,0
16959,test,1
16960,train,0
16961,train,0
16962,validation,0
16963,train,1
16964,test,0
16965,validation,0
16966,validation,1
16967,train,1
16968,train,0
16969,train,1
16970,validation,1
16971,train,0
16972,train,0
16973,train,0
16974,test,0
16975,validation,1
16976,validation,0
16977,test,0
16978,train,0
16979,train,0
16980,train,0
16981,train,1
16982,validation,0
16983,train,0
16984,train,0
16985,validation,0
16986,validation,0
16987,train,0
16988,test,0
16989,train,0
16990,train,0
16991,train,0
16992,train,0
16993,test,0
16994,validation,1
16995,train,0
16996,validation,1
16997,train,1
16998,train,1
16999,train,0
17000,validation,0
17001,train,0
17002,train,0
17003,train,0
17004,train,0
17005,train,0
17006,test,0
17007,train,0
17008,train,0
17009,train,0
17010,train,1
17011,train,0
17012,test,0
17013,test,1
17014,test,0
17015,train,0
17016,train,0
17017,train,1
17018,train,1
17019,validation,0
17020,test,0
17021,train,0
17022,train,1
17023,validation,0
17024,train,0
17025,test,0
17026,train,0
17027,test,0
17028,train,0
17029,train,0
17030,test,0
17031,train,0
17032,train,1
17033,test,0
17034,train,0
17035,train,0
17036,train,0
17037,test,0
17038,validation,0
17039,validation,0
17040,validation,0
17041,validation,0
17042,train,0
17043,test,0
17044,test,0
17045,train,0
17046,validation,0
17047,validation,0
17048,train,0
17049,train,1
17050,validation,1
17051,train,0
17052,validation,0
17053,train,0
17054,test,0
17055,test,0
17056,train,0
17057,train,1
17058,train,0
17059,validation,1
17060,test,0
17061,validation,0
17062,test,0
17063,train,0
17064,train,0
17065,train,0
17066,train,0
17067,train,0
17068,train,0
17069,train,0
17070,train,0
17071,validation,0
17072,train,0
17073,train,0
17074,test,0
17075,test,1
17076,test,1
17077,test,0
17078,train,0
17079,validation,0
17080,train,0
17081,train,0
17082,test,1
17083,train,0
17084,test,0
17085,validation,0
17086,test,0
17087,train,0
17088,train,1
17089,train,0
17090,train,0
17091,train,0
17092,train,0
17093,train,0
17094,test,0
17095,train,0
17096,train,0
17097,train,0
17098,train,0
17099,test,1
17100,test,0
17101,train,0
17102,train,0
17103,validation,0
17104,train,1
17105,train,0
17106,test,1
17107,train,0
17108,train,0
17109,validation,0
17110,validation,0
17111,validation,1
17112,train,0
17113,train,0
17114,train,0
17115,train,0
17116,train,0
17117,validation,0
17118,test,0
17119,train,0
17120,train,0
17121,train,0
17122,test,0
17123,validation,0
17124,train,0
17125,train,0
17126,train,0
17127,validation,0
17128,test,0
17129,test,0
17130,test,0
17131,train,0
17132,train,1
17133,validation,0
17134,train,0
17135,train,1
17136,test,0
17137,train,0
17138,test,1
17139,test,0
17140,test,0
17141,test,0
17142,test,0
17143,train,0
17144,train,1
17145,validation,0
17146,train,0
17147,train,0
17148,validation,0
17149,validation,0
17150,test,0
17151,train,0
17152,test,0
17153,validation,0
17154,train,0
17155,validation,0
17156,validation,1
17157,validation,0
17158,train,0
17159,test,0
17160,train,0
17161,train,0
17162,train,1
17163,test,0
17164,train,1
17165,test,0
17166,validation,0
17167,test,1
17168,train,0
17169,train,0
17170,test,0
17171,train,0
17172,test,0
17173,test,0
17174,train,1
17175,validation,1
17176,test,0
17177,test,0
17178,train,0
17179,train,1
17180,test,0
17181,train,1
17182,train,0
17183,train,1
17184,test,1
17185,train,0
17186,validation,0
17187,train,0
17188,test,0
17189,train,0
17190,train,0
17191,train,1
17192,validation,0
17193,validation,0
17194,validation,0
17195,test,1
17196,train,0
17197,train,1
17198,train,0
17199,validation,0
17200,train,0
17201,train,0
17202,train,0
17203,validation,0
17204,train,1
17205,validation,0
17206,test,0
17207,train,0
17208,train,0
17209,train,0
17210,validation,0
17211,train,0
17212,validation,1
17213,train,0
17214,validation,0
17215,test,0
17216,train,0
17217,train,0
17218,validation,1
17219,train,0
17220,train,0
17221,train,0
17222,train,0
17223,train,0
17224,validation,0
17225,train,0
17226,train,0
17227,train,0
17228,validation,0
17229,validation,0
17230,train,0
17231,validation,0
17232,test,0
17233,validation,0
17234,train,0
17235,train,0
17236,train,0
17237,validation,0
17238,train,0
17239,train,1
17240,train,0
17241,train,0
17242,train,0
17243,train,0
17244,test,0
17245,train,0
17246,train,0
17247,test,1
17248,test,0
17249,train,0
17250,test,0
17251,train,0
17252,test,0
17253,train,0
17254,train,0
17255,train,0
17256,train,0
17257,train,0
17258,validation,0
17259,train,0
17260,test,0
17261,train,0
17262,train,0
17263,train,1
17264,test,0
17265,train,0
17266,test,0
17267,validation,0
17268,validation,0
17269,train,0
17270,train,1
17271,validation,0
17272,train,1
17273,test,0
17274,train,0
17275,train,0
17276,validation,0
17277,train,0
17278,train,0
17279,test,0
17280,train,0
17281,validation,0
17282,test,1
17283,train,0
17284,test,0
17285,train,0
17286,test,0
17287,train,0
17288,test,1
17289,validation,1
17290,train,0
17291,validation,0
17292,test,0
17293,validation,0
17294,train,1
17295,train,0
17296,train,0
17297,train,0
17298,train,1
17299,train,0
17300,train,1
17301,train,0
17302,test,0
17303,train,0
17304,test,0
17305,validation,0
17306,validation,0
17307,train,0
17308,train,0
17309,test,1
17310,validation,0
17311,train,0
17312,test,0
17313,train,0
17314,validation,0
17315,test,1
17316,train,0
17317,train,0
17318,validation,0
17319,train,0
17320,validation,0
17321,test,1
17322,train,0
17323,train,0
17324,validation,0
17325,test,0
17326,test,0
17327,train,0
17328,train,1
17329,train,0
17330,validation,0
17331,train,0
17332,train,0
17333,validation,0
17334,train,0
17335,train,0
17336,validation,0
17337,train,0
17338,test,0
17339,test,0
17340,train,0
17341,train,0
17342,train,0
17343,test,1
17344,train,0
17345,train,0
17346,train,0
17347,train,0
17348,train,0
17349,train,0
17350,test,1
17351,train,0
17352,train,0
17353,validation,0
17354,train,1
17355,test,0
17356,validation,0
17357,train,0
17358,train,1
17359,test,0
17360,train,0
17361,train,0
17362,train,0
17363,train,0
17364,validation,0
17365,train,0
17366,train,0
17367,train,0
17368,train,1
17369,train,0
17370,validation,1
17371,train,1
17372,train,0
17373,train,0
17374,train,0
17375,train,0
17376,test,0
17377,train,0
17378,test,1
17379,train,0
17380,test,0
17381,validation,0
17382,train,1
17383,validation,0
17384,test,0
17385,train,0
17386,test,0
17387,train,1
17388,train,0
17389,train,1
17390,test,0
17391,train,0
17392,train,0
17393,validation,0
17394,validation,1
17395,train,0
17396,train,0
17397,validation,0
17398,validation,0
17399,train,1
17400,train,0
17401,train,0
17402,validation,0
17403,train,0
17404,test,0
17405,validation,0
17406,test,0
17407,train,0
17408,validation,0
17409,test,1
17410,train,0
17411,train,0
17412,validation,0
17413,train,0
17414,validation,0
17415,train,0
17416,validation,0
17417,train,0
17418,train,0
17419,validation,0
17420,train,0
17421,train,0
17422,train,0
17423,train,0
17424,test,0
17425,train,0
17426,train,0
17427,test,1
17428,train,0
17429,train,0
17430,test,0
17431,train,0
17432,train,0
17433,train,0
17434,validation,0
17435,validation,0
17436,train,0
17437,train,0
17438,train,0
17439,test,1
17440,validation,1
17441,train,0
17442,validation,0
17443,train,0
17444,train,0
17445,train,0
17446,train,0
17447,train,0
17448,train,0
17449,train,0
17450,train,0
17451,validation,0
17452,train,0
17453,train,0
17454,train,0
17455,validation,0
17456,test,0
17457,train,0
17458,test,0
17459,test,1
17460,train,0
17461,train,0
17462,test,0
17463,validation,0
17464,train,0
17465,train,1
17466,test,0
17467,train,0
17468,test,0
17469,train,0
17470,train,0
17471,train,1
17472,validation,0
17473,train,0
17474,train,0
17475,train,0
17476,test,0
17477,train,1
17478,test,0
17479,test,1
17480,train,0
17481,train,0
17482,train,0
17483,train,0
17484,train,0
17485,train,0
17486,train,0
17487,test,0
17488,test,0
17489,train,0
17490,validation,0
17491,train,1
17492,train,1
17493,train,0
17494,validation,1
17495,train,0
17496,validation,1
17497,train,0
17498,test,0
17499,test,0
17500,train,0
17501,test,1
17502,train,0
17503,test,0
17504,train,1
17505,train,0
17506,train,0
17507,validation,0
17508,test,0
17509,train,0
17510,train,0
17511,validation,0
17512,train,1
17513,validation,0
17514,validation,0
17515,validation,0
17516,test,1
17517,train,0
17518,train,0
17519,train,0
17520,train,0
17521,validation,1
17522,train,1
17523,train,0
17524,test,0
17525,train,0
17526,train,0
17527,validation,0
17528,validation,1
17529,train,0
17530,test,0
17531,train,0
17532,train,0
17533,test,0
17534,train,0
17535,train,1
17536,validation,0
17537,test,0
17538,train,0
17539,test,0
17540,validation,0
17541,validation,0
17542,train,0
17543,train,0
17544,test,0
17545,validation,1
17546,train,0
17547,test,0
17548,train,0
17549,train,0
17550,train,0
17551,train,0
17552,train,1
17553,validation,0
17554,train,0
17555,validation,1
17556,train,0
17557,train,0
17558,validation,0
17559,test,0
17560,train,0
17561,train,0
17562,test,0
17563,validation,0
17564,train,1
17565,train,0
17566,train,1
17567,validation,0
17568,validation,1
17569,test,0
17570,validation,0
17571,train,0
17572,train,1
17573,train,0
17574,test,1
17575,validation,0
17576,validation,1
17577,train,0
17578,validation,0
17579,train,0
17580,train,0
17581,train,0
17582,train,0
17583,test,0
17584,test,0
17585,train,0
17586,train,0
17587,train,0
17588,train,0
17589,validation,0
17590,train,0
17591,validation,0
17592,train,1
17593,test,0
17594,test,1
17595,validation,0
17596,validation,0
17597,train,0
17598,validation,0
17599,validation,0
17600,train,1
17601,train,0
17602,train,1
17603,test,0
17604,train,0
17605,train,0
17606,train,0
17607,validation,0
17608,train,1
17609,test,1
17610,train,0
17611,train,0
17612,train,0
17613,test,1
17614,test,0
17615,train,1
17616,train,1
17617,train,0
17618,validation,0
17619,test,0
17620,train,0
17621,train,0
17622,train,1
17623,train,0
17624,train,0
17625,validation,0
17626,train,1
17627,validation,0
17628,test,0
17629,train,0
17630,validation,0
17631,validation,0
17632,validation,0
17633,train,0
17634,test,0
17635,train,1
17636,train,0
17637,train,0
17638,train,0
17639,train,0
17640,train,0
17641,train,0
17642,validation,0
17643,train,0
17644,test,1
17645,train,0
17646,test,1
17647,train,0
17648,validation,0
17649,train,1
17650,train,0
17651,train,0
17652,test,1
17653,train,1
17654,test,0
17655,test,1
17656,train,0
17657,test,0
17658,train,0
17659,validation,0
17660,train,0
17661,train,0
17662,test,0
17663,train,0
17664,train,0
17665,train,0
17666,validation,0
17667,train,0
17668,train,0
17669,train,0
17670,test,0
17671,test,0
17672,validation,1
17673,train,0
17674,train,1
17675,test,0
17676,train,0
17677,validation,0
17678,train,1
17679,test,0
17680,test,0
17681,train,1
17682,train,0
17683,test,0
17684,train,0
17685,train,0
17686,train,0
17687,test,0
17688,train,0
17689,train,0
17690,validation,1
17691,train,0
17692,test,0
17693,train,0
17694,train,0
17695,train,0
17696,train,0
17697,test,0
17698,validation,0
17699,validation,0
17700,train,0
17701,validation,0
17702,train,1
17703,test,0
17704,validation,0
17705,test,0
17706,validation,0
17707,test,0
17708,train,0
17709,train,0
17710,validation,0
17711,test,0
17712,train,0
17713,validation,1
17714,train,0
17715,train,0
17716,test,0
17717,train,0
17718,train,0
17719,train,0
17720,train,0
17721,train,1
17722,train,0
17723,test,0
17724,train,0
17725,train,0
17726,validation,0
17727,train,0
17728,validation,0
17729,test,0
17730,test,1
17731,validation,0
17732,train,1
17733,train,0
17734,train,0
17735,validation,0
17736,train,0
17737,train,0
17738,validation,0
17739,test,1
17740,test,1
17741,test,0
17742,validation,0
17743,train,0
17744,test,0
17745,test,0
17746,train,0
17747,train,1
17748,train,0
17749,train,0
17750,validation,1
17751,test,0
17752,train,0
17753,test,0
17754,validation,1
17755,train,0
17756,validation,0
17757,train,0
17758,train,0
17759,validation,1
17760,validation,0
17761,test,1
17762,train,0
17763,train,0
17764,train,0
17765,train,1
17766,train,0
17767,train,0
17768,train,0
17769,train,0
17770,train,0
17771,validation,0
17772,train,0
17773,train,0
17774,train,1
17775,train,0
17776,train,0
17777,train,0
17778,validation,0
17779,train,1
17780,validation,0
17781,validation,0
17782,test,0
17783,validation,0
17784,test,0
17785,train,0
17786,test,0
17787,train,0
17788,train,0
17789,validation,0
17790,validation,0
17791,train,0
17792,train,0
17793,train,0
17794,test,0
17795,test,0
17796,train,1
17797,test,0
17798,test,0
17799,train,0
17800,test,0
17801,train,0
17802,train,0
17803,train,1
17804,test,1
17805,train,0
17806,train,0
17807,validation,0
17808,train,1
17809,train,1
17810,validation,0
17811,validation,0
17812,test,0
17813,train,0
17814,test,0
17815,train,0
17816,train,0
17817,train,0
17818,validation,1
17819,train,0
17820,train,1
17821,train,1
17822,validation,0
17823,test,0
17824,validation,0
17825,train,1
17826,validation,0
17827,test,0
17828,test,1
17829,train,0
17830,train,0
17831,train,0
17832,validation,0
17833,train,0
17834,train,0
17835,train,0
17836,validation,1
17837,train,0
17838,validation,0
17839,train,0
17840,train,0
17841,test,0
17842,test,0
17843,test,1
17844,test,1
17845,validation,0
17846,train,1
17847,validation,0
17848,train,0
17849,train,0
17850,validation,0
17851,train,0
17852,train,0
17853,test,0
17854,train,1
17855,train,0
17856,train,0
17857,validation,0
17858,train,0
17859,test,1
17860,train,0
17861,test,1
17862,test,0
17863,train,1
17864,train,0
17865,train,1
17866,train,0
17867,test,1
17868,train,0
17869,train,0
17870,test,0
17871,train,1
17872,train,0
17873,train,0
17874,train,0
17875,test,0
17876,train,0
17877,validation,0
17878,test,1
17879,validation,0
17880,train,0
17881,train,0
17882,train,0
17883,test,0
17884,train,0
17885,train,0
17886,train,0
17887,test,0
17888,validation,0
17889,train,0
17890,test,1
17891,test,0
17892,train,0
17893,train,0
17894,test,0
17895,train,1
17896,validation,0
17897,train,0
17898,validation,0
17899,train,0
17900,train,1
17901,train,0
17902,test,0
17903,train,1
17904,validation,0
17905,train,0
17906,train,0
17907,train,0
17908,validation,0
17909,train,0
17910,train,0
17911,train,1
17912,train,0
17913,validation,0
17914,validation,0
17915,test,0
17916,train,1
17917,train,0
17918,train,0
17919,train,1
17920,train,0
17921,train,1
17922,train,0
17923,test,0
17924,validation,0
17925,test,0
17926,train,0
17927,train,0
17928,test,0
17929,train,1
17930,validation,0
17931,test,0
17932,train,0
17933,train,0
17934,test,0
17935,validation,0
17936,validation,0
17937,train,0
17938,train,0
17939,train,0
17940,validation,0
17941,train,0
17942,train,1
17943,validation,0
17944,train,0
17945,test,1
17946,test,0
17947,test,1
17948,train,0
17949,test,0
17950,test,1
17951,train,0
17952,validation,0
17953,test,0
17954,train,0
17955,train,0
17956,train,0
17957,train,0
17958,test,0
17959,train,0
17960,test,0
17961,validation,1
17962,test,0
17963,train,0
17964,test,0
17965,train,0
17966,train,0
17967,validation,0
17968,train,0
17969,train,0
17970,test,0
17971,train,0
17972,train,0
17973,train,1
17974,train,0
17975,train,0
17976,train,1
17977,train,0
17978,test,0
17979,train,0
17980,train,0
17981,train,0
17982,train,0
17983,train,0
17984,train,0
17985,train,0
17986,test,0
17987,train,0
17988,validation,1
17989,train,0
17990,train,0
17991,train,0
17992,train,0
17993,train,1
17994,train,0
17995,test,0
17996,test,0
17997,validation,0
17998,train,0
17999,train,0
18000,train,0
18001,train,0
18002,test,0
18003,validation,0
18004,test,0
18005,train,0
18006,test,0
18007,train,0
18008,validation,0
18009,test,0
18010,train,0
18011,validation,0
18012,validation,0
18013,validation,0
18014,train,1
18015,test,1
18016,validation,0
18017,train,0
18018,train,0
18019,train,0
18020,train,0
18021,train,0
18022,train,0
18023,test,1
18024,test,0
18025,train,0
18026,validation,0
18027,train,0
18028,train,1
18029,train,1
18030,validation,0
18031,train,0
18032,test,0
18033,test,1
18034,test,0
18035,train,1
18036,train,0
18037,train,0
18038,test,0
18039,train,0
18040,validation,0
18041,train,0
18042,test,0
18043,validation,0
18044,train,0
18045,validation,0
18046,validation,0
18047,train,1
18048,test,0
18049,test,0
18050,validation,0
18051,train,0
18052,test,0
18053,validation,0
18054,test,0
18055,train,0
18056,train,0
18057,validation,0
18058,test,0
18059,validation,0
18060,validation,1
18061,train,0
18062,train,1
18063,train,0
18064,validation,0
18065,train,0
18066,train,0
18067,test,0
18068,train,0
18069,train,0
18070,validation,0
18071,train,0
18072,train,0
18073,train,0
18074,train,1
18075,test,0
18076,train,0
18077,train,0
18078,validation,0
18079,train,1
18080,train,0
18081,test,1
18082,train,1
18083,train,0
18084,train,0
18085,train,1
18086,train,0
18087,train,1
18088,train,0
18089,validation,0
18090,test,0
18091,test,0
18092,validation,0
18093,train,0
18094,train,0
18095,validation,0
18096,train,0
18097,train,0
18098,train,0
18099,train,0
18100,train,0
18101,train,0
18102,train,1
18103,train,0
18104,train,0
18105,train,0
18106,validation,0
18107,test,0
18108,train,0
18109,validation,0
18110,train,0
18111,train,1
18112,validation,0
18113,validation,0
18114,train,0
18115,train,0
18116,train,0
18117,test,0
18118,validation,0
18119,train,0
18120,test,0
18121,validation,0
18122,train,0
18123,test,0
18124,train,0
18125,test,1
18126,test,0
18127,test,0
18128,train,0
18129,validation,1
18130,validation,0
18131,test,0
18132,train,1
18133,train,0
18134,validation,0
18135,test,0
18136,train,0
18137,validation,0
18138,train,0
18139,train,0
18140,train,1
18141,train,0
18142,test,0
18143,train,1
18144,train,0
18145,test,0
18146,train,1
18147,train,0
18148,train,0
18149,train,0
18150,train,1
18151,test,0
18152,test,0
18153,train,0
18154,train,0
18155,train,0
18156,train,0
18157,train,0
18158,validation,0
18159,test,0
18160,validation,0
18161,train,1
18162,train,0
18163,test,0
18164,train,1
18165,validation,1
18166,train,0
18167,train,0
18168,test,0
18169,train,0
18170,validation,1
18171,test,0
18172,validation,0
18173,test,0
18174,train,1
18175,test,0
18176,test,1
18177,test,0
18178,train,0
18179,train,0
18180,train,0
18181,validation,0
18182,test,0
18183,train,0
18184,train,0
18185,train,1
18186,train,0
18187,train,1
18188,train,0
18189,validation,0
18190,test,0
18191,validation,0
18192,train,0
18193,train,1
18194,train,1
18195,validation,0
18196,validation,0
18197,train,0
18198,train,0
18199,train,1
18200,train,0
18201,train,0
18202,train,0
18203,test,0
18204,validation,0
18205,train,0
18206,train,0
18207,train,0
18208,test,0
18209,validation,0
18210,train,0
18211,train,1
18212,validation,0
18213,train,0
18214,test,0
18215,validation,0
18216,train,0
18217,train,0
18218,test,0
18219,train,0
18220,test,0
18221,validation,0
18222,train,0
18223,test,0
18224,test,0
18225,train,1
18226,validation,0
18227,validation,0
18228,validation,1
18229,test,1
18230,train,0
18231,validation,1
18232,train,1
18233,train,1
18234,train,0
18235,train,0
18236,validation,1
18237,train,0
18238,validation,0
18239,train,0
18240,validation,0
18241,train,0
18242,test,1
18243,train,0
18244,train,0
18245,train,0
18246,validation,0
18247,train,0
18248,train,0
18249,validation,0
18250,train,0
18251,train,0
18252,train,1
18253,test,0
18254,train,0
18255,train,1
18256,train,1
18257,train,1
18258,train,0
18259,train,0
18260,validation,0
18261,train,0
18262,test,0
18263,test,0
18264,validation,0
18265,train,0
18266,validation,0
18267,train,0
18268,validation,1
18269,train,0
18270,train,0
18271,train,0
18272,validation,0
18273,test,0
18274,validation,0
18275,train,1
18276,train,0
18277,train,0
18278,validation,0
18279,validation,0
18280,train,1
18281,validation,0
18282,validation,0
18283,train,0
18284,train,0
18285,train,0
18286,validation,0
18287,test,0
18288,train,0
18289,train,0
18290,test,0
18291,test,0
18292,train,0
18293,validation,0
18294,test,1
18295,train,0
18296,train,0
18297,test,0
18298,train,0
18299,validation,0
18300,train,0
18301,test,0
18302,train,0
18303,train,0
18304,train,0
18305,train,0
18306,train,0
18307,test,0
18308,train,0
18309,train,0
18310,train,0
18311,train,0
18312,test,0
18313,train,0
18314,train,0
18315,validation,0
18316,validation,0
18317,train,0
18318,validation,0
18319,test,0
18320,validation,0
18321,train,0
18322,test,1
18323,train,0
18324,train,0
18325,train,1
18326,test,0
18327,test,0
18328,train,0
18329,train,0
18330,train,0
18331,validation,0
18332,train,1
18333,train,0
18334,train,1
18335,train,0
18336,train,0
18337,validation,0
18338,validation,0
18339,train,0
18340,validation,0
18341,test,0
18342,train,0
18343,train,1
18344,train,0
18345,train,0
18346,train,0
18347,train,0
18348,test,0
18349,validation,0
18350,train,1
18351,train,0
18352,train,0
18353,train,1
18354,train,0
18355,validation,0
18356,test,0
18357,train,0
18358,train,0
18359,test,0
18360,test,0
18361,train,0
18362,validation,0
18363,test,1
18364,train,1
18365,validation,0
18366,train,0
18367,train,0
18368,train,0
18369,validation,0
18370,validation,0
18371,train,0
18372,train,0
18373,train,0
18374,test,0
18375,test,0
18376,validation,0
18377,train,0
18378,train,0
18379,train,0
18380,train,0
18381,test,0
18382,validation,0
18383,train,0
18384,validation,0
18385,train,0
18386,train,0
18387,train,0
18388,train,0
18389,validation,0
18390,validation,0
18391,train,1
18392,train,0
18393,test,0
18394,train,0
18395,train,0
18396,train,0
18397,validation,0
18398,train,0
18399,validation,0
18400,validation,1
18401,train,1
18402,validation,0
18403,train,0
18404,train,0
18405,train,0
18406,validation,0
18407,train,0
18408,validation,0
18409,train,1
18410,validation,0
18411,train,0
18412,train,0
18413,train,0
18414,train,1
18415,train,0
18416,train,1
18417,validation,0
18418,train,1
18419,validation,0
18420,train,0
18421,train,0
18422,train,1
18423,validation,0
18424,train,0
18425,train,0
18426,train,0
18427,train,1
18428,validation,0
18429,train,0
18430,test,0
18431,train,0
18432,validation,0
18433,test,0
18434,validation,0
18435,train,0
18436,test,0
18437,train,0
18438,train,0
18439,test,0
18440,test,1
18441,test,0
18442,train,0
18443,train,1
18444,test,0
18445,train,0
18446,train,0
18447,validation,0
18448,validation,0
18449,validation,1
18450,test,0
18451,train,0
18452,train,1
18453,train,0
18454,train,0
18455,validation,0
18456,train,0
18457,train,0
18458,test,0
18459,test,0
18460,validation,0
18461,validation,0
18462,test,0
18463,train,0
18464,test,0
18465,train,0
18466,train,0
18467,test,0
18468,train,1
18469,train,0
18470,train,0
18471,test,1
18472,train,0
18473,train,0
18474,validation,0
18475,train,0
18476,train,0
18477,train,0
18478,train,0
18479,train,0
18480,train,1
18481,test,0
18482,train,0
18483,validation,0
18484,train,0
18485,validation,0
18486,train,0
18487,train,0
18488,train,1
18489,test,0
18490,train,0
18491,train,1
18492,train,0
18493,validation,0
18494,train,0
18495,test,1
18496,validation,0
18497,train,0
18498,train,0
18499,train,0
18500,train,0
18501,train,1
18502,validation,1
18503,train,0
18504,test,1
18505,train,0
18506,train,0
18507,train,1
18508,validation,1
18509,train,1
18510,train,0
18511,train,0
18512,train,1
18513,validation,0
18514,train,0
18515,train,0
18516,train,0
18517,train,0
18518,train,0
18519,validation,0
18520,test,1
18521,test,1
18522,validation,0
18523,train,0
18524,test,0
18525,validation,0
18526,validation,0
18527,test,0
18528,train,0
18529,train,1
18530,validation,0
18531,train,0
18532,train,0
18533,train,0
18534,train,0
18535,validation,0
18536,test,0
18537,test,0
18538,test,0
18539,train,1
18540,train,0
18541,train,0
18542,train,0
18543,train,1
18544,train,0
18545,validation,1
18546,validation,1
18547,train,0
18548,validation,0
18549,train,0
18550,test,0
18551,train,1
18552,train,0
18553,train,1
18554,test,0
18555,train,0
18556,train,0
18557,train,0
18558,validation,0
18559,validation,0
18560,validation,0
18561,test,0
18562,train,0
18563,train,0
18564,train,0
18565,train,0
18566,train,0
18567,train,0
18568,validation,0
18569,train,0
18570,train,0
18571,validation,0
18572,train,0
18573,train,0
18574,validation,0
18575,validation,1
18576,test,0
18577,train,0
18578,validation,0
18579,train,1
18580,test,1
18581,train,1
18582,test,0
18583,test,0
18584,train,0
18585,train,0
18586,validation,1
18587,train,0
18588,train,1
18589,train,0
18590,train,0
18591,test,0
18592,train,0
18593,test,1
18594,train,1
18595,train,0
18596,train,0
18597,validation,0
18598,test,0
18599,validation,0
18600,train,0
18601,train,0
18602,validation,1
18603,train,1
18604,test,0
18605,train,0
18606,train,1
18607,train,0
18608,train,0
18609,train,0
18610,train,0
18611,validation,0
18612,train,0
18613,train,1
18614,validation,0
18615,train,0
18616,train,1
18617,train,0
18618,train,0
18619,validation,1
18620,test,0
18621,validation,0
18622,train,0
18623,train,0
18624,train,0
18625,train,0
18626,train,1
18627,train,0
18628,train,0
18629,train,0
18630,test,0
18631,test,0
18632,validation,0
18633,train,0
18634,validation,0
18635,train,0
18636,train,0
18637,train,1
18638,train,0
18639,train,1
18640,train,1
18641,train,0
18642,train,0
18643,train,0
18644,train,0
18645,train,0
18646,train,0
18647,test,0
18648,test,0
18649,train,1
18650,train,0
18651,train,0
18652,validation,0
18653,train,0
18654,train,0
18655,train,0
18656,validation,0
18657,train,0
18658,train,1
18659,train,0
18660,train,0
18661,test,0
18662,train,0
18663,test,0
18664,test,0
18665,train,0
18666,validation,0
18667,train,0
18668,test,1
18669,train,1
18670,test,0
18671,train,0
18672,train,0
18673,validation,0
18674,train,0
18675,test,1
18676,train,0
18677,train,0
18678,train,1
18679,train,1
18680,train,0
18681,train,0
18682,validation,0
18683,validation,0
18684,validation,0
18685,train,0
18686,train,0
18687,validation,1
18688,train,0
18689,train,1
18690,train,0
18691,test,0
18692,validation,0
18693,train,0
18694,train,0
18695,train,0
18696,train,0
18697,train,0
18698,test,0
18699,train,0
18700,validation,0
18701,validation,1
18702,validation,1
18703,test,0
18704,train,0
18705,test,0
18706,train,0
18707,train,0
18708,validation,0
18709,test,1
18710,train,0
18711,train,0
18712,validation,0
18713,train,0
18714,validation,0
18715,train,0
18716,train,0
18717,train,0
18718,validation,1
18719,train,0
18720,test,0
18721,train,0
18722,train,0
18723,train,0
18724,train,0
18725,train,0
18726,test,0
18727,train,1
18728,validation,0
18729,test,0
18730,train,1
18731,train,0
18732,test,0
18733,validation,0
18734,validation,0
18735,train,0
18736,train,0
18737,train,0
18738,train,0
18739,validation,0
18740,train,0
18741,train,0
18742,validation,0
18743,test,0
18744,train,0
18745,train,0
18746,train,0
18747,train,0
18748,train,0
18749,validation,0
18750,train,0
18751,test,1
18752,train,0
18753,test,1
18754,validation,0
18755,train,0
18756,validation,1
18757,train,0
18758,train,0
18759,train,0
18760,train,0
18761,train,0
18762,test,0
18763,train,0
18764,train,1
18765,train,0
18766,train,1
18767,train,1
18768,validation,0
18769,validation,0
18770,test,1
18771,train,0
18772,train,0
18773,train,0
18774,validation,0
18775,test,1
18776,train,0
18777,train,0
18778,train,1
18779,train,0
18780,train,0
18781,train,0
18782,validation,1
18783,test,0
18784,validation,0
18785,validation,0
18786,train,0
18787,train,0
18788,validation,0
18789,train,1
18790,train,0
18791,train,0
18792,validation,1
18793,train,0
18794,train,0
18795,test,0
18796,validation,0
18797,train,0
18798,train,0
18799,validation,0
18800,train,0
18801,test,0
18802,train,0
18803,train,0
18804,train,0
18805,train,0
18806,test,0
18807,train,0
18808,train,0
18809,train,0
18810,train,1
18811,train,0
18812,train,0
18813,validation,0
18814,validation,0
18815,train,0
18816,test,1
18817,test,0
18818,validation,0
18819,train,0
18820,train,0
18821,validation,1
18822,validation,1
18823,train,0
18824,validation,1
18825,train,1
18826,train,0
18827,validation,1
18828,train,0
18829,validation,1
18830,validation,0
18831,train,0
18832,validation,0
18833,train,0
18834,validation,1
18835,validation,0
18836,test,0
18837,validation,0
18838,train,0
18839,train,0
18840,train,0
18841,train,0
18842,train,1
18843,test,0
18844,train,0
18845,train,0
18846,train,0
18847,validation,0
18848,train,1
18849,test,0
18850,train,0
18851,validation,0
18852,validation,0
18853,test,0
18854,train,0
18855,train,0
18856,train,1
18857,train,0
18858,validation,0
18859,train,0
18860,train,1
18861,train,0
18862,train,1
18863,test,1
18864,test,0
18865,train,0
18866,train,0
18867,test,0
18868,validation,0
18869,validation,0
18870,validation,0
18871,validation,1
18872,train,0
18873,test,0
18874,train,0
18875,train,0
18876,train,0
18877,train,0
18878,train,0
18879,train,0
18880,train,0
18881,train,1
18882,train,0
18883,validation,0
18884,train,0
18885,train,0
18886,train,0
18887,validation,0
18888,train,0
18889,test,0
18890,test,0
18891,train,1
18892,test,0
18893,train,0
18894,train,0
18895,test,0
18896,validation,0
18897,validation,0
18898,test,0
18899,train,0
18900,validation,0
18901,train,0
18902,train,1
18903,train,0
18904,train,0
18905,validation,1
18906,train,1
18907,test,0
18908,train,1
18909,validation,0
18910,train,1
18911,validation,0
18912,train,0
18913,train,0
18914,train,0
18915,train,0
18916,train,0
18917,test,0
18918,test,0
18919,train,0
18920,train,1
18921,train,0
18922,train,1
18923,train,1
18924,train,0
18925,train,0
18926,train,0
18927,train,0
18928,validation,1
18929,train,0
18930,train,0
18931,validation,0
18932,test,1
18933,test,0
18934,train,0
18935,test,0
18936,validation,0
18937,train,0
18938,train,0
18939,train,0
18940,validation,0
18941,train,1
18942,train,0
18943,train,0
18944,train,0
18945,test,0
18946,train,0
18947,train,1
18948,train,0
18949,validation,0
18950,test,0
18951,train,0
18952,train,0
18953,train,0
18954,train,0
18955,test,0
18956,validation,0
18957,test,0
18958,train,0
18959,train,0
18960,validation,1
18961,validation,0
18962,train,0
18963,test,0
18964,train,1
18965,train,0
18966,train,0
18967,train,0
18968,train,1
18969,train,0
18970,train,0
18971,test,0
18972,train,1
18973,train,0
18974,test,0
18975,train,0
18976,train,0
18977,test,0
18978,train,0
18979,train,0
18980,train,0
18981,test,0
18982,test,0
18983,train,0
18984,validation,0
18985,train,0
18986,test,0
18987,train,0
18988,test,0
18989,train,0
18990,train,0
18991,train,0
18992,train,0
18993,train,0
18994,validation,1
18995,train,0
18996,test,0
18997,train,0
18998,validation,0
18999,test,0
19000,train,0
19001,train,1
19002,test,0
19003,train,0
19004,train,0
19005,validation,0
19006,train,1
19007,validation,0
19008,validation,0
19009,test,0
19010,train,0
19011,validation,0
19012,test,0
19013,test,0
19014,train,0
19015,train,0
19016,train,0
19017,validation,1
19018,validation,0
19019,train,0
19020,test,1
19021,train,0
19022,train,0
19023,train,1
19024,train,0
19025,test,0
19026,train,0
19027,train,0
19028,train,0
19029,train,0
19030,test,0
19031,train,1
19032,test,0
19033,test,1
19034,train,0
19035,train,1
19036,train,0
19037,test,0
19038,test,0
19039,test,1
19040,train,0
19041,train,0
19042,train,0
19043,train,1
19044,train,0
19045,test,0
19046,train,1
19047,validation,0
19048,train,0
19049,train,1
19050,train,0
19051,test,0
19052,train,0
19053,validation,1
19054,train,0
19055,train,0
19056,train,0
19057,train,0
19058,train,1
19059,train,1
19060,train,0
19061,test,1
19062,train,0
19063,test,0
19064,train,0
19065,validation,0
19066,test,0
19067,train,0
19068,test,0
19069,train,0
19070,validation,0
19071,validation,0
19072,train,1
19073,test,1
19074,test,0
19075,train,0
19076,train,0
19077,validation,0
19078,validation,0
19079,validation,0
19080,train,0
19081,train,0
19082,test,0
19083,train,0
19084,train,0
19085,train,0
19086,train,0
19087,validation,0
19088,validation,1
19089,validation,0
19090,validation,0
19091,train,0
19092,test,0
19093,validation,0
19094,train,0
19095,test,0
19096,train,0
19097,train,1
19098,train,0
19099,validation,0
19100,train,0
19101,test,0
19102,train,0
19103,train,0
19104,train,0
19105,validation,0
19106,test,0
19107,train,0
19108,test,0
19109,train,1
19110,train,0
19111,train,1
19112,validation,0
19113,validation,0
19114,validation,0
19115,train,0
19116,train,0
19117,test,0
19118,train,1
19119,validation,0
19120,test,0
19121,train,0
19122,train,0
19123,validation,0
19124,validation,0
19125,train,1
19126,train,0
19127,test,1
19128,train,0
19129,train,0
19130,train,1
19131,validation,0
19132,test,0
19133,train,0
19134,train,0
19135,train,0
19136,train,1
19137,train,0
19138,train,0
19139,validation,0
19140,train,0
19141,train,0
19142,test,0
19143,train,0
19144,train,0
19145,validation,0
19146,train,0
19147,validation,1
19148,validation,0
19149,train,1
19150,validation,0
19151,train,0
19152,train,1
19153,train,0
19154,test,1
19155,train,0
19156,validation,0
19157,validation,0
19158,train,0
19159,train,0
19160,validation,0
19161,train,0
19162,train,0
19163,train,0
19164,test,0
19165,validation,0
19166,test,1
19167,test,0
19168,train,1
19169,train,0
19170,validation,0
19171,train,0
19172,test,1
19173,train,0
19174,validation,0
19175,validation,0
19176,train,0
19177,train,0
19178,train,0
19179,train,0
19180,train,0
19181,train,1
19182,validation,0
19183,train,0
19184,test,0
19185,train,1
19186,train,1
19187,train,0
19188,validation,0
19189,validation,0
19190,train,1
19191,test,0
19192,train,0
19193,train,1
19194,train,0
19195,train,1
19196,train,0
19197,validation,0
19198,train,0
19199,train,0
19200,train,0
19201,validation,0
19202,validation,1
19203,train,0
19204,validation,1
19205,train,1
19206,test,0
19207,validation,0
19208,train,0
19209,train,0
19210,train,0
19211,test,0
19212,train,1
19213,train,0
19214,train,0
19215,validation,0
19216,test,0
19217,validation,0
19218,train,0
19219,train,0
19220,train,0
19221,train,1
19222,test,1
19223,test,0
19224,train,0
19225,test,0
19226,test,0
19227,test,0
19228,test,0
19229,train,0
19230,test,0
19231,train,1
19232,train,0
19233,train,1
19234,train,0
19235,train,1
19236,test,0
19237,validation,0
19238,test,0
19239,train,0
19240,train,0
19241,train,1
19242,train,0
19243,test,1
19244,train,0
19245,test,0
19246,train,0
19247,train,1
19248,train,0
19249,test,1
19250,validation,0
19251,train,0
19252,train,1
19253,validation,0
19254,train,0
19255,validation,0
19256,validation,1
19257,test,0
19258,validation,1
19259,train,0
19260,test,1
19261,train,0
19262,test,0
19263,train,0
19264,train,0
19265,validation,0
19266,test,1
19267,test,1
19268,train,0
19269,validation,1
19270,validation,0
19271,train,0
19272,train,0
19273,validation,0
19274,train,0
19275,train,0
19276,train,0
19277,validation,0
19278,train,0
19279,train,1
19280,train,0
19281,train,1
19282,test,0
19283,validation,0
19284,validation,0
19285,train,0
19286,test,0
19287,test,0
19288,train,0
19289,train,1
19290,train,1
19291,train,0
19292,train,0
19293,test,0
19294,validation,0
19295,train,0
19296,train,0
19297,train,0
19298,train,0
19299,validation,0
19300,validation,0
19301,train,0
19302,train,0
19303,train,0
19304,validation,0
19305,train,0
19306,train,0
19307,train,0
19308,train,0
19309,validation,0
19310,test,0
19311,train,0
19312,test,0
19313,train,0
19314,train,0
19315,train,0
19316,train,0
19317,train,1
19318,test,1
19319,test,0
19320,validation,0
19321,train,1
19322,train,0
19323,validation,0
19324,train,1
19325,train,0
19326,test,0
19327,train,0
19328,train,0
19329,test,0
19330,train,1
19331,validation,0
19332,train,0
19333,test,0
19334,train,0
19335,validation,0
19336,train,0
19337,train,0
19338,test,0
19339,train,0
19340,train,0
19341,train,0
19342,train,0
19343,validation,0
19344,train,0
19345,validation,0
19346,test,0
19347,train,1
19348,train,0
19349,validation,0
19350,train,1
19351,train,1
19352,validation,0
19353,train,0
19354,train,0
19355,validation,0
19356,test,0
19357,train,0
19358,train,0
19359,train,0
19360,train,0
19361,validation,0
19362,train,0
19363,test,1
19364,test,0
19365,train,1
19366,test,0
19367,train,0
19368,validation,0
19369,train,0
19370,train,0
19371,train,0
19372,train,0
19373,test,1
19374,train,1
19375,train,1
19376,train,0
19377,validation,0
19378,train,0
19379,train,0
19380,validation,0
19381,test,1
19382,train,0
19383,validation,0
19384,train,0
19385,train,0
19386,train,0
19387,test,0
19388,test,0
19389,train,0
19390,train,0
19391,test,0
19392,train,1
19393,test,0
19394,validation,0
19395,train,0
19396,test,0
19397,validation,0
19398,train,0
19399,validation,0
19400,validation,0
19401,train,0
19402,train,0
19403,train,0
19404,train,0
19405,train,0
19406,validation,0
19407,test,0
19408,test,1
19409,train,1
19410,train,0
19411,test,0
19412,train,1
19413,train,0
19414,train,0
19415,validation,0
19416,train,0
19417,test,0
19418,train,0
19419,train,0
19420,train,0
19421,test,0
19422,train,0
19423,validation,0
19424,train,0
19425,train,0
19426,test,0
19427,test,0
19428,validation,0
19429,train,0
19430,train,1
19431,train,0
19432,train,1
19433,validation,0
19434,validation,0
19435,train,0
19436,train,0
19437,train,0
19438,train,0
19439,train,1
19440,validation,0
19441,train,0
19442,test,0
19443,train,0
19444,train,0
19445,test,0
19446,test,0
19447,train,0
19448,test,0
19449,train,0
19450,train,0
19451,train,0
19452,test,0
19453,train,1
19454,validation,0
19455,train,1
19456,validation,1
19457,train,1
19458,validation,1
19459,train,1
19460,train,0
19461,train,0
19462,train,0
19463,train,0
19464,train,0
19465,test,0
19466,test,1
19467,validation,0
19468,train,1
19469,train,0
19470,validation,0
19471,test,0
19472,train,0
19473,train,0
19474,test,0
19475,train,1
19476,train,1
19477,train,0
19478,validation,0
19479,validation,0
19480,train,0
19481,train,0
19482,train,0
19483,validation,0
19484,validation,0
19485,train,0
19486,train,1
19487,train,0
19488,train,0
19489,train,0
19490,train,0
19491,train,0
19492,train,0
19493,test,0
19494,train,0
19495,test,0
19496,test,1
19497,train,1
19498,train,0
19499,train,0
19500,train,0
19501,validation,0
19502,train,0
19503,test,0
19504,test,0
19505,train,0
19506,validation,1
19507,train,0
19508,test,1
19509,train,0
19510,train,1
19511,train,0
19512,train,1
19513,validation,0
19514,validation,0
19515,validation,0
19516,validation,0
19517,train,0
19518,validation,0
19519,train,1
19520,test,1
19521,test,1
19522,test,0
19523,train,0
19524,train,1
19525,validation,0
19526,validation,0
19527,train,0
19528,train,0
19529,validation,0
19530,test,0
19531,test,0
19532,train,1
19533,train,0
19534,validation,1
19535,test,0
19536,validation,1
19537,train,0
19538,test,0
19539,test,0
19540,test,0
19541,test,1
19542,test,1
19543,train,0
19544,validation,0
19545,train,0
19546,train,0
19547,train,0
19548,test,0
19549,train,0
19550,train,1
19551,test,1
19552,train,1
19553,test,1
19554,test,0
19555,train,0
19556,test,0
19557,train,0
19558,train,1
19559,train,0
19560,test,0
19561,train,0
19562,train,1
19563,test,0
19564,validation,0
19565,train,0
19566,train,0
19567,validation,0
19568,validation,1
19569,train,0
19570,test,0
19571,train,1
19572,test,0
19573,validation,0
19574,train,0
19575,train,1
19576,train,1
19577,test,0
19578,validation,0
19579,validation,0
19580,train,0
19581,train,0
19582,test,1
19583,test,0
19584,train,0
19585,train,0
19586,train,0
19587,train,0
19588,validation,0
19589,train,0
19590,validation,0
19591,train,0
19592,train,0
19593,train,0
19594,train,0
19595,validation,0
19596,train,1
19597,test,0
19598,validation,0
19599,train,0
19600,train,1
19601,test,0
19602,train,1
19603,train,0
19604,train,1
19605,train,0
19606,validation,0
19607,train,0
19608,test,0
19609,train,0
19610,train,0
19611,validation,0
19612,train,0
19613,train,0
19614,test,1
19615,train,0
19616,train,0
19617,train,0
19618,train,0
19619,test,0
19620,test,1
19621,validation,0
19622,validation,0
19623,train,0
19624,test,1
19625,train,0
19626,train,0
19627,validation,0
19628,train,0
19629,train,0
19630,train,0
19631,train,0
19632,train,0
19633,train,0
19634,validation,0
19635,train,0
19636,test,0
19637,validation,1
19638,train,0
19639,validation,0
19640,validation,1
19641,train,0
19642,train,0
19643,train,0
19644,train,0
19645,test,0
19646,train,0
19647,train,0
19648,train,0
19649,test,0
19650,validation,1
19651,train,1
19652,train,0
19653,validation,0
19654,train,0
19655,test,0
19656,test,0
19657,train,0
19658,validation,0
19659,train,1
19660,train,1
19661,validation,0
19662,train,0
19663,train,0
19664,test,0
19665,validation,0
19666,train,0
19667,test,0
19668,train,0
19669,train,0
19670,test,0
19671,train,0
19672,test,0
19673,train,0
19674,validation,1
19675,train,1
19676,test,0
19677,validation,0
19678,train,1
19679,train,0
19680,validation,0
19681,validation,0
19682,test,0
19683,test,0
19684,train,0
19685,train,0
19686,train,0
19687,validation,0
19688,test,0
19689,train,0
19690,train,0
19691,train,0
19692,train,0
19693,train,0
19694,test,0
19695,train,0
19696,test,1
19697,test,0
19698,validation,0
19699,train,0
19700,train,0
19701,train,0
19702,train,0
19703,train,0
19704,train,1
19705,train,0
19706,validation,0
19707,train,0
19708,train,1
19709,test,0
19710,validation,0
19711,test,0
19712,validation,1
19713,train,0
19714,train,0
19715,test,0
19716,validation,0
19717,test,0
19718,validation,1
19719,train,0
19720,train,0
19721,train,0
19722,train,1
19723,train,1
19724,train,1
19725,test,0
19726,train,1
19727,train,0
19728,test,0
19729,validation,0
19730,train,1
19731,test,0
19732,train,1
19733,train,0
19734,test,0
19735,train,1
19736,train,0
19737,train,0
19738,train,0
19739,train,1
19740,train,0
19741,train,0
19742,train,0
19743,validation,0
19744,validation,0
19745,train,0
19746,validation,0
19747,test,0
19748,train,0
19749,validation,0
19750,train,0
19751,test,0
19752,train,0
19753,train,1
19754,test,0
19755,train,0
19756,test,0
19757,train,0
19758,train,0
19759,validation,0
19760,train,0
19761,train,0
19762,train,0
19763,validation,0
19764,validation,0
19765,train,0
19766,train,0
19767,validation,0
19768,train,0
19769,test,0
19770,train,0
19771,validation,1
19772,train,1
19773,validation,1
19774,test,0
19775,train,0
19776,train,1
19777,validation,0
19778,validation,0
19779,train,0
19780,test,0
19781,validation,1
19782,validation,0
19783,validation,0
19784,validation,0
19785,train,0
19786,train,0
19787,train,0
19788,train,0
19789,train,1
19790,train,1
19791,train,0
19792,validation,0
19793,train,0
19794,train,1
19795,train,0
19796,test,0
19797,train,0
19798,train,0
19799,train,1
19800,test,1
19801,validation,0
19802,train,0
19803,train,0
19804,test,1
19805,test,0
19806,test,1
19807,validation,1
19808,test,0
19809,train,1
19810,train,0
19811,train,1
19812,train,0
19813,train,0
19814,train,0
19815,train,0
19816,train,0
19817,train,0
19818,train,0
19819,test,0
19820,train,0
19821,train,0
19822,train,0
19823,test,0
19824,train,0
19825,validation,1
19826,train,0
19827,validation,1
19828,train,0
19829,train,0
19830,train,0
19831,train,1
19832,train,0
19833,train,0
19834,train,0
19835,train,0
19836,test,0
19837,train,0
19838,train,0
19839,train,1
19840,train,0
19841,validation,0
19842,train,0
19843,train,0
19844,test,0
19845,train,0
19846,validation,1
19847,train,0
19848,train,0
19849,validation,0
19850,train,0
19851,test,0
19852,train,0
19853,train,0
19854,validation,0
19855,test,0
19856,train,0
19857,test,0
19858,train,1
19859,train,1
19860,train,0
19861,train,0
19862,train,0
19863,train,0
19864,test,0
19865,train,0
19866,validation,0
19867,validation,0
19868,train,1
19869,validation,0
19870,train,0
19871,train,0
19872,train,0
19873,test,0
19874,train,0
19875,train,0
19876,train,0
19877,test,0
19878,train,1
19879,train,0
19880,validation,0
19881,train,0
19882,validation,0
19883,train,0
19884,validation,0
19885,train,0
19886,train,0
19887,train,0
19888,test,0
19889,test,0
19890,validation,0
19891,test,0
19892,test,0
19893,validation,0
19894,train,1
19895,train,0
19896,validation,0
19897,train,0
19898,validation,0
19899,test,0
19900,train,0
19901,train,0
19902,test,1
19903,train,0
19904,train,0
19905,train,1
19906,train,0
19907,train,0
19908,train,0
19909,train,0
19910,train,0
19911,test,0
19912,train,0
19913,validation,0
19914,test,0
19915,train,0
19916,validation,0
19917,validation,0
19918,validation,0
19919,train,0
19920,train,0
19921,validation,0
19922,train,0
19923,test,0
19924,test,0
19925,train,0
19926,validation,0
19927,train,0
19928,train,0
19929,train,0
19930,train,0
19931,train,1
19932,test,0
19933,train,0
19934,train,0
19935,train,0
19936,train,1
19937,train,0
19938,train,0
19939,train,0
19940,train,0
19941,test,0
19942,train,0
19943,train,0
19944,test,0
19945,test,0
19946,train,1
19947,train,0
19948,train,0
19949,train,1
19950,test,0
19951,validation,0
19952,validation,0
19953,train,0
19954,test,1
19955,train,0
19956,train,0
19957,train,0
19958,train,0
19959,validation,0
19960,test,1
19961,train,0
19962,test,0
19963,validation,0
19964,train,0
19965,train,0
19966,test,0
19967,train,0
19968,validation,0
19969,test,0
19970,test,0
19971,test,0
19972,train,0
19973,train,0
19974,train,0
19975,train,0
19976,train,0
19977,train,0
19978,train,0
19979,train,0
19980,test,0
19981,train,0
19982,test,0
19983,validation,0
19984,validation,0
19985,test,0
19986,train,0
19987,test,1
19988,test,1
19989,validation,0
19990,train,0
19991,validation,0
19992,validation,1
19993,test,1
19994,train,0
19995,train,0
19996,test,0
19997,train,0
19998,test,0
19999,validation,0
20000,train,0
20001,train,0
20002,train,0
20003,test,1
20004,train,0
20005,train,1
20006,train,0
20007,validation,0
20008,train,0
20009,test,1
20010,train,0
20011,test,0
20012,train,1
20013,train,1
20014,train,0
20015,train,0
20016,train,0
20017,train,1
20018,validation,1
20019,train,0
20020,validation,0
20021,test,0
20022,train,0
20023,test,1
20024,validation,0
20025,train,0
20026,train,0
20027,validation,0
20028,validation,0
20029,validation,0
20030,train,0
20031,test,0
20032,test,0
20033,validation,0
20034,train,0
20035,train,0
20036,validation,0
20037,validation,0
20038,train,0
20039,train,0
20040,train,1
20041,test,0
20042,validation,0
20043,train,0
20044,train,0
20045,test,1
20046,test,0
20047,train,0
20048,validation,1
20049,train,1
20050,train,0
20051,validation,0
20052,train,0
20053,train,0
20054,train,0
20055,train,1
20056,validation,0
20057,train,0
20058,train,0
20059,validation,0
20060,validation,0
20061,train,0
20062,train,0
20063,train,0
20064,test,0
20065,train,0
20066,train,0
20067,train,0
20068,validation,0
20069,train,0
20070,validation,0
20071,test,1
20072,train,0
20073,train,0
20074,validation,0
20075,train,0
20076,test,0
20077,train,1
20078,train,0
20079,validation,1
20080,validation,0
20081,train,0
20082,test,0
20083,test,0
20084,validation,1
20085,train,0
20086,train,0
20087,train,0
20088,test,0
20089,test,0
20090,train,1
20091,train,0
20092,validation,0
20093,test,0
20094,train,0
20095,test,0
20096,train,0
20097,train,0
20098,test,0
20099,test,0
20100,train,1
20101,train,0
20102,test,0
20103,train,0
20104,validation,1
20105,train,0
20106,test,0
20107,train,0
20108,train,0
20109,validation,0
20110,validation,1
20111,train,0
20112,test,0
20113,train,1
20114,train,0
20115,train,0
20116,train,0
20117,train,0
20118,train,0
20119,validation,0
20120,train,0
20121,train,0
20122,train,0
20123,test,0
20124,train,0
20125,train,0
20126,train,1
20127,validation,0
20128,test,0
20129,validation,1
20130,train,0
20131,train,0
20132,test,0
20133,train,0
20134,validation,0
20135,validation,0
20136,train,0
20137,train,0
20138,train,0
20139,test,1
20140,train,0
20141,train,0
20142,train,0
20143,train,0
20144,test,0
20145,train,0
20146,test,1
20147,train,0
20148,train,0
20149,train,0
20150,train,0
20151,train,0
20152,train,0
20153,train,0
20154,train,0
20155,train,1
20156,train,0
20157,train,0
20158,train,0
20159,test,0
20160,train,0
20161,train,0
20162,train,1
20163,validation,0
20164,train,0
20165,train,0
20166,train,0
20167,train,0
20168,train,1
20169,train,0
20170,train,0
20171,validation,0
20172,train,0
20173,validation,0
20174,train,0
20175,test,0
20176,train,0
20177,test,0
20178,train,1
20179,validation,0
20180,validation,0
20181,train,1
20182,test,0
20183,test,0
20184,train,0
20185,validation,0
20186,train,0
20187,validation,0
20188,train,0
20189,train,0
20190,test,0
20191,train,0
20192,validation,0
20193,validation,0
20194,train,1
20195,validation,0
20196,validation,0
20197,validation,0
20198,train,0
20199,validation,0
20200,train,0
20201,test,0
20202,test,0
20203,train,1
20204,validation,0
20205,test,0
20206,test,1
20207,test,0
20208,validation,0
20209,test,0
20210,test,0
20211,train,1
20212,train,0
20213,validation,0
20214,test,0
20215,train,0
20216,train,0
20217,train,0
20218,validation,0
20219,validation,1
20220,validation,0
20221,train,0
20222,train,0
20223,validation,1
20224,train,1
20225,train,1
20226,train,1
20227,test,1
20228,train,0
20229,train,0
20230,train,0
20231,train,0
20232,test,0
20233,train,0
20234,train,0
20235,validation,0
20236,train,0
20237,test,0
20238,validation,0
20239,train,0
20240,validation,1
20241,train,0
20242,train,0
20243,train,0
20244,train,0
20245,train,0
20246,train,1
20247,test,0
20248,train,0
20249,train,1
20250,validation,0
20251,test,0
20252,train,0
20253,train,1
20254,test,0
20255,test,0
20256,train,0
20257,validation,1
20258,validation,0
20259,train,0
20260,train,1
20261,test,0
20262,train,0
20263,train,0
20264,test,0
20265,train,0
20266,train,0
20267,train,1
20268,validation,0
20269,validation,1
20270,test,1
20271,train,0
20272,train,0
20273,validation,0
20274,train,0
20275,train,0
20276,train,0
20277,test,1
20278,test,0
20279,train,0
20280,test,0
20281,train,0
20282,validation,0
20283,train,0
20284,validation,0
20285,validation,0
20286,validation,1
20287,train,0
20288,test,1
20289,test,0
20290,train,0
20291,train,0
20292,train,0
20293,train,0
20294,validation,0
20295,train,0
20296,validation,0
20297,train,0
20298,test,1
20299,test,0
20300,train,0
20301,test,0
20302,validation,1
20303,test,0
20304,train,0
20305,train,1
20306,train,0
20307,test,0
20308,train,0
20309,validation,0
20310,train,1
20311,test,0
20312,train,0
20313,train,0
20314,train,0
20315,train,0
20316,train,0
20317,test,0
20318,train,0
20319,validation,1
20320,train,0
20321,train,0
20322,validation,0
20323,test,0
20324,test,0
20325,train,0
20326,train,0
20327,test,0
20328,validation,0
20329,train,1
20330,train,0
20331,test,1
20332,validation,0
20333,train,0
20334,test,1
20335,train,0
20336,train,0
20337,train,0
20338,validation,0
20339,validation,0
20340,validation,0
20341,train,0
20342,train,0
20343,train,0
20344,validation,0
20345,validation,1
20346,validation,0
20347,validation,0
20348,validation,0
20349,validation,0
20350,validation,0
20351,train,1
20352,train,0
20353,validation,0
20354,train,0
20355,test,0
20356,validation,0
20357,train,0
20358,validation,0
20359,test,0
20360,train,0
20361,train,0
20362,test,0
20363,train,1
20364,train,0
20365,train,0
20366,train,0
20367,train,1
20368,test,0
20369,validation,0
20370,train,0
20371,train,1
20372,test,0
20373,test,1
20374,train,0
20375,validation,0
20376,train,0
20377,train,1
20378,validation,0
20379,train,0
20380,train,0
20381,train,0
20382,test,1
20383,train,1
20384,test,1
20385,train,0
20386,validation,0
20387,test,0
20388,train,0
20389,train,0
20390,test,0
20391,test,0
20392,train,0
20393,train,0
20394,validation,0
20395,train,1
20396,validation,1
20397,test,0
20398,train,0
20399,train,0
20400,train,0
20401,train,0
20402,validation,0
20403,train,0
20404,train,0
20405,train,0
20406,train,0
20407,train,0
20408,test,0
20409,train,0
20410,validation,0
20411,train,0
20412,test,0
20413,test,1
20414,train,0
20415,train,0
20416,test,0
20417,train,0
20418,train,1
20419,train,0
20420,train,0
20421,test,0
20422,test,0
20423,train,1
20424,train,0
20425,train,0
20426,train,0
20427,validation,0
20428,test,0
20429,validation,0
20430,train,0
20431,train,1
20432,train,0
20433,test,0
20434,test,0
20435,test,0
20436,train,0
20437,test,1
20438,train,0
20439,train,0
20440,train,1
20441,train,0
20442,train,0
20443,train,0
20444,test,1
20445,validation,0
20446,train,1
20447,train,1
20448,train,0
20449,test,0
20450,train,0
20451,train,0
20452,test,0
20453,validation,0
20454,train,0
20455,train,0
20456,train,0
20457,train,0
20458,test,0
20459,train,0
20460,validation,0
20461,test,0
20462,train,0
20463,train,0
20464,train,0
20465,test,0
20466,train,0
20467,train,1
20468,validation,0
20469,train,0
20470,train,0
20471,test,0
20472,train,0
20473,test,0
20474,train,0
20475,train,0
20476,validation,1
20477,train,1
20478,train,0
20479,train,0
20480,test,1
20481,train,0
20482,train,0
20483,validation,0
20484,validation,0
20485,train,0
20486,validation,1
20487,train,1
20488,test,0
20489,train,0
20490,validation,0
20491,train,0
20492,train,0
20493,train,0
20494,train,0
20495,test,0
20496,train,0
20497,test,0
20498,train,0
20499,train,0
20500,train,0
20501,train,0
20502,test,0
20503,validation,0
20504,test,0
20505,validation,0
20506,test,1
20507,test,0
20508,train,0
20509,test,0
20510,train,0
20511,train,0
20512,train,1
20513,validation,0
20514,train,0
20515,test,0
20516,train,0
20517,validation,0
20518,train,1
20519,train,0
20520,train,1
20521,test,0
20522,validation,0
20523,validation,0
20524,train,0
20525,train,0
20526,train,0
20527,train,0
20528,train,0
20529,train,0
20530,test,0
20531,train,0
20532,train,0
20533,train,0
20534,train,0
20535,train,0
20536,test,0
20537,validation,0
20538,train,0
20539,test,0
20540,train,1
20541,train,0
20542,train,0
20543,test,0
20544,train,0
20545,train,0
20546,test,0
20547,validation,0
20548,validation,0
20549,test,0
20550,train,1
20551,validation,0
20552,train,0
20553,train,0
20554,train,0
20555,test,1
20556,train,0
20557,train,0
20558,train,0
20559,validation,0
20560,validation,0
20561,train,0
20562,validation,0
20563,validation,0
20564,validation,0
20565,train,1
20566,train,0
20567,test,0
20568,train,0
20569,validation,0
20570,train,1
20571,train,0
20572,train,0
20573,train,0
20574,train,0
20575,test,0
20576,test,0
20577,test,0
20578,validation,0
20579,train,0
20580,test,0
20581,train,1
20582,validation,0
20583,train,0
20584,train,1
20585,train,0
20586,validation,0
20587,train,0
20588,test,0
20589,train,0
20590,train,0
20591,validation,0
20592,train,1
20593,train,0
20594,train,0
20595,test,0
20596,validation,0
20597,validation,0
20598,train,0
20599,train,0
20600,train,0
20601,train,0
20602,test,0
20603,test,0
20604,train,0
20605,train,0
20606,train,0
20607,train,0
20608,test,0
20609,validation,0
20610,train,1
20611,test,0
20612,train,1
20613,validation,0
20614,train,0
20615,train,0
20616,validation,0
20617,validation,0
20618,train,0
20619,train,0
20620,validation,0
20621,validation,0
20622,train,0
20623,train,0
20624,test,0
20625,train,1
20626,train,0
20627,train,1
20628,train,0
20629,train,0
20630,train,0
20631,train,1
20632,train,0
20633,validation,0
20634,train,0
20635,validation,0
20636,test,0
20637,train,0
20638,test,0
20639,train,1
20640,test,0
20641,train,0
20642,validation,0
20643,test,0
20644,train,0
20645,train,0
20646,train,1
20647,train,0
20648,test,0
20649,test,0
20650,validation,1
20651,train,0
20652,train,0
20653,train,0
20654,validation,0
20655,train,0
20656,train,0
20657,train,0
20658,validation,0
20659,train,1
20660,train,0
20661,train,0
20662,train,0
20663,train,0
20664,validation,0
20665,train,0
20666,test,0
20667,validation,0
20668,train,1
20669,train,0
20670,train,1
20671,test,1
20672,train,0
20673,train,0
20674,validation,0
20675,train,0
20676,train,1
20677,test,0
20678,train,0
20679,train,0
20680,validation,0
20681,train,1
20682,train,0
20683,train,0
20684,train,1
20685,validation,0
20686,validation,0
20687,validation,1
20688,test,1
20689,validation,0
20690,validation,0
20691,train,0
20692,train,0
20693,train,0
20694,train,0
20695,train,0
20696,train,0
20697,train,1
20698,test,1
20699,test,1
20700,validation,0
20701,train,0
20702,train,0
20703,test,0
20704,train,0
20705,validation,0
20706,train,0
20707,test,0
20708,train,0
20709,test,0
20710,test,0
20711,test,0
20712,validation,0
20713,train,0
20714,train,0
20715,validation,0
20716,validation,0
20717,validation,1
20718,train,0
20719,validation,0
20720,test,1
20721,train,0
20722,validation,0
20723,train,0
20724,test,0
20725,train,0
20726,test,1
20727,train,1
20728,train,0
20729,train,1
20730,test,0
20731,train,0
20732,train,0
20733,train,0
20734,train,0
20735,validation,0
20736,test,0
20737,train,1
20738,train,0
20739,train,0
20740,validation,0
20741,validation,0
20742,validation,0
20743,train,0
20744,train,0
20745,train,0
20746,validation,0
20747,train,0
20748,validation,0
20749,train,1
20750,train,1
20751,train,0
20752,test,1
20753,validation,0
20754,validation,0
20755,train,0
20756,test,0
20757,validation,0
20758,train,1
20759,train,0
20760,validation,0
20761,train,1
20762,train,0
20763,train,0
20764,train,0
20765,train,0
20766,test,0
20767,train,0
20768,train,0
20769,train,0
20770,train,0
20771,train,0
20772,train,1
20773,train,0
20774,test,0
20775,train,0
20776,test,0
20777,validation,0
20778,train,0
20779,train,0
20780,train,0
20781,train,0
20782,train,0
20783,train,0
20784,train,0
20785,train,0
20786,validation,0
20787,train,0
20788,train,0
20789,train,0
20790,train,0
20791,train,1
20792,train,0
20793,train,0
20794,test,0
20795,test,0
20796,train,0
20797,train,0
20798,validation,0
20799,test,1
20800,train,0
20801,train,0
20802,train,0
20803,train,0
20804,test,0
20805,train,0
20806,train,1
20807,train,0
20808,validation,0
20809,train,0
20810,train,0
20811,train,1
20812,train,0
20813,train,0
20814,validation,1
20815,validation,0
20816,train,0
20817,train,0
20818,train,0
20819,train,0
20820,test,0
20821,train,0
20822,train,0
20823,test,0
20824,test,0
20825,train,0
20826,validation,0
20827,train,0
20828,train,0
20829,train,0
20830,test,0
20831,train,1
20832,validation,0
20833,validation,0
20834,test,0
20835,train,0
20836,train,0
20837,train,0
20838,validation,0
20839,train,0
20840,train,0
20841,train,0
20842,train,0
20843,validation,0
20844,train,0
20845,train,0
20846,train,0
20847,validation,0
20848,train,0
20849,test,0
20850,train,1
20851,test,0
20852,validation,0
20853,train,0
20854,train,0
20855,train,0
20856,test,0
20857,train,0
20858,test,0
20859,test,0
20860,test,0
20861,train,0
20862,train,0
20863,train,0
20864,train,1
20865,test,0
20866,test,0
20867,test,0
20868,train,0
20869,train,0
20870,validation,0
20871,test,0
20872,train,0
20873,train,0
20874,test,0
20875,train,0
20876,validation,1
20877,train,0
20878,train,0
20879,train,0
20880,train,0
20881,train,0
20882,train,0
20883,train,0
20884,validation,0
20885,validation,0
20886,train,0
20887,validation,0
20888,train,0
20889,train,0
20890,train,1
20891,test,0
20892,train,1
20893,train,0
20894,test,0
20895,validation,0
20896,train,0
20897,validation,0
20898,train,0
20899,train,0
20900,validation,0
20901,train,0
20902,train,1
20903,train,0
20904,validation,0
20905,train,0
20906,train,0
20907,train,0
20908,test,0
20909,train,1
20910,test,0
20911,train,0
20912,validation,1
20913,validation,0
20914,train,0
20915,train,0
20916,train,0
20917,train,0
20918,train,0
20919,train,1
20920,train,1
20921,train,0
20922,train,0
20923,validation,1
20924,validation,1
20925,test,1
20926,validation,0
20927,train,0
20928,test,0
20929,test,0
20930,train,1
20931,train,0
20932,train,0
20933,train,1
20934,train,0
20935,test,1
20936,test,0
20937,test,0
20938,train,0
20939,train,0
20940,test,0
20941,test,0
20942,train,0
20943,test,1
20944,train,0
20945,validation,0
20946,validation,1
20947,train,0
20948,test,0
20949,train,1
20950,train,1
20951,train,1
20952,train,0
20953,train,0
20954,validation,0
20955,test,0
20956,train,0
20957,train,1
20958,train,0
20959,train,0
20960,train,0
20961,train,1
20962,test,0
20963,validation,1
20964,test,0
20965,validation,0
20966,validation,0
20967,train,1
20968,validation,0
20969,train,1
20970,test,0
20971,train,0
20972,validation,0
20973,train,0
20974,train,0
20975,train,0
20976,test,0
20977,train,0
20978,test,0
20979,train,0
20980,test,0
20981,train,0
20982,train,0
20983,train,0
20984,train,0
20985,validation,0
20986,validation,0
20987,train,0
20988,train,1
20989,train,0
20990,test,0
20991,test,0
20992,test,0
20993,validation,0
20994,train,0
20995,validation,0
20996,test,0
20997,train,0
20998,train,0
20999,train,0
21000,train,0
21001,test,0
21002,validation,0
21003,train,0
21004,test,0
21005,validation,0
21006,test,1
21007,train,0
21008,validation,0
21009,validation,0
21010,train,0
21011,validation,0
21012,train,0
21013,validation,0
21014,validation,1
21015,validation,0
21016,train,0
21017,train,0
21018,test,0
21019,test,0
21020,train,0
21021,validation,0
21022,train,0
21023,train,1
21024,train,0
21025,train,1
21026,train,1
21027,validation,0
21028,test,0
21029,validation,0
21030,train,0
21031,train,1
21032,test,0
21033,validation,0
21034,train,0
21035,train,0
21036,test,1
21037,train,0
21038,train,0
21039,train,0
21040,train,0
21041,train,0
21042,train,0
21043,train,0
21044,train,0
21045,train,0
21046,train,0
21047,test,0
21048,train,0
21049,train,0
21050,test,1
21051,train,0
21052,train,0
21053,train,0
21054,train,0
21055,validation,0
21056,test,0
21057,test,1
21058,train,0
21059,train,0
21060,train,0
21061,validation,1
21062,train,0
21063,validation,0
21064,validation,0
21065,train,1
21066,train,0
21067,train,0
21068,test,0
21069,train,0
21070,train,1
21071,validation,0
21072,test,0
21073,test,0
21074,test,0
21075,test,0
21076,train,1
21077,validation,0
21078,validation,0
21079,test,0
21080,train,0
21081,validation,0
21082,train,0
21083,train,0
21084,train,0
21085,validation,0
21086,test,0
21087,train,0
21088,train,0
21089,test,0
21090,train,0
21091,train,0
21092,train,0
21093,train,1
21094,validation,0
21095,validation,0
21096,validation,0
21097,test,0
21098,train,0
21099,validation,0
21100,test,0
21101,train,1
21102,train,0
21103,train,1
21104,train,0
21105,validation,0
21106,train,1
21107,train,0
21108,train,1
21109,validation,1
21110,test,0
21111,train,0
21112,test,0
21113,train,0
21114,train,0
21115,train,1
21116,validation,0
21117,train,0
21118,train,0
21119,train,0
21120,test,0
21121,test,1
21122,validation,0
21123,validation,1
21124,validation,0
21125,train,0
21126,validation,0
21127,train,0
21128,train,1
21129,validation,0
21130,validation,0
21131,train,0
21132,test,0
21133,train,0
21134,validation,0
21135,train,0
21136,train,0
21137,test,0
21138,test,0
21139,train,0
21140,train,1
21141,test,0
21142,train,0
21143,train,1
21144,test,0
21145,train,0
21146,train,1
21147,train,0
21148,train,1
21149,train,0
21150,train,1
21151,train,0
21152,train,0
21153,train,0
21154,test,1
21155,test,0
21156,validation,0
21157,test,0
21158,train,0
21159,train,0
21160,validation,0
21161,train,0
21162,test,0
21163,validation,0
21164,validation,0
21165,train,0
21166,train,0
21167,train,0
21168,train,0
21169,train,1
21170,train,0
21171,train,0
21172,train,0
21173,train,0
21174,train,1
21175,train,0
21176,test,1
21177,train,0
21178,train,0
21179,validation,0
21180,validation,0
21181,train,0
21182,test,1
21183,validation,0
21184,test,0
21185,test,0
21186,validation,0
21187,train,0
21188,test,0
21189,validation,0
21190,train,0
21191,train,1
21192,train,0
21193,validation,0
21194,train,0
21195,train,0
21196,train,0
21197,train,0
21198,test,1
21199,test,0
21200,train,1
21201,test,0
21202,train,0
21203,train,1
21204,validation,0
21205,train,0
21206,test,0
21207,train,1
21208,train,0
21209,train,0
21210,train,0
21211,train,0
21212,validation,0
21213,train,0
21214,train,0
21215,train,1
21216,train,0
21217,train,0
21218,train,1
21219,validation,1
21220,train,0
21221,test,0
21222,train,1
21223,train,0
21224,train,0
21225,train,1
21226,test,0
21227,train,0
21228,train,1
21229,train,0
21230,train,0
21231,validation,0
21232,train,1
21233,train,1
21234,test,0
21235,validation,0
21236,train,1
21237,train,0
21238,validation,0
21239,train,0
21240,validation,1
21241,train,0
21242,validation,0
21243,validation,0
21244,test,0
21245,train,0
21246,train,1
21247,test,0
21248,train,0
21249,validation,0
21250,test,0
21251,train,0
21252,validation,1
21253,train,0
21254,validation,0
21255,train,0
21256,train,0
21257,train,0
21258,test,1
21259,test,0
21260,train,0
21261,train,0
21262,train,0
21263,train,0
21264,train,0
21265,train,0
21266,train,0
21267,test,0
21268,test,0
21269,validation,0
21270,train,0
21271,test,0
21272,validation,0
21273,train,0
21274,validation,0
21275,train,0
21276,train,0
21277,train,0
21278,test,0
21279,test,1
21280,train,0
21281,validation,0
21282,train,0
21283,test,0
21284,test,0
21285,test,0
21286,test,0
21287,train,1
21288,train,0
21289,train,0
21290,train,0
21291,train,0
21292,train,0
21293,train,0
21294,train,0
21295,train,0
21296,train,0
21297,train,0
21298,test,0
21299,train,0
21300,test,0
21301,train,0
21302,validation,0
21303,train,0
21304,validation,0
21305,train,0
21306,train,0
21307,train,0
21308,train,0
21309,train,0
21310,validation,0
21311,validation,0
21312,validation,0
21313,train,0
21314,test,0
21315,test,0
21316,train,1
21317,train,0
21318,train,0
21319,train,0
21320,train,0
21321,train,0
21322,test,0
21323,validation,0
21324,train,0
21325,test,1
21326,train,0
21327,train,0
21328,test,0
21329,train,0
21330,train,0
21331,train,0
21332,train,0
21333,train,0
21334,validation,0
21335,train,0
21336,train,1
21337,test,1
21338,validation,0
21339,validation,1
21340,validation,0
21341,test,0
21342,train,0
21343,test,1
21344,test,0
21345,train,0
21346,train,0
21347,train,0
21348,train,0
21349,test,0
21350,train,0
21351,train,0
21352,validation,0
21353,test,0
21354,train,0
21355,validation,0
21356,test,0
21357,train,1
21358,train,1
21359,validation,0
21360,train,0
21361,test,0
21362,test,0
21363,test,1
21364,train,0
21365,validation,0
21366,validation,0
21367,train,1
21368,train,0
21369,train,0
21370,train,0
21371,test,0
21372,train,0
21373,train,0
21374,train,0
21375,train,0
21376,train,0
21377,train,0
21378,train,0
21379,train,1
21380,train,0
21381,train,0
21382,train,1
21383,test,0
21384,train,0
21385,test,0
21386,validation,1
21387,test,0
21388,validation,0
21389,train,0
21390,train,0
21391,train,0
21392,train,0
21393,test,0
21394,validation,0
21395,train,0
21396,train,0
21397,validation,0
21398,train,1
21399,train,0
21400,test,0
21401,test,0
21402,train,1
21403,train,0
21404,train,0
21405,train,0
21406,train,1
21407,train,0
21408,train,0
21409,test,0
21410,test,0
21411,train,0
21412,test,0
21413,validation,0
21414,train,0
21415,train,0
21416,test,0
21417,test,0
21418,train,0
21419,test,0
21420,train,0
21421,validation,1
21422,train,1
21423,test,0
21424,train,0
21425,validation,0
21426,validation,0
21427,train,0
21428,train,0
21429,train,0
21430,test,0
21431,train,0
21432,validation,0
21433,validation,0
21434,train,1
21435,train,0
21436,validation,0
21437,train,1
21438,validation,0
21439,train,1
21440,test,1
21441,validation,0
21442,validation,0
21443,train,1
21444,train,0
21445,train,0
21446,train,0
21447,train,0
21448,validation,0
21449,test,1
21450,train,0
21451,train,1
21452,train,0
21453,train,0
21454,test,0
21455,train,1
21456,train,1
21457,test,0
21458,train,0
21459,train,0
21460,train,0
21461,test,1
21462,test,0
21463,train,0
21464,train,0
21465,validation,1
21466,train,0
21467,train,1
21468,train,0
21469,train,0
21470,train,0
21471,train,0
21472,train,0
21473,train,1
21474,train,1
21475,train,0
21476,train,0
21477,train,0
21478,validation,0
21479,test,0
21480,validation,1
21481,train,1
21482,train,0
21483,validation,1
21484,train,0
21485,train,0
21486,validation,0
21487,train,0
21488,validation,0
21489,train,1
21490,train,0
21491,validation,0
21492,train,0
21493,validation,0
21494,train,0
21495,test,0
21496,train,0
21497,train,0
21498,test,1
21499,train,0
21500,train,0
21501,train,0
21502,validation,0
21503,train,0
21504,test,1
21505,test,0
21506,validation,0
21507,test,0
21508,train,0
21509,train,0
21510,test,1
21511,test,1
21512,validation,0
21513,train,0
21514,train,1
21515,train,0
21516,test,0
21517,train,0
21518,validation,1
21519,train,0
21520,train,0
21521,train,0
21522,train,0
21523,train,0
21524,validation,0
21525,test,0
21526,test,0
21527,validation,0
21528,train,0
21529,train,0
21530,train,0
21531,validation,0
21532,train,0
21533,train,0
21534,train,0
21535,train,1
21536,test,0
21537,train,0
21538,train,0
21539,train,0
21540,validation,0
21541,train,0
21542,train,0
21543,test,0
21544,test,0
21545,train,0
21546,validation,0
21547,train,0
21548,test,0
21549,validation,0
21550,train,0
21551,train,1
21552,validation,1
21553,train,0
21554,train,0
21555,train,0
21556,train,0
21557,test,1
21558,test,0
21559,train,0
21560,train,0
21561,validation,0
21562,train,0
21563,validation,0
21564,train,0
21565,test,0
21566,train,0
21567,train,0
21568,train,0
21569,validation,0
21570,train,0
21571,train,0
21572,train,0
21573,train,0
21574,test,1
21575,test,1
21576,train,0
21577,train,0
21578,train,0
21579,train,0
21580,test,0
21581,train,0
21582,train,0
21583,train,0
21584,train,0
21585,train,0
21586,test,0
21587,train,0
21588,validation,1
21589,train,1
21590,train,1
21591,train,0
21592,train,0
21593,test,0
21594,test,0
21595,test,0
21596,validation,1
21597,train,0
21598,train,0
21599,train,0
21600,train,0
21601,train,1
21602,test,0
21603,train,0
21604,train,0
21605,train,1
21606,test,0
21607,train,0
21608,train,0
21609,test,0
21610,train,1
21611,train,1
21612,validation,0
21613,validation,0
21614,validation,0
21615,train,0
21616,train,0
21617,test,0
21618,test,0
21619,train,0
21620,test,1
21621,validation,1
21622,train,0
21623,test,0
21624,train,1
21625,train,0
21626,train,0
21627,train,0
21628,train,0
21629,train,0
21630,test,0
21631,test,0
21632,validation,0
21633,validation,0
21634,validation,0
21635,validation,0
21636,train,0
21637,train,0
21638,test,0
21639,validation,0
21640,test,1
21641,test,0
21642,train,1
21643,train,0
21644,train,0
21645,train,0
21646,train,0
21647,test,0
21648,train,0
21649,train,0
21650,train,0
21651,validation,1
21652,validation,0
21653,train,1
21654,train,0
21655,train,1
21656,train,0
21657,test,0
21658,train,0
21659,train,0
21660,train,0
21661,test,0
21662,train,0
21663,train,0
21664,test,1
21665,train,1
21666,test,0
21667,train,0
21668,train,0
21669,train,0
21670,train,0
21671,test,0
21672,train,0
21673,train,0
21674,train,0
21675,validation,0
21676,train,0
21677,train,0
21678,train,0
21679,train,0
21680,train,0
21681,validation,0
21682,train,0
21683,train,0
21684,train,0
21685,test,0
21686,train,1
21687,test,0
21688,validation,0
21689,train,0
21690,train,1
21691,train,0
21692,test,0
21693,train,1
21694,train,0
21695,test,0
21696,train,0
21697,test,0
21698,train,0
21699,train,0
21700,test,0
21701,train,0
21702,train,0
21703,validation,0
21704,train,0
21705,test,1
21706,train,0
21707,validation,0
21708,validation,1
21709,test,1
21710,validation,1
21711,validation,0
21712,test,0
21713,train,0
21714,train,0
21715,train,0
21716,train,0
21717,train,0
21718,test,0
21719,train,0
21720,train,0
21721,train,0
21722,test,0
21723,test,1
21724,validation,0
21725,validation,0
21726,test,0
21727,train,0
21728,validation,0
21729,train,0
21730,test,0
21731,test,0
21732,train,0
21733,train,0
21734,validation,0
21735,train,0
21736,validation,0
21737,test,0
21738,train,0
21739,test,0
21740,train,0
21741,train,1
21742,validation,0
21743,train,0
21744,train,0
21745,train,0
21746,train,0
21747,train,0
21748,train,0
21749,test,0
21750,train,1
21751,train,0
21752,train,0
21753,test,0
21754,validation,0
21755,train,1
21756,test,1
21757,validation,0
21758,train,0
21759,train,0
21760,test,0
21761,test,0
21762,train,1
21763,train,0
21764,train,0
21765,validation,0
21766,train,0
21767,validation,0
21768,test,1
21769,train,0
21770,train,0
21771,train,0
21772,train,1
21773,train,0
21774,test,0
21775,train,0
21776,train,0
21777,validation,0
21778,train,1
21779,validation,0
21780,validation,0
21781,validation,0
21782,train,0
21783,train,0
21784,train,0
21785,train,0
21786,test,0
21787,validation,1
21788,train,0
21789,test,0
21790,train,1
21791,train,0
21792,test,1
21793,validation,0
21794,test,0
21795,test,0
21796,train,0
21797,train,1
21798,train,0
21799,train,0
21800,validation,0
21801,validation,0
21802,train,0
21803,train,0
21804,test,0
21805,train,0
21806,test,0
21807,train,0
21808,train,0
21809,train,0
21810,train,0
21811,train,0
21812,test,0
21813,train,0
21814,train,0
21815,train,0
21816,test,1
21817,test,0
21818,train,0
21819,test,0
21820,train,0
21821,train,0
21822,train,0
21823,train,0
21824,test,0
21825,validation,0
21826,train,1
21827,test,0
21828,train,0
21829,train,0
21830,validation,1
21831,train,0
21832,train,0
21833,train,1
21834,validation,0
21835,train,0
21836,train,0
21837,train,1
21838,test,0
21839,train,0
21840,validation,0
21841,validation,0
21842,train,0
21843,train,0
21844,validation,0
21845,validation,0
21846,train,0
21847,train,0
21848,train,0
21849,train,1
21850,validation,0
21851,train,0
21852,test,0
21853,validation,0
21854,train,0
21855,validation,0
21856,test,0
21857,validation,0
21858,train,0
21859,test,1
21860,test,0
21861,validation,0
21862,test,0
21863,train,1
21864,train,0
21865,train,0
21866,train,0
21867,train,0
21868,train,0
21869,test,0
21870,validation,0
21871,train,1
21872,train,0
21873,train,0
21874,train,0
21875,validation,0
21876,validation,0
21877,validation,0
21878,train,1
21879,train,0
21880,train,0
21881,test,0
21882,train,0
21883,validation,0
21884,train,0
21885,validation,0
21886,validation,0
21887,validation,0
21888,test,0
21889,test,0
21890,test,0
21891,train,0
21892,train,0
21893,train,0
21894,train,0
21895,train,1
21896,validation,0
21897,train,1
21898,test,0
21899,train,0
21900,train,0
21901,validation,0
21902,test,0
21903,test,0
21904,train,1
21905,test,0
21906,train,0
21907,train,0
21908,train,0
21909,validation,0
21910,validation,0
21911,test,0
21912,train,0
21913,validation,0
21914,validation,0
21915,train,1
21916,test,0
21917,train,0
21918,train,0
21919,train,0
21920,train,0
21921,train,1
21922,train,0
21923,test,0
21924,train,0
21925,test,0
21926,train,0
21927,train,0
21928,train,0
21929,validation,0
21930,test,0
21931,train,0
21932,test,0
21933,test,0
21934,train,1
21935,train,0
21936,test,0
21937,train,0
21938,validation,0
21939,train,0
21940,train,0
21941,test,0
21942,test,0
21943,test,0
21944,test,0
21945,train,0
21946,test,0
21947,train,0
21948,train,1
21949,train,0
21950,train,1
21951,train,0
21952,validation,0
21953,train,0
21954,train,0
21955,train,1
21956,train,0
21957,test,0
21958,test,0
21959,test,1
21960,validation,0
21961,test,1
21962,validation,0
21963,test,0
21964,train,0
21965,test,0
21966,validation,0
21967,validation,0
21968,train,0
21969,train,0
21970,test,1
21971,train,0
21972,train,0
21973,train,0
21974,train,1
21975,train,0
21976,validation,0
21977,validation,0
21978,train,0
21979,train,0
21980,train,0
21981,train,0
21982,test,0
21983,train,0
21984,train,1
21985,train,0
21986,train,0
21987,train,0
21988,train,0
21989,test,0
21990,validation,0
21991,train,0
21992,validation,0
21993,train,0
21994,validation,0
21995,train,0
21996,test,0
21997,validation,0
21998,test,1
21999,train,0
22000,validation,0
22001,train,1
22002,test,0
22003,validation,1
22004,train,0
22005,test,0
22006,train,0
22007,train,1
22008,validation,0
22009,validation,0
22010,test,0
22011,train,1
22012,test,1
22013,train,0
22014,train,1
22015,train,1
22016,train,0
22017,train,1
22018,validation,1
22019,train,0
22020,validation,0
22021,train,0
22022,train,0
22023,train,0
22024,validation,0
22025,train,0
22026,train,0
22027,train,0
22028,test,0
22029,train,1
22030,train,0
22031,train,0
22032,train,0
22033,train,0
22034,train,0
22035,validation,1
22036,test,0
22037,test,0
22038,test,1
22039,train,0
22040,test,0
22041,validation,0
22042,train,0
22043,validation,0
22044,train,1
22045,train,0
22046,test,0
22047,train,0
22048,train,0
22049,test,1
22050,validation,0
22051,train,0
22052,validation,0
22053,validation,0
22054,train,0
22055,validation,1
22056,train,0
22057,train,0
22058,validation,0
22059,test,0
22060,train,0
22061,validation,0
22062,train,0
22063,test,0
22064,train,0
22065,train,0
22066,test,0
22067,train,0
22068,train,0
22069,train,0
22070,train,0
22071,train,0
22072,train,0
22073,validation,0
22074,train,0
22075,test,1
22076,train,0
22077,train,0
22078,test,0
22079,test,1
22080,train,0
22081,train,0
22082,test,0
22083,train,0
22084,train,0
22085,train,0
22086,train,0
22087,test,0
22088,train,0
22089,train,0
22090,train,0
22091,train,0
22092,train,0
22093,test,0
22094,train,0
22095,test,0
22096,validation,0
22097,validation,0
22098,validation,0
22099,train,0
22100,train,0
22101,validation,0
22102,train,0
22103,validation,0
22104,test,0
22105,train,0
22106,test,0
22107,train,1
22108,train,0
22109,train,0
22110,train,0
22111,validation,0
22112,train,0
22113,train,0
22114,train,0
22115,train,0
22116,train,1
22117,train,0
22118,train,0
22119,train,0
22120,test,0
22121,train,1
22122,train,0
22123,train,0
22124,test,0
22125,test,0
22126,train,0
22127,train,0
22128,train,0
22129,validation,1
22130,test,0
22131,test,0
22132,train,0
22133,train,1
22134,train,0
22135,train,0
22136,train,1
22137,train,0
22138,validation,0
22139,train,1
22140,train,0
22141,test,0
22142,train,0
22143,train,0
22144,train,0
22145,test,0
22146,train,0
22147,train,0
22148,validation,1
22149,validation,0
22150,test,0
22151,test,0
22152,train,0
22153,validation,0
22154,train,0
22155,validation,1
22156,train,0
22157,validation,0
22158,train,0
22159,train,1
22160,train,0
22161,test,0
22162,train,0
22163,train,0
22164,train,0
22165,train,0
22166,test,0
22167,validation,0
22168,train,0
22169,train,0
22170,validation,0
22171,train,0
22172,train,0
22173,train,1
22174,validation,0
22175,train,0
22176,train,1
22177,train,0
22178,test,1
22179,train,0
22180,train,0
22181,train,0
22182,train,0
22183,train,0
22184,validation,0
22185,test,0
22186,train,0
22187,train,0
22188,validation,0
22189,validation,0
22190,validation,0
22191,validation,1
22192,train,0
22193,train,0
22194,train,1
22195,train,0
22196,validation,1
22197,train,0
22198,train,0
22199,train,1
22200,validation,0
22201,train,0
22202,test,0
22203,test,0
22204,train,1
22205,train,0
22206,train,0
22207,test,1
22208,validation,0
22209,train,1
22210,train,0
22211,train,1
22212,train,0
22213,test,0
22214,train,0
22215,train,0
22216,train,0
22217,train,0
22218,train,0
22219,validation,0
22220,train,0
22221,train,1
22222,train,0
22223,test,0
22224,train,0
22225,validation,1
22226,validation,0
22227,test,0
22228,train,0
22229,validation,0
22230,test,0
22231,train,0
22232,train,0
22233,train,0
22234,train,0
22235,validation,0
22236,train,0
22237,test,0
22238,train,0
22239,train,1
22240,test,0
22241,train,0
22242,validation,0
22243,validation,0
22244,validation,0
22245,test,0
22246,train,0
22247,test,0
22248,validation,1
22249,train,0
22250,train,1
22251,test,0
22252,train,1
22253,test,0
22254,train,0
22255,train,0
22256,test,0
22257,train,0
22258,train,0
22259,train,0
22260,validation,0
22261,test,0
22262,validation,0
22263,validation,0
22264,train,0
22265,validation,1
22266,train,0
22267,train,1
22268,train,0
22269,test,0
22270,train,0
22271,train,0
22272,test,0
22273,test,1
22274,train,0
22275,train,0
22276,validation,0
22277,validation,0
22278,test,0
22279,validation,0
22280,train,0
22281,train,1
22282,test,0
22283,train,1
22284,test,0
22285,train,0
22286,train,0
22287,validation,0
22288,train,0
22289,validation,0
22290,train,0
22291,test,0
22292,train,0
22293,train,0
22294,train,0
22295,train,0
22296,train,0
22297,validation,0
22298,train,0
22299,train,0
22300,validation,0
22301,train,0
22302,train,1
22303,validation,1
22304,train,0
22305,train,0
22306,train,0
22307,train,0
22308,train,0
22309,train,0
22310,train,0
22311,train,1
22312,test,0
22313,train,0
22314,test,0
22315,validation,0
22316,train,0
22317,test,1
22318,train,1
22319,train,0
22320,validation,0
22321,train,0
22322,train,1
22323,validation,1
22324,test,0
22325,test,0
22326,train,0
22327,train,0
22328,test,0
22329,train,0
22330,test,0
22331,train,0
22332,train,0
22333,train,0
22334,train,1
22335,train,0
22336,validation,0
22337,test,0
22338,train,0
22339,train,0
22340,train,0
22341,test,0
22342,test,0
22343,train,1
22344,train,0
22345,train,1
22346,validation,1
22347,train,0
22348,train,0
22349,train,0
22350,test,1
22351,train,0
22352,test,0
22353,train,0
22354,train,0
22355,validation,0
22356,test,0
22357,test,1
22358,train,0
22359,train,0
22360,train,0
22361,train,0
22362,test,0
22363,train,0
22364,train,0
22365,train,0
22366,train,0
22367,train,0
22368,train,0
22369,test,0
22370,train,0
22371,test,0
22372,test,0
22373,train,0
22374,validation,0
22375,train,0
22376,train,0
22377,train,0
22378,train,0
22379,train,0
22380,train,0
22381,train,0
22382,train,0
22383,train,1
22384,train,0
22385,test,1
22386,test,0
22387,train,0
22388,train,0
22389,train,1
22390,train,0
22391,validation,1
22392,validation,0
22393,train,0
22394,train,0
22395,validation,0
22396,test,0
22397,validation,1
22398,validation,0
22399,train,0
22400,train,0
22401,train,0
22402,train,0
22403,test,0
22404,train,0
22405,train,0
22406,train,0
22407,test,0
22408,test,0
22409,train,0
22410,train,0
22411,train,0
22412,validation,0
22413,train,0
22414,train,1
22415,train,0
22416,validation,0
22417,validation,0
22418,validation,0
22419,train,0
22420,train,0
22421,train,0
22422,train,0
22423,train,0
22424,validation,0
22425,train,0
22426,train,0
22427,test,0
22428,validation,0
22429,validation,0
22430,train,0
22431,validation,0
22432,train,0
22433,test,0
22434,test,0
22435,test,0
22436,train,0
22437,train,0
22438,train,0
22439,validation,0
22440,validation,0
22441,train,0
22442,train,0
22443,test,0
22444,train,0
22445,train,0
22446,test,0
22447,test,0
22448,train,0
22449,train,0
22450,train,0
22451,train,0
22452,test,0
22453,train,0
22454,validation,0
22455,train,0
22456,test,0
22457,train,0
22458,train,0
22459,train,1
22460,train,0
22461,test,0
22462,train,1
22463,validation,1
22464,train,0
22465,test,0
22466,train,0
22467,train,0
22468,train,0
22469,train,0
22470,test,1
22471,train,0
22472,validation,1
22473,train,0
22474,train,0
22475,train,0
22476,train,0
22477,train,1
22478,train,0
22479,test,1
22480,train,0
22481,train,0
22482,train,0
22483,validation,0
22484,train,1
22485,validation,0
22486,validation,0
22487,train,0
22488,train,0
22489,train,0
22490,train,0
22491,validation,0
22492,validation,1
22493,train,0
22494,train,0
22495,test,0
22496,validation,0
22497,train,0
22498,test,0
22499,validation,0
22500,train,1
22501,validation,0
22502,test,1
22503,train,0
22504,validation,0
22505,validation,0
22506,validation,0
22507,train,1
22508,train,0
22509,train,0
22510,test,0
22511,train,0
22512,test,1
22513,train,0
22514,test,1
22515,train,0
22516,train,0
22517,train,0
22518,train,0
22519,train,0
22520,train,0
22521,validation,0
22522,train,0
22523,train,0
22524,train,0
22525,test,0
22526,validation,0
22527,train,0
22528,validation,0
22529,train,1
22530,train,1
22531,test,1
22532,test,0
22533,train,0
22534,train,0
22535,train,0
22536,train,0
22537,train,1
22538,train,0
22539,train,0
22540,train,1
22541,validation,0
22542,test,0
22543,train,0
22544,train,0
22545,train,0
22546,test,1
22547,validation,0
22548,test,0
22549,validation,0
22550,validation,0
22551,train,0
22552,train,0
22553,train,0
22554,validation,0
22555,validation,0
22556,test,0
22557,test,0
22558,train,0
22559,validation,1
22560,validation,0
22561,train,0
22562,train,0
22563,train,0
22564,train,0
22565,test,1
22566,test,0
22567,train,1
22568,train,0
22569,train,0
22570,train,0
22571,train,1
22572,train,0
22573,train,0
22574,test,1
22575,train,0
22576,train,0
22577,train,0
22578,validation,0
22579,test,1
22580,train,0
22581,train,0
22582,validation,0
22583,train,1
22584,validation,0
22585,test,0
22586,validation,0
22587,train,0
22588,train,0
22589,train,0
22590,train,0
22591,validation,0
22592,validation,1
22593,validation,0
22594,train,1
22595,validation,0
22596,train,0
22597,train,0
22598,train,0
22599,train,0
22600,train,1
22601,validation,1
22602,train,0
22603,train,0
22604,train,0
22605,train,0
22606,train,0
22607,train,1
22608,validation,0
22609,train,0
22610,test,0
22611,validation,0
22612,validation,0
22613,train,0
22614,validation,0
22615,train,0
22616,validation,1
22617,train,0
22618,validation,0
22619,train,0
22620,validation,0
22621,test,0
22622,train,1
22623,test,0
22624,train,0
22625,train,0
22626,test,0
22627,train,1
22628,validation,0
22629,test,1
22630,test,0
22631,test,0
22632,train,0
22633,validation,0
22634,validation,0
22635,validation,0
22636,train,0
22637,train,0
22638,train,1
22639,validation,0
22640,validation,0
22641,validation,0
22642,test,1
22643,train,0
22644,train,0
22645,train,0
22646,train,0
22647,train,1
22648,validation,1
22649,test,0
22650,train,0
22651,train,0
22652,test,0
22653,test,0
22654,test,0
22655,train,0
22656,test,0
22657,train,1
22658,test,0
22659,train,0
22660,train,0
22661,validation,0
22662,validation,0
22663,train,0
22664,test,0
22665,train,0
22666,train,1
22667,train,1
22668,test,0
22669,validation,0
22670,train,0
22671,train,0
22672,validation,0
22673,test,1
22674,train,1
22675,train,0
22676,train,0
22677,test,0
22678,validation,0
22679,train,0
22680,train,0
22681,train,0
22682,test,1
22683,test,0
22684,train,0
22685,validation,0
22686,train,0
22687,validation,0
22688,validation,0
22689,train,0
22690,train,1
22691,test,1
22692,train,0
22693,train,1
22694,test,0
22695,test,0
22696,validation,0
22697,test,0
22698,test,0
22699,validation,0
22700,train,0
22701,train,1
22702,train,0
22703,train,0
22704,train,0
22705,train,1
22706,validation,0
22707,validation,1
22708,train,0
22709,train,1
22710,train,0
22711,train,0
22712,train,0
22713,train,0
22714,train,1
22715,train,0
22716,train,0
22717,validation,1
22718,train,0
22719,train,0
22720,train,0
22721,validation,0
22722,train,0
22723,test,0
22724,validation,0
22725,validation,1
22726,train,1
22727,train,0
22728,test,0
22729,train,0
22730,train,0
22731,train,0
22732,train,0
22733,test,0
22734,validation,0
22735,validation,0
22736,test,0
22737,test,1
22738,train,0
22739,train,0
22740,train,0
22741,test,0
22742,test,0
22743,test,0
22744,train,0
22745,test,0
22746,train,0
22747,test,0
22748,train,0
22749,test,0
22750,test,0
22751,test,0
22752,train,0
22753,train,0
22754,test,1
22755,test,0
22756,validation,0
22757,train,0
22758,train,0
22759,train,0
22760,test,0
22761,test,0
22762,train,0
22763,validation,0
22764,test,1
22765,test,0
22766,train,1
22767,train,0
22768,validation,0
22769,train,0
22770,train,0
22771,train,0
22772,train,0
22773,train,0
22774,test,0
22775,train,1
22776,train,0
22777,train,0
22778,validation,0
22779,validation,0
22780,train,0
22781,train,1
22782,validation,0
22783,train,0
22784,test,0
22785,train,0
22786,train,0
22787,validation,0
22788,train,0
22789,train,0
22790,test,0
22791,train,0
22792,train,0
22793,train,0
22794,train,0
22795,train,0
22796,validation,0
22797,validation,0
22798,train,0
22799,train,1
22800,train,0
22801,train,0
22802,train,0
22803,train,0
22804,test,0
22805,train,0
22806,validation,1
22807,train,0
22808,train,0
22809,validation,0
22810,test,0
22811,train,0
22812,train,0
22813,train,0
22814,test,0
22815,train,0
22816,train,0
22817,train,1
22818,train,0
22819,test,0
22820,validation,0
22821,validation,0
22822,train,0
22823,train,1
22824,train,0
22825,validation,0
22826,train,0
22827,train,0
22828,validation,0
22829,train,0
22830,test,0
22831,test,0
22832,validation,0
22833,validation,0
22834,train,0
22835,validation,0
22836,train,0
22837,train,1
22838,train,0
22839,train,0
22840,train,1
22841,test,0
22842,train,1
22843,train,1
22844,train,0
22845,validation,0
22846,train,0
22847,train,0
22848,train,0
22849,test,1
22850,test,0
22851,train,0
22852,test,0
22853,test,0
22854,validation,0
22855,validation,0
22856,test,0
22857,test,1
22858,train,0
22859,train,0
22860,test,0
22861,test,1
22862,train,0
22863,train,0
22864,train,0
22865,train,0
22866,validation,1
22867,train,0
22868,train,0
22869,train,0
22870,train,0
22871,train,0
22872,train,0
22873,train,0
22874,train,1
22875,test,0
22876,train,1
22877,train,0
22878,test,1
22879,train,0
22880,train,0
22881,train,1
22882,train,0
22883,validation,0
22884,train,0
22885,train,1
22886,validation,0
22887,test,0
22888,train,0
22889,train,0
22890,train,0
22891,train,0
22892,train,0
22893,train,0
22894,train,0
22895,validation,0
22896,train,1
22897,train,0
22898,train,0
22899,train,0
22900,train,0
22901,train,1
22902,test,0
22903,train,0
22904,test,0
22905,train,0
22906,train,0
22907,test,0
22908,validation,0
22909,train,0
22910,test,0
22911,train,0
22912,train,0
22913,train,0
22914,train,0
22915,test,0
22916,validation,0
22917,train,1
22918,train,1
22919,validation,0
22920,test,0
22921,train,0
22922,train,1
22923,train,0
22924,train,0
22925,validation,0
22926,train,1
22927,train,0
22928,train,0
22929,train,0
22930,train,1
22931,test,0
22932,train,0
22933,train,1
22934,train,0
22935,validation,0
22936,train,0
22937,validation,0
22938,train,0
22939,test,0
22940,validation,0
22941,train,0
22942,validation,0
22943,train,1
22944,train,0
22945,train,0
22946,test,1
22947,train,0
22948,test,0
22949,test,0
22950,validation,0
22951,test,0
22952,test,0
22953,train,1
22954,train,0
22955,train,0
22956,validation,0
22957,validation,0
22958,validation,0
22959,train,0
22960,test,1
22961,validation,0
22962,test,0
22963,train,1
22964,train,0
22965,validation,0
22966,test,0
22967,train,0
22968,validation,0
22969,validation,0
22970,train,0
22971,validation,1
22972,train,0
22973,train,0
22974,train,0
22975,validation,1
22976,train,0
22977,validation,0
22978,train,0
22979,train,0
22980,train,0
22981,test,0
22982,test,0
22983,test,0
22984,validation,0
22985,train,0
22986,train,0
22987,validation,0
22988,train,0
22989,train,0
22990,validation,0
22991,train,0
22992,test,0
22993,test,0
22994,validation,0
22995,train,0
22996,train,0
22997,validation,0
22998,train,0
22999,train,1
23000,train,0
23001,validation,0
23002,train,1
23003,validation,0
23004,validation,0
23005,train,0
23006,train,0
23007,test,0
23008,train,0
23009,train,1
23010,train,0
23011,validation,0
23012,test,0
23013,validation,1
23014,validation,0
23015,train,1
23016,validation,1
23017,train,1
23018,test,0
23019,train,0
23020,train,0
23021,validation,0
23022,train,0
23023,validation,0
23024,validation,1
23025,validation,0
23026,test,0
23027,test,1
23028,train,0
23029,train,0
23030,validation,0
23031,train,0
23032,train,0
23033,train,0
23034,train,0
23035,train,0
23036,test,0
23037,validation,0
23038,test,0
23039,train,0
23040,validation,0
23041,train,0
23042,train,0
23043,train,0
23044,validation,0
23045,validation,0
23046,train,0
23047,train,0
23048,train,0
23049,train,0
23050,train,0
23051,train,0
23052,test,0
23053,train,0
23054,validation,0
23055,train,0
23056,train,0
23057,train,0
23058,test,0
23059,train,1
23060,train,0
23061,train,0
23062,train,0
23063,validation,0
23064,train,0
23065,validation,1
23066,validation,0
23067,train,0
23068,test,0
23069,train,1
23070,train,1
23071,test,1
23072,validation,0
23073,test,0
23074,train,1
23075,test,0
23076,validation,1
23077,train,0
23078,train,1
23079,validation,0
23080,train,0
23081,test,0
23082,validation,0
23083,test,0
23084,validation,0
23085,validation,0
23086,train,0
23087,train,0
23088,train,1
23089,train,0
23090,train,0
23091,test,0
23092,train,1
23093,train,0
23094,train,1
23095,train,0
23096,test,0
23097,test,0
23098,train,0
23099,test,1
23100,train,0
23101,test,0
23102,train,0
23103,train,1
23104,test,0
23105,train,0
23106,validation,0
23107,train,0
23108,train,0
23109,train,0
23110,validation,1
23111,train,1
23112,train,0
23113,validation,0
23114,test,0
23115,train,1
23116,test,0
23117,train,0
23118,train,0
23119,train,0
23120,test,0
23121,test,0
23122,test,0
23123,train,0
23124,train,0
23125,train,0
23126,train,0
23127,test,0
23128,validation,0
23129,test,0
23130,validation,1
23131,test,0
23132,test,0
23133,train,0
23134,test,1
23135,test,1
23136,test,0
23137,train,0
23138,train,0
23139,train,0
23140,test,0
23141,test,0
23142,train,0
23143,train,0
23144,train,1
23145,train,0
23146,validation,0
23147,test,0
23148,validation,1
23149,test,0
23150,train,0
23151,train,0
23152,train,1
23153,train,0
23154,validation,0
23155,train,0
23156,train,0
23157,validation,0
23158,test,0
23159,train,0
23160,train,1
23161,train,0
23162,train,1
23163,train,0
23164,validation,1
23165,test,0
23166,train,0
23167,train,0
23168,test,0
23169,validation,0
23170,train,0
23171,train,0
23172,test,0
23173,train,0
23174,train,0
23175,train,1
23176,validation,0
23177,train,0
23178,train,0
23179,train,1
23180,validation,0
23181,train,1
23182,train,0
23183,test,0
23184,validation,0
23185,train,0
23186,train,0
23187,train,1
23188,train,0
23189,test,0
23190,test,0
23191,train,0
23192,train,0
23193,train,0
23194,validation,1
23195,validation,0
23196,validation,0
23197,train,1
23198,test,1
23199,train,0
23200,train,0
23201,validation,0
23202,validation,0
23203,test,0
23204,train,0
23205,validation,1
23206,train,0
23207,train,0
23208,train,0
23209,test,1
23210,train,0
23211,train,0
23212,test,0
23213,train,1
23214,train,0
23215,train,0
23216,validation,0
23217,train,0
23218,train,0
23219,test,0
23220,train,1
23221,train,1
23222,test,0
23223,test,0
23224,validation,0
23225,validation,0
23226,train,0
23227,validation,0
23228,train,0
23229,validation,0
23230,test,0
23231,test,0
23232,validation,0
23233,train,0
23234,test,0
23235,train,1
23236,validation,0
23237,train,0
23238,train,1
23239,train,0
23240,train,0
23241,validation,0
23242,validation,0
23243,validation,0
23244,train,0
23245,validation,0
23246,train,0
23247,train,1
23248,train,0
23249,validation,0
23250,train,0
23251,train,0
23252,train,0
23253,train,0
23254,train,0
23255,test,0
23256,train,0
23257,train,0
23258,train,0
23259,validation,0
23260,train,1
23261,train,0
23262,train,1
23263,validation,0
23264,test,0
23265,validation,0
23266,train,0
23267,test,1
23268,test,0
23269,train,0
23270,train,0
23271,train,0
23272,test,0
23273,validation,0
23274,validation,0
23275,train,0
23276,validation,0
23277,test,0
23278,test,0
23279,train,0
23280,train,0
23281,train,0
23282,train,1
23283,test,0
23284,test,0
23285,train,1
23286,test,0
23287,train,0
23288,validation,0
23289,train,0
23290,validation,0
23291,train,0
23292,train,0
23293,train,0
23294,train,1
23295,test,0
23296,train,0
23297,train,0
23298,train,0
23299,train,0
23300,validation,0
23301,validation,1
23302,train,0
23303,train,0
23304,validation,0
23305,validation,0
23306,validation,0
23307,train,1
23308,test,0
23309,train,0
23310,train,0
23311,train,0
23312,train,0
23313,train,1
23314,train,0
23315,train,0
23316,validation,0
23317,train,0
23318,test,0
23319,validation,0
23320,test,1
23321,train,0
23322,test,0
23323,train,0
23324,train,0
23325,train,0
23326,train,0
23327,test,0
23328,validation,0
23329,test,0
23330,train,0
23331,validation,1
23332,test,0
23333,validation,0
23334,train,0
23335,test,0
23336,test,0
23337,train,0
23338,test,1
23339,train,0
23340,train,1
23341,train,0
23342,train,0
23343,train,0
23344,test,0
23345,train,0
23346,train,0
23347,train,0
23348,validation,0
23349,train,0
23350,train,0
23351,test,0
23352,train,0
23353,train,0
23354,train,0
23355,train,0
23356,train,0
23357,train,0
23358,train,0
23359,train,0
23360,train,0
23361,train,0
23362,train,0
23363,train,0
23364,train,0
23365,validation,0
23366,validation,0
23367,train,0
23368,train,0
23369,train,0
23370,train,0
23371,train,0
23372,test,0
23373,train,0
23374,train,0
23375,train,0
23376,train,1
23377,train,0
23378,validation,1
23379,train,1
23380,train,0
23381,train,0
23382,test,0
23383,train,0
23384,train,1
23385,train,0
23386,test,1
23387,train,0
23388,train,0
23389,validation,1
23390,test,0
23391,train,0
23392,train,0
23393,train,0
23394,train,0
23395,train,1
23396,validation,0
23397,train,0
23398,train,1
23399,validation,0
23400,train,0
23401,test,0
23402,validation,0
23403,train,0
23404,train,0
23405,train,0
23406,train,1
23407,train,0
23408,test,0
23409,test,0
23410,train,1
23411,train,1
23412,train,0
23413,train,0
23414,test,0
23415,test,0
23416,validation,0
23417,validation,0
23418,train,0
23419,train,0
23420,train,0
23421,test,0
23422,test,0
23423,test,0
23424,train,0
23425,train,0
23426,train,0
23427,test,0
23428,train,0
23429,test,1
23430,test,0
23431,test,0
23432,test,0
23433,train,1
23434,test,0
23435,train,0
23436,train,0
23437,train,0
23438,validation,0
23439,train,0
23440,train,0
23441,test,0
23442,train,0
23443,train,0
23444,train,0
23445,train,0
23446,test,0
23447,validation,1
23448,train,0
23449,test,1
23450,train,0
23451,train,0
23452,train,0
23453,train,0
23454,test,1
23455,train,0
23456,test,1
23457,train,0
23458,train,0
23459,validation,0
23460,train,0
23461,train,0
23462,validation,0
23463,train,0
23464,train,0
23465,validation,0
23466,train,0
23467,train,0
23468,train,0
23469,train,0
23470,validation,0
23471,train,1
23472,train,1
23473,validation,1
23474,test,0
23475,validation,0
23476,train,0
23477,validation,0
23478,train,1
23479,train,0
23480,train,0
23481,train,0
23482,validation,0
23483,train,0
23484,train,0
23485,validation,0
23486,train,0
23487,test,0
23488,train,0
23489,train,0
23490,train,0
23491,test,1
23492,train,0
23493,validation,1
23494,train,0
23495,train,0
23496,train,0
23497,validation,0
23498,test,0
23499,train,0
23500,train,0
23501,train,0
23502,validation,0
23503,train,0
23504,train,1
23505,train,0
23506,train,0
23507,train,0
23508,train,0
23509,test,0
23510,train,0
23511,test,0
23512,validation,0
23513,train,0
23514,train,0
23515,validation,0
23516,train,0
23517,train,0
23518,train,0
23519,validation,0
23520,test,0
23521,validation,0
23522,train,0
23523,train,0
23524,train,1
23525,test,1
23526,validation,0
23527,train,1
23528,train,0
23529,test,0
23530,train,0
23531,test,0
23532,validation,0
23533,train,1
23534,train,0
23535,validation,1
23536,test,0
23537,train,1
23538,train,0
23539,test,0
23540,test,0
23541,train,0
23542,train,1
23543,test,0
23544,test,0
23545,train,1
23546,validation,0
23547,train,0
23548,train,0
23549,train,0
23550,train,0
23551,test,1
23552,test,0
23553,train,1
23554,test,1
23555,train,0
23556,train,0
23557,validation,0
23558,test,0
23559,train,0
23560,validation,0
23561,train,0
23562,train,0
23563,train,0
23564,validation,0
23565,train,0
23566,train,0
23567,test,0
23568,validation,0
23569,train,0
23570,validation,1
23571,train,0
23572,test,0
23573,train,0
23574,train,1
23575,train,0
23576,test,0
23577,train,0
23578,train,0
23579,validation,0
23580,train,0
23581,test,0
23582,train,0
23583,train,0
23584,train,0
23585,train,1
23586,train,0
23587,test,0
23588,train,1
23589,train,0
23590,validation,0
23591,test,0
23592,train,0
23593,test,0
23594,train,0
23595,test,0
23596,train,0
23597,train,0
23598,train,0
23599,train,0
23600,validation,0
23601,validation,1
23602,test,0
23603,validation,1
23604,train,0
23605,train,1
23606,train,0
23607,test,0
23608,train,0
23609,train,0
23610,validation,0
23611,train,0
23612,validation,0
23613,train,0
23614,train,0
23615,train,0
23616,validation,1
23617,train,0
23618,test,0
23619,test,0
23620,train,0
23621,train,0
23622,train,0
23623,validation,1
23624,validation,0
23625,train,1
23626,train,0
23627,test,0
23628,train,0
23629,train,0
23630,train,0
23631,test,0
23632,test,0
23633,train,0
23634,train,0
23635,train,0
23636,train,0
23637,test,1
23638,train,1
23639,validation,0
23640,train,0
23641,train,0
23642,train,1
23643,train,0
23644,train,0
23645,validation,0
23646,test,0
23647,validation,0
23648,train,1
23649,train,0
23650,train,0
23651,test,0
23652,train,0
23653,train,0
23654,validation,0
23655,train,0
23656,train,1
23657,train,0
23658,test,0
23659,test,1
23660,train,0
23661,validation,0
23662,train,0
23663,train,0
23664,train,0
23665,test,0
23666,train,1
23667,train,1
23668,validation,0
23669,train,0
23670,test,0
23671,test,0
23672,validation,0
23673,test,0
23674,train,0
23675,train,0
23676,train,0
23677,train,0
23678,validation,0
23679,train,0
23680,validation,0
23681,train,0
23682,test,0
23683,train,0
23684,train,0
23685,validation,1
23686,train,0
23687,test,0
23688,train,0
23689,validation,0
23690,validation,0
23691,test,0
23692,train,0
23693,train,0
23694,validation,0
23695,test,0
23696,test,0
23697,train,1
23698,validation,0
23699,validation,0
23700,train,1
23701,test,1
23702,train,0
23703,train,0
23704,test,0
23705,validation,0
23706,validation,0
23707,train,1
23708,train,0
23709,test,0
23710,train,1
23711,train,1
23712,test,0
23713,train,0
23714,train,0
23715,test,1
23716,train,1
23717,test,0
23718,train,0
23719,train,0
23720,test,0
23721,validation,0
23722,test,0
23723,train,0
23724,train,1
23725,test,0
23726,validation,0
23727,validation,0
23728,train,0
23729,validation,0
23730,train,0
23731,train,0
23732,validation,0
23733,validation,0
23734,train,0
23735,train,0
23736,validation,0
23737,test,0
23738,train,0
23739,train,0
23740,train,0
23741,train,0
23742,validation,0
23743,validation,1
23744,train,0
23745,validation,0
23746,train,0
23747,train,0
23748,train,0
23749,validation,0
23750,test,0
23751,train,0
23752,test,0
23753,validation,0
23754,train,0
23755,train,0
23756,test,0
23757,train,0
23758,train,0
23759,test,0
23760,train,1
23761,train,0
23762,train,0
23763,train,0
23764,train,0
23765,train,0
23766,test,0
23767,train,0
23768,train,0
23769,validation,1
23770,train,0
23771,validation,1
23772,train,0
23773,validation,0
23774,train,0
23775,validation,0
23776,train,0
23777,train,0
23778,validation,0
23779,train,1
23780,train,0
23781,train,0
23782,train,0
23783,validation,1
23784,test,0
23785,train,1
23786,train,0
23787,train,0
23788,validation,0
23789,validation,0
23790,test,1
23791,train,0
23792,validation,1
23793,train,0
23794,train,0
23795,train,0
23796,train,0
23797,train,1
23798,validation,1
23799,validation,0
23800,train,0
23801,train,0
23802,train,0
23803,train,0
23804,test,0
23805,validation,0
23806,validation,0
23807,train,0
23808,validation,0
23809,train,0
23810,test,0
23811,validation,0
23812,train,0
23813,train,0
23814,train,1
23815,train,0
23816,train,0
23817,train,0
23818,train,0
23819,test,0
23820,test,0
23821,validation,0
23822,train,0
23823,validation,0
23824,test,0
23825,train,0
23826,train,0
23827,train,0
23828,train,0
23829,test,0
23830,validation,0
23831,test,0
23832,test,0
23833,test,0
23834,test,0
23835,validation,0
23836,train,0
23837,validation,0
23838,train,0
23839,train,0
23840,train,0
23841,train,1
23842,train,0
23843,validation,0
23844,validation,0
23845,train,0
23846,train,0
23847,train,0
23848,train,0
23849,validation,0
23850,train,0
23851,train,1
23852,validation,1
23853,train,0
23854,train,0
23855,train,0
23856,train,0
23857,train,0
23858,validation,0
23859,train,0
23860,validation,0
23861,validation,0
23862,train,0
23863,train,0
23864,validation,0
23865,train,0
23866,train,0
23867,validation,1
23868,test,0
23869,train,0
23870,test,0
23871,test,0
23872,train,0
23873,validation,0
23874,validation,0
23875,train,0
23876,validation,0
23877,train,0
23878,train,0
23879,validation,0
23880,train,0
23881,train,0
23882,test,0
23883,test,0
23884,train,0
23885,test,0
23886,train,0
23887,train,0
23888,train,0
23889,train,0
23890,test,0
23891,train,1
23892,test,0
23893,train,0
23894,validation,0
23895,train,0
23896,train,0
23897,test,0
23898,validation,0
23899,train,0
23900,train,0
23901,train,0
23902,train,0
23903,train,0
23904,train,0
23905,train,1
23906,validation,0
23907,validation,0
23908,train,0
23909,train,0
23910,train,1
23911,train,0
23912,train,1
23913,train,0
23914,train,0
23915,train,0
23916,train,0
23917,train,0
23918,train,0
23919,train,1
23920,test,0
23921,train,0
23922,train,1
23923,train,0
23924,validation,0
23925,validation,0
23926,validation,1
23927,test,1
23928,test,0
23929,train,0
23930,train,0
23931,train,0
23932,validation,0
23933,validation,1
23934,test,1
23935,train,0
23936,train,1
23937,train,0
23938,train,1
23939,test,0
23940,train,0
23941,test,0
23942,validation,0
23943,validation,0
23944,train,0
23945,train,0
23946,train,1
23947,train,0
23948,test,0
23949,train,1
23950,test,1
23951,train,0
23952,train,0
23953,train,0
23954,train,0
23955,train,0
23956,train,0
23957,train,0
23958,train,1
23959,train,0
23960,validation,1
23961,train,0
23962,train,0
23963,train,1
23964,train,0
23965,validation,0
23966,train,1
23967,train,0
23968,train,0
23969,train,0
23970,train,0
23971,test,0
23972,test,0
23973,train,0
23974,test,0
23975,test,0
23976,train,1
23977,train,1
23978,train,0
23979,test,0
23980,validation,0
23981,train,0
23982,train,0
23983,train,0
23984,test,0
23985,train,1
23986,train,1
23987,train,0
23988,test,0
23989,validation,1
23990,train,0
23991,train,0
23992,train,0
23993,train,1
23994,train,0
23995,train,0
23996,train,1
23997,train,0
23998,test,1
23999,train,0
24000,train,0
24001,validation,0
24002,train,1
24003,train,1
24004,validation,1
24005,test,1
24006,train,0
24007,train,0
24008,train,1
24009,train,0
24010,test,0
24011,validation,0
24012,train,0
24013,test,1
24014,train,0
24015,train,0
24016,train,1
24017,train,0
24018,test,1
24019,train,0
24020,train,0
24021,validation,0
24022,validation,0
24023,test,0
24024,train,0
24025,train,0
24026,validation,0
24027,train,0
24028,train,0
24029,validation,0
24030,test,0
24031,train,0
24032,train,0
24033,train,0
24034,validation,0
24035,train,0
24036,train,0
24037,test,0
24038,train,0
24039,train,0
24040,test,0
24041,train,0
24042,test,0
24043,train,0
24044,validation,0
24045,train,0
24046,train,0
24047,train,0
24048,train,0
24049,test,0
24050,train,0
24051,validation,0
24052,validation,0
24053,train,0
24054,train,0
24055,train,0
24056,train,0
24057,validation,0
24058,validation,0
24059,train,0
24060,train,0
24061,train,0
24062,validation,0
24063,train,0
24064,validation,0
24065,train,0
24066,validation,1
24067,train,0
24068,validation,0
24069,test,0
24070,test,0
24071,train,0
24072,train,1
24073,train,0
24074,validation,0
24075,train,0
24076,validation,0
24077,test,0
24078,train,0
24079,train,0
24080,validation,1
24081,train,0
24082,test,0
24083,validation,0
24084,train,1
24085,validation,0
24086,train,0
24087,train,0
24088,train,1
24089,train,0
24090,validation,0
24091,test,1
24092,train,1
24093,train,1
24094,train,1
24095,train,1
24096,validation,0
24097,test,0
24098,train,0
24099,train,0
24100,train,1
24101,train,1
24102,validation,0
24103,train,0
24104,train,0
24105,train,1
24106,train,0
24107,train,0
24108,validation,0
24109,train,0
24110,train,0
24111,train,0
24112,train,0
24113,test,0
24114,test,0
24115,test,0
24116,test,0
24117,train,0
24118,train,0
24119,train,0
24120,validation,0
24121,validation,0
24122,test,1
24123,test,0
24124,train,0
24125,train,0
24126,validation,0
24127,train,0
24128,train,1
24129,train,1
24130,test,0
24131,train,1
24132,train,0
24133,train,0
24134,train,1
24135,train,0
24136,train,0
24137,train,0
24138,train,1
24139,validation,1
24140,train,0
24141,validation,0
24142,train,1
24143,train,0
24144,train,0
24145,train,0
24146,train,1
24147,train,0
24148,test,1
24149,train,0
24150,validation,0
24151,train,0
24152,validation,1
24153,validation,0
24154,train,0
24155,validation,0
24156,validation,0
24157,validation,0
24158,validation,0
24159,train,0
24160,validation,1
24161,train,0
24162,train,0
24163,validation,0
24164,train,0
24165,train,0
24166,test,0
24167,validation,0
24168,train,0
24169,train,0
24170,train,0
24171,train,0
24172,train,1
24173,train,0
24174,train,0
24175,train,0
24176,train,0
24177,test,0
24178,train,0
24179,train,0
24180,test,0
24181,validation,0
24182,validation,0
24183,train,1
24184,train,0
24185,train,0
24186,train,0
24187,test,0
24188,train,1
24189,train,1
24190,validation,0
24191,train,1
24192,train,0
24193,train,1
24194,test,0
24195,train,0
24196,train,1
24197,train,0
24198,train,1
24199,train,0
24200,train,1
24201,validation,0
24202,train,0
24203,train,0
24204,test,0
24205,test,0
24206,train,0
24207,train,0
24208,train,0
24209,train,0
24210,test,0
24211,test,0
24212,train,0
24213,train,0
24214,train,0
24215,train,0
24216,train,0
24217,train,0
24218,validation,0
24219,train,0
24220,train,0
24221,validation,0
24222,train,0
24223,test,1
24224,train,0
24225,test,0
24226,train,0
24227,train,1
24228,train,0
24229,test,1
24230,train,0
24231,test,0
24232,train,0
24233,train,0
24234,train,1
24235,validation,0
24236,train,0
24237,test,0
24238,train,0
24239,train,0
24240,train,0
24241,train,0
24242,train,0
24243,train,0
24244,train,0
24245,train,0
24246,validation,0
24247,train,1
24248,train,0
24249,validation,0
24250,train,0
24251,train,1
24252,train,0
24253,validation,0
24254,validation,0
24255,test,0
24256,validation,0
24257,validation,0
24258,train,0
24259,validation,0
24260,validation,0
24261,train,0
24262,train,0
24263,test,0
24264,train,0
24265,train,1
24266,test,1
24267,train,0
24268,validation,0
24269,validation,0
24270,test,0
24271,train,1
24272,train,0
24273,train,0
24274,train,1
24275,validation,0
24276,train,0
24277,train,0
24278,validation,0
24279,train,0
24280,train,0
24281,train,0
24282,validation,0
24283,train,0
24284,test,0
24285,train,0
24286,train,0
24287,test,0
24288,validation,0
24289,test,1
24290,train,0
24291,validation,0
24292,train,0
24293,validation,0
24294,train,0
24295,validation,1
24296,validation,0
24297,validation,0
24298,train,0
24299,train,1
24300,train,0
24301,test,0
24302,train,0
24303,train,0
24304,test,1
24305,validation,0
24306,train,0
24307,validation,0
24308,test,0
24309,train,1
24310,train,0
24311,train,0
24312,validation,1
24313,train,0
24314,train,0
24315,train,0
24316,validation,0
24317,test,1
24318,test,0
24319,validation,1
24320,test,0
24321,train,0
24322,test,1
24323,test,0
24324,train,1
24325,test,1
24326,train,0
24327,test,0
24328,validation,0
24329,validation,0
24330,train,0
24331,train,0
24332,train,0
24333,test,0
24334,train,0
24335,train,0
24336,test,0
24337,test,0
24338,train,0
24339,train,0
24340,test,0
24341,train,0
24342,train,1
24343,train,0
24344,train,0
24345,validation,0
24346,train,0
24347,train,1
24348,train,0
24349,validation,0
24350,train,0
24351,train,0
24352,validation,0
24353,train,0
24354,validation,1
24355,validation,0
24356,train,0
24357,test,0
24358,train,0
24359,train,0
24360,test,1
24361,test,0
24362,train,0
24363,validation,1
24364,validation,0
24365,train,1
24366,validation,0
24367,train,0
24368,train,0
24369,validation,0
24370,train,0
24371,train,0
24372,test,0
24373,train,0
24374,train,0
24375,validation,0
24376,train,0
24377,validation,0
24378,train,0
24379,train,0
24380,train,0
24381,validation,1
24382,test,1
24383,train,0
24384,test,0
24385,train,0
24386,train,0
24387,train,0
24388,validation,0
24389,train,0
24390,train,0
24391,train,0
24392,train,0
24393,train,0
24394,train,0
24395,validation,0
24396,train,0
24397,test,0
24398,test,1
24399,test,0
24400,train,0
24401,train,0
24402,train,0
24403,test,1
24404,train,0
24405,test,0
24406,train,0
24407,train,0
24408,test,1
24409,test,1
24410,test,0
24411,test,0
24412,train,0
24413,train,0
24414,validation,0
24415,validation,0
24416,test,0
24417,test,0
24418,train,0
24419,train,0
24420,test,0
24421,train,0
24422,train,0
24423,train,0
24424,train,0
24425,train,0
24426,validation,0
24427,train,0
24428,train,0
24429,test,0
24430,train,0
24431,validation,0
24432,train,1
24433,train,0
24434,validation,0
24435,train,0
24436,train,0
24437,train,0
24438,train,0
24439,train,0
24440,validation,1
24441,test,0
24442,test,0
24443,train,0
24444,validation,0
24445,validation,0
24446,train,0
24447,train,0
24448,train,0
24449,test,0
24450,train,0
24451,test,0
24452,train,0
24453,validation,0
24454,train,0
24455,validation,0
24456,train,0
24457,test,0
24458,train,0
24459,train,0
24460,validation,0
24461,train,0
24462,train,0
24463,train,1
24464,train,1
24465,train,1
24466,train,0
24467,train,0
24468,validation,0
24469,test,0
24470,train,0
24471,validation,0
24472,train,0
24473,train,1
24474,validation,0
24475,validation,0
24476,validation,0
24477,train,0
24478,validation,0
24479,train,0
24480,train,1
24481,train,0
24482,test,1
24483,test,1
24484,train,0
24485,test,0
24486,validation,0
24487,train,1
24488,train,0
24489,train,1
24490,train,0
24491,train,0
24492,validation,1
24493,train,0
24494,train,0
24495,test,0
24496,validation,0
24497,train,0
24498,test,0
24499,train,0
24500,train,1
24501,train,0
24502,test,0
24503,test,0
24504,train,0
24505,train,0
24506,train,0
24507,train,0
24508,train,0
24509,train,0
24510,train,0
24511,validation,0
24512,validation,0
24513,test,1
24514,train,0
24515,validation,0
24516,validation,0
24517,train,0
24518,train,0
24519,test,0
24520,train,0
24521,train,0
24522,test,0
24523,train,0
24524,test,0
24525,train,0
24526,train,0
24527,validation,1
24528,train,0
24529,test,0
24530,train,1
24531,validation,0
24532,train,0
24533,validation,0
24534,test,0
24535,test,0
24536,train,0
24537,train,0
24538,train,0
24539,test,0
24540,test,0
24541,train,0
24542,validation,0
24543,train,0
24544,train,0
24545,test,0
24546,train,1
24547,train,0
24548,train,0
24549,train,0
24550,train,0
24551,train,0
24552,validation,0
24553,test,0
24554,train,0
24555,test,0
24556,test,1
24557,train,0
24558,train,1
24559,train,0
24560,validation,0
24561,train,0
24562,train,0
24563,validation,0
24564,test,1
24565,train,1
24566,test,0
24567,train,0
24568,validation,0
24569,train,0
24570,validation,0
24571,train,0
24572,train,0
24573,train,0
24574,test,0
24575,train,0
24576,train,0
24577,train,0
24578,test,1
24579,train,1
24580,train,0
24581,train,0
24582,validation,1
24583,validation,0
24584,train,0
24585,validation,0
24586,train,0
24587,train,0
24588,validation,0
24589,train,1
24590,train,0
24591,validation,0
24592,train,0
24593,test,0
24594,train,1
24595,train,0
24596,train,0
24597,train,0
24598,train,0
24599,validation,0
24600,validation,0
24601,test,0
24602,validation,1
24603,train,0
24604,train,0
24605,test,0
24606,test,0
24607,test,0
24608,train,0
24609,test,0
24610,test,0
24611,train,0
24612,test,0
24613,train,0
24614,train,0
24615,test,1
24616,train,1
24617,train,0
24618,train,1
24619,validation,0
24620,train,0
24621,test,0
24622,validation,0
24623,test,1
24624,test,0
24625,test,0
24626,validation,1
24627,train,0
24628,train,0
24629,train,0
24630,train,0
24631,train,0
24632,train,0
24633,validation,0
24634,train,1
24635,train,0
24636,train,0
24637,test,0
24638,validation,0
24639,train,0
24640,test,0
24641,train,0
24642,validation,1
24643,test,0
24644,train,0
24645,train,0
24646,validation,0
24647,validation,0
24648,train,0
24649,train,0
24650,test,0
24651,train,0
24652,train,0
24653,validation,1
24654,validation,1
24655,train,0
24656,test,0
24657,validation,0
24658,train,0
24659,test,0
24660,train,1
24661,validation,0
24662,train,1
24663,train,0
24664,train,0
24665,test,0
24666,train,0
24667,test,0
24668,train,1
24669,test,0
24670,train,1
24671,train,0
24672,test,1
24673,train,0
24674,train,0
24675,test,0
24676,train,0
24677,train,1
24678,train,1
24679,train,0
24680,validation,0
24681,validation,0
24682,train,0
24683,test,0
24684,train,0
24685,validation,0
24686,train,1
24687,train,0
24688,test,0
24689,validation,0
24690,train,0
24691,train,1
24692,train,0
24693,validation,0
24694,test,1
24695,test,0
24696,train,0
24697,test,0
24698,test,0
24699,train,0
24700,test,0
24701,validation,1
24702,train,0
24703,test,0
24704,train,0
24705,train,0
24706,test,0
24707,train,0
24708,train,0
24709,train,0
24710,test,0
24711,train,0
24712,validation,0
24713,test,0
24714,test,0
24715,train,0
24716,validation,0
24717,train,1
24718,train,0
24719,train,0
24720,train,1
24721,train,1
24722,train,1
24723,train,0
24724,validation,0
24725,test,1
24726,test,1
24727,train,0
24728,train,0
24729,train,1
24730,train,0
24731,test,1
24732,validation,1
24733,train,1
24734,train,0
24735,train,0
24736,train,0
24737,test,0
24738,validation,0
24739,train,0
24740,train,0
24741,test,0
24742,train,1
24743,validation,1
24744,validation,0
24745,test,0
24746,validation,1
24747,test,0
24748,test,0
24749,validation,0
24750,validation,0
24751,train,0
24752,train,0
24753,train,0
24754,validation,0
24755,test,1
24756,train,1
24757,test,0
24758,test,1
24759,train,0
24760,train,0
24761,validation,1
24762,test,1
24763,test,1
24764,train,0
24765,train,0
24766,train,1
24767,train,0
24768,train,0
24769,test,0
24770,validation,0
24771,validation,0
24772,train,0
24773,train,0
24774,test,0
24775,validation,0
24776,train,0
24777,validation,0
24778,train,0
24779,test,1
24780,validation,0
24781,validation,0
24782,train,0
24783,validation,0
24784,train,0
24785,train,0
24786,train,0
24787,train,0
24788,train,0
24789,train,1
24790,test,1
24791,train,0
24792,validation,0
24793,test,0
24794,train,0
24795,validation,0
24796,validation,1
24797,validation,0
24798,train,0
24799,train,0
24800,validation,0
24801,train,0
24802,train,0
24803,train,0
24804,test,0
24805,validation,0
24806,train,0
24807,train,0
24808,train,0
24809,test,0
24810,test,0
24811,train,0
24812,test,0
24813,test,0
24814,test,0
24815,train,1
24816,train,0
24817,train,0
24818,validation,0
24819,train,0
24820,validation,0
24821,train,0
24822,train,0
24823,train,0
24824,validation,1
24825,test,0
24826,train,0
24827,train,0
24828,test,0
24829,validation,0
24830,train,0
24831,train,1
24832,train,0
24833,train,1
24834,train,0
24835,validation,1
24836,train,0
24837,train,0
24838,test,1
24839,train,0
24840,train,0
24841,train,0
24842,validation,0
24843,test,0
24844,validation,0
24845,test,0
24846,train,0
24847,validation,0
24848,train,0
24849,validation,0
24850,validation,0
24851,train,0
24852,train,0
24853,validation,0
24854,train,0
24855,train,0
24856,train,0
24857,test,0
24858,train,0
24859,train,1
24860,train,1
24861,test,0
24862,train,1
24863,train,0
24864,train,0
24865,test,0
24866,train,0
24867,test,0
24868,train,0
24869,train,0
24870,train,0
24871,validation,0
24872,train,0
24873,validation,0
24874,train,0
24875,train,0
24876,train,0
24877,train,0
24878,validation,0
24879,train,0
24880,train,0
24881,validation,1
24882,test,0
24883,train,0
24884,train,0
24885,train,0
24886,train,0
24887,test,0
24888,train,0
24889,test,0
24890,train,0
24891,train,1
24892,train,0
24893,train,1
24894,train,0
24895,test,1
24896,train,0
24897,train,0
24898,train,0
24899,train,0
24900,test,0
24901,train,0
24902,train,0
24903,test,0
24904,validation,1
24905,train,0
24906,train,0
24907,test,0
24908,validation,0
24909,validation,0
24910,train,0
24911,train,0
24912,train,0
24913,validation,0
24914,validation,0
24915,test,0
24916,test,0
24917,train,0
24918,train,0
24919,train,0
24920,test,0
24921,train,0
24922,train,0
24923,train,0
24924,validation,0
24925,validation,0
24926,validation,0
24927,test,0
24928,train,0
24929,validation,0
24930,train,0
24931,train,0
24932,train,0
24933,train,0
24934,train,0
24935,train,0
24936,validation,0
24937,train,0
24938,test,0
24939,train,0
24940,test,0
24941,train,0
24942,validation,0
24943,train,1
24944,validation,0
24945,train,0
24946,train,0
24947,train,0
24948,train,1
24949,train,0
24950,validation,0
24951,test,0
24952,train,0
24953,test,0
24954,test,0
24955,train,0
24956,train,1
24957,validation,0
24958,train,0
24959,validation,0
24960,train,0
24961,train,0
24962,train,0
24963,train,1
24964,validation,0
24965,train,0
24966,train,0
24967,validation,0
24968,test,0
24969,train,0
24970,train,0
24971,train,1
24972,train,1
24973,train,0
24974,train,0
24975,train,0
24976,train,0
24977,train,0
24978,train,0
24979,train,0
24980,train,0
24981,train,0
24982,validation,0
24983,train,0
24984,train,0
24985,test,0
24986,validation,1
24987,train,0
24988,train,0
24989,test,0
24990,train,1
24991,train,0
24992,test,0
24993,train,0
24994,train,0
24995,train,1
24996,train,0
24997,validation,0
24998,test,0
24999,train,0
25000,train,0
25001,train,0
25002,validation,1
25003,train,0
25004,train,1
25005,validation,0
25006,train,0
25007,train,0
25008,train,0
25009,test,0
25010,train,0
25011,train,0
25012,train,0
25013,train,1
25014,validation,0
25015,train,0
25016,train,0
25017,validation,0
25018,train,0
25019,train,0
25020,test,1
25021,validation,0
25022,train,0
25023,test,0
25024,train,0
25025,train,0
25026,train,1
25027,test,0
25028,train,0
25029,test,0
25030,train,1
25031,train,1
25032,train,0
25033,train,0
25034,train,0
25035,train,0
25036,train,1
25037,train,0
25038,train,1
25039,train,1
25040,train,1
25041,train,0
25042,train,0
25043,train,0
25044,train,1
25045,train,0
25046,train,0
25047,test,0
25048,test,0
25049,train,0
25050,train,0
25051,train,0
25052,train,0
25053,train,0
25054,validation,0
25055,train,0
25056,train,0
25057,test,0
25058,train,0
25059,validation,1
25060,validation,1
25061,train,0
25062,test,0
25063,train,0
25064,test,1
25065,validation,0
25066,train,0
25067,validation,0
25068,train,0
25069,validation,0
25070,train,0
25071,train,1
25072,test,0
25073,train,0
25074,train,0
25075,test,0
25076,validation,0
25077,train,0
25078,test,1
25079,train,0
25080,test,1
25081,train,0
25082,validation,0
25083,train,0
25084,validation,0
25085,validation,0
25086,train,0
25087,train,0
25088,validation,0
25089,validation,0
25090,test,0
25091,validation,1
25092,train,0
25093,train,0
25094,train,0
25095,train,1
25096,test,0
25097,train,1
25098,validation,0
25099,test,0
25100,test,0
25101,train,0
25102,validation,0
25103,train,0
25104,train,0
25105,validation,0
25106,test,0
25107,test,0
25108,train,0
25109,test,0
25110,train,0
25111,train,0
25112,train,0
25113,test,1
25114,train,0
25115,test,0
25116,train,0
25117,train,0
25118,train,0
25119,validation,0
25120,validation,0
25121,test,0
25122,validation,0
25123,train,0
25124,train,0
25125,train,0
25126,train,0
25127,train,0
25128,train,0
25129,test,0
25130,train,0
25131,train,0
25132,train,0
25133,test,1
25134,train,0
25135,train,0
25136,train,1
25137,train,0
25138,test,0
25139,train,0
25140,validation,0
25141,test,1
25142,train,0
25143,train,0
25144,train,0
25145,train,0
25146,train,0
25147,train,0
25148,test,0
25149,train,0
25150,train,0
25151,test,0
25152,validation,0
25153,train,1
25154,train,0
25155,test,0
25156,train,0
25157,train,1
25158,test,0
25159,train,0
25160,validation,0
25161,train,1
25162,test,0
25163,test,0
25164,train,0
25165,test,0
25166,validation,0
25167,test,0
25168,train,0
25169,validation,0
25170,train,0
25171,validation,0
25172,validation,0
25173,train,0
25174,train,0
25175,validation,0
25176,test,0
25177,test,0
25178,validation,0
25179,train,1
25180,train,1
25181,validation,0
25182,train,0
25183,train,0
25184,train,0
25185,test,0
25186,train,0
25187,train,0
25188,test,1
25189,train,0
25190,train,0
25191,train,0
25192,train,0
25193,test,0
25194,train,0
25195,train,0
25196,train,0
25197,test,0
25198,validation,0
25199,train,0
25200,train,1
25201,validation,0
25202,validation,0
25203,train,0
25204,train,1
25205,train,0
25206,train,0
25207,validation,0
25208,train,0
25209,train,0
25210,validation,1
25211,train,0
25212,train,1
25213,train,0
25214,test,0
25215,train,0
25216,train,0
25217,train,0
25218,train,0
25219,train,0
25220,train,0
25221,validation,0
25222,train,0
25223,train,0
25224,validation,1
25225,validation,0
25226,train,0
25227,test,0
25228,train,1
25229,train,0
25230,test,0
25231,test,0
25232,validation,0
25233,train,0
25234,train,0
25235,test,1
25236,train,0
25237,test,0
25238,train,0
25239,train,1
25240,validation,0
25241,test,0
25242,test,0
25243,test,0
25244,test,0
25245,train,0
25246,train,0
25247,train,0
25248,test,0
25249,test,0
25250,validation,1
25251,validation,1
25252,train,0
25253,train,0
25254,test,1
25255,train,0
25256,test,1
25257,train,1
25258,train,0
25259,test,1
25260,validation,0
25261,test,0
25262,train,0
25263,train,0
25264,train,0
25265,validation,0
25266,train,0
25267,test,1
25268,validation,0
25269,validation,0
25270,train,0
25271,train,0
25272,train,0
25273,validation,0
25274,train,0
25275,test,1
25276,train,0
25277,train,0
25278,train,0
25279,test,0
25280,train,0
25281,test,0
25282,train,0
25283,test,0
25284,train,0
25285,train,0
25286,test,0
25287,train,0
25288,train,0
25289,validation,1
25290,validation,1
25291,train,0
25292,validation,0
25293,train,0
25294,train,0
25295,train,0
25296,train,0
25297,test,0
25298,train,0
25299,test,0
25300,validation,1
25301,train,0
25302,train,0
25303,train,0
25304,validation,0
25305,test,0
25306,validation,0
25307,train,1
25308,validation,0
25309,test,0
25310,validation,0
25311,train,0
25312,train,0
25313,train,0
25314,validation,0
25315,test,0
25316,test,0
25317,train,0
25318,train,0
25319,train,1
25320,validation,0
25321,train,0
25322,train,0
25323,validation,1
25324,train,0
25325,train,1
25326,train,0
25327,train,0
25328,validation,0
25329,train,0
25330,test,0
25331,test,1
25332,train,0
25333,train,0
25334,train,0
25335,validation,0
25336,train,0
25337,train,0
25338,train,0
25339,train,0
25340,train,1
25341,train,0
25342,test,0
25343,train,0
25344,train,0
25345,validation,0
25346,train,1
25347,test,0
25348,validation,0
25349,train,1
25350,train,0
25351,test,0
25352,train,0
25353,train,0
25354,train,0
25355,validation,0
25356,train,0
25357,train,0
25358,train,0
25359,train,0
25360,validation,0
25361,test,0
25362,validation,0
25363,train,0
25364,test,1
25365,test,1
25366,validation,0
25367,train,0
25368,train,0
25369,validation,0
25370,train,1
25371,train,0
25372,train,0
25373,test,1
25374,train,0
25375,validation,0
25376,test,0
25377,train,0
25378,train,0
25379,validation,1
25380,train,1
25381,train,0
25382,train,0
25383,test,0
25384,train,0
25385,validation,0
25386,validation,0
25387,train,1
25388,train,1
25389,test,0
25390,test,0
25391,train,0
25392,train,0
25393,test,0
25394,train,0
25395,validation,0
25396,test,0
25397,train,0
25398,test,0
25399,train,0
25400,train,0
25401,train,0
25402,test,0
25403,train,0
25404,validation,0
25405,validation,0
25406,test,0
25407,test,0
25408,validation,0
25409,validation,1
25410,train,0
25411,train,1
25412,train,0
25413,validation,0
25414,train,0
25415,train,0
25416,train,0
25417,train,0
25418,train,0
25419,train,0
25420,train,0
25421,train,1
25422,validation,0
25423,train,0
25424,train,1
25425,train,0
25426,train,0
25427,test,0
25428,train,0
25429,train,0
25430,train,0
25431,train,0
25432,test,0
25433,validation,1
25434,train,0
25435,train,0
25436,validation,0
25437,train,0
25438,validation,1
25439,train,0
25440,train,1
25441,train,0
25442,test,0
25443,train,0
25444,test,1
25445,test,0
25446,train,0
25447,test,0
25448,train,0
25449,test,0
25450,test,0
25451,validation,0
25452,train,1
25453,train,0
25454,train,0
25455,train,1
25456,train,0
25457,test,0
25458,train,0
25459,validation,0
25460,train,0
25461,train,0
25462,test,0
25463,train,0
25464,train,1
25465,train,0
25466,test,0
25467,test,0
25468,train,0
25469,train,0
25470,train,1
25471,train,0
25472,validation,0
25473,train,0
25474,train,0
25475,train,0
25476,train,1
25477,train,0
25478,train,1
25479,train,0
25480,train,0
25481,train,0
25482,test,0
25483,train,0
25484,train,0
25485,train,0
25486,train,0
25487,train,0
25488,train,0
25489,train,0
25490,train,0
25491,train,0
25492,train,0
25493,validation,0
25494,validation,0
25495,train,0
25496,train,0
25497,validation,0
25498,test,0
25499,train,0
25500,validation,1
25501,test,0
25502,train,0
25503,train,0
25504,train,0
25505,test,0
25506,train,0
25507,train,0
25508,train,0
25509,train,1
25510,test,0
25511,validation,0
25512,train,0
25513,train,0
25514,validation,0
25515,train,1
25516,train,1
25517,train,0
25518,validation,0
25519,train,0
25520,train,0
25521,train,1
25522,test,0
25523,train,0
25524,train,0
25525,train,0
25526,train,0
25527,test,0
25528,train,0
25529,validation,0
25530,validation,0
25531,train,0
25532,train,0
25533,train,0
25534,train,0
25535,train,0
25536,test,0
25537,test,0
25538,train,0
25539,train,0
25540,train,0
25541,train,0
25542,train,0
25543,train,0
25544,train,0
25545,train,0
25546,train,0
25547,train,0
25548,validation,1
25549,train,0
25550,train,0
25551,validation,0
25552,train,0
25553,train,1
25554,train,0
25555,train,0
25556,train,0
25557,validation,1
25558,train,0
25559,validation,0
25560,train,0
25561,train,0
25562,test,0
25563,test,0
25564,train,0
25565,train,0
25566,test,0
25567,train,0
25568,train,0
25569,validation,0
25570,train,0
25571,train,0
25572,train,1
25573,train,0
25574,train,0
25575,train,0
25576,train,0
25577,train,1
25578,train,0
25579,validation,0
25580,train,1
25581,train,1
25582,train,0
25583,train,0
25584,train,0
25585,train,1
25586,test,1
25587,train,0
25588,validation,0
25589,train,0
25590,validation,0
25591,train,0
25592,test,0
25593,validation,0
25594,validation,0
25595,train,0
25596,test,0
25597,train,0
25598,test,1
25599,test,1
25600,train,0
25601,train,0
25602,train,0
25603,train,1
25604,train,0
25605,train,1
25606,train,0
25607,train,0
25608,train,0
25609,train,0
25610,test,1
25611,train,0
25612,test,0
25613,test,0
25614,train,0
25615,validation,0
25616,train,0
25617,train,0
25618,validation,0
25619,train,0
25620,train,1
25621,validation,0
25622,train,0
25623,train,0
25624,train,0
25625,train,1
25626,test,1
25627,validation,0
25628,train,0
25629,train,0
25630,train,0
25631,train,0
25632,train,1
25633,train,1
25634,train,0
25635,train,0
25636,validation,0
25637,train,0
25638,train,0
25639,train,1
25640,train,0
25641,test,0
25642,test,0
25643,validation,0
25644,validation,1
25645,train,0
25646,validation,1
25647,validation,0
25648,train,0
25649,train,0
25650,train,0
25651,train,0
25652,train,0
25653,test,0
25654,validation,0
25655,train,0
25656,train,0
25657,validation,0
25658,train,0
25659,test,0
25660,validation,0
25661,train,0
25662,train,1
25663,train,0
25664,train,0
25665,validation,0
25666,validation,0
25667,test,0
25668,validation,0
25669,validation,1
25670,train,0
25671,train,0
25672,validation,0
25673,train,0
25674,validation,0
25675,train,0
25676,train,1
25677,train,1
25678,train,1
25679,train,0
25680,train,1
25681,test,0
25682,train,1
25683,train,0
25684,train,0
25685,validation,0
25686,train,0
25687,train,0
25688,validation,0
25689,train,0
25690,test,0
25691,train,0
25692,test,0
25693,train,0
25694,validation,0
25695,train,0
25696,train,0
25697,test,0
25698,train,0
25699,train,0
25700,test,1
25701,train,0
25702,train,0
25703,train,0
25704,train,0
25705,train,0
25706,train,0
25707,test,1
25708,train,0
25709,train,0
25710,train,0
25711,train,0
25712,train,0
25713,validation,0
25714,train,0
25715,validation,1
25716,train,0
25717,test,0
25718,train,0
25719,validation,0
25720,train,0
25721,test,0
25722,validation,0
25723,validation,0
25724,validation,0
25725,validation,0
25726,train,0
25727,test,1
25728,train,0
25729,validation,0
25730,train,0
25731,train,0
25732,test,0
25733,test,0
25734,train,0
25735,train,0
25736,train,0
25737,train,0
25738,train,0
25739,train,0
25740,train,1
25741,train,0
25742,train,0
25743,validation,0
25744,train,1
25745,train,1
25746,train,0
25747,train,0
25748,train,0
25749,validation,0
25750,test,1
25751,train,0
25752,test,0
25753,train,0
25754,train,1
25755,validation,1
25756,train,0
25757,train,0
25758,train,1
25759,train,0
25760,validation,1
25761,test,0
25762,train,0
25763,train,0
25764,train,0
25765,train,1
25766,train,0
25767,train,0
25768,validation,1
25769,train,0
25770,test,0
25771,train,0
25772,train,0
25773,test,0
25774,train,0
25775,validation,1
25776,train,1
25777,train,0
25778,train,0
25779,train,0
25780,train,0
25781,test,0
25782,train,0
25783,validation,0
25784,train,0
25785,train,1
25786,train,0
25787,train,0
25788,train,0
25789,validation,0
25790,validation,0
25791,train,0
25792,train,0
25793,validation,0
25794,train,0
25795,train,0
25796,train,0
25797,validation,0
25798,validation,0
25799,validation,0
25800,train,0
25801,train,0
25802,train,0
25803,train,0
25804,train,0
25805,train,0
25806,train,1
25807,train,0
25808,train,0
25809,train,0
25810,validation,0
25811,train,0
25812,test,0
25813,validation,1
25814,validation,1
25815,test,1
25816,train,0
25817,validation,0
25818,validation,0
25819,train,0
25820,train,0
25821,train,0
25822,train,0
25823,train,0
25824,train,0
25825,validation,0
25826,train,1
25827,validation,0
25828,train,0
25829,test,0
25830,validation,0
25831,train,1
25832,test,0
25833,test,1
25834,validation,0
25835,validation,1
25836,train,0
25837,train,0
25838,test,0
25839,train,0
25840,train,1
25841,test,0
25842,validation,0
25843,train,0
25844,train,0
25845,train,0
25846,validation,1
25847,train,0
25848,train,0
25849,validation,0
25850,train,0
25851,validation,0
25852,train,0
25853,train,1
25854,test,0
25855,train,1
25856,train,0
25857,train,0
25858,validation,0
25859,validation,0
25860,train,0
25861,train,0
25862,train,0
25863,validation,1
25864,train,0
25865,test,1
25866,test,0
25867,test,1
25868,train,0
25869,train,0
25870,train,0
25871,test,0
25872,test,0
25873,train,0
25874,validation,0
25875,validation,0
25876,train,0
25877,test,1
25878,validation,0
25879,train,0
25880,train,1
25881,train,0
25882,train,0
25883,train,0
25884,train,0
25885,test,0
25886,train,0
25887,validation,0
25888,train,0
25889,train,0
25890,train,0
25891,train,0
25892,test,0
25893,train,0
25894,validation,1
25895,train,0
25896,test,0
25897,test,0
25898,validation,1
25899,train,0
25900,train,0
25901,test,1
25902,train,0
25903,train,0
25904,train,1
25905,train,1
25906,validation,0
25907,train,0
25908,train,0
25909,train,0
25910,train,0
25911,test,0
25912,train,0
25913,train,1
25914,train,0
25915,train,1
25916,train,0
25917,train,0
25918,validation,0
25919,train,0
25920,train,0
25921,test,0
25922,train,1
25923,validation,1
25924,train,1
25925,train,0
25926,validation,0
25927,train,0
25928,train,0
25929,train,0
25930,train,0
25931,train,0
25932,train,0
25933,train,0
25934,test,1
25935,test,1
25936,test,1
25937,train,1
25938,validation,0
25939,test,0
25940,train,0
25941,train,1
25942,train,0
25943,train,0
25944,validation,0
25945,train,0
25946,train,0
25947,train,0
25948,train,0
25949,train,1
25950,validation,0
25951,test,0
25952,test,0
25953,train,1
25954,train,0
25955,train,0
25956,train,0
25957,train,0
25958,validation,0
25959,train,0
25960,validation,0
25961,train,0
25962,train,0
25963,test,1
25964,test,0
25965,test,1
25966,train,0
25967,train,0
25968,train,0
25969,validation,0
25970,train,1
25971,validation,0
25972,train,0
25973,train,0
25974,train,1
25975,train,0
25976,validation,0
25977,test,0
25978,train,0
25979,validation,0
25980,validation,0
25981,validation,0
25982,train,0
25983,train,1
25984,test,0
25985,train,1
25986,train,0
25987,validation,0
25988,validation,1
25989,validation,1
25990,train,1
25991,validation,0
25992,train,1
25993,test,0
25994,train,0
25995,train,0
25996,train,0
25997,validation,0
25998,validation,1
25999,train,0
26000,test,1
26001,validation,0
26002,train,0
26003,validation,0
26004,validation,0
26005,train,1
26006,validation,0
26007,train,0
26008,validation,0
26009,train,0
26010,validation,0
26011,test,1
26012,test,0
26013,test,0
26014,train,0
26015,train,0
26016,test,1
26017,train,0
26018,train,0
26019,train,0
26020,validation,1
26021,validation,1
26022,train,0
26023,validation,0
26024,train,0
26025,test,0
26026,train,0
26027,train,0
26028,test,0
26029,train,0
26030,train,0
26031,train,0
26032,train,1
26033,train,0
26034,train,0
26035,train,0
26036,train,0
26037,validation,0
26038,train,0
26039,test,0
26040,test,1
26041,validation,1
26042,train,0
26043,test,0
26044,test,0
26045,train,0
26046,train,0
26047,train,0
26048,train,0
26049,train,0
26050,test,0
26051,validation,0
26052,validation,0
26053,test,0
26054,train,1
26055,test,0
26056,train,1
26057,validation,1
26058,train,0
26059,train,0
26060,train,0
26061,train,0
26062,train,0
26063,train,0
26064,train,0
26065,train,0
26066,test,0
26067,train,0
26068,train,0
26069,validation,1
26070,test,0
26071,train,0
26072,validation,0
26073,validation,0
26074,train,0
26075,train,0
26076,train,0
26077,train,0
26078,validation,0
26079,validation,1
26080,train,0
26081,train,0
26082,validation,0
26083,validation,0
26084,test,0
26085,train,0
26086,validation,0
26087,train,0
26088,train,0
26089,test,0
26090,train,0
26091,test,0
26092,train,0
26093,train,0
26094,train,0
26095,test,1
26096,validation,1
26097,train,1
26098,train,1
26099,test,0
26100,validation,0
26101,train,0
26102,test,0
26103,train,0
26104,train,1
26105,train,0
26106,train,1
26107,train,0
26108,train,1
26109,train,0
26110,train,0
26111,train,0
26112,test,0
26113,train,0
26114,train,0
26115,validation,0
26116,test,0
26117,train,0
26118,validation,0
26119,validation,1
26120,train,0
26121,validation,1
26122,train,0
26123,validation,0
26124,validation,0
26125,test,0
26126,validation,0
26127,train,0
26128,train,1
26129,validation,0
26130,train,0
26131,train,0
26132,test,0
26133,validation,1
26134,train,0
26135,train,0
26136,train,0
26137,train,0
26138,train,0
26139,test,0
26140,test,0
26141,validation,0
26142,train,0
26143,validation,0
26144,train,0
26145,train,0
26146,test,0
26147,test,0
26148,validation,0
26149,validation,0
26150,validation,0
26151,train,0
26152,train,0
26153,train,0
26154,train,1
26155,train,0
26156,train,1
26157,validation,0
26158,train,0
26159,train,1
26160,train,0
26161,train,0
26162,train,0
26163,test,0
26164,validation,0
26165,train,0
26166,train,0
26167,train,0
26168,test,1
26169,validation,0
26170,test,0
26171,validation,0
26172,validation,0
26173,train,0
26174,train,0
26175,test,0
26176,train,0
26177,test,0
26178,train,0
26179,train,0
26180,train,1
26181,validation,0
26182,validation,1
26183,train,0
26184,train,0
26185,train,0
26186,train,0
26187,validation,0
26188,test,0
26189,test,1
26190,train,0
26191,train,0
26192,test,0
26193,train,0
26194,test,0
26195,train,1
26196,test,0
26197,train,1
26198,test,1
26199,test,1
26200,test,0
26201,validation,0
26202,validation,0
26203,train,0
26204,train,0
26205,validation,1
26206,test,0
26207,train,0
26208,train,0
26209,test,0
26210,train,0
26211,train,0
26212,train,0
26213,train,0
26214,test,0
26215,validation,0
26216,train,1
26217,train,0
26218,validation,0
26219,train,0
26220,train,0
26221,test,0
26222,train,1
26223,train,0
26224,train,0
26225,validation,0
26226,train,0
26227,train,0
26228,train,0
26229,train,0
26230,train,0
26231,train,0
26232,test,0
26233,train,0
26234,train,0
26235,train,0
26236,train,0
26237,train,1
26238,test,0
26239,validation,0
26240,validation,0
26241,train,0
26242,train,1
26243,train,0
26244,train,0
26245,train,0
26246,train,0
26247,train,0
26248,train,0
26249,train,0
26250,train,0
26251,validation,0
26252,train,0
26253,validation,0
26254,validation,0
26255,validation,0
26256,validation,1
26257,test,0
26258,validation,0
26259,train,0
26260,validation,0
26261,train,0
26262,test,0
26263,train,0
26264,train,0
26265,train,0
26266,validation,0
26267,train,0
26268,train,0
26269,train,0
26270,test,0
26271,test,0
26272,train,0
26273,validation,0
26274,train,0
26275,train,0
26276,train,0
26277,test,0
26278,train,0
26279,validation,0
26280,train,0
26281,train,0
26282,train,1
26283,train,0
26284,test,0
26285,train,0
26286,train,0
26287,train,0
26288,validation,0
26289,train,0
26290,train,0
26291,train,0
26292,test,0
26293,train,0
26294,test,1
26295,test,0
26296,train,1
26297,train,0
26298,train,0
26299,test,0
26300,train,0
26301,train,1
26302,train,0
26303,validation,1
26304,test,0
26305,train,0
26306,train,0
26307,train,0
26308,validation,0
26309,validation,0
26310,test,1
26311,train,1
26312,validation,0
26313,validation,0
26314,test,0
26315,test,0
26316,validation,0
26317,train,0
26318,validation,0
26319,test,0
26320,validation,0
26321,test,0
26322,train,1
26323,test,0
26324,train,0
26325,test,0
26326,validation,0
26327,validation,0
26328,train,0
26329,validation,0
26330,train,0
26331,validation,0
26332,test,0
26333,test,0
26334,train,0
26335,validation,1
26336,train,0
26337,train,1
26338,train,0
26339,train,0
26340,test,0
26341,train,1
26342,test,0
26343,test,0
26344,train,0
26345,validation,0
26346,test,0
26347,train,0
26348,train,0
26349,train,1
26350,validation,0
26351,test,0
26352,test,0
26353,train,0
26354,test,0
26355,test,0
26356,train,0
26357,test,0
26358,test,0
26359,train,0
26360,validation,0
26361,validation,0
26362,train,1
26363,validation,0
26364,train,0
26365,train,0
26366,train,0
26367,validation,0
26368,test,0
26369,train,1
26370,test,0
26371,validation,1
26372,validation,0
26373,train,0
26374,train,1
26375,train,1
26376,train,0
26377,train,0
26378,train,0
26379,train,0
26380,train,1
26381,train,0
26382,train,0
26383,train,0
26384,train,0
26385,test,0
26386,train,0
26387,validation,0
26388,train,0
26389,validation,0
26390,train,1
26391,train,0
26392,validation,0
26393,train,0
26394,train,1
26395,train,0
26396,validation,0
26397,train,0
26398,test,1
26399,validation,0
26400,validation,1
26401,test,0
26402,train,1
26403,train,0
26404,test,0
26405,test,0
26406,train,1
26407,test,0
26408,validation,0
26409,train,0
26410,test,0
26411,train,0
26412,test,0
26413,validation,1
26414,train,1
26415,validation,0
26416,train,0
26417,train,0
26418,validation,0
26419,train,0
26420,train,0
26421,train,1
26422,test,0
26423,validation,0
26424,train,0
26425,validation,0
26426,validation,0
26427,test,0
26428,train,0
26429,train,0
26430,train,0
26431,train,0
26432,test,1
26433,validation,0
26434,train,1
26435,train,0
26436,train,0
26437,train,0
26438,train,0
26439,train,0
26440,train,0
26441,train,0
26442,train,0
26443,validation,0
26444,train,0
26445,test,0
26446,train,1
26447,validation,0
26448,test,1
26449,validation,0
26450,test,0
26451,test,0
26452,test,0
26453,test,0
26454,train,0
26455,train,1
26456,validation,1
26457,test,0
26458,validation,0
26459,train,0
26460,train,0
26461,train,0
26462,train,0
26463,test,0
26464,train,1
26465,test,0
26466,train,0
26467,validation,1
26468,test,0
26469,train,0
26470,test,0
26471,train,0
26472,test,0
26473,test,0
26474,test,1
26475,validation,0
26476,train,0
26477,train,0
26478,validation,1
26479,train,0
26480,validation,1
26481,validation,0
26482,test,0
26483,train,0
26484,train,0
26485,train,1
26486,test,0
26487,train,0
26488,test,0
26489,train,0
26490,train,0
26491,test,1
26492,train,0
26493,validation,0
26494,test,1
26495,train,0
26496,validation,0
26497,train,0
26498,train,0
26499,train,0
26500,train,0
26501,test,0
26502,train,0
26503,validation,0
26504,test,0
26505,validation,0
26506,train,1
26507,test,0
26508,validation,0
26509,train,0
26510,test,1
26511,validation,0
26512,validation,0
26513,train,0
26514,train,1
26515,train,0
26516,train,0
26517,train,0
26518,train,0
26519,train,0
26520,train,0
26521,train,1
26522,train,0
26523,train,1
26524,validation,0
26525,test,0
26526,train,0
26527,test,0
26528,test,1
26529,train,0
26530,validation,0
26531,validation,0
26532,train,0
26533,train,1
26534,test,0
26535,train,0
26536,train,0
26537,validation,0
26538,test,0
26539,test,0
26540,test,0
26541,train,1
26542,train,1
26543,train,0
26544,train,0
26545,validation,0
26546,test,1
26547,train,0
26548,train,0
26549,train,0
26550,train,0
26551,train,0
26552,train,0
26553,test,0
26554,train,0
26555,train,0
26556,validation,0
26557,train,0
26558,validation,0
26559,test,0
26560,validation,0
26561,validation,0
26562,test,0
26563,validation,0
26564,validation,0
26565,train,0
26566,train,0
26567,test,0
26568,train,0
26569,validation,1
26570,train,0
26571,train,0
26572,train,0
26573,train,0
26574,train,0
26575,train,0
26576,train,0
26577,train,0
26578,test,0
26579,train,1
26580,train,0
26581,test,1
26582,train,0
26583,train,1
26584,train,0
26585,test,0
26586,validation,0
26587,train,0
26588,train,1
26589,validation,0
26590,train,0
26591,test,1
26592,test,0
26593,train,0
26594,train,0
26595,train,0
26596,test,1
26597,train,0
26598,train,0
26599,validation,0
26600,train,0
26601,test,0
26602,test,0
26603,train,0
26604,validation,0
26605,train,0
26606,train,0
26607,validation,0
26608,train,0
26609,test,0
26610,train,0
26611,train,0
26612,train,1
26613,train,0
26614,validation,0
26615,train,0
26616,validation,0
26617,train,0
26618,train,0
26619,train,0
26620,train,0
26621,train,1
26622,train,0
26623,train,0
26624,train,0
26625,validation,1
26626,train,0
26627,test,0
26628,train,0
26629,validation,0
26630,test,0
26631,validation,0
26632,test,0
26633,train,0
26634,validation,0
26635,train,0
26636,test,0
26637,train,0
26638,test,0
26639,train,0
26640,train,0
26641,train,0
26642,train,0
26643,test,0
26644,train,1
26645,train,0
26646,train,1
26647,test,0
26648,train,0
26649,train,0
26650,train,0
26651,test,0
26652,train,1
26653,train,1
26654,train,0
26655,train,0
26656,train,0
26657,validation,0
26658,test,0
26659,validation,0
26660,train,0
26661,test,0
26662,test,1
26663,train,0
26664,train,0
26665,test,0
26666,train,0
26667,train,0
26668,train,0
26669,test,0
26670,test,1
26671,test,0
26672,test,0
26673,test,0
26674,validation,0
26675,test,0
26676,train,0
26677,validation,1
26678,train,1
26679,validation,0
26680,train,0
26681,train,0
26682,train,0
26683,train,0
26684,train,1
26685,test,0
26686,validation,0
26687,train,0
26688,train,1
26689,test,0
26690,test,1
26691,validation,1
26692,train,1
26693,train,0
26694,train,0
26695,train,0
26696,train,1
26697,train,1
26698,train,0
26699,train,0
26700,train,0
26701,test,0
26702,train,0
26703,test,0
26704,train,0
26705,train,1
26706,train,1
26707,validation,0
26708,train,1
26709,test,0
26710,train,0
26711,test,0
26712,train,0
26713,train,0
26714,train,0
26715,test,0
26716,test,0
26717,train,0
26718,test,0
26719,test,0
26720,train,0
26721,train,0
26722,test,0
26723,test,0
26724,test,1
26725,validation,0
26726,train,0
26727,validation,0
26728,train,0
26729,train,1
26730,train,0
26731,train,0
26732,train,0
26733,validation,1
26734,train,0
26735,validation,0
26736,test,0
26737,validation,0
26738,validation,0
26739,test,0
26740,test,1
26741,train,0
26742,test,0
26743,train,0
26744,train,0
26745,train,0
26746,test,0
26747,train,0
26748,train,0
26749,train,0
26750,train,0
26751,train,0
26752,validation,0
26753,train,0
26754,validation,0
26755,validation,1
26756,validation,0
26757,train,0
26758,train,0
26759,validation,1
26760,train,1
26761,train,0
26762,train,1
26763,test,0
26764,validation,1
26765,validation,0
26766,train,0
26767,train,0
26768,validation,0
26769,train,0
26770,train,0
26771,test,0
26772,train,0
26773,train,0
26774,validation,0
26775,train,0
26776,train,0
26777,train,0
26778,test,1
26779,train,0
26780,train,0
26781,test,1
26782,train,1
26783,train,1
26784,train,0
26785,validation,0
26786,test,1
26787,train,0
26788,train,0
26789,validation,0
26790,validation,0
26791,train,0
26792,train,0
26793,train,0
26794,validation,0
26795,train,0
26796,validation,0
26797,test,0
26798,train,0
26799,validation,0
26800,validation,0
26801,train,0
26802,validation,0
26803,validation,0
26804,test,0
26805,train,0
26806,test,0
26807,train,0
26808,train,0
26809,validation,0
26810,validation,0
26811,test,0
26812,test,1
26813,test,0
26814,train,1
26815,train,0
26816,train,0
26817,validation,0
26818,train,0
26819,test,0
26820,train,0
26821,train,0
26822,train,0
26823,validation,0
26824,train,0
26825,validation,1
26826,test,0
26827,train,0
26828,train,0
26829,train,0
26830,test,1
26831,train,0
26832,train,1
26833,train,0
26834,train,0
26835,train,0
26836,train,0
26837,train,0
26838,train,0
26839,train,0
26840,train,0
26841,train,0
26842,train,0
26843,train,0
26844,train,1
26845,train,1
26846,train,0
26847,train,0
26848,train,0
26849,train,0
26850,train,1
26851,train,0
26852,train,1
26853,validation,0
26854,train,0
26855,validation,0
26856,train,0
26857,train,0
26858,test,0
26859,test,0
26860,train,0
26861,train,0
26862,test,0
26863,test,0
26864,validation,0
26865,train,1
26866,train,0
26867,test,0
26868,validation,0
26869,train,0
26870,validation,0
26871,train,0
26872,train,0
26873,train,0
26874,train,1
26875,validation,0
26876,train,0
26877,train,0
26878,train,0
26879,train,0
26880,train,0
26881,test,1
26882,validation,0
26883,test,0
26884,train,0
26885,train,0
26886,validation,0
26887,train,0
26888,train,0
26889,train,1
26890,validation,0
26891,train,0
26892,train,0
26893,train,0
26894,train,0
26895,train,0
26896,test,1
26897,test,1
26898,train,0
26899,validation,1
26900,test,0
26901,train,1
26902,train,0
26903,train,0
26904,train,0
26905,validation,0
26906,train,0
26907,test,0
26908,train,0
26909,test,0
26910,train,0
26911,test,0
26912,train,0
26913,train,1
26914,train,0
26915,validation,0
26916,train,1
26917,train,0
26918,train,0
26919,test,0
26920,test,1
26921,test,0
26922,validation,0
26923,train,0
26924,train,0
26925,train,0
26926,train,0
26927,test,0
26928,train,1
26929,test,0
26930,train,0
26931,validation,0
26932,test,0
26933,validation,1
26934,test,0
26935,train,0
26936,train,0
26937,validation,0
26938,validation,0
26939,train,0
26940,train,1
26941,validation,0
26942,train,0
26943,train,1
26944,validation,0
26945,test,0
26946,train,0
26947,train,0
26948,validation,0
26949,train,0
26950,test,0
26951,validation,0
26952,test,0
26953,validation,0
26954,train,1
26955,train,0
26956,train,0
26957,test,0
26958,test,0
26959,train,0
26960,train,1
26961,train,0
26962,validation,0
26963,train,0
26964,train,0
26965,train,1
26966,train,0
26967,validation,0
26968,train,0
26969,test,0
26970,test,0
26971,test,0
26972,test,0
26973,train,0
26974,train,0
26975,train,0
26976,train,0
26977,train,0
26978,train,0
26979,train,0
26980,train,0
26981,validation,0
26982,test,0
26983,train,0
26984,test,1
26985,test,0
26986,validation,0
26987,train,0
26988,test,0
26989,train,0
26990,test,0
26991,train,0
26992,test,0
26993,validation,0
26994,train,0
26995,test,0
26996,test,0
26997,test,0
26998,validation,0
26999,validation,0
27000,train,0
27001,validation,0
27002,train,1
27003,train,0
27004,test,0
27005,test,0
27006,test,0
27007,train,0
27008,train,1
27009,train,0
27010,test,0
27011,train,1
27012,train,1
27013,train,0
27014,train,0
27015,test,0
27016,train,0
27017,test,0
27018,test,0
27019,test,0
27020,validation,0
27021,train,0
27022,train,0
27023,train,0
27024,test,0
27025,train,0
27026,train,0
27027,train,0
27028,train,0
27029,validation,0
27030,train,0
27031,test,0
27032,validation,0
27033,train,0
27034,train,1
27035,train,0
27036,test,0
27037,validation,0
27038,test,0
27039,test,0
27040,train,0
27041,train,0
27042,train,0
27043,train,0
27044,train,0
27045,train,0
27046,train,0
27047,train,0
27048,test,0
27049,train,0
27050,train,0
27051,train,0
27052,train,0
27053,train,0
27054,train,0
27055,train,0
27056,test,0
27057,train,0
27058,train,0
27059,train,0
27060,train,1
27061,train,1
27062,train,0
27063,validation,0
27064,test,0
27065,train,0
27066,train,0
27067,train,0
27068,train,0
27069,validation,0
27070,train,0
27071,train,0
27072,validation,0
27073,train,0
27074,train,0
27075,train,0
27076,test,0
27077,validation,1
27078,train,0
27079,train,1
27080,test,0
27081,validation,0
27082,train,0
27083,train,1
27084,train,0
27085,validation,0
27086,validation,0
27087,train,1
27088,train,0
27089,test,0
27090,test,0
27091,train,1
27092,train,0
27093,test,0
27094,train,0
27095,test,1
27096,train,0
27097,train,0
27098,test,0
27099,train,0
27100,train,0
27101,train,0
27102,test,1
27103,train,0
27104,test,1
27105,train,0
27106,train,0
27107,train,1
27108,train,0
27109,train,0
27110,test,0
27111,test,1
27112,train,0
27113,validation,0
27114,test,0
27115,train,0
27116,test,1
27117,test,0
27118,train,0
27119,train,0
27120,train,1
27121,train,0
27122,validation,0
27123,train,0
27124,train,1
27125,test,0
27126,validation,0
27127,validation,1
27128,train,0
27129,test,1
27130,test,0
27131,train,0
27132,train,0
27133,test,1
27134,test,0
27135,train,0
27136,train,0
27137,train,0
27138,train,1
27139,train,0
27140,test,1
27141,validation,0
27142,train,0
27143,train,0
27144,train,0
27145,train,0
27146,test,0
27147,train,0
27148,train,0
27149,train,0
27150,train,0
27151,test,0
27152,train,0
27153,test,0
27154,test,1
27155,train,0
27156,test,0
27157,train,1
27158,validation,0
27159,test,0
27160,test,0
27161,train,0
27162,train,1
27163,train,1
27164,train,0
27165,train,0
27166,test,0
27167,test,0
27168,train,1
27169,validation,0
27170,train,0
27171,test,0
27172,train,0
27173,train,0
27174,train,0
27175,test,0
27176,test,0
27177,train,0
27178,test,0
27179,train,0
27180,test,0
27181,train,0
27182,train,0
27183,train,0
27184,test,0
27185,train,0
27186,train,0
27187,train,0
27188,train,0
27189,train,0
27190,train,0
27191,train,0
27192,train,0
27193,train,0
27194,train,0
27195,validation,0
27196,train,0
27197,train,0
27198,train,1
27199,train,0
27200,validation,0
27201,test,0
27202,train,0
27203,train,0
27204,validation,0
27205,train,0
27206,train,1
27207,validation,0
27208,test,0
27209,validation,0
27210,train,0
27211,validation,0
27212,train,0
27213,validation,0
27214,validation,1
27215,validation,0
27216,train,0
27217,train,0
27218,validation,0
27219,train,0
27220,validation,1
27221,train,0
27222,train,0
27223,train,0
27224,train,0
27225,train,0
27226,train,1
27227,train,0
27228,test,1
27229,test,0
27230,test,0
27231,test,0
27232,train,0
27233,train,0
27234,train,0
27235,validation,0
27236,train,0
27237,validation,0
27238,train,0
27239,validation,0
27240,validation,0
27241,train,0
27242,validation,0
27243,train,1
27244,test,0
27245,test,0
27246,train,0
27247,train,0
27248,train,0
27249,train,0
27250,train,0
27251,train,0
27252,validation,0
27253,validation,0
27254,train,0
27255,test,0
27256,train,0
27257,train,0
27258,validation,1
27259,validation,0
27260,validation,0
27261,test,0
27262,validation,0
27263,test,0
27264,test,0
27265,train,0
27266,train,0
27267,validation,0
27268,train,0
27269,test,0
27270,train,0
27271,validation,0
27272,train,0
27273,train,0
27274,test,1
27275,train,1
27276,train,1
27277,train,0
27278,test,0
27279,test,0
27280,train,0
27281,train,0
27282,train,1
27283,train,0
27284,test,0
27285,test,0
27286,train,0
27287,validation,0
27288,validation,1
27289,train,0
27290,train,0
27291,train,0
27292,test,1
27293,validation,0
27294,validation,0
27295,test,0
27296,validation,0
27297,train,0
27298,train,0
27299,train,0
27300,test,0
27301,test,0
27302,validation,0
27303,test,0
27304,train,0
27305,train,0
27306,validation,0
27307,train,0
27308,train,0
27309,test,0
27310,train,0
27311,train,0
27312,train,0
27313,train,0
27314,train,0
27315,train,1
27316,train,1
27317,train,0
27318,validation,0
27319,train,0
27320,validation,0
27321,train,0
27322,test,0
27323,test,0
27324,train,0
27325,test,0
27326,test,1
27327,test,0
27328,train,0
27329,validation,0
27330,train,0
27331,train,1
27332,test,0
27333,train,0
27334,train,0
27335,test,0
27336,train,0
27337,train,0
27338,test,0
27339,test,0
27340,train,0
27341,train,0
27342,train,0
27343,train,1
27344,train,0
27345,train,0
27346,test,0
27347,train,0
27348,validation,1
27349,train,0
27350,train,0
27351,train,0
27352,train,0
27353,train,0
27354,validation,0
27355,train,0
27356,train,1
27357,train,1
27358,test,0
27359,train,1
27360,validation,0
27361,train,0
27362,test,0
27363,test,0
27364,train,1
27365,validation,0
27366,train,0
27367,train,1
27368,test,0
27369,validation,0
27370,test,1
27371,validation,0
27372,test,0
27373,train,0
27374,train,0
27375,validation,0
27376,test,0
27377,test,0
27378,train,0
27379,test,0
27380,train,0
27381,train,0
27382,validation,0
27383,train,0
27384,validation,0
27385,validation,0
27386,train,0
27387,train,1
27388,train,0
27389,validation,0
27390,validation,0
27391,validation,0
27392,train,0
27393,train,0
27394,validation,0
27395,train,0
27396,train,0
27397,train,1
27398,train,0
27399,validation,0
27400,train,0
27401,train,0
27402,validation,1
27403,train,0
27404,train,0
27405,validation,0
27406,train,0
27407,test,0
27408,test,0
27409,test,0
27410,train,0
27411,train,0
27412,train,0
27413,validation,1
27414,validation,0
27415,validation,0
27416,test,0
27417,train,1
27418,test,0
27419,train,0
27420,train,1
27421,train,1
27422,test,0
27423,train,1
27424,train,0
27425,train,0
27426,test,1
27427,train,0
27428,train,0
27429,test,0
27430,train,0
27431,test,0
27432,train,0
27433,test,0
27434,validation,0
27435,train,0
27436,train,0
27437,train,0
27438,train,0
27439,train,1
27440,train,0
27441,train,0
27442,test,0
27443,test,0
27444,train,1
27445,train,0
27446,train,0
27447,train,0
27448,test,1
27449,validation,0
27450,train,0
27451,train,0
27452,train,0
27453,train,0
27454,train,0
27455,test,0
27456,train,0
27457,validation,0
27458,validation,0
27459,train,1
27460,train,0
27461,train,0
27462,test,0
27463,train,0
27464,train,0
27465,train,0
27466,train,0
27467,train,0
27468,validation,1
27469,train,0
27470,train,0
27471,train,0
27472,train,0
27473,train,0
27474,train,1
27475,train,0
27476,validation,1
27477,train,0
27478,train,0
27479,validation,0
27480,test,1
27481,train,1
27482,validation,0
27483,train,0
27484,train,0
27485,train,0
27486,test,0
27487,test,0
27488,train,0
27489,train,0
27490,validation,0
27491,validation,0
27492,train,0
27493,test,1
27494,train,0
27495,train,0
27496,train,0
27497,test,0
27498,train,0
27499,train,0
27500,train,1
27501,test,0
27502,validation,0
27503,validation,0
27504,validation,1
27505,train,0
27506,train,0
27507,train,0
27508,train,0
27509,train,0
27510,validation,0
27511,train,0
27512,validation,1
27513,train,0
27514,train,1
27515,train,0
27516,validation,0
27517,train,0
27518,train,0
27519,test,0
27520,test,0
27521,train,1
27522,train,0
27523,train,1
27524,train,0
27525,test,0
27526,train,0
27527,test,0
27528,test,0
27529,validation,0
27530,train,0
27531,validation,0
27532,test,0
27533,validation,0
27534,validation,0
27535,train,1
27536,validation,0
27537,validation,0
27538,validation,0
27539,train,0
27540,train,1
27541,validation,0
27542,test,0
27543,validation,0
27544,validation,0
27545,train,0
27546,train,0
27547,train,0
27548,train,1
27549,validation,0
27550,train,0
27551,test,1
27552,train,0
27553,validation,1
27554,train,0
27555,train,1
27556,train,0
27557,test,1
27558,validation,0
27559,train,0
27560,test,0
27561,train,0
27562,train,0
27563,train,0
27564,train,1
27565,train,0
27566,train,0
27567,test,1
27568,test,0
27569,train,0
27570,train,0
27571,test,0
27572,validation,0
27573,train,0
27574,train,0
27575,test,0
27576,test,1
27577,validation,0
27578,train,0
27579,validation,0
27580,validation,0
27581,validation,0
27582,test,0
27583,train,0
27584,train,0
27585,train,0
27586,validation,0
27587,train,0
27588,train,0
27589,train,0
27590,validation,0
27591,train,0
27592,test,0
27593,validation,0
27594,train,0
27595,train,0
27596,train,0
27597,test,0
27598,train,0
27599,validation,1
27600,train,0
27601,validation,1
27602,validation,0
27603,train,0
27604,train,0
27605,test,1
27606,train,0
27607,test,1
27608,train,0
27609,validation,0
27610,train,0
27611,train,1
27612,test,0
27613,train,0
27614,validation,0
27615,validation,0
27616,test,0
27617,train,0
27618,train,0
27619,validation,0
27620,train,1
27621,validation,0
27622,train,1
27623,train,0
27624,train,0
27625,train,0
27626,test,0
27627,test,0
27628,train,0
27629,train,0
27630,test,0
27631,train,0
27632,train,1
27633,test,0
27634,validation,0
27635,train,1
27636,train,0
27637,train,0
27638,validation,0
27639,train,0
27640,train,0
27641,train,1
27642,train,0
27643,train,0
27644,train,0
27645,train,0
27646,train,0
27647,train,0
27648,train,0
27649,validation,0
27650,train,0
27651,train,0
27652,test,0
27653,train,0
27654,train,1
27655,validation,0
27656,train,0
27657,validation,0
27658,validation,0
27659,validation,0
27660,train,0
27661,train,0
27662,train,0
27663,validation,0
27664,train,0
27665,test,0
27666,validation,0
27667,train,0
27668,train,1
27669,test,0
27670,test,0
27671,test,0
27672,train,0
27673,train,0
27674,train,1
27675,validation,0
27676,validation,1
27677,train,0
27678,validation,0
27679,validation,0
27680,validation,0
27681,test,0
27682,validation,1
27683,test,1
27684,validation,0
27685,train,0
27686,train,0
27687,test,0
27688,train,1
27689,validation,0
27690,train,0
27691,train,0
27692,validation,0
27693,train,0
27694,validation,1
27695,train,0
27696,test,0
27697,train,0
27698,test,0
27699,test,0
27700,train,0
27701,train,0
27702,train,0
27703,validation,0
27704,train,0
27705,test,0
27706,train,0
27707,train,0
27708,train,1
27709,train,0
27710,test,0
27711,train,0
27712,validation,0
27713,train,0
27714,test,0
27715,train,0
27716,train,0
27717,train,0
27718,train,1
27719,train,0
27720,test,0
27721,test,1
27722,test,0
27723,train,0
27724,train,1
27725,test,0
27726,train,0
27727,train,0
27728,train,0
27729,train,0
27730,train,0
27731,test,0
27732,test,0
27733,train,1
27734,train,0
27735,train,0
27736,test,0
27737,train,0
27738,train,0
27739,validation,0
27740,test,0
27741,validation,0
27742,validation,0
27743,train,0
27744,train,0
27745,test,0
27746,validation,1
27747,test,0
27748,test,0
27749,validation,1
27750,train,0
27751,train,0
27752,train,0
27753,train,0
27754,train,0
27755,train,0
27756,train,0
27757,train,0
27758,validation,1
27759,train,0
27760,validation,0
27761,test,0
27762,test,0
27763,train,1
27764,test,1
27765,validation,0
27766,test,0
27767,validation,0
27768,train,1
27769,train,0
27770,train,0
27771,test,0
27772,train,0
27773,test,0
27774,test,0
27775,validation,0
27776,train,0
27777,train,1
27778,test,0
27779,validation,0
27780,validation,0
27781,train,0
27782,train,1
27783,validation,0
27784,train,1
27785,train,1
27786,test,0
27787,train,0
27788,validation,1
27789,test,0
27790,train,0
27791,train,1
27792,train,0
27793,train,0
27794,train,1
27795,test,0
27796,train,0
27797,test,0
27798,train,0
27799,train,0
27800,validation,0
27801,train,0
27802,validation,1
27803,train,1
27804,train,1
27805,train,0
27806,train,0
27807,test,0
27808,train,0
27809,test,1
27810,validation,0
27811,test,0
27812,train,0
27813,validation,0
27814,test,0
27815,train,0
27816,train,0
27817,train,0
27818,train,0
27819,test,0
27820,train,0
27821,validation,0
27822,validation,0
27823,train,0
27824,train,0
27825,train,0
27826,train,0
27827,train,0
27828,train,0
27829,train,0
27830,train,0
27831,train,0
27832,validation,0
27833,test,0
27834,train,0
27835,train,0
27836,train,0
27837,train,0
27838,train,0
27839,validation,0
27840,train,0
27841,train,0
27842,train,1
27843,train,0
27844,train,1
27845,test,0
27846,train,1
27847,train,0
27848,test,0
27849,train,1
27850,train,0
27851,train,0
27852,test,0
27853,train,0
27854,train,0
27855,train,0
27856,train,0
27857,validation,0
27858,train,0
27859,train,0
27860,test,0
27861,test,0
27862,train,1
27863,test,0
27864,validation,0
27865,train,0
27866,test,0
27867,train,0
27868,train,0
27869,train,0
27870,train,0
27871,validation,0
27872,train,0
27873,train,0
27874,validation,0
27875,test,0
27876,train,0
27877,train,0
27878,train,0
27879,validation,1
27880,train,0
27881,test,1
27882,train,1
27883,validation,0
27884,validation,0
27885,test,0
27886,train,0
27887,train,0
27888,train,0
27889,train,0
27890,train,0
27891,train,0
27892,train,0
27893,train,1
27894,train,0
27895,train,0
27896,train,1
27897,train,0
27898,train,0
27899,train,0
27900,train,0
27901,train,0
27902,test,0
27903,train,1
27904,validation,0
27905,train,1
27906,train,0
27907,train,1
27908,train,0
27909,train,0
27910,train,0
27911,train,0
27912,train,0
27913,train,0
27914,test,0
27915,train,1
27916,train,0
27917,train,0
27918,train,0
27919,train,0
27920,validation,1
27921,train,1
27922,test,0
27923,validation,0
27924,train,0
27925,train,0
27926,train,0
27927,train,0
27928,validation,0
27929,train,0
27930,train,1
27931,train,0
27932,train,0
27933,train,0
27934,train,0
27935,train,1
27936,train,0
27937,train,0
27938,train,0
27939,validation,0
27940,test,0
27941,test,1
27942,test,0
27943,validation,0
27944,test,0
27945,train,0
27946,train,0
27947,train,0
27948,train,0
27949,validation,0
27950,train,0
27951,test,1
27952,test,0
27953,train,0
27954,train,0
27955,validation,0
27956,train,0
27957,train,0
27958,test,0
27959,train,0
27960,validation,0
27961,train,0
27962,test,0
27963,train,0
27964,train,0
27965,train,1
27966,test,0
27967,test,1
27968,train,0
27969,test,0
27970,train,0
27971,validation,0
27972,train,0
27973,train,1
27974,validation,0
27975,train,0
27976,train,0
27977,train,0
27978,train,0
27979,test,0
27980,validation,0
27981,train,1
27982,test,0
27983,train,0
27984,train,1
27985,train,0
27986,train,0
27987,train,0
27988,validation,0
27989,validation,0
27990,train,0
27991,test,1
27992,train,0
27993,train,0
27994,train,1
27995,train,0
27996,train,0
27997,test,0
27998,validation,0
27999,validation,0
28000,train,0
28001,validation,0
28002,test,1
28003,train,1
28004,train,0
28005,validation,1
28006,train,0
28007,train,0
28008,train,1
28009,train,0
28010,train,0
28011,train,0
28012,validation,0
28013,validation,0
28014,train,0
28015,train,0
28016,train,0
28017,validation,0
28018,train,1
28019,validation,0
28020,train,0
28021,test,0
28022,train,1
28023,train,0
28024,train,0
28025,train,0
28026,train,1
28027,train,0
28028,train,1
28029,validation,0
28030,train,0
28031,test,1
28032,train,0
28033,train,0
28034,test,1
28035,train,0
28036,test,0
28037,test,0
28038,train,0
28039,train,0
28040,validation,0
28041,train,0
28042,train,0
28043,train,0
28044,validation,0
28045,train,0
28046,train,0
28047,train,0
28048,train,0
28049,train,0
28050,train,0
28051,train,0
28052,test,0
28053,train,0
28054,train,0
28055,validation,1
28056,validation,0
28057,train,0
28058,train,1
28059,train,0
28060,train,0
28061,train,1
28062,test,0
28063,test,0
28064,validation,0
28065,validation,0
28066,test,0
28067,train,0
28068,test,0
28069,test,0
28070,train,0
28071,test,0
28072,train,0
28073,train,0
28074,train,1
28075,validation,0
28076,test,0
28077,validation,0
28078,test,0
28079,train,1
28080,train,1
28081,train,0
28082,train,1
28083,train,0
28084,validation,0
28085,test,0
28086,validation,0
28087,test,1
28088,train,1
28089,test,0
28090,train,0
28091,validation,0
28092,train,1
28093,train,0
28094,test,1
28095,validation,1
28096,test,1
28097,train,0
28098,train,0
28099,test,0
28100,validation,1
28101,train,1
28102,train,0
28103,test,0
28104,train,0
28105,test,0
28106,train,1
28107,train,1
28108,test,0
28109,validation,0
28110,train,0
28111,train,0
28112,train,1
28113,test,0
28114,test,0
28115,train,0
28116,train,0
28117,validation,1
28118,train,0
28119,validation,0
28120,test,0
28121,test,1
28122,test,0
28123,train,0
28124,train,1
28125,train,0
28126,test,0
28127,train,0
28128,train,0
28129,test,0
28130,train,0
28131,train,0
28132,validation,0
28133,test,0
28134,train,0
28135,test,0
28136,train,0
28137,validation,0
28138,test,1
28139,test,0
28140,test,0
28141,test,0
28142,train,1
28143,validation,0
28144,validation,0
28145,validation,1
28146,train,0
28147,validation,0
28148,validation,0
28149,train,0
28150,validation,0
28151,validation,0
28152,train,0
28153,test,0
28154,train,0
28155,test,0
28156,train,0
28157,train,0
28158,train,0
28159,validation,0
28160,test,0
28161,train,0
28162,train,0
28163,train,0
28164,validation,1
28165,train,0
28166,validation,1
28167,train,0
28168,train,1
28169,test,0
28170,test,0
28171,train,0
28172,test,1
28173,test,0
28174,validation,1
28175,train,0
28176,train,0
28177,train,1
28178,train,0
28179,validation,0
28180,train,0
28181,validation,0
28182,train,0
28183,train,1
28184,validation,0
28185,train,0
28186,train,0
28187,test,0
28188,test,0
28189,train,0
28190,train,0
28191,train,0
28192,validation,0
28193,train,1
28194,test,0
28195,train,0
28196,validation,0
28197,train,0
28198,test,0
28199,test,0
28200,train,0
28201,test,1
28202,train,1
28203,validation,0
28204,train,0
28205,train,0
28206,test,0
28207,train,0
28208,train,0
28209,test,0
28210,test,0
28211,validation,0
28212,train,0
28213,train,0
28214,validation,1
28215,validation,0
28216,validation,0
28217,validation,0
28218,train,0
28219,train,0
28220,test,1
28221,validation,0
28222,train,0
28223,train,0
28224,validation,0
28225,train,0
28226,test,0
28227,validation,0
28228,train,0
28229,test,0
28230,train,0
28231,test,0
28232,train,0
28233,train,0
28234,train,0
28235,train,0
28236,train,0
28237,train,0
28238,validation,0
28239,train,0
28240,train,0
28241,train,0
28242,train,0
28243,test,0
28244,test,0
28245,train,0
28246,test,0
28247,validation,0
28248,validation,0
28249,validation,0
28250,test,0
28251,train,1
28252,train,0
28253,validation,0
28254,test,0
28255,validation,1
28256,test,0
28257,test,0
28258,test,0
28259,train,0
28260,train,0
28261,train,0
28262,train,0
28263,train,0
28264,validation,0
28265,test,0
28266,train,0
28267,test,0
28268,train,0
28269,train,1
28270,train,0
28271,train,0
28272,validation,0
28273,train,0
28274,validation,0
28275,validation,0
28276,train,1
28277,train,0
28278,train,0
28279,train,0
28280,train,1
28281,train,0
28282,validation,0
28283,train,0
28284,validation,0
28285,validation,0
28286,train,1
28287,test,0
28288,train,0
28289,train,0
28290,validation,0
28291,train,0
28292,train,0
28293,test,0
28294,train,0
28295,validation,0
28296,validation,0
28297,validation,1
28298,validation,0
28299,test,0
28300,train,0
28301,train,0
28302,test,0
28303,validation,0
28304,train,0
28305,train,0
28306,train,0
28307,train,1
28308,train,1
28309,train,1
28310,train,0
28311,train,0
28312,train,0
28313,validation,0
28314,train,0
28315,test,0
28316,validation,0
28317,train,0
28318,validation,0
28319,validation,0
28320,train,0
28321,test,0
28322,train,0
28323,train,0
28324,train,0
28325,train,0
28326,validation,1
28327,test,1
28328,train,0
28329,test,0
28330,test,0
28331,validation,0
28332,train,0
28333,test,0
28334,validation,0
28335,train,0
28336,train,0
28337,train,0
28338,train,0
28339,test,1
28340,train,0
28341,train,0
28342,test,0
28343,test,0
28344,validation,0
28345,train,0
28346,train,0
28347,train,0
28348,train,0
28349,train,0
28350,train,0
28351,train,0
28352,train,0
28353,train,1
28354,validation,0
28355,validation,0
28356,validation,1
28357,train,0
28358,validation,0
28359,validation,0
28360,train,0
28361,train,0
28362,test,0
28363,train,0
28364,train,0
28365,test,1
28366,train,1
28367,train,0
28368,train,0
28369,train,0
28370,validation,0
28371,train,0
28372,train,0
28373,train,0
28374,train,0
28375,train,0
28376,train,0
28377,train,0
28378,train,1
28379,train,1
28380,train,0
28381,train,0
28382,train,0
28383,test,0
28384,test,1
28385,train,0
28386,validation,0
28387,train,0
28388,test,1
28389,validation,1
28390,validation,0
28391,train,0
28392,validation,0
28393,train,0
28394,validation,1
28395,train,0
28396,train,0
28397,test,0
28398,validation,1
28399,train,0
28400,train,0
28401,validation,1
28402,train,0
28403,train,0
28404,validation,1
28405,train,0
28406,test,1
28407,train,0
28408,train,0
28409,train,0
28410,train,0
28411,validation,0
28412,train,0
28413,train,0
28414,validation,0
28415,train,0
28416,train,1
28417,train,1
28418,train,0
28419,test,1
28420,validation,0
28421,train,1
28422,train,1
28423,train,0
28424,test,0
28425,train,0
28426,validation,1
28427,train,0
28428,validation,0
28429,train,0
28430,test,0
28431,train,0
28432,train,0
28433,train,0
28434,test,0
28435,train,0
28436,train,0
28437,test,0
28438,train,0
28439,validation,0
28440,train,1
28441,train,0
28442,test,0
28443,train,0
28444,train,0
28445,validation,0
28446,train,0
28447,train,1
28448,train,0
28449,test,0
28450,train,0
28451,train,0
28452,train,1
28453,train,0
28454,test,0
28455,train,0
28456,validation,0
28457,test,1
28458,train,0
28459,train,1
28460,train,0
28461,test,0
28462,train,1
28463,train,0
28464,train,0
28465,validation,0
28466,train,0
28467,validation,0
28468,validation,0
28469,train,0
28470,validation,0
28471,train,0
28472,train,0
28473,validation,0
28474,test,0
28475,test,0
28476,train,0
28477,train,0
28478,test,0
28479,test,0
28480,train,1
28481,train,0
28482,train,1
28483,train,1
28484,validation,0
28485,train,0
28486,test,0
28487,train,0
28488,train,1
28489,validation,1
28490,train,1
28491,test,0
28492,train,0
28493,train,0
28494,train,1
28495,train,0
28496,validation,0
28497,test,0
28498,train,0
28499,test,1
28500,train,0
28501,train,1
28502,train,1
28503,train,0
28504,train,0
28505,train,0
28506,train,0
28507,test,0
28508,test,0
28509,train,1
28510,test,1
28511,validation,0
28512,train,0
28513,train,0
28514,train,0
28515,train,0
28516,train,0
28517,train,0
28518,test,0
28519,test,0
28520,train,1
28521,test,0
28522,train,1
28523,test,0
28524,test,0
28525,test,0
28526,train,0
28527,train,0
28528,test,0
28529,test,1
28530,train,0
28531,test,0
28532,test,0
28533,train,0
28534,train,0
28535,train,0
28536,validation,1
28537,test,0
28538,train,0
28539,test,1
28540,test,1
28541,test,0
28542,train,0
28543,train,0
28544,train,0
28545,validation,0
28546,test,0
28547,train,0
28548,train,0
28549,train,1
28550,validation,0
28551,test,0
28552,train,0
28553,validation,1
28554,validation,1
28555,train,0
28556,test,0
28557,train,0
28558,validation,0
28559,train,0
28560,train,0
28561,train,0
28562,train,0
28563,train,0
28564,train,0
28565,test,0
28566,train,0
28567,train,0
28568,train,0
28569,validation,0
28570,train,0
28571,train,0
28572,train,0
28573,train,0
28574,train,0
28575,validation,0
28576,test,1
28577,test,0
28578,test,0
28579,test,1
28580,train,1
28581,train,0
28582,train,0
28583,test,0
28584,train,1
28585,test,0
28586,train,0
28587,validation,0
28588,validation,0
28589,train,0
28590,train,0
28591,validation,0
28592,test,0
28593,test,0
28594,validation,0
28595,validation,0
28596,train,1
28597,train,0
28598,train,0
28599,test,0
28600,train,1
28601,train,0
28602,test,0
28603,validation,1
28604,test,1
28605,train,0
28606,train,1
28607,validation,0
28608,test,0
28609,validation,0
28610,test,0
28611,train,0
28612,test,0
28613,validation,0
28614,validation,0
28615,validation,0
28616,test,0
28617,test,0
28618,train,0
28619,train,0
28620,train,0
28621,validation,0
28622,train,0
28623,validation,0
28624,validation,0
28625,test,0
28626,train,0
28627,test,0
28628,train,0
28629,test,0
28630,validation,0
28631,train,0
28632,train,0
28633,train,0
28634,train,0
28635,test,0
28636,train,0
28637,train,0
28638,train,1
28639,train,1
28640,test,0
28641,train,0
28642,validation,0
28643,train,0
28644,train,0
28645,train,0
28646,train,0
28647,train,1
28648,validation,0
28649,train,1
28650,validation,0
28651,train,0
28652,test,0
28653,train,1
28654,train,0
28655,train,0
28656,train,0
28657,validation,0
28658,train,0
28659,test,0
28660,test,1
28661,validation,0
28662,test,0
28663,test,0
28664,validation,0
28665,test,0
28666,validation,0
28667,validation,0
28668,train,0
28669,train,0
28670,test,0
28671,train,0
28672,train,0
28673,train,0
28674,validation,0
28675,train,0
28676,train,0
28677,train,0
28678,validation,1
28679,test,0
28680,validation,0
28681,test,0
28682,train,0
28683,train,1
28684,train,0
28685,test,0
28686,validation,0
28687,validation,1
28688,train,0
28689,validation,0
28690,test,0
28691,test,0
28692,test,1
28693,train,0
28694,test,0
28695,validation,0
28696,train,0
28697,test,0
28698,test,0
28699,train,0
28700,test,0
28701,train,0
28702,train,0
28703,test,0
28704,validation,0
28705,train,0
28706,train,0
28707,train,0
28708,train,0
28709,train,1
28710,test,0
28711,train,0
28712,train,0
28713,train,0
28714,train,1
28715,test,0
28716,train,0
28717,validation,0
28718,train,1
28719,test,0
28720,test,0
28721,validation,0
28722,train,0
28723,test,1
28724,test,1
28725,train,0
28726,train,0
28727,validation,0
28728,train,1
28729,train,0
28730,test,1
28731,train,0
28732,test,0
28733,train,0
28734,validation,0
28735,train,0
28736,test,0
28737,train,0
28738,test,0
28739,test,0
28740,test,1
28741,train,0
28742,train,0
28743,train,0
28744,test,0
28745,train,0
28746,test,0
28747,train,0
28748,train,1
28749,test,0
28750,train,0
28751,validation,0
28752,train,0
28753,train,0
28754,validation,0
28755,train,0
28756,test,0
28757,train,0
28758,train,1
28759,train,0
28760,train,0
28761,validation,0
28762,train,1
28763,train,0
28764,train,1
28765,train,0
28766,validation,1
28767,validation,0
28768,train,0
28769,validation,0
28770,train,0
28771,train,0
28772,train,0
28773,train,0
28774,validation,1
28775,validation,0
28776,train,1
28777,test,0
28778,validation,0
28779,test,0
28780,train,0
28781,train,0
28782,train,0
28783,train,0
28784,train,0
28785,test,0
28786,validation,0
28787,train,0
28788,train,0
28789,train,0
28790,train,1
28791,train,0
28792,test,0
28793,train,1
28794,validation,1
28795,train,0
28796,train,0
28797,validation,0
28798,validation,0
28799,train,0
28800,validation,0
28801,train,0
28802,train,0
28803,train,1
28804,train,0
28805,train,0
28806,validation,0
28807,train,0
28808,train,0
28809,train,0
28810,validation,1
28811,validation,0
28812,train,0
28813,train,0
28814,train,0
28815,train,0
28816,train,0
28817,train,0
28818,test,0
28819,train,1
28820,validation,0
28821,train,0
28822,train,0
28823,test,0
28824,validation,1
28825,train,0
28826,train,0
28827,train,0
28828,train,0
28829,test,0
28830,validation,0
28831,train,0
28832,test,0
28833,train,0
28834,train,0
28835,test,0
28836,train,0
28837,test,1
28838,train,0
28839,train,0
28840,test,0
28841,train,0
28842,train,0
28843,validation,0
28844,validation,0
28845,test,0
28846,validation,0
28847,validation,0
28848,train,0
28849,train,0
28850,train,0
28851,train,1
28852,validation,0
28853,train,0
28854,validation,0
28855,train,1
28856,train,0
28857,train,0
28858,test,0
28859,train,0
28860,train,0
28861,train,0
28862,train,0
28863,test,0
28864,test,0
28865,validation,0
28866,train,0
28867,train,0
28868,validation,0
28869,validation,0
28870,validation,0
28871,validation,0
28872,train,0
28873,train,0
28874,test,0
28875,validation,0
28876,train,0
28877,train,1
28878,train,0
28879,train,0
28880,train,0
28881,test,0
28882,train,0
28883,train,0
28884,train,0
28885,test,0
28886,validation,0
28887,train,0
28888,train,0
28889,test,0
28890,test,0
28891,train,0
28892,train,0
28893,train,0
28894,train,0
28895,train,0
28896,test,0
28897,test,0
28898,validation,0
28899,train,0
28900,train,0
28901,train,0
28902,train,0
28903,validation,0
28904,train,0
28905,validation,0
28906,train,0
28907,train,1
28908,test,0
28909,train,0
28910,validation,0
28911,train,0
28912,train,0
28913,train,1
28914,train,0
28915,train,0
28916,train,0
28917,train,0
28918,validation,0
28919,validation,0
28920,test,0
28921,train,1
28922,train,1
28923,train,0
28924,test,0
28925,train,0
28926,train,0
28927,train,0
28928,train,0
28929,train,0
28930,train,0
28931,validation,0
28932,train,0
28933,validation,0
28934,train,0
28935,test,0
28936,train,1
28937,validation,0
28938,test,0
28939,train,1
28940,validation,1
28941,test,0
28942,validation,0
28943,test,0
28944,train,0
28945,train,1
28946,train,0
28947,train,0
28948,train,0
28949,train,0
28950,train,0
28951,validation,1
28952,train,0
28953,test,0
28954,test,0
28955,validation,0
28956,train,0
28957,train,1
28958,train,0
28959,test,0
28960,test,0
28961,train,0
28962,train,1
28963,test,0
28964,train,0
28965,validation,0
28966,train,1
28967,train,0
28968,train,0
28969,train,0
28970,train,1
28971,train,0
28972,train,1
28973,test,0
28974,test,0
28975,train,0
28976,train,1
28977,train,0
28978,validation,0
28979,train,0
28980,train,0
28981,train,1
28982,train,1
28983,train,0
28984,test,0
28985,test,0
28986,validation,0
28987,test,1
28988,validation,0
28989,test,0
28990,test,0
28991,train,0
28992,train,0
28993,test,1
28994,train,1
28995,validation,0
28996,train,0
28997,train,0
28998,validation,0
28999,validation,0
29000,train,0
29001,test,1
29002,validation,0
29003,train,0
29004,test,0
29005,train,0
29006,train,0
29007,train,0
29008,train,0
29009,test,0
29010,train,0
29011,test,1
29012,validation,0
29013,train,0
29014,validation,0
29015,validation,1
29016,train,0
29017,train,0
29018,validation,0
29019,validation,0
29020,train,0
29021,train,0
29022,validation,0
29023,train,0
29024,train,0
29025,test,1
29026,validation,0
29027,test,0
29028,train,0
29029,train,0
29030,train,0
29031,train,0
29032,test,0
29033,train,0
29034,train,0
29035,test,1
29036,validation,0
29037,test,0
29038,test,0
29039,train,0
29040,train,1
29041,test,0
29042,validation,0
29043,train,0
29044,test,0
29045,test,0
29046,test,0
29047,train,0
29048,train,1
29049,test,0
29050,train,0
29051,train,0
29052,test,0
29053,train,0
29054,train,0
29055,train,0
29056,train,1
29057,train,0
29058,train,0
29059,train,0
29060,train,0
29061,train,0
29062,test,0
29063,validation,0
29064,train,1
29065,train,0
29066,test,0
29067,test,0
29068,test,0
29069,train,0
29070,train,1
29071,train,0
29072,test,0
29073,train,1
29074,train,0
29075,train,0
29076,train,0
29077,validation,0
29078,train,0
29079,validation,0
29080,test,0
29081,train,1
29082,train,0
29083,validation,0
29084,validation,1
29085,test,0
29086,train,0
29087,train,0
29088,train,0
29089,train,0
29090,train,0
29091,test,0
29092,train,0
29093,train,1
29094,validation,0
29095,validation,0
29096,train,1
29097,validation,0
29098,train,0
29099,train,0
29100,test,1
29101,train,1
29102,validation,0
29103,test,0
29104,train,1
29105,validation,0
29106,train,0
29107,validation,1
29108,train,0
29109,validation,0
29110,train,0
29111,train,0
29112,train,0
29113,train,0
29114,train,0
29115,test,0
29116,validation,1
29117,train,1
29118,validation,0
29119,validation,0
29120,validation,0
29121,validation,0
29122,train,0
29123,train,1
29124,test,1
29125,test,0
29126,test,0
29127,train,0
29128,test,1
29129,train,0
29130,train,1
29131,train,0
29132,train,1
29133,train,1
29134,test,0
29135,validation,0
29136,test,0
29137,train,0
29138,train,0
29139,train,0
29140,validation,0
29141,train,0
29142,train,0
29143,train,0
29144,train,0
29145,train,0
29146,train,1
29147,train,0
29148,train,0
29149,train,0
29150,test,0
29151,validation,1
29152,test,0
29153,train,0
29154,train,1
29155,test,0
29156,train,0
29157,train,1
29158,test,1
29159,train,0
29160,train,1
29161,train,0
29162,train,0
29163,test,0
29164,train,0
29165,validation,0
29166,train,0
29167,validation,0
29168,train,0
29169,test,0
29170,train,0
29171,train,0
29172,test,0
29173,train,0
29174,train,0
29175,train,0
29176,test,0
29177,train,0
29178,train,0
29179,train,0
29180,test,0
29181,train,0
29182,validation,0
29183,test,0
29184,train,0
29185,validation,0
29186,validation,0
29187,test,0
29188,validation,0
29189,validation,0
29190,train,0
29191,train,0
29192,train,0
29193,train,0
29194,validation,0
29195,test,0
29196,train,0
29197,train,1
29198,train,0
29199,train,0
29200,train,0
29201,test,0
29202,train,0
29203,train,1
29204,validation,0
29205,train,0
29206,train,0
29207,validation,1
29208,train,0
29209,test,0
29210,train,0
29211,train,0
29212,test,0
29213,train,0
29214,train,1
29215,train,1
29216,train,0
29217,train,0
29218,train,0
29219,train,0
29220,train,0
29221,train,0
29222,train,0
29223,train,0
29224,train,1
29225,train,0
29226,train,0
29227,train,0
29228,train,0
29229,validation,0
29230,train,1
29231,test,0
29232,train,0
29233,validation,0
29234,test,0
29235,validation,0
29236,train,0
29237,validation,1
29238,validation,0
29239,validation,0
29240,train,0
29241,train,0
29242,test,0
29243,train,1
29244,test,1
29245,train,0
29246,test,0
29247,train,0
29248,test,0
29249,train,0
29250,train,1
29251,train,0
29252,train,0
29253,validation,1
29254,test,0
29255,train,0
29256,train,0
29257,train,0
29258,train,0
29259,train,1
29260,train,0
29261,train,0
29262,train,0
29263,validation,0
29264,validation,0
29265,train,0
29266,test,1
29267,train,0
29268,test,1
29269,train,0
29270,train,0
29271,validation,0
29272,train,0
29273,test,0
29274,test,0
29275,train,1
29276,train,0
29277,train,0
29278,test,0
29279,train,1
29280,train,0
29281,train,0
29282,validation,0
29283,train,0
29284,test,0
29285,train,0
29286,train,0
29287,test,0
29288,validation,0
29289,train,0
29290,test,0
29291,validation,1
29292,train,0
29293,validation,0
29294,train,0
29295,train,0
29296,train,1
29297,validation,0
29298,test,0
29299,train,0
29300,validation,0
29301,train,0
29302,train,0
29303,train,0
29304,validation,1
29305,test,0
29306,train,0
29307,train,0
29308,train,0
29309,train,0
29310,train,0
29311,train,0
29312,train,1
29313,validation,0
29314,validation,0
29315,train,0
29316,validation,0
29317,train,0
29318,test,0
29319,test,0
29320,train,1
29321,train,0
29322,train,0
29323,validation,0
29324,train,0
29325,validation,0
29326,train,0
29327,train,0
29328,train,0
29329,train,0
29330,test,0
29331,train,1
29332,train,0
29333,train,0
29334,train,0
29335,train,0
29336,validation,0
29337,test,0
29338,test,0
29339,train,0
29340,validation,0
29341,test,0
29342,test,0
29343,test,0
29344,train,1
29345,test,1
29346,train,0
29347,train,0
29348,train,0
29349,train,0
29350,validation,0
29351,train,0
29352,train,0
29353,test,0
29354,train,0
29355,validation,0
29356,train,0
29357,validation,0
29358,test,1
29359,test,0
29360,validation,0
29361,test,1
29362,test,0
29363,train,0
29364,test,0
29365,train,0
29366,train,0
29367,test,0
29368,train,1
29369,train,0
29370,test,0
29371,train,0
29372,validation,0
29373,train,0
29374,train,0
29375,train,0
29376,test,1
29377,validation,0
29378,train,0
29379,validation,1
29380,train,0
29381,train,1
29382,train,0
29383,validation,1
29384,validation,0
29385,train,1
29386,train,1
29387,train,0
29388,train,0
29389,train,1
29390,validation,0
29391,train,0
29392,test,0
29393,train,0
29394,train,0
29395,validation,0
29396,train,0
29397,train,0
29398,validation,0
29399,train,0
29400,train,0
29401,test,1
29402,validation,0
29403,train,1
29404,validation,0
29405,train,0
29406,test,0
29407,train,0
29408,train,1
29409,train,1
29410,validation,0
29411,test,0
29412,train,0
29413,train,0
29414,train,0
29415,train,1
29416,train,0
29417,validation,0
29418,train,0
29419,validation,1
29420,validation,0
29421,train,0
29422,validation,0
29423,train,0
29424,train,0
29425,test,0
29426,train,0
29427,train,0
29428,train,0
29429,train,0
29430,test,0
29431,train,0
29432,train,0
29433,train,0
29434,train,1
29435,train,0
29436,test,0
29437,validation,0
29438,train,0
29439,train,0
29440,train,0
29441,train,0
29442,train,0
29443,test,0
29444,train,1
29445,train,0
29446,train,0
29447,validation,0
29448,train,1
29449,validation,0
29450,test,1
29451,train,0
29452,train,0
29453,test,0
29454,train,0
29455,validation,0
29456,train,0
29457,train,0
29458,test,0
29459,test,0
29460,train,1
29461,validation,0
29462,validation,1
29463,train,0
29464,train,0
29465,train,0
29466,test,0
29467,train,0
29468,train,0
29469,train,0
29470,test,0
29471,validation,0
29472,train,0
29473,validation,0
29474,train,0
29475,train,0
29476,validation,0
29477,train,1
29478,test,0
29479,train,0
29480,train,0
29481,train,1
29482,train,0
29483,train,0
29484,train,0
29485,validation,0
29486,train,0
29487,validation,0
29488,train,0
29489,train,0
29490,test,1
29491,validation,1
29492,train,0
29493,test,0
29494,train,1
29495,train,1
29496,train,1
29497,train,1
29498,test,0
29499,train,0
29500,train,1
29501,train,0
29502,validation,0
29503,validation,0
29504,test,0
29505,train,0
29506,train,0
29507,test,0
29508,validation,1
29509,train,1
29510,validation,0
29511,train,0
29512,test,1
29513,train,1
29514,train,0
29515,train,0
29516,test,0
29517,test,0
29518,train,0
29519,train,0
29520,train,1
29521,train,1
29522,train,0
29523,train,0
29524,train,0
29525,validation,1
29526,train,0
29527,train,0
29528,train,1
29529,test,0
29530,validation,0
29531,test,0
29532,test,0
29533,train,0
29534,train,0
29535,train,0
29536,train,0
29537,train,0
29538,validation,1
29539,train,0
29540,train,0
29541,validation,0
29542,train,0
29543,train,0
29544,train,0
29545,train,0
29546,train,0
29547,train,0
29548,test,0
29549,train,0
29550,train,0
29551,validation,0
29552,test,0
29553,test,0
29554,test,0
29555,train,0
29556,train,0
29557,train,0
29558,test,0
29559,test,0
29560,train,0
29561,train,0
29562,validation,0
29563,validation,0
29564,test,0
29565,train,0
29566,train,1
29567,train,0
29568,train,0
29569,train,0
29570,train,0
29571,validation,0
29572,train,0
29573,test,0
29574,train,0
29575,train,0
29576,train,0
29577,train,1
29578,train,0
29579,test,0
29580,test,1
29581,train,0
29582,train,0
29583,validation,0
29584,test,0
29585,validation,0
29586,train,0
29587,test,1
29588,test,0
29589,train,1
29590,train,0
29591,validation,0
29592,train,0
29593,train,0
29594,test,0
29595,train,1
29596,validation,0
29597,train,0
29598,test,1
29599,validation,0
29600,train,0
29601,test,0
29602,train,0
29603,train,0
29604,validation,0
29605,train,1
29606,train,1
29607,test,0
29608,validation,0
29609,train,1
29610,test,0
29611,train,0
29612,train,0
29613,train,0
29614,train,0
29615,train,0
29616,test,0
29617,train,0
29618,train,0
29619,train,0
29620,train,1
29621,train,0
29622,train,0
29623,validation,0
29624,train,0
29625,test,0
29626,train,0
29627,validation,0
29628,train,0
29629,test,1
29630,train,0
29631,train,0
29632,test,0
29633,train,0
29634,validation,0
29635,train,1
29636,train,0
29637,validation,0
29638,validation,0
29639,train,0
29640,test,0
29641,train,0
29642,test,0
29643,validation,0
29644,train,0
29645,validation,0
29646,train,0
29647,validation,0
29648,train,0
29649,validation,1
29650,train,0
29651,test,0
29652,train,0
29653,train,1
29654,test,1
29655,train,0
29656,train,1
29657,train,0
29658,validation,0
29659,train,0
29660,train,0
29661,train,0
29662,test,0
29663,validation,0
29664,validation,1
29665,validation,1
29666,train,0
29667,train,1
29668,test,0
29669,train,0
29670,train,0
29671,train,0
29672,validation,0
29673,train,0
29674,validation,0
29675,train,1
29676,train,0
29677,train,0
29678,train,0
29679,test,0
29680,validation,0
29681,train,1
29682,train,0
29683,train,0
29684,train,0
29685,train,0
29686,train,0
29687,validation,0
29688,validation,1
29689,validation,0
29690,train,0
29691,train,0
29692,train,0
29693,train,0
29694,validation,0
29695,validation,0
29696,train,1
29697,test,0
29698,test,0
29699,train,0
29700,train,0
29701,train,0
29702,train,0
29703,validation,0
29704,train,0
29705,test,0
29706,validation,0
29707,train,0
29708,train,0
29709,test,0
29710,validation,1
29711,train,0
29712,train,0
29713,train,1
29714,train,0
29715,validation,0
29716,train,0
29717,validation,0
29718,test,0
29719,train,1
29720,train,0
29721,train,0
29722,train,0
29723,train,0
29724,train,1
29725,train,1
29726,train,0
29727,validation,0
29728,test,0
29729,test,0
29730,test,0
29731,train,0
29732,test,0
29733,train,0
29734,train,0
29735,train,0
29736,validation,0
29737,validation,0
29738,train,0
29739,validation,0
29740,train,0
29741,validation,0
29742,train,0
29743,test,1
29744,train,0
29745,train,1
29746,test,0
29747,validation,0
29748,train,1
29749,train,0
29750,test,0
29751,test,0
29752,train,1
29753,train,0
29754,train,0
29755,train,0
29756,test,0
29757,train,0
29758,train,0
29759,train,0
29760,train,0
29761,validation,0
29762,train,0
29763,train,0
29764,test,0
29765,train,0
29766,train,1
29767,train,0
29768,train,0
29769,train,0
29770,train,0
29771,validation,1
29772,validation,0
29773,train,0
29774,test,0
29775,validation,1
29776,train,0
29777,validation,0
29778,train,0
29779,train,0
29780,train,0
29781,test,0
29782,train,0
29783,test,0
29784,test,0
29785,train,0
29786,validation,0
29787,train,0
29788,train,0
29789,train,0
29790,validation,0
29791,train,0
29792,train,1
29793,test,0
29794,test,0
29795,validation,1
29796,train,0
29797,test,0
29798,validation,0
29799,train,0
29800,validation,0
29801,train,0
29802,train,0
29803,train,1
29804,validation,0
29805,validation,0
29806,test,0
29807,test,0
29808,validation,0
29809,train,0
29810,train,0
29811,validation,1
29812,train,0
29813,test,0
29814,test,1
29815,validation,1
29816,train,0
29817,train,0
29818,train,0
29819,train,0
29820,train,0
29821,train,0
29822,train,1
29823,validation,0
29824,train,0
29825,validation,0
29826,train,0
29827,train,0
29828,validation,0
29829,train,0
29830,train,0
29831,train,0
29832,train,0
29833,test,0
29834,test,0
29835,train,0
29836,train,1
29837,train,0
29838,validation,0
29839,train,0
29840,validation,0
29841,train,0
29842,train,0
29843,test,0
29844,validation,0
29845,train,0
29846,train,0
29847,validation,0
29848,validation,0
29849,train,1
29850,train,0
29851,test,1
29852,test,0
29853,train,0
29854,train,0
29855,train,0
29856,train,0
29857,train,0
29858,train,0
29859,train,0
29860,test,0
29861,validation,0
29862,train,0
29863,validation,0
29864,test,1
29865,train,0
29866,train,0
29867,train,0
29868,train,0
29869,train,0
29870,train,1
29871,validation,0
29872,test,0
29873,validation,0
29874,train,0
29875,validation,0
29876,train,0
29877,train,0
29878,train,0
29879,test,0
29880,train,0
29881,validation,0
29882,train,0
29883,test,0
29884,train,0
29885,train,0
29886,train,0
29887,train,0
29888,train,0
29889,validation,0
29890,validation,1
29891,train,0
29892,test,1
29893,train,1
29894,validation,0
29895,train,0
29896,train,0
29897,train,1
29898,validation,0
29899,train,0
29900,train,0
29901,validation,0
29902,train,1
29903,train,0
29904,test,0
29905,validation,0
29906,train,0
29907,train,0
29908,train,1
29909,test,0
29910,train,0
29911,train,0
29912,train,0
29913,train,0
29914,train,0
29915,validation,0
29916,train,0
29917,train,0
29918,train,0
29919,train,1
29920,train,0
29921,train,0
29922,train,0
29923,train,0
29924,train,0
29925,train,0
29926,validation,0
29927,train,0
29928,train,0
29929,test,0
29930,train,0
29931,train,0
29932,train,0
29933,train,0
29934,train,0
29935,train,0
29936,validation,0
29937,train,0
29938,test,0
29939,train,0
29940,test,0
29941,validation,0
29942,train,0
29943,train,0
29944,train,0
29945,test,0
29946,test,1
29947,train,0
29948,train,0
29949,test,0
29950,train,0
29951,validation,0
29952,test,0
29953,test,0
29954,validation,0
29955,train,0
29956,validation,0
29957,train,0
29958,train,0
29959,train,0
29960,train,0
29961,train,0
29962,validation,0
29963,train,0
29964,train,0
29965,train,0
29966,validation,1
29967,train,0
29968,train,0
29969,train,1
29970,test,0
29971,train,0
29972,test,0
29973,test,0
29974,validation,1
29975,train,0
29976,train,0
29977,validation,0
29978,train,0
29979,validation,1
29980,train,0
29981,test,0
29982,validation,0
29983,validation,0
29984,train,0
29985,train,1
29986,validation,0
29987,test,0
29988,train,0
29989,train,1
29990,validation,1
29991,train,0
29992,test,0
29993,train,0
29994,train,0
29995,test,0
29996,train,0
29997,test,0
29998,validation,0
29999,test,0
30000,train,0
30001,test,0
30002,test,0
30003,train,0
30004,test,0
30005,test,0
30006,test,0
30007,train,0
30008,train,0
30009,test,0
30010,train,0
30011,validation,0
30012,train,0
30013,train,0
30014,test,0
30015,train,0
30016,train,0
30017,train,0
30018,train,0
30019,train,0
30020,train,1
30021,test,0
30022,test,0
30023,train,0
30024,train,0
30025,train,0
30026,train,0
30027,train,1
30028,train,0
30029,train,0
30030,train,0
30031,train,0
30032,train,1
30033,train,0
30034,validation,0
30035,validation,0
30036,train,0
30037,train,0
30038,train,1
30039,train,0
30040,train,0
30041,train,0
30042,validation,0
30043,test,0
30044,train,1
30045,train,1
30046,train,0
30047,validation,1
30048,test,0
30049,test,0
30050,train,0
30051,validation,0
30052,test,0
30053,validation,0
30054,train,0
30055,train,0
30056,train,0
30057,train,1
30058,test,1
30059,validation,0
30060,train,0
30061,train,0
30062,validation,1
30063,validation,0
30064,train,0
30065,train,0
30066,train,0
30067,validation,1
30068,test,0
30069,test,0
30070,train,1
30071,train,0
30072,validation,1
30073,train,0
30074,validation,0
30075,train,0
30076,validation,0
30077,test,0
30078,test,0
30079,test,0
30080,train,1
30081,train,0
30082,train,0
30083,train,0
30084,validation,0
30085,test,0
30086,train,0
30087,train,0
30088,train,0
30089,validation,0
30090,train,1
30091,train,0
30092,train,0
30093,train,0
30094,train,0
30095,test,0
30096,validation,1
30097,train,1
30098,validation,0
30099,train,0
30100,test,0
30101,train,0
30102,train,0
30103,test,0
30104,test,1
30105,validation,0
30106,test,0
30107,train,0
30108,train,1
30109,validation,0
30110,train,1
30111,train,0
30112,train,0
30113,validation,0
30114,train,0
30115,validation,0
30116,train,1
30117,test,1
30118,train,0
30119,train,0
30120,train,0
30121,train,1
30122,train,1
30123,test,0
30124,train,0
30125,train,0
30126,train,0
30127,test,0
30128,train,0
30129,train,0
30130,train,0
30131,train,0
30132,test,0
30133,train,0
30134,validation,1
30135,validation,0
30136,test,0
30137,test,0
30138,train,0
30139,validation,0
30140,train,0
30141,train,1
30142,validation,0
30143,train,0
30144,validation,0
30145,validation,0
30146,train,0
30147,validation,0
30148,train,1
30149,validation,0
30150,train,0
30151,validation,0
30152,train,0
30153,train,0
30154,validation,0
30155,train,0
30156,train,0
30157,train,0
30158,test,1
30159,test,0
30160,validation,1
30161,train,0
30162,train,1
30163,train,0
30164,test,1
30165,train,0
30166,test,0
30167,test,1
30168,train,0
30169,test,0
30170,train,0
30171,train,1
30172,test,0
30173,validation,1
30174,test,1
30175,train,0
30176,train,0
30177,train,0
30178,train,0
30179,validation,0
30180,validation,0
30181,train,0
30182,test,0
30183,train,0
30184,train,0
30185,train,0
30186,train,0
30187,train,0
30188,test,0
30189,train,1
30190,train,0
30191,train,1
30192,train,0
30193,train,0
30194,train,0
30195,validation,1
30196,test,0
30197,validation,0
30198,train,0
30199,train,0
30200,train,0
30201,train,0
30202,train,0
30203,validation,0
30204,train,1
30205,validation,0
30206,test,1
30207,train,0
30208,train,0
30209,validation,0
30210,train,0
30211,validation,0
30212,train,0
30213,test,0
30214,validation,0
30215,train,0
30216,train,0
30217,train,0
30218,test,0
30219,validation,0
30220,test,0
30221,train,0
30222,train,0
30223,validation,0
30224,test,1
30225,train,0
30226,test,0
30227,validation,0
30228,validation,1
30229,validation,0
30230,train,0
30231,train,0
30232,test,0
30233,train,0
30234,test,0
30235,train,0
30236,validation,0
30237,train,0
30238,test,0
30239,train,0
30240,test,0
30241,train,0
30242,train,0
30243,train,1
30244,test,0
30245,train,0
30246,train,1
30247,validation,0
30248,train,0
30249,train,0
30250,train,0
30251,train,1
30252,test,0
30253,test,1
30254,train,0
30255,train,0
30256,test,0
30257,train,0
30258,validation,0
30259,train,1
30260,validation,0
30261,train,0
30262,validation,1
30263,test,1
30264,train,0
30265,train,1
30266,test,1
30267,train,0
30268,test,0
30269,train,0
30270,train,0
30271,test,0
30272,train,0
30273,train,0
30274,train,0
30275,train,1
30276,train,0
30277,train,0
30278,train,0
30279,validation,0
30280,validation,0
30281,validation,1
30282,train,0
30283,validation,0
30284,validation,0
30285,validation,0
30286,train,0
30287,train,0
30288,train,0
30289,validation,0
30290,train,1
30291,test,0
30292,train,0
30293,train,0
30294,train,0
30295,train,0
30296,train,0
30297,validation,0
30298,test,0
30299,train,0
30300,train,1
30301,validation,0
30302,test,0
30303,train,0
30304,train,0
30305,validation,0
30306,validation,1
30307,test,0
30308,test,1
30309,train,0
30310,train,0
30311,validation,0
30312,train,0
30313,test,0
30314,validation,0
30315,validation,0
30316,train,0
30317,train,1
30318,validation,0
30319,test,0
30320,test,1
30321,test,0
30322,train,0
30323,train,0
30324,train,0
30325,test,0
30326,train,0
30327,validation,1
30328,train,0
30329,validation,0
30330,train,0
30331,train,0
30332,train,0
30333,validation,0
30334,validation,0
30335,validation,0
30336,train,0
30337,train,0
30338,test,0
30339,train,0
30340,train,1
30341,validation,0
30342,train,0
30343,train,0
30344,train,1
30345,train,0
30346,train,0
30347,train,0
30348,validation,0
30349,validation,1
30350,validation,0
30351,train,0
30352,train,0
30353,train,0
30354,train,0
30355,test,1
30356,train,0
30357,validation,0
30358,train,0
30359,train,0
30360,validation,0
30361,train,1
30362,train,0
30363,train,0
30364,train,0
30365,test,0
30366,test,0
30367,validation,0
30368,train,1
30369,train,0
30370,train,0
30371,train,0
30372,train,1
30373,validation,0
30374,train,0
30375,test,1
30376,validation,0
30377,train,0
30378,test,0
30379,train,0
30380,train,0
30381,train,0
30382,validation,1
30383,test,0
30384,test,0
30385,train,0
30386,train,0
30387,validation,0
30388,validation,1
30389,train,0
30390,train,0
30391,validation,0
30392,train,0
30393,train,0
30394,train,0
30395,train,0
30396,train,1
30397,train,0
30398,test,0
30399,test,0
30400,test,0
30401,train,1
30402,train,0
30403,validation,0
30404,train,0
30405,train,0
30406,train,0
30407,validation,0
30408,validation,0
30409,test,0
30410,validation,0
30411,test,0
30412,train,1
30413,train,0
30414,train,0
30415,train,0
30416,train,0
30417,train,0
30418,train,0
30419,test,0
30420,train,0
30421,train,0
30422,train,0
30423,test,0
30424,train,1
30425,test,0
30426,train,0
30427,test,0
30428,train,0
30429,validation,1
30430,train,0
30431,validation,0
30432,test,1
30433,train,0
30434,train,0
30435,train,0
30436,train,0
30437,train,0
30438,train,0
30439,test,1
30440,validation,0
30441,train,0
30442,train,0
30443,train,0
30444,train,0
30445,train,1
30446,train,1
30447,train,0
30448,test,0
30449,train,0
30450,train,0
30451,test,0
30452,train,0
30453,train,0
30454,test,1
30455,train,0
30456,train,0
30457,train,0
30458,train,0
30459,train,0
30460,train,0
30461,train,0
30462,train,0
30463,train,0
30464,test,0
30465,train,0
30466,validation,0
30467,train,0
30468,train,0
30469,test,0
30470,test,0
30471,train,0
30472,validation,0
30473,train,0
30474,test,0
30475,test,0
30476,train,0
30477,validation,0
30478,test,0
30479,train,0
30480,train,0
30481,train,1
30482,test,0
30483,validation,0
30484,train,0
30485,train,0
30486,validation,1
30487,train,0
30488,train,0
30489,train,0
30490,train,0
30491,test,0
30492,test,0
30493,test,1
30494,train,0
30495,train,0
30496,test,0
30497,train,0
30498,train,1
30499,train,0
30500,train,0
30501,train,0
30502,train,0
30503,test,0
30504,train,0
30505,train,0
30506,train,0
30507,train,0
30508,train,0
30509,train,1
30510,train,0
30511,validation,0
30512,test,0
30513,validation,0
30514,train,0
30515,train,0
30516,train,0
30517,validation,0
30518,train,0
30519,train,0
30520,train,0
30521,train,0
30522,validation,0
30523,train,0
30524,validation,0
30525,validation,0
30526,train,0
30527,validation,0
30528,train,0
30529,test,1
30530,validation,0
30531,test,0
30532,test,0
30533,train,0
30534,test,0
30535,train,0
30536,test,0
30537,test,0
30538,train,0
30539,validation,0
30540,validation,1
30541,train,1
30542,train,0
30543,train,0
30544,train,0
30545,validation,0
30546,train,0
30547,train,0
30548,train,0
30549,train,0
30550,train,1
30551,train,0
30552,train,0
30553,validation,0
30554,train,0
30555,test,1
30556,test,0
30557,train,0
30558,train,0
30559,train,0
30560,train,1
30561,train,0
30562,train,1
30563,train,1
30564,validation,1
30565,validation,0
30566,train,0
30567,train,0
30568,test,0
30569,test,1
30570,test,1
30571,train,0
30572,validation,0
30573,test,0
30574,test,0
30575,train,1
30576,train,0
30577,test,0
30578,validation,0
30579,validation,0
30580,train,0
30581,test,0
30582,test,0
30583,train,0
30584,train,0
30585,train,0
30586,test,0
30587,train,0
30588,train,0
30589,validation,0
30590,validation,0
30591,train,0
30592,validation,0
30593,train,1
30594,train,0
30595,train,1
30596,train,0
30597,train,0
30598,train,0
30599,train,1
30600,train,0
30601,train,0
30602,test,0
30603,train,0
30604,train,0
30605,train,0
30606,test,1
30607,train,0
30608,train,0
30609,test,1
30610,test,0
30611,train,0
30612,train,0
30613,validation,0
30614,train,1
30615,test,0
30616,train,1
30617,train,0
30618,train,0
30619,test,0
30620,train,0
30621,validation,0
30622,train,1
30623,train,1
30624,train,0
30625,test,0
30626,validation,1
30627,test,0
30628,validation,1
30629,train,0
30630,test,1
30631,test,0
30632,validation,0
30633,test,0
30634,validation,1
30635,validation,1
30636,test,0
30637,train,0
30638,test,0
30639,test,0
30640,train,0
30641,train,0
30642,train,0
30643,train,0
30644,validation,0
30645,train,0
30646,validation,0
30647,test,0
30648,train,1
30649,train,0
30650,train,0
30651,validation,0
30652,test,0
30653,train,0
30654,train,1
30655,test,0
30656,train,0
30657,test,0
30658,train,0
30659,train,0
30660,test,1
30661,train,0
30662,train,1
30663,train,0
30664,test,0
30665,validation,0
30666,train,0
30667,train,0
30668,test,0
30669,test,0
30670,train,0
30671,train,0
30672,train,1
30673,train,0
30674,train,0
30675,validation,0
30676,train,0
30677,train,0
30678,train,0
30679,test,0
30680,test,1
30681,train,0
30682,train,0
30683,test,0
30684,validation,0
30685,train,0
30686,test,0
30687,train,0
30688,train,0
30689,validation,0
30690,validation,0
30691,train,0
30692,train,1
30693,test,0
30694,validation,1
30695,train,0
30696,validation,0
30697,train,1
30698,train,0
30699,train,0
30700,train,0
30701,train,0
30702,validation,0
30703,train,0
30704,validation,0
30705,train,1
30706,validation,0
30707,validation,0
30708,train,0
30709,train,0
30710,train,0
30711,train,0
30712,train,0
30713,train,0
30714,train,0
30715,test,0
30716,validation,0
30717,validation,0
30718,train,1
30719,train,0
30720,validation,0
30721,train,1
30722,train,0
30723,test,0
30724,train,0
30725,train,0
30726,train,0
30727,train,0
30728,test,0
30729,train,0
30730,test,0
30731,train,0
30732,test,0
30733,validation,1
30734,train,0
30735,validation,0
30736,train,0
30737,test,0
30738,test,0
30739,test,0
30740,train,1
30741,test,0
30742,train,0
30743,test,0
30744,train,1
30745,train,1
30746,train,0
30747,train,0
30748,train,1
30749,test,0
30750,train,0
30751,test,0
30752,test,0
30753,train,0
30754,validation,0
30755,test,0
30756,validation,0
30757,test,0
30758,train,0
30759,train,0
30760,validation,0
30761,train,0
30762,train,0
30763,train,0
30764,train,0
30765,train,0
30766,train,0
30767,train,0
30768,train,0
30769,train,0
30770,train,0
30771,train,0
30772,test,0
30773,train,0
30774,train,0
30775,train,0
30776,train,0
30777,train,1
30778,train,1
30779,train,0
30780,validation,1
30781,validation,1
30782,train,0
30783,test,0
30784,test,0
30785,test,0
30786,train,0
30787,train,0
30788,train,0
30789,train,0
30790,train,0
30791,validation,1
30792,validation,0
30793,train,0
30794,validation,1
30795,test,0
30796,train,0
30797,test,0
30798,validation,0
30799,train,0
30800,train,0
30801,train,1
30802,train,0
30803,test,1
30804,test,0
30805,train,0
30806,validation,0
30807,test,0
30808,train,0
30809,train,0
30810,train,1
30811,train,0
30812,train,1
30813,train,0
30814,test,0
30815,train,1
30816,test,0
30817,validation,0
30818,train,1
30819,train,0
30820,test,1
30821,validation,0
30822,test,0
30823,train,0
30824,train,1
30825,validation,0
30826,test,0
30827,train,0
30828,train,0
30829,validation,1
30830,train,0
30831,train,0
30832,train,0
30833,validation,0
30834,train,0
30835,train,0
30836,train,0
30837,validation,0
30838,test,0
30839,train,0
30840,test,0
30841,train,1
30842,train,0
30843,validation,1
30844,train,0
30845,validation,1
30846,validation,1
30847,train,0
30848,validation,0
30849,train,0
30850,train,0
30851,test,0
30852,train,0
30853,train,0
30854,validation,1
30855,train,0
30856,train,1
30857,validation,0
30858,train,0
30859,train,0
30860,train,1
30861,test,0
30862,test,0
30863,validation,0
30864,validation,0
30865,test,0
30866,test,0
30867,test,0
30868,train,1
30869,test,0
30870,train,0
30871,train,1
30872,train,1
30873,test,0
30874,train,0
30875,train,0
30876,validation,0
30877,train,0
30878,train,0
30879,test,1
30880,validation,0
30881,train,1
30882,test,0
30883,train,1
30884,train,0
30885,validation,0
30886,test,1
30887,test,0
30888,train,0
30889,train,0
30890,test,0
30891,validation,0
30892,train,0
30893,validation,0
30894,test,1
30895,train,0
30896,train,0
30897,validation,0
30898,train,0
30899,train,0
30900,validation,0
30901,train,1
30902,test,1
30903,train,0
30904,train,1
30905,test,0
30906,test,1
30907,train,0
30908,train,1
30909,train,1
30910,train,0
30911,validation,0
30912,validation,0
30913,test,0
30914,train,0
30915,train,0
30916,train,0
30917,test,0
30918,test,0
30919,validation,0
30920,test,0
30921,train,0
30922,test,0
30923,test,1
30924,validation,0
30925,test,0
30926,train,0
30927,train,1
30928,train,0
30929,train,0
30930,train,0
30931,train,0
30932,train,0
30933,train,0
30934,train,0
30935,train,0
30936,train,0
30937,train,0
30938,train,0
30939,train,0
30940,validation,1
30941,validation,0
30942,train,1
30943,test,1
30944,train,0
30945,train,0
30946,train,0
30947,validation,0
30948,train,0
30949,train,0
30950,validation,0
30951,train,0
30952,train,0
30953,validation,0
30954,train,0
30955,train,0
30956,validation,0
30957,test,0
30958,train,0
30959,train,0
30960,train,1
30961,train,0
30962,train,0
30963,train,0
30964,train,0
30965,train,0
30966,test,0
30967,train,0
30968,train,0
30969,train,0
30970,validation,0
30971,validation,0
30972,validation,0
30973,train,1
30974,validation,0
30975,validation,0
30976,train,0
30977,train,0
30978,train,0
30979,train,0
30980,train,0
30981,train,0
30982,train,0
30983,train,0
30984,train,0
30985,train,0
30986,train,0
30987,train,0
30988,train,0
30989,validation,1
30990,test,0
30991,validation,0
30992,train,0
30993,train,0
30994,validation,0
30995,train,0
30996,validation,0
30997,train,0
30998,train,0
30999,train,0
31000,train,0
31001,validation,0
31002,train,0
31003,test,0
31004,test,0
31005,test,0
31006,train,0
31007,train,0
31008,train,0
31009,validation,0
31010,validation,1
31011,test,0
31012,train,0
31013,train,0
31014,validation,0
31015,train,1
31016,train,0
31017,train,0
31018,validation,0
31019,validation,1
31020,train,0
31021,train,0
31022,validation,0
31023,train,0
31024,train,0
31025,validation,0
31026,test,0
31027,validation,0
31028,train,1
31029,train,0
31030,validation,0
31031,test,0
31032,train,0
31033,train,0
31034,validation,1
31035,train,0
31036,train,0
31037,train,0
31038,train,0
31039,test,1
31040,validation,0
31041,test,0
31042,train,0
31043,train,0
31044,train,0
31045,test,0
31046,train,0
31047,train,0
31048,train,0
31049,test,0
31050,train,0
31051,test,0
31052,test,0
31053,train,0
31054,test,0
31055,train,1
31056,train,0
31057,validation,1
31058,train,1
31059,train,0
31060,train,0
31061,train,1
31062,train,0
31063,train,0
31064,test,0
31065,test,0
31066,test,0
31067,train,0
31068,test,1
31069,train,0
31070,train,0
31071,validation,0
31072,train,0
31073,test,0
31074,train,0
31075,test,0
31076,validation,0
31077,train,1
31078,train,0
31079,validation,1
31080,train,0
31081,train,0
31082,train,0
31083,validation,0
31084,validation,0
31085,train,0
31086,train,0
31087,train,0
31088,train,0
31089,validation,0
31090,train,0
31091,test,0
31092,train,0
31093,train,0
31094,test,0
31095,test,0
31096,train,0
31097,validation,0
31098,test,0
31099,validation,0
31100,train,0
31101,test,1
31102,train,0
31103,validation,0
31104,train,0
31105,train,0
31106,train,1
31107,train,0
31108,train,0
31109,train,0
31110,test,0
31111,validation,0
31112,train,0
31113,test,0
31114,test,0
31115,train,0
31116,validation,0
31117,validation,1
31118,validation,0
31119,validation,0
31120,validation,0
31121,train,0
31122,test,0
31123,train,0
31124,train,0
31125,train,1
31126,test,0
31127,validation,1
31128,train,0
31129,test,0
31130,validation,0
31131,train,0
31132,train,0
31133,test,0
31134,train,0
31135,test,0
31136,validation,0
31137,train,0
31138,train,0
31139,test,0
31140,test,0
31141,validation,1
31142,train,1
31143,train,0
31144,train,0
31145,train,1
31146,test,1
31147,test,0
31148,test,0
31149,train,0
31150,test,0
31151,train,0
31152,train,0
31153,train,0
31154,test,0
31155,validation,0
31156,test,1
31157,train,0
31158,test,1
31159,train,0
31160,train,0
31161,test,0
31162,train,0
31163,validation,0
31164,train,0
31165,test,0
31166,train,0
31167,train,0
31168,train,1
31169,test,0
31170,train,0
31171,train,0
31172,validation,0
31173,validation,1
31174,train,0
31175,validation,0
31176,train,1
31177,train,0
31178,train,0
31179,train,0
31180,train,0
31181,train,0
31182,train,0
31183,train,0
31184,train,0
31185,test,0
31186,test,0
31187,test,0
31188,validation,0
31189,test,0
31190,test,0
31191,validation,0
31192,train,1
31193,test,0
31194,validation,0
31195,train,0
31196,train,0
31197,train,1
31198,train,1
31199,validation,0
31200,test,0
31201,train,1
31202,test,0
31203,test,0
31204,train,0
31205,train,0
31206,train,0
31207,validation,1
31208,train,0
31209,train,0
31210,test,0
31211,train,1
31212,train,1
31213,train,0
31214,test,0
31215,train,1
31216,train,0
31217,train,1
31218,train,0
31219,train,0
31220,validation,0
31221,validation,0
31222,train,0
31223,train,0
31224,test,1
31225,train,0
31226,train,0
31227,train,0
31228,test,0
31229,train,0
31230,train,0
31231,validation,1
31232,test,0
31233,train,0
31234,validation,0
31235,train,0
31236,train,0
31237,train,0
31238,train,0
31239,validation,0
31240,train,0
31241,train,0
31242,train,0
31243,train,0
31244,train,1
31245,validation,0
31246,train,0
31247,train,1
31248,train,0
31249,train,0
31250,train,0
31251,train,0
31252,validation,0
31253,train,0
31254,test,0
31255,validation,0
31256,test,0
31257,test,0
31258,test,0
31259,validation,1
31260,test,0
31261,train,0
31262,train,1
31263,train,0
31264,train,0
31265,validation,0
31266,train,0
31267,train,0
31268,validation,0
31269,train,0
31270,validation,0
31271,validation,1
31272,train,0
31273,train,0
31274,test,0
31275,train,0
31276,train,0
31277,validation,0
31278,train,1
31279,validation,0
31280,train,0
31281,validation,0
31282,train,0
31283,test,0
31284,train,0
31285,validation,1
31286,train,0
31287,train,1
31288,train,0
31289,train,0
31290,train,0
31291,train,0
31292,train,0
31293,train,0
31294,validation,0
31295,test,1
31296,train,0
31297,train,0
31298,train,1
31299,test,0
31300,train,0
31301,train,0
31302,train,0
31303,train,0
31304,test,0
31305,test,0
31306,test,0
31307,train,0
31308,train,0
31309,test,0
31310,train,1
31311,train,0
31312,train,0
31313,validation,0
31314,train,0
31315,test,0
31316,test,1
31317,validation,0
31318,train,1
31319,train,0
31320,train,0
31321,train,1
31322,train,1
31323,train,0
31324,train,0
31325,test,0
31326,train,0
31327,train,0
31328,train,0
31329,validation,0
31330,train,0
31331,test,0
31332,validation,0
31333,test,0
31334,validation,0
31335,train,0
31336,train,0
31337,test,0
31338,validation,0
31339,train,0
31340,test,0
31341,train,0
31342,train,0
31343,validation,0
31344,validation,0
31345,train,0
31346,validation,0
31347,train,0
31348,train,0
31349,train,0
31350,train,0
31351,validation,0
31352,test,0
31353,validation,0
31354,test,1
31355,validation,0
31356,train,0
31357,train,0
31358,test,0
31359,test,0
31360,train,0
31361,train,0
31362,train,0
31363,train,0
31364,train,0
31365,test,0
31366,train,0
31367,test,0
31368,validation,0
31369,test,0
31370,test,0
31371,validation,0
31372,train,0
31373,train,0
31374,test,0
31375,train,0
31376,train,1
31377,train,0
31378,train,0
31379,test,0
31380,train,0
31381,train,0
31382,train,1
31383,train,0
31384,train,0
31385,train,0
31386,validation,0
31387,train,0
31388,train,0
31389,validation,0
31390,train,0
31391,test,0
31392,train,0
31393,train,0
31394,train,0
31395,train,0
31396,train,1
31397,test,0
31398,train,0
31399,test,0
31400,test,1
31401,train,1
31402,test,0
31403,train,0
31404,train,0
31405,test,1
31406,train,0
31407,validation,0
31408,validation,0
31409,validation,0
31410,train,0
31411,test,0
31412,train,0
31413,train,0
31414,train,0
31415,train,0
31416,train,0
31417,train,1
31418,train,0
31419,test,0
31420,train,0
31421,train,0
31422,train,0
31423,train,0
31424,train,0
31425,validation,1
31426,validation,0
31427,train,1
31428,test,0
31429,train,0
31430,validation,0
31431,validation,0
31432,test,1
31433,train,1
31434,train,0
31435,train,0
31436,train,0
31437,test,0
31438,train,0
31439,train,0
31440,validation,0
31441,validation,0
31442,train,0
31443,train,0
31444,train,0
31445,validation,1
31446,train,0
31447,train,0
31448,validation,0
31449,train,1
31450,train,0
31451,validation,0
31452,validation,0
31453,test,0
31454,train,0
31455,test,1
31456,train,0
31457,train,0
31458,train,0
31459,train,0
31460,validation,0
31461,train,0
31462,train,0
31463,train,1
31464,test,0
31465,test,0
31466,test,0
31467,train,1
31468,train,0
31469,train,0
31470,train,0
31471,test,0
31472,train,0
31473,train,0
31474,test,0
31475,validation,1
31476,validation,0
31477,train,0
31478,train,0
31479,test,0
31480,train,0
31481,test,0
31482,train,0
31483,train,0
31484,train,0
31485,train,0
31486,validation,0
31487,train,1
31488,test,0
31489,train,1
31490,train,0
31491,train,0
31492,train,0
31493,train,0
31494,train,0
31495,test,1
31496,train,0
31497,test,0
31498,test,0
31499,test,0
31500,train,0
31501,validation,0
31502,train,0
31503,train,0
31504,test,0
31505,test,1
31506,test,0
31507,validation,0
31508,test,0
31509,validation,0
31510,train,0
31511,train,0
31512,train,1
31513,train,0
31514,train,0
31515,validation,0
31516,test,1
31517,train,0
31518,test,0
31519,train,0
31520,test,0
31521,train,0
31522,train,0
31523,train,0
31524,test,0
31525,validation,0
31526,train,0
31527,train,0
31528,train,1
31529,test,0
31530,train,0
31531,train,0
31532,test,0
31533,train,1
31534,train,1
31535,test,0
31536,train,0
31537,test,0
31538,validation,0
31539,test,1
31540,train,0
31541,test,0
31542,train,0
31543,train,1
31544,validation,0
31545,train,0
31546,validation,1
31547,train,0
31548,train,0
31549,train,0
31550,train,1
31551,train,0
31552,train,0
31553,train,0
31554,test,0
31555,test,1
31556,test,0
31557,train,0
31558,test,1
31559,test,0
31560,test,0
31561,train,0
31562,validation,0
31563,train,0
31564,train,0
31565,validation,0
31566,train,0
31567,validation,0
31568,train,1
31569,train,0
31570,validation,0
31571,train,0
31572,train,1
31573,test,1
31574,train,0
31575,train,0
31576,test,0
31577,train,0
31578,train,1
31579,validation,0
31580,test,0
31581,test,0
31582,validation,0
31583,train,0
31584,train,1
31585,validation,0
31586,train,0
31587,train,0
31588,train,0
31589,train,1
31590,train,0
31591,validation,0
31592,validation,0
31593,train,0
31594,validation,1
31595,train,0
31596,train,0
31597,train,1
31598,train,1
31599,validation,0
31600,train,1
31601,validation,0
31602,test,0
31603,train,0
31604,test,0
31605,train,0
31606,train,0
31607,validation,0
31608,train,0
31609,test,0
31610,train,0
31611,test,0
31612,train,0
31613,train,0
31614,test,0
31615,test,0
31616,train,0
31617,test,0
31618,train,0
31619,train,1
31620,test,0
31621,validation,0
31622,test,0
31623,test,0
31624,train,0
31625,train,0
31626,train,0
31627,train,0
31628,test,0
31629,train,0
31630,validation,1
31631,test,1
31632,train,1
31633,train,0
31634,train,0
31635,train,0
31636,test,0
31637,train,0
31638,validation,0
31639,train,0
31640,train,0
31641,validation,0
31642,validation,1
31643,test,0
31644,train,0
31645,train,0
31646,validation,0
31647,train,0
31648,train,0
31649,train,0
31650,test,0
31651,test,0
31652,train,1
31653,train,0
31654,train,1
31655,validation,1
31656,train,0
31657,train,0
31658,train,0
31659,train,0
31660,validation,0
31661,test,0
31662,test,0
31663,train,0
31664,validation,1
31665,train,0
31666,test,0
31667,train,0
31668,validation,0
31669,train,0
31670,test,0
31671,train,0
31672,test,0
31673,train,0
31674,train,0
31675,train,0
31676,test,0
31677,validation,0
31678,train,0
31679,train,0
31680,train,0
31681,train,1
31682,train,0
31683,validation,0
31684,test,1
31685,train,0
31686,train,0
31687,test,0
31688,train,0
31689,test,0
31690,test,0
31691,train,0
31692,test,0
31693,test,1
31694,test,0
31695,test,0
31696,test,0
31697,train,0
31698,test,0
31699,validation,0
31700,train,1
31701,test,0
31702,train,0
31703,validation,0
31704,test,1
31705,validation,0
31706,train,0
31707,train,0
31708,train,0
31709,validation,0
31710,test,0
31711,train,0
31712,test,0
31713,train,0
31714,validation,0
31715,test,0
31716,train,0
31717,test,0
31718,validation,0
31719,train,1
31720,validation,0
31721,validation,0
31722,train,0
31723,test,1
31724,train,1
31725,train,1
31726,validation,0
31727,test,0
31728,test,1
31729,train,0
31730,train,0
31731,validation,0
31732,validation,0
31733,test,0
31734,validation,0
31735,validation,0
31736,train,0
31737,test,0
31738,validation,0
31739,train,0
31740,train,0
31741,test,0
31742,train,1
31743,train,0
31744,validation,0
31745,train,0
31746,train,0
31747,test,0
31748,validation,0
31749,train,0
31750,train,0
31751,test,0
31752,train,0
31753,test,0
31754,test,0
31755,test,0
31756,test,0
31757,train,0
31758,validation,1
31759,train,0
31760,validation,1
31761,train,1
31762,train,0
31763,validation,1
31764,train,1
31765,test,0
31766,train,1
31767,validation,0
31768,train,0
31769,validation,0
31770,train,1
31771,validation,0
31772,train,0
31773,test,0
31774,train,0
31775,test,0
31776,validation,0
31777,test,1
31778,train,0
31779,train,0
31780,train,1
31781,train,0
31782,validation,1
31783,train,0
31784,train,0
31785,train,0
31786,train,0
31787,validation,0
31788,train,0
31789,validation,0
31790,train,1
31791,train,0
31792,validation,0
31793,validation,0
31794,validation,1
31795,train,0
31796,validation,0
31797,validation,0
31798,train,0
31799,validation,0
31800,train,0
31801,test,0
31802,train,0
31803,validation,1
31804,test,0
31805,train,1
31806,validation,1
31807,train,0
31808,train,0
31809,train,0
31810,validation,1
31811,test,0
31812,train,0
31813,train,0
31814,validation,0
31815,train,1
31816,validation,0
31817,test,0
31818,train,0
31819,train,0
31820,train,0
31821,validation,0
31822,test,0
31823,train,0
31824,validation,0
31825,test,1
31826,test,0
31827,validation,0
31828,train,1
31829,train,1
31830,validation,0
31831,test,0
31832,train,0
31833,test,0
31834,test,0
31835,train,0
31836,test,1
31837,train,0
31838,validation,0
31839,validation,0
31840,train,0
31841,train,1
31842,train,0
31843,train,0
31844,train,0
31845,test,0
31846,train,0
31847,validation,1
31848,train,0
31849,train,0
31850,train,0
31851,test,0
31852,validation,1
31853,validation,0
31854,train,0
31855,test,0
31856,train,0
31857,train,0
31858,train,0
31859,train,0
31860,train,0
31861,validation,0
31862,train,0
31863,train,0
31864,test,1
31865,train,0
31866,validation,0
31867,train,0
31868,train,0
31869,train,0
31870,train,0
31871,validation,0
31872,validation,0
31873,train,0
31874,train,0
31875,train,0
31876,test,0
31877,test,0
31878,train,0
31879,train,1
31880,test,0
31881,validation,0
31882,train,0
31883,train,0
31884,train,0
31885,train,1
31886,train,0
31887,train,1
31888,validation,0
31889,validation,0
31890,train,0
31891,test,0
31892,train,0
31893,train,0
31894,train,0
31895,validation,0
31896,train,0
31897,train,0
31898,train,1
31899,train,1
31900,train,0
31901,train,0
31902,validation,0
31903,train,0
31904,train,1
31905,validation,1
31906,train,0
31907,test,0
31908,train,0
31909,validation,0
31910,validation,0
31911,train,0
31912,train,0
31913,train,0
31914,train,1
31915,validation,0
31916,train,0
31917,train,0
31918,test,0
31919,validation,0
31920,train,0
31921,test,0
31922,train,0
31923,train,1
31924,validation,0
31925,train,0
31926,test,1
31927,validation,0
31928,train,0
31929,train,0
31930,train,0
31931,train,0
31932,train,0
31933,validation,0
31934,train,0
31935,validation,0
31936,test,0
31937,train,0
31938,train,0
31939,train,0
31940,validation,0
31941,train,0
31942,test,0
31943,test,0
31944,train,0
31945,validation,0
31946,test,0
31947,train,0
31948,train,0
31949,validation,0
31950,test,1
31951,validation,0
31952,train,1
31953,train,0
31954,train,0
31955,train,0
31956,train,0
31957,train,0
31958,test,0
31959,test,0
31960,train,0
31961,train,0
31962,test,0
31963,train,0
31964,train,0
31965,train,0
31966,train,0
31967,validation,0
31968,validation,0
31969,train,0
31970,test,0
31971,validation,0
31972,validation,0
31973,validation,0
31974,validation,0
31975,validation,0
31976,train,0
31977,train,0
31978,test,0
31979,validation,0
31980,train,1
31981,validation,0
31982,train,1
31983,validation,0
31984,train,0
31985,validation,1
31986,train,0
31987,train,1
31988,test,0
31989,train,0
31990,train,0
31991,train,0
31992,test,0
31993,train,0
31994,test,0
31995,train,0
31996,validation,0
31997,validation,0
31998,train,0
31999,test,0
32000,train,1
32001,train,0
32002,test,0
32003,train,0
32004,test,0
32005,validation,0
32006,train,0
32007,test,1
32008,train,0
32009,test,0
32010,train,0
32011,train,0
32012,train,0
32013,train,0
32014,train,0
32015,validation,1
32016,validation,0
32017,test,0
32018,train,1
32019,test,0
32020,train,0
32021,train,0
32022,validation,0
32023,train,0
32024,test,0
32025,train,0
32026,train,1
32027,train,1
32028,train,0
32029,train,0
32030,train,0
32031,train,1
32032,test,0
32033,train,0
32034,train,0
32035,train,0
32036,train,0
32037,train,0
32038,train,0
32039,train,0
32040,validation,0
32041,train,0
32042,validation,1
32043,test,0
32044,train,0
32045,train,0
32046,train,0
32047,train,1
32048,train,0
32049,validation,0
32050,train,1
32051,train,0
32052,train,0
32053,train,1
32054,test,1
32055,validation,1
32056,validation,0
32057,train,1
32058,train,0
32059,train,0
32060,train,0
32061,train,1
32062,validation,0
32063,validation,0
32064,train,0
32065,validation,0
32066,test,1
32067,test,1
32068,test,0
32069,test,0
32070,validation,0
32071,test,0
32072,train,0
32073,train,0
32074,train,1
32075,train,0
32076,test,1
32077,train,0
32078,train,0
32079,test,0
32080,validation,0
32081,train,0
32082,train,0
32083,train,0
32084,train,0
32085,train,0
32086,train,0
32087,train,0
32088,validation,0
32089,validation,0
32090,train,1
32091,train,0
32092,train,0
32093,train,0
32094,validation,0
32095,train,0
32096,train,1
32097,validation,1
32098,validation,0
32099,train,0
32100,train,0
32101,train,0
32102,test,0
32103,validation,0
32104,train,0
32105,train,0
32106,train,0
32107,test,0
32108,train,1
32109,train,1
32110,train,0
32111,validation,0
32112,test,1
32113,train,0
32114,train,0
32115,train,0
32116,train,0
32117,train,0
32118,train,0
32119,validation,0
32120,train,0
32121,validation,0
32122,train,0
32123,validation,0
32124,test,0
32125,train,0
32126,train,0
32127,train,0
32128,test,0
32129,train,0
32130,validation,0
32131,test,0
32132,train,1
32133,train,1
32134,train,0
32135,train,0
32136,train,1
32137,train,0
32138,train,0
32139,train,0
32140,train,0
32141,validation,0
32142,validation,0
32143,train,0
32144,test,0
32145,test,0
32146,test,0
32147,train,0
32148,test,0
32149,validation,1
32150,train,0
32151,train,1
32152,validation,1
32153,validation,1
32154,train,0
32155,train,0
32156,validation,0
32157,train,0
32158,train,0
32159,train,0
32160,train,0
32161,train,0
32162,train,0
32163,test,0
32164,train,0
32165,train,1
32166,test,1
32167,train,1
32168,validation,0
32169,train,1
32170,train,1
32171,train,0
32172,test,0
32173,train,0
32174,validation,0
32175,train,0
32176,validation,1
32177,test,0
32178,validation,1
32179,train,0
32180,test,1
32181,train,0
32182,train,0
32183,train,0
32184,test,0
32185,test,0
32186,train,0
32187,train,0
32188,validation,1
32189,train,0
32190,validation,0
32191,train,0
32192,test,0
32193,train,0
32194,train,0
32195,validation,0
32196,validation,0
32197,test,0
32198,validation,0
32199,test,1
32200,train,1
32201,train,0
32202,train,0
32203,train,0
32204,train,0
32205,train,0
32206,validation,0
32207,train,0
32208,train,0
32209,test,0
32210,train,0
32211,train,0
32212,test,0
32213,validation,0
32214,train,0
32215,train,0
32216,train,0
32217,train,0
32218,test,0
32219,validation,1
32220,train,0
32221,test,0
32222,train,0
32223,train,0
32224,train,0
32225,train,0
32226,test,0
32227,train,0
32228,train,0
32229,validation,0
32230,validation,1
32231,train,0
32232,train,0
32233,train,0
32234,train,1
32235,validation,0
32236,train,1
32237,train,0
32238,validation,1
32239,test,0
32240,test,0
32241,train,0
32242,train,0
32243,test,1
32244,train,0
32245,train,1
32246,train,0
32247,validation,0
32248,train,0
32249,validation,0
32250,test,0
32251,train,0
32252,test,0
32253,validation,0
32254,train,0
32255,test,0
32256,validation,0
32257,validation,0
32258,train,0
32259,train,0
32260,train,0
32261,validation,0
32262,train,0
32263,test,0
32264,train,1
32265,train,0
32266,test,0
32267,train,0
32268,test,0
32269,test,1
32270,train,0
32271,train,0
32272,validation,0
32273,validation,0
32274,train,0
32275,train,1
32276,validation,0
32277,train,0
32278,test,0
32279,test,0
32280,test,0
32281,test,0
32282,train,0
32283,train,0
32284,train,0
32285,train,0
32286,test,0
32287,test,1
32288,train,0
32289,train,1
32290,train,0
32291,validation,0
32292,train,0
32293,train,0
32294,test,1
32295,train,0
32296,train,0
32297,validation,1
32298,test,0
32299,validation,0
32300,validation,0
32301,validation,0
32302,validation,0
32303,validation,0
32304,train,0
32305,train,0
32306,train,0
32307,train,0
32308,test,0
32309,train,0
32310,train,1
32311,validation,0
32312,train,1
32313,train,0
32314,train,0
32315,train,0
32316,train,0
32317,train,0
32318,train,0
32319,train,0
32320,train,0
32321,train,1
32322,train,0
32323,train,0
32324,validation,0
32325,validation,0
32326,test,0
32327,train,1
32328,test,0
32329,train,0
32330,train,0
32331,train,0
32332,test,0
32333,train,1
32334,validation,1
32335,train,0
32336,train,0
32337,train,0
32338,train,0
32339,train,0
32340,test,0
32341,test,0
32342,train,0
32343,train,1
32344,train,0
32345,train,0
32346,test,0
32347,train,1
32348,train,1
32349,validation,0
32350,train,0
32351,validation,1
32352,validation,0
32353,train,0
32354,train,0
32355,train,0
32356,train,0
32357,train,0
32358,train,0
32359,train,0
32360,test,1
32361,train,0
32362,train,0
32363,validation,1
32364,train,1
32365,train,1
32366,train,1
32367,train,0
32368,validation,0
32369,train,0
32370,validation,0
32371,train,1
32372,validation,0
32373,train,0
32374,train,0
32375,validation,0
32376,train,1
32377,train,0
32378,test,0
32379,test,0
32380,train,1
32381,train,0
32382,train,0
32383,validation,0
32384,train,0
32385,test,0
32386,train,0
32387,train,0
32388,train,1
32389,validation,0
32390,test,0
32391,train,0
32392,train,0
32393,train,0
32394,train,0
32395,train,0
32396,train,0
32397,test,0
32398,train,0
32399,validation,0
32400,train,0
32401,train,0
32402,test,0
32403,train,0
32404,train,0
32405,train,0
32406,test,0
32407,train,0
32408,train,0
32409,test,0
32410,train,0
32411,validation,0
32412,validation,0
32413,test,0
32414,train,0
32415,train,0
32416,train,1
32417,validation,0
32418,train,0
32419,train,0
32420,train,0
32421,train,0
32422,train,0
32423,validation,0
32424,train,0
32425,validation,0
32426,test,0
32427,train,0
32428,test,1
32429,train,0
32430,train,0
32431,validation,0
32432,test,0
32433,train,0
32434,train,0
32435,train,1
32436,validation,0
32437,validation,0
32438,train,0
32439,train,0
32440,validation,0
32441,train,0
32442,test,0
32443,train,0
32444,test,1
32445,test,1
32446,train,1
32447,train,1
32448,test,0
32449,validation,1
32450,train,0
32451,train,0
32452,train,1
32453,train,0
32454,test,1
32455,train,0
32456,validation,0
32457,validation,0
32458,validation,0
32459,train,0
32460,train,1
32461,test,0
32462,train,0
32463,validation,0
32464,train,0
32465,validation,1
32466,train,0
32467,train,0
32468,train,0
32469,train,0
32470,train,0
32471,train,0
32472,train,0
32473,test,0
32474,train,0
32475,train,0
32476,train,1
32477,train,1
32478,train,1
32479,validation,1
32480,train,0
32481,train,1
32482,test,0
32483,train,0
32484,train,0
32485,test,0
32486,validation,0
32487,train,1
32488,validation,0
32489,train,0
32490,train,0
32491,train,0
32492,train,0
32493,train,1
32494,train,0
32495,train,1
32496,train,0
32497,validation,0
32498,train,0
32499,train,0
32500,train,0
32501,train,0
32502,test,1
32503,validation,0
32504,validation,0
32505,train,1
32506,train,0
32507,test,0
32508,train,0
32509,test,0
32510,test,0
32511,validation,0
32512,train,1
32513,train,0
32514,train,0
32515,validation,0
32516,train,0
32517,train,0
32518,validation,1
32519,test,0
32520,validation,0
32521,train,0
32522,test,0
32523,train,0
32524,train,0
32525,train,0
32526,train,0
32527,validation,0
32528,train,0
32529,train,0
32530,test,0
32531,train,0
32532,train,0
32533,train,0
32534,train,0
32535,train,0
32536,test,0
32537,train,0
32538,test,1
32539,train,1
32540,validation,0
32541,train,0
32542,test,1
32543,validation,0
32544,validation,0
32545,test,1
32546,test,0
32547,test,0
32548,validation,0
32549,train,0
32550,test,0
32551,validation,0
32552,validation,0
32553,test,1
32554,validation,0
32555,test,1
32556,train,0
32557,train,0
32558,test,0
32559,validation,0
32560,test,0
32561,validation,1
32562,train,0
32563,validation,0
32564,train,0
32565,train,0
32566,train,0
32567,test,0
32568,train,0
32569,validation,1
32570,test,0
32571,train,0
32572,test,0
32573,test,0
32574,test,0
32575,train,0
32576,train,0
32577,test,1
32578,validation,0
32579,validation,0
32580,train,0
32581,test,0
32582,test,0
32583,train,0
32584,train,0
32585,train,0
32586,validation,0
32587,validation,0
32588,validation,1
32589,validation,0
32590,test,0
32591,train,0
32592,train,0
32593,validation,0
32594,validation,0
32595,train,1
32596,validation,0
32597,train,1
32598,train,0
32599,train,0
32600,test,0
32601,train,0
32602,validation,1
32603,validation,0
32604,validation,1
32605,train,0
32606,test,0
32607,validation,0
32608,test,0
32609,test,0
32610,train,0
32611,train,0
32612,train,0
32613,test,0
32614,test,0
32615,train,0
32616,validation,1
32617,train,0
32618,test,0
32619,validation,0
32620,train,1
32621,train,0
32622,train,0
32623,validation,0
32624,test,1
32625,train,0
32626,train,0
32627,train,0
32628,validation,1
32629,train,0
32630,validation,0
32631,test,0
32632,validation,0
32633,train,0
32634,validation,0
32635,train,0
32636,train,0
32637,train,0
32638,test,1
32639,train,0
32640,validation,0
32641,train,0
32642,validation,0
32643,train,0
32644,validation,0
32645,train,0
32646,test,0
32647,validation,0
32648,train,0
32649,train,0
32650,train,0
32651,validation,0
32652,train,1
32653,train,1
32654,validation,0
32655,train,0
32656,train,0
32657,train,0
32658,train,0
32659,train,0
32660,train,1
32661,test,0
32662,train,0
32663,train,0
32664,train,0
32665,train,0
32666,train,0
32667,test,0
32668,train,1
32669,train,0
32670,validation,0
32671,validation,0
32672,train,0
32673,test,0
32674,validation,1
32675,validation,0
32676,train,0
32677,test,0
32678,validation,0
32679,validation,0
32680,validation,0
32681,train,0
32682,train,1
32683,test,0
32684,train,1
32685,train,1
32686,train,0
32687,test,0
32688,test,0
32689,test,0
32690,train,0
32691,train,0
32692,validation,0
32693,train,0
32694,train,0
32695,train,0
32696,validation,0
32697,train,0
32698,validation,0
32699,test,0
32700,train,1
32701,train,0
32702,train,0
32703,train,0
32704,train,0
32705,train,0
32706,test,0
32707,validation,0
32708,train,0
32709,test,0
32710,train,0
32711,train,0
32712,validation,0
32713,test,0
32714,validation,0
32715,train,1
32716,train,1
32717,train,0
32718,test,0
32719,test,1
32720,test,0
32721,train,0
32722,train,0
32723,validation,0
32724,train,0
32725,train,0
32726,train,0
32727,train,0
32728,test,0
32729,train,0
32730,train,0
32731,train,0
32732,train,0
32733,validation,0
32734,train,0
32735,validation,0
32736,test,0
32737,test,0
32738,train,0
32739,train,0
32740,test,0
32741,test,0
32742,validation,0
32743,train,0
32744,validation,1
32745,validation,0
32746,train,0
32747,test,1
32748,validation,0
32749,train,0
32750,train,1
32751,train,0
32752,train,1
32753,test,0
32754,test,0
32755,train,0
32756,train,0
32757,train,0
32758,validation,0
32759,test,0
32760,train,0
32761,test,0
32762,train,0
32763,train,0
32764,train,0
32765,train,1
32766,test,1
32767,train,0
32768,validation,0
32769,validation,0
32770,train,0
32771,test,0
32772,train,0
32773,validation,0
32774,train,1
32775,train,1
32776,train,0
32777,train,0
32778,train,1
32779,train,0
32780,train,1
32781,test,1
32782,test,0
32783,train,0
32784,test,1
32785,validation,0
32786,train,1
32787,train,1
32788,train,0
32789,train,0
32790,test,0
32791,train,0
32792,train,0
32793,validation,0
32794,test,0
32795,train,0
32796,train,1
32797,train,0
32798,train,0
32799,train,0
32800,train,0
32801,validation,0
32802,train,0
32803,train,0
32804,test,0
32805,train,0
32806,validation,0
32807,train,0
32808,validation,0
32809,train,1
32810,train,0
32811,train,0
32812,train,0
32813,train,1
32814,test,0
32815,train,0
32816,train,1
32817,train,1
32818,validation,0
32819,train,0
32820,train,1
32821,test,0
32822,train,0
32823,train,1
32824,train,0
32825,validation,0
32826,validation,0
32827,train,0
32828,train,0
32829,train,1
32830,train,0
32831,train,0
32832,train,0
32833,train,0
32834,train,0
32835,test,1
32836,train,0
32837,validation,0
32838,train,0
32839,test,0
32840,test,0
32841,train,0
32842,train,0
32843,test,0
32844,train,0
32845,train,1
32846,train,0
32847,train,0
32848,train,0
32849,train,0
32850,validation,1
32851,train,0
32852,train,0
32853,test,0
32854,validation,0
32855,train,0
32856,train,0
32857,test,0
32858,test,1
32859,train,0
32860,validation,0
32861,train,0
32862,train,1
32863,train,0
32864,train,0
32865,validation,0
32866,validation,0
32867,train,0
32868,test,1
32869,train,0
32870,validation,0
32871,validation,0
32872,train,0
32873,train,0
32874,train,0
32875,test,0
32876,test,0
32877,validation,0
32878,validation,0
32879,train,0
32880,train,1
32881,train,0
32882,validation,0
32883,validation,1
32884,train,0
32885,train,0
32886,validation,0
32887,train,1
32888,validation,0
32889,validation,1
32890,train,0
32891,train,0
32892,test,1
32893,train,0
32894,train,0
32895,train,1
32896,train,0
32897,test,0
32898,test,0
32899,train,0
32900,train,0
32901,train,0
32902,validation,0
32903,train,0
32904,test,0
32905,train,0
32906,train,0
32907,train,0
32908,train,0
32909,test,1
32910,train,0
32911,validation,0
32912,test,1
32913,train,0
32914,train,1
32915,train,1
32916,train,1
32917,train,0
32918,validation,0
32919,validation,0
32920,validation,0
32921,train,0
32922,validation,0
32923,test,0
32924,train,0
32925,train,0
32926,validation,0
32927,validation,0
32928,train,0
32929,train,1
32930,validation,0
32931,train,0
32932,train,0
32933,train,0
32934,train,0
32935,train,0
32936,validation,0
32937,train,0
32938,train,0
32939,test,0
32940,train,1
32941,validation,0
32942,validation,0
32943,train,0
32944,train,1
32945,train,0
32946,train,0
32947,train,0
32948,validation,0
32949,train,0
32950,train,0
32951,train,0
32952,test,1
32953,test,0
32954,test,1
32955,train,0
32956,train,1
32957,train,0
32958,train,0
32959,test,0
32960,train,0
32961,train,0
32962,validation,0
32963,validation,0
32964,train,0
32965,train,0
32966,test,1
32967,test,0
32968,test,1
32969,train,1
32970,test,1
32971,train,0
32972,validation,1
32973,train,0
32974,train,1
32975,train,0
32976,train,0
32977,train,0
32978,validation,0
32979,train,0
32980,validation,0
32981,test,1
32982,train,0
32983,train,1
32984,validation,0
32985,validation,0
32986,test,0
32987,train,0
32988,train,0
32989,validation,0
32990,test,0
32991,train,1
32992,validation,0
32993,train,0
32994,train,0
32995,validation,0
32996,train,0
32997,train,0
32998,validation,1
32999,test,0
33000,train,0
33001,train,0
33002,train,0
33003,train,0
33004,train,0
33005,train,0
33006,train,0
33007,validation,0
33008,test,0
33009,train,1
33010,train,1
33011,validation,0
33012,train,1
33013,validation,1
33014,train,0
33015,train,0
33016,train,0
33017,train,0
33018,validation,0
33019,validation,0
33020,train,1
33021,train,1
33022,train,1
33023,validation,0
33024,test,0
33025,train,0
33026,train,1
33027,train,0
33028,train,0
33029,validation,0
33030,train,0
33031,train,0
33032,train,1
33033,train,1
33034,test,0
33035,train,0
33036,test,1
33037,test,0
33038,train,0
33039,train,0
33040,train,0
33041,train,0
33042,train,0
33043,train,0
33044,train,0
33045,validation,0
33046,test,1
33047,test,0
33048,train,0
33049,train,0
33050,train,0
33051,train,0
33052,train,0
33053,train,1
33054,train,0
33055,train,0
33056,train,0
33057,train,0
33058,test,0
33059,train,0
33060,validation,0
33061,train,0
33062,validation,1
33063,train,0
33064,train,0
33065,train,0
33066,validation,0
33067,train,0
33068,validation,1
33069,train,0
33070,train,1
33071,validation,0
33072,train,0
33073,train,0
33074,validation,0
33075,train,0
33076,test,0
33077,train,0
33078,validation,1
33079,train,1
33080,train,1
33081,train,0
33082,validation,0
33083,train,0
33084,train,0
33085,validation,0
33086,train,0
33087,validation,0
33088,train,0
33089,train,0
33090,train,0
33091,train,1
33092,validation,0
33093,train,0
33094,test,0
33095,train,0
33096,train,0
33097,train,0
33098,test,1
33099,test,0
33100,train,1
33101,test,0
33102,validation,1
33103,train,0
33104,train,0
33105,train,0
33106,train,0
33107,validation,0
33108,validation,0
33109,train,0
33110,validation,0
33111,test,0
33112,test,0
33113,test,0
33114,train,0
33115,validation,0
33116,train,0
33117,test,1
33118,test,1
33119,test,0
33120,test,0
33121,train,1
33122,train,0
33123,train,0
33124,train,1
33125,train,0
33126,train,0
33127,train,0
33128,train,0
33129,test,0
33130,test,0
33131,test,1
33132,validation,0
33133,validation,0
33134,validation,0
33135,train,0
33136,validation,0
33137,train,0
33138,train,0
33139,train,1
33140,train,0
33141,train,1
33142,train,0
33143,train,0
33144,validation,0
33145,train,0
33146,validation,0
33147,train,0
33148,test,0
33149,test,0
33150,train,1
33151,train,0
33152,train,0
33153,train,1
33154,validation,1
33155,validation,0
33156,validation,0
33157,train,0
33158,validation,0
33159,train,0
33160,train,0
33161,test,0
33162,validation,0
33163,validation,0
33164,train,0
33165,train,1
33166,train,0
33167,train,0
33168,validation,0
33169,train,0
33170,train,0
33171,train,0
33172,train,0
33173,train,0
33174,validation,1
33175,train,0
33176,train,1
33177,train,1
33178,train,0
33179,train,0
33180,validation,1
33181,train,1
33182,validation,0
33183,test,0
33184,validation,0
33185,train,1
33186,test,0
33187,train,0
33188,validation,0
33189,train,0
33190,train,0
33191,train,0
33192,train,0
33193,train,0
33194,test,0
33195,train,0
33196,test,0
33197,train,0
33198,validation,0
33199,train,0
33200,train,0
33201,train,0
33202,train,1
33203,train,0
33204,train,0
33205,train,0
33206,train,0
33207,train,0
33208,train,0
33209,train,0
33210,train,0
33211,train,0
33212,train,0
33213,validation,0
33214,test,1
33215,validation,0
33216,train,0
33217,train,0
33218,validation,0
33219,test,0
33220,train,0
33221,test,0
33222,train,1
33223,train,0
33224,train,0
33225,train,0
33226,train,0
33227,validation,0
33228,train,0
33229,train,1
33230,test,0
33231,test,0
33232,train,0
33233,train,0
33234,train,1
33235,validation,1
33236,train,0
33237,validation,0
33238,validation,0
33239,validation,1
33240,train,1
33241,train,0
33242,validation,1
33243,train,0
33244,train,0
33245,test,0
33246,train,0
33247,test,0
33248,train,0
33249,train,0
33250,train,0
33251,train,0
33252,train,0
33253,test,0
33254,train,0
33255,validation,0
33256,train,1
33257,train,0
33258,train,0
33259,train,0
33260,train,0
33261,test,0
33262,test,1
33263,train,0
33264,train,0
33265,train,0
33266,train,1
33267,test,0
33268,test,0
33269,train,0
33270,train,0
33271,train,0
33272,validation,0
33273,test,0
33274,train,1
33275,train,0
33276,train,0
33277,train,1
33278,test,0
33279,train,0
33280,train,0
33281,validation,0
33282,train,0
33283,train,0
33284,train,0
33285,validation,0
33286,validation,0
33287,train,0
33288,train,0
33289,train,0
33290,train,1
33291,train,1
33292,train,0
33293,train,0
33294,train,0
33295,train,0
33296,train,0
33297,test,0
33298,train,0
33299,train,0
33300,train,0
33301,test,1
33302,train,0
33303,train,0
33304,test,1
33305,train,0
33306,validation,0
33307,test,0
33308,train,0
33309,train,0
33310,train,0
33311,train,1
33312,validation,0
33313,validation,0
33314,train,0
33315,train,0
33316,test,0
33317,train,0
33318,validation,0
33319,train,0
33320,validation,0
33321,validation,0
33322,train,1
33323,train,0
33324,train,0
33325,train,0
33326,train,0
33327,validation,0
33328,validation,0
33329,train,0
33330,validation,1
33331,validation,0
33332,validation,0
33333,train,1
33334,train,0
33335,train,0
33336,train,1
33337,test,1
33338,test,0
33339,train,0
33340,train,0
33341,train,1
33342,train,0
33343,validation,0
33344,validation,0
33345,test,0
33346,train,0
33347,validation,0
33348,validation,0
33349,train,0
33350,train,0
33351,train,0
33352,validation,1
33353,test,0
33354,train,0
33355,train,0
33356,validation,0
33357,train,0
33358,test,0
33359,validation,0
33360,train,0
33361,validation,0
33362,train,0
33363,validation,0
33364,train,0
33365,train,0
33366,train,0
33367,train,0
33368,train,0
33369,train,0
33370,train,0
33371,train,0
33372,test,1
33373,train,0
33374,validation,0
33375,train,0
33376,validation,0
33377,train,0
33378,train,0
33379,train,0
33380,train,0
33381,train,0
33382,train,0
33383,train,0
33384,train,0
33385,validation,0
33386,train,0
33387,validation,1
33388,validation,0
33389,train,0
33390,test,0
33391,train,0
33392,validation,0
33393,validation,0
33394,test,0
33395,train,0
33396,train,1
33397,train,0
33398,validation,1
33399,train,0
33400,train,0
33401,test,0
33402,train,0
33403,train,0
33404,train,0
33405,test,1
33406,test,0
33407,test,1
33408,train,1
33409,train,1
33410,validation,0
33411,train,1
33412,train,0
33413,test,0
33414,test,0
33415,test,0
33416,train,0
33417,train,0
33418,train,0
33419,test,0
33420,test,0
33421,test,1
33422,validation,1
33423,train,0
33424,train,0
33425,train,0
33426,validation,0
33427,train,0
33428,validation,0
33429,test,1
33430,validation,1
33431,validation,0
33432,train,0
33433,train,0
33434,train,0
33435,train,0
33436,test,0
33437,train,0
33438,validation,0
33439,test,0
33440,train,0
33441,train,0
33442,train,0
33443,train,0
33444,test,0
33445,train,0
33446,train,0
33447,train,0
33448,train,0
33449,train,1
33450,train,0
33451,validation,0
33452,train,1
33453,train,1
33454,train,0
33455,train,0
33456,train,0
33457,train,1
33458,validation,0
33459,test,0
33460,train,0
33461,validation,0
33462,train,1
33463,train,0
33464,test,1
33465,train,0
33466,test,0
33467,validation,0
33468,train,0
33469,train,0
33470,validation,0
33471,test,0
33472,test,0
33473,validation,0
33474,train,1
33475,test,0
33476,train,0
33477,test,0
33478,train,0
33479,validation,0
33480,train,0
33481,train,1
33482,test,0
33483,validation,1
33484,train,0
33485,test,0
33486,validation,0
33487,train,0
33488,train,0
33489,train,0
33490,train,0
33491,train,0
33492,test,0
33493,validation,0
33494,train,0
33495,train,0
33496,train,0
33497,test,0
33498,test,0
33499,validation,0
33500,test,0
33501,validation,1
33502,train,0
33503,train,0
33504,test,0
33505,test,0
33506,validation,0
33507,train,0
33508,validation,0
33509,train,1
33510,train,0
33511,train,0
33512,validation,0
33513,test,0
33514,test,0
33515,validation,0
33516,test,1
33517,train,0
33518,train,0
33519,test,0
33520,train,0
33521,train,0
33522,train,0
33523,train,1
33524,train,0
33525,test,0
33526,test,0
33527,train,1
33528,train,0
33529,train,0
33530,validation,0
33531,validation,0
33532,validation,0
33533,test,0
33534,test,1
33535,train,0
33536,train,0
33537,train,0
33538,validation,0
33539,validation,0
33540,test,1
33541,test,0
33542,test,0
33543,train,0
33544,train,0
33545,validation,0
33546,train,1
33547,train,0
33548,train,0
33549,train,0
33550,train,0
33551,train,1
33552,validation,0
33553,train,0
33554,train,0
33555,train,0
33556,train,0
33557,train,0
33558,train,0
33559,train,0
33560,train,0
33561,train,0
33562,train,0
33563,train,0
33564,test,0
33565,train,0
33566,train,0
33567,train,0
33568,train,0
33569,train,0
33570,train,0
33571,validation,0
33572,test,0
33573,train,0
33574,train,0
33575,train,0
33576,train,0
33577,train,0
33578,validation,0
33579,validation,0
33580,train,0
33581,train,0
33582,train,0
33583,train,0
33584,validation,0
33585,train,1
33586,train,0
33587,train,0
33588,train,0
33589,train,0
33590,test,0
33591,train,0
33592,train,0
33593,test,0
33594,train,0
33595,validation,0
33596,train,0
33597,validation,0
33598,train,0
33599,validation,0
33600,test,0
33601,test,0
33602,train,0
33603,train,0
33604,train,0
33605,train,0
33606,train,0
33607,train,0
33608,validation,0
33609,validation,0
33610,validation,0
33611,test,1
33612,train,0
33613,train,0
33614,test,0
33615,train,0
33616,train,0
33617,train,0
33618,train,0
33619,test,0
33620,train,0
33621,train,1
33622,train,0
33623,train,0
33624,train,0
33625,train,1
33626,train,0
33627,validation,0
33628,test,0
33629,validation,0
33630,validation,0
33631,train,0
33632,train,0
33633,train,1
33634,test,0
33635,test,0
33636,test,0
33637,validation,0
33638,train,0
33639,test,0
33640,test,0
33641,train,0
33642,validation,0
33643,train,0
33644,train,0
33645,train,1
33646,train,1
33647,train,0
33648,train,0
33649,train,0
33650,train,0
33651,train,0
33652,train,0
33653,test,0
33654,train,0
33655,train,0
33656,test,0
33657,test,0
33658,validation,0
33659,validation,1
33660,train,1
33661,test,0
33662,train,0
33663,validation,0
33664,train,0
33665,validation,0
33666,train,0
33667,train,0
33668,train,1
33669,train,0
33670,train,0
33671,train,0
33672,train,0
33673,test,1
33674,train,0
33675,validation,0
33676,train,1
33677,train,0
33678,train,1
33679,train,0
33680,train,0
33681,train,0
33682,train,0
33683,test,0
33684,train,0
33685,train,0
33686,validation,0
33687,train,0
33688,test,0
33689,train,0
33690,train,0
33691,train,0
33692,train,0
33693,train,0
33694,train,0
33695,train,0
33696,test,0
33697,test,0
33698,test,1
33699,validation,0
33700,train,1
33701,train,0
33702,train,1
33703,test,1
33704,train,0
33705,train,1
33706,train,0
33707,validation,1
33708,train,0
33709,train,0
33710,train,0
33711,train,1
33712,validation,0
33713,validation,0
33714,train,0
33715,train,0
33716,train,0
33717,train,0
33718,train,0
33719,train,0
33720,train,1
33721,train,0
33722,train,0
33723,train,0
33724,test,0
33725,train,0
33726,test,0
33727,train,0
33728,test,0
33729,validation,0
33730,validation,0
33731,test,0
33732,train,0
33733,train,0
33734,train,0
33735,train,0
33736,validation,0
33737,train,0
33738,train,0
33739,test,0
33740,train,0
33741,train,0
33742,train,0
33743,train,0
33744,train,0
33745,train,0
33746,train,0
33747,train,0
33748,train,0
33749,test,0
33750,train,0
33751,validation,0
33752,train,0
33753,train,0
33754,test,0
33755,test,0
33756,test,0
33757,train,0
33758,validation,0
33759,validation,0
33760,train,0
33761,train,0
33762,test,0
33763,train,0
33764,test,1
33765,test,1
33766,train,0
33767,train,0
33768,validation,0
33769,train,0
33770,train,0
33771,train,0
33772,train,0
33773,validation,0
33774,test,0
33775,train,1
33776,train,0
33777,train,0
33778,train,1
33779,train,1
33780,validation,0
33781,test,0
33782,train,0
33783,validation,1
33784,test,0
33785,train,0
33786,train,0
33787,train,0
33788,validation,0
33789,validation,0
33790,train,0
33791,train,0
33792,validation,1
33793,test,1
33794,train,0
33795,validation,0
33796,train,0
33797,test,1
33798,train,0
33799,validation,0
33800,test,0
33801,test,0
33802,train,1
33803,validation,1
33804,train,0
33805,validation,0
33806,test,0
33807,train,0
33808,validation,0
33809,test,0
33810,test,0
33811,train,0
33812,train,0
33813,train,0
33814,validation,1
33815,train,0
33816,test,1
33817,test,0
33818,train,0
33819,test,0
33820,validation,0
33821,validation,0
33822,train,1
33823,train,0
33824,train,0
33825,train,0
33826,test,0
33827,train,0
33828,train,0
33829,test,0
33830,test,0
33831,train,0
33832,train,0
33833,train,0
33834,train,0
33835,validation,0
33836,train,0
33837,train,0
33838,validation,0
33839,test,0
33840,test,1
33841,train,0
33842,train,1
33843,validation,0
33844,test,0
33845,test,0
33846,train,0
33847,train,0
33848,validation,0
33849,train,0
33850,train,0
33851,train,0
33852,train,1
33853,test,0
33854,validation,0
33855,test,0
33856,validation,0
33857,validation,0
33858,test,0
33859,train,1
33860,test,0
33861,test,0
33862,test,0
33863,test,0
33864,train,0
33865,test,0
33866,test,0
33867,validation,0
33868,train,0
33869,train,0
33870,train,0
33871,train,0
33872,train,0
33873,test,0
33874,validation,0
33875,validation,0
33876,train,0
33877,train,0
33878,train,0
33879,test,0
33880,train,0
33881,train,0
33882,test,0
33883,train,0
33884,test,1
33885,test,0
33886,train,0
33887,test,0
33888,test,0
33889,train,1
33890,train,1
33891,validation,1
33892,train,1
33893,test,0
33894,validation,1
33895,train,0
33896,train,0
33897,train,0
33898,train,0
33899,train,0
33900,train,0
33901,train,0
33902,train,1
33903,train,1
33904,train,0
33905,train,0
33906,train,0
33907,train,0
33908,train,0
33909,train,0
33910,train,0
33911,train,0
33912,train,0
33913,test,0
33914,train,0
33915,test,0
33916,train,0
33917,train,0
33918,train,0
33919,test,0
33920,train,0
33921,train,1
33922,train,0
33923,validation,0
33924,validation,0
33925,validation,0
33926,train,0
33927,test,0
33928,validation,1
33929,train,1
33930,train,0
33931,train,0
33932,validation,1
33933,train,0
33934,test,0
33935,train,0
33936,train,0
33937,train,0
33938,train,1
33939,train,0
33940,test,0
33941,train,0
33942,validation,0
33943,validation,0
33944,train,0
33945,train,0
33946,train,0
33947,test,0
33948,test,0
33949,train,0
33950,train,0
33951,train,0
33952,train,1
33953,validation,0
33954,train,0
33955,train,0
33956,train,1
33957,validation,0
33958,train,0
33959,validation,0
33960,test,0
33961,validation,0
33962,test,0
33963,validation,0
33964,train,0
33965,train,0
33966,test,0
33967,train,0
33968,train,1
33969,validation,0
33970,train,0
33971,train,0
33972,validation,0
33973,test,0
33974,train,1
33975,train,1
33976,test,1
33977,train,0
33978,validation,0
33979,train,0
33980,validation,0
33981,test,1
33982,validation,0
33983,train,0
33984,train,0
33985,train,0
33986,train,0
33987,train,0
33988,test,0
33989,validation,0
33990,train,0
33991,validation,0
33992,test,1
33993,train,0
33994,train,1
33995,train,0
33996,train,0
33997,test,0
33998,train,0
33999,test,0
34000,validation,0
34001,train,0
34002,train,0
34003,train,1
34004,validation,1
34005,train,1
34006,validation,0
34007,train,0
34008,train,0
34009,train,0
34010,train,1
34011,test,1
34012,train,0
34013,train,0
34014,train,1
34015,train,0
34016,validation,0
34017,train,0
34018,train,1
34019,train,0
34020,train,0
34021,train,1
34022,train,0
34023,train,0
34024,test,0
34025,train,0
34026,train,0
34027,validation,0
34028,test,0
34029,test,0
34030,train,1
34031,validation,0
34032,test,1
34033,train,1
34034,train,0
34035,train,0
34036,train,0
34037,validation,0
34038,test,0
34039,validation,0
34040,train,0
34041,train,0
34042,train,1
34043,train,0
34044,test,0
34045,test,1
34046,train,1
34047,validation,0
34048,train,0
34049,train,0
34050,test,0
34051,train,1
34052,test,1
34053,validation,0
34054,train,0
34055,train,1
34056,train,0
34057,train,0
34058,train,0
34059,validation,0
34060,train,0
34061,validation,1
34062,train,0
34063,train,1
34064,train,0
34065,train,0
34066,test,0
34067,validation,0
34068,train,0
34069,test,0
34070,train,0
34071,train,0
34072,train,1
34073,train,1
34074,test,0
34075,validation,0
34076,validation,0
34077,train,0
34078,train,0
34079,train,1
34080,train,0
34081,test,1
34082,test,0
34083,test,1
34084,train,0
34085,train,0
34086,train,0
34087,validation,1
34088,test,0
34089,test,0
34090,validation,0
34091,train,0
34092,train,1
34093,train,0
34094,test,0
34095,train,1
34096,train,0
34097,test,0
34098,test,0
34099,train,0
34100,train,0
34101,train,0
34102,test,0
34103,validation,0
34104,test,0
34105,test,0
34106,train,0
34107,test,0
34108,train,0
34109,train,0
34110,validation,0
34111,train,0
34112,validation,0
34113,validation,0
34114,validation,1
34115,train,0
34116,test,0
34117,validation,0
34118,train,0
34119,train,0
34120,validation,1
34121,train,1
34122,test,0
34123,validation,1
34124,train,0
34125,validation,1
34126,train,1
34127,train,1
34128,train,0
34129,train,0
34130,test,0
34131,train,0
34132,validation,0
34133,test,1
34134,train,0
34135,train,0
34136,test,0
34137,validation,1
34138,train,0
34139,validation,0
34140,train,0
34141,train,0
34142,validation,0
34143,train,0
34144,validation,0
34145,train,0
34146,validation,0
34147,train,0
34148,train,1
34149,validation,0
34150,test,1
34151,train,1
34152,test,0
34153,test,1
34154,train,0
34155,validation,0
34156,validation,0
34157,train,0
34158,train,0
34159,train,1
34160,train,0
34161,test,0
34162,train,0
34163,train,0
34164,train,0
34165,train,1
34166,train,0
34167,train,0
34168,validation,0
34169,train,1
34170,test,1
34171,test,0
34172,train,0
34173,train,0
34174,test,1
34175,validation,0
34176,train,0
34177,validation,0
34178,test,0
34179,train,0
34180,train,0
34181,test,0
34182,train,1
34183,validation,0
34184,test,1
34185,train,1
34186,test,0
34187,train,0
34188,test,0
34189,validation,0
34190,train,0
34191,validation,1
34192,train,1
34193,train,0
34194,train,1
34195,test,0
34196,train,0
34197,train,0
34198,train,0
34199,test,0
34200,train,0
34201,train,0
34202,train,0
34203,train,0
34204,train,0
34205,train,0
34206,train,0
34207,validation,1
34208,train,0
34209,validation,0
34210,train,0
34211,train,1
34212,train,0
34213,train,0
34214,train,0
34215,train,0
34216,train,0
34217,train,1
34218,train,0
34219,train,0
34220,validation,0
34221,train,0
34222,train,0
34223,test,0
34224,train,1
34225,validation,0
34226,train,0
34227,validation,0
34228,test,0
34229,validation,0
34230,train,0
34231,validation,0
34232,train,0
34233,test,0
34234,train,0
34235,train,1
34236,test,0
34237,train,0
34238,train,0
34239,train,0
34240,validation,0
34241,validation,0
34242,train,0
34243,validation,1
34244,test,0
34245,train,0
34246,train,0
34247,train,0
34248,train,0
34249,train,0
34250,test,0
34251,train,1
34252,train,0
34253,train,0
34254,train,0
34255,train,0
34256,train,0
34257,train,0
34258,train,0
34259,train,0
34260,train,0
34261,test,1
34262,train,0
34263,test,0
34264,train,0
34265,train,0
34266,train,0
34267,train,0
34268,train,1
34269,train,0
34270,validation,1
34271,validation,1
34272,validation,0
34273,train,0
34274,train,0
34275,train,0
34276,train,1
34277,validation,0
34278,validation,0
34279,train,1
34280,train,0
34281,train,0
34282,train,0
34283,test,0
34284,test,0
34285,train,0
34286,test,0
34287,test,0
34288,train,0
34289,test,0
34290,validation,0
34291,train,0
34292,train,0
34293,train,0
34294,train,1
34295,train,0
34296,train,0
34297,test,0
34298,test,0
34299,train,0
34300,train,0
34301,test,0
34302,train,0
34303,train,0
34304,train,0
34305,train,0
34306,test,1
34307,validation,0
34308,train,0
34309,validation,0
34310,train,0
34311,train,0
34312,train,0
34313,train,0
34314,validation,1
34315,train,0
34316,test,1
34317,train,0
34318,train,1
34319,train,0
34320,validation,1
34321,train,1
34322,train,0
34323,train,0
34324,train,1
34325,validation,0
34326,train,0
34327,validation,0
34328,train,0
34329,validation,0
34330,test,0
34331,test,0
34332,validation,0
34333,train,0
34334,train,1
34335,validation,1
34336,train,1
34337,train,0
34338,train,0
34339,train,0
34340,train,0
34341,train,0
34342,train,0
34343,train,0
34344,train,1
34345,test,1
34346,train,0
34347,train,0
34348,train,0
34349,validation,0
34350,train,0
34351,train,0
34352,validation,0
34353,validation,1
34354,train,0
34355,train,0
34356,validation,0
34357,train,0
34358,train,0
34359,train,0
34360,validation,0
34361,train,0
34362,train,0
34363,test,0
34364,train,0
34365,test,0
34366,train,0
34367,validation,0
34368,test,1
34369,train,0
34370,train,1
34371,train,0
34372,test,0
34373,test,0
34374,test,0
34375,train,0
34376,train,0
34377,train,1
34378,validation,1
34379,train,0
34380,test,0
34381,train,1
34382,validation,0
34383,train,0
34384,validation,0
34385,train,1
34386,train,0
34387,train,0
34388,test,1
34389,train,0
34390,test,0
34391,train,1
34392,train,1
34393,train,0
34394,validation,0
34395,train,1
34396,train,1
34397,train,0
34398,train,0
34399,train,0
34400,test,0
34401,train,1
34402,validation,0
34403,test,0
34404,train,0
34405,test,0
34406,train,0
34407,validation,0
34408,train,1
34409,validation,1
34410,train,1
34411,validation,0
34412,train,0
34413,train,0
34414,test,0
34415,test,0
34416,validation,0
34417,train,0
34418,train,0
34419,test,0
34420,train,0
34421,train,0
34422,train,0
34423,train,0
34424,validation,0
34425,train,0
34426,train,1
34427,train,0
34428,train,0
34429,test,0
34430,train,0
34431,test,0
34432,test,0
34433,validation,0
34434,train,0
34435,train,0
34436,train,0
34437,train,0
34438,train,0
34439,train,1
34440,train,0
34441,test,0
34442,validation,0
34443,train,0
34444,train,0
34445,train,0
34446,validation,0
34447,test,0
34448,train,0
34449,train,1
34450,train,0
34451,train,0
34452,train,0
34453,train,0
34454,train,0
34455,train,1
34456,train,1
34457,train,0
34458,test,0
34459,train,1
34460,train,0
34461,validation,0
34462,train,0
34463,train,0
34464,validation,1
34465,train,0
34466,train,0
34467,train,0
34468,test,0
34469,train,0
34470,test,0
34471,test,0
34472,train,0
34473,train,1
34474,train,0
34475,train,0
34476,train,0
34477,train,0
34478,validation,1
34479,test,0
34480,train,0
34481,validation,0
34482,test,0
34483,train,0
34484,validation,0
34485,test,0
34486,train,0
34487,test,0
34488,train,0
34489,test,0
34490,validation,1
34491,train,1
34492,train,0
34493,train,0
34494,train,0
34495,test,1
34496,validation,0
34497,train,0
34498,train,0
34499,train,0
34500,train,1
34501,train,1
34502,train,0
34503,test,1
34504,train,0
34505,test,0
34506,test,0
34507,train,0
34508,train,0
34509,validation,0
34510,train,0
34511,train,1
34512,train,1
34513,validation,0
34514,train,0
34515,train,0
34516,train,0
34517,train,0
34518,validation,0
34519,validation,0
34520,validation,0
34521,validation,0
34522,train,0
34523,test,0
34524,train,0
34525,train,0
34526,train,0
34527,train,0
34528,validation,0
34529,validation,0
34530,test,0
34531,train,0
34532,train,0
34533,validation,0
34534,validation,0
34535,train,0
34536,train,1
34537,train,0
34538,validation,0
34539,train,0
34540,validation,0
34541,validation,0
34542,validation,0
34543,validation,0
34544,test,0
34545,train,0
34546,validation,0
34547,validation,0
34548,train,0
34549,train,1
34550,test,0
34551,train,0
34552,test,0
34553,train,0
34554,train,0
34555,train,1
34556,train,0
34557,train,0
34558,validation,0
34559,train,1
34560,train,0
34561,train,0
34562,validation,0
34563,train,0
34564,test,0
34565,train,0
34566,train,0
34567,train,1
34568,train,0
34569,train,0
34570,train,0
34571,train,1
34572,test,0
34573,train,1
34574,validation,0
34575,test,0
34576,validation,0
34577,validation,0
34578,train,0
34579,train,0
34580,test,1
34581,test,0
34582,train,0
34583,train,0
34584,validation,0
34585,train,0
34586,train,0
34587,train,0
34588,train,0
34589,validation,1
34590,validation,0
34591,validation,0
34592,validation,0
34593,test,0
34594,train,1
34595,test,0
34596,validation,1
34597,test,0
34598,train,1
34599,train,0
34600,train,0
34601,train,0
34602,train,0
34603,train,0
34604,validation,1
34605,train,0
34606,train,0
34607,train,0
34608,train,0
34609,train,0
34610,train,1
34611,train,0
34612,validation,0
34613,train,1
34614,test,0
34615,train,0
34616,train,0
34617,train,0
34618,train,0
34619,train,0
34620,train,0
34621,train,0
34622,validation,0
34623,train,0
34624,train,0
34625,train,0
34626,validation,0
34627,train,0
34628,test,1
34629,train,0
34630,train,0
34631,train,0
34632,train,0
34633,train,0
34634,train,0
34635,test,0
34636,train,0
34637,train,0
34638,test,0
34639,validation,0
34640,train,0
34641,train,0
34642,train,1
34643,train,0
34644,test,0
34645,train,1
34646,train,0
34647,test,0
34648,validation,1
34649,train,0
34650,test,0
34651,train,0
34652,validation,0
34653,train,0
34654,train,0
34655,validation,1
34656,train,0
34657,train,0
34658,train,0
34659,train,0
34660,validation,0
34661,test,0
34662,validation,1
34663,train,0
34664,validation,0
34665,test,0
34666,train,0
34667,validation,1
34668,train,0
34669,train,0
34670,test,0
34671,train,0
34672,train,0
34673,train,0
34674,test,0
34675,test,0
34676,train,0
34677,train,0
34678,train,0
34679,train,0
34680,train,0
34681,train,1
34682,train,0
34683,train,0
34684,train,0
34685,validation,0
34686,train,1
34687,train,0
34688,train,0
34689,train,0
34690,train,0
34691,train,0
34692,train,0
34693,train,0
34694,train,0
34695,validation,0
34696,train,0
34697,test,0
34698,validation,0
34699,train,1
34700,train,0
34701,validation,0
34702,train,0
34703,test,0
34704,test,0
34705,train,0
34706,train,0
34707,train,1
34708,train,1
34709,test,0
34710,train,1
34711,train,1
34712,train,0
34713,test,0
34714,test,0
34715,train,0
34716,validation,0
34717,train,0
34718,train,0
34719,test,0
34720,train,1
34721,test,0
34722,validation,0
34723,train,0
34724,test,0
34725,validation,0
34726,validation,0
34727,train,0
34728,train,0
34729,train,1
34730,train,0
34731,train,0
34732,train,0
34733,validation,0
34734,train,0
34735,train,0
34736,validation,0
34737,test,0
34738,train,0
34739,train,0
34740,train,0
34741,train,1
34742,train,0
34743,test,0
34744,validation,0
34745,train,0
34746,train,0
34747,train,0
34748,train,0
34749,train,0
34750,train,0
34751,train,0
34752,validation,0
34753,train,0
34754,validation,0
34755,test,0
34756,validation,0
34757,test,0
34758,train,0
34759,train,0
34760,train,1
34761,train,0
34762,test,0
34763,train,0
34764,train,0
34765,test,0
34766,test,0
34767,validation,0
34768,validation,0
34769,validation,0
34770,train,1
34771,test,0
34772,train,0
34773,train,0
34774,test,0
34775,validation,0
34776,validation,1
34777,test,0
34778,test,0
34779,train,0
34780,test,1
34781,train,0
34782,train,0
34783,train,1
34784,train,0
34785,test,1
34786,train,0
34787,train,0
34788,train,0
34789,train,0
34790,test,0
34791,validation,0
34792,train,0
34793,train,0
34794,train,0
34795,validation,1
34796,train,0
34797,validation,0
34798,train,0
34799,train,0
34800,train,0
34801,validation,0
34802,test,0
34803,train,0
34804,train,0
34805,validation,0
34806,train,0
34807,train,1
34808,train,0
34809,train,0
34810,test,0
34811,train,0
34812,train,0
34813,train,0
34814,test,0
34815,train,0
34816,train,0
34817,train,0
34818,validation,0
34819,validation,0
34820,train,0
34821,train,0
34822,train,1
34823,train,0
34824,train,1
34825,train,0
34826,train,0
34827,train,0
34828,train,0
34829,train,0
34830,test,0
34831,validation,0
34832,test,0
34833,train,0
34834,train,0
34835,train,0
34836,validation,0
34837,train,0
34838,train,0
34839,train,0
34840,validation,0
34841,validation,0
34842,train,0
34843,train,0
34844,train,0
34845,test,0
34846,train,0
34847,test,0
34848,train,0
34849,train,0
34850,train,0
34851,train,1
34852,test,0
34853,train,0
34854,validation,0
34855,train,0
34856,train,0
34857,test,0
34858,validation,0
34859,validation,0
34860,train,0
34861,train,0
34862,train,0
34863,validation,1
34864,test,0
34865,test,0
34866,test,0
34867,test,0
34868,test,1
34869,validation,0
34870,train,0
34871,train,0
34872,test,0
34873,train,0
34874,train,0
34875,train,0
34876,validation,0
34877,validation,0
34878,train,1
34879,train,1
34880,train,0
34881,validation,0
34882,train,0
34883,test,0
34884,train,1
34885,train,0
34886,train,0
34887,train,0
34888,train,0
34889,train,0
34890,train,0
34891,train,0
34892,train,1
34893,train,0
34894,test,0
34895,train,0
34896,train,0
34897,validation,0
34898,validation,1
34899,train,0
34900,validation,0
34901,validation,0
34902,test,0
34903,train,0
34904,test,0
34905,train,0
34906,train,0
34907,validation,0
34908,test,0
34909,train,1
34910,train,1
34911,train,0
34912,train,0
34913,train,0
34914,train,0
34915,test,0
34916,validation,0
34917,test,0
34918,validation,0
34919,test,0
34920,train,0
34921,validation,0
34922,train,1
34923,test,0
34924,train,1
34925,train,0
34926,test,0
34927,train,0
34928,train,0
34929,train,0
34930,train,0
34931,train,0
34932,test,0
34933,validation,0
34934,train,0
34935,train,0
34936,validation,0
34937,train,0
34938,train,0
34939,train,0
34940,test,0
34941,test,0
34942,train,0
34943,validation,0
34944,train,0
34945,validation,0
34946,validation,0
34947,train,0
34948,train,0
34949,test,0
34950,train,0
34951,train,0
34952,train,0
34953,train,1
34954,train,0
34955,train,1
34956,validation,0
34957,train,0
34958,validation,0
34959,validation,0
34960,train,0
34961,train,0
34962,train,0
34963,train,0
34964,train,0
34965,train,0
34966,train,0
34967,test,1
34968,train,0
34969,validation,0
34970,train,0
34971,train,1
34972,train,0
34973,train,1
34974,test,0
34975,train,0
34976,train,0
34977,validation,1
34978,train,0
34979,train,0
34980,train,1
34981,train,0
34982,train,0
34983,train,0
34984,train,0
34985,train,0
34986,validation,0
34987,train,0
34988,train,0
34989,train,0
34990,train,0
34991,validation,0
34992,train,0
34993,train,0
34994,test,0
34995,test,1
34996,validation,0
34997,train,0
34998,test,0
34999,train,0
35000,validation,0
35001,train,0
35002,train,0
35003,validation,1
35004,test,0
35005,train,0
35006,train,0
35007,validation,0
35008,train,0
35009,train,1
35010,train,0
35011,train,0
35012,train,0
35013,test,0
35014,validation,0
35015,validation,0
35016,train,0
35017,train,0
35018,train,0
35019,train,0
35020,train,0
35021,test,0
35022,validation,0
35023,validation,0
35024,train,0
35025,train,1
35026,train,0
35027,validation,0
35028,train,0
35029,train,1
35030,validation,0
35031,test,1
35032,validation,0
35033,train,0
35034,train,0
35035,train,0
35036,validation,0
35037,validation,0
35038,train,0
35039,train,1
35040,test,0
35041,test,0
35042,train,1
35043,validation,0
35044,validation,0
35045,train,0
35046,validation,0
35047,train,0
35048,train,1
35049,test,0
35050,train,0
35051,validation,0
35052,validation,1
35053,test,0
35054,train,0
35055,train,0
35056,test,0
35057,test,0
35058,train,0
35059,train,0
35060,validation,1
35061,train,1
35062,test,0
35063,validation,0
35064,train,0
35065,train,0
35066,train,0
35067,validation,1
35068,train,0
35069,train,0
35070,test,0
35071,train,0
35072,train,0
35073,train,0
35074,train,0
35075,train,0
35076,train,0
35077,train,0
35078,train,0
35079,validation,0
35080,test,0
35081,train,0
35082,train,0
35083,train,0
35084,validation,1
35085,train,0
35086,train,0
35087,validation,0
35088,validation,0
35089,test,0
35090,test,0
35091,train,0
35092,train,0
35093,train,0
35094,train,0
35095,train,1
35096,train,0
35097,test,0
35098,test,0
35099,train,0
35100,train,0
35101,train,0
35102,validation,0
35103,train,0
35104,train,0
35105,test,1
35106,train,0
35107,train,0
35108,validation,0
35109,train,0
35110,train,1
35111,train,0
35112,train,0
35113,train,0
35114,train,0
35115,test,0
35116,train,0
35117,validation,0
35118,test,0
35119,test,0
35120,test,0
35121,validation,0
35122,test,0
35123,train,0
35124,test,0
35125,train,0
35126,train,0
35127,validation,0
35128,train,0
35129,validation,0
35130,train,0
35131,train,1
35132,train,0
35133,train,0
35134,train,1
35135,test,0
35136,validation,1
35137,train,0
35138,test,0
35139,test,0
35140,test,1
35141,train,0
35142,test,0
35143,validation,0
35144,train,1
35145,test,0
35146,validation,0
35147,test,0
35148,train,0
35149,train,0
35150,train,0
35151,validation,0
35152,train,0
35153,test,1
35154,train,1
35155,test,0
35156,train,1
35157,test,0
35158,train,0
35159,train,0
35160,train,0
35161,train,0
35162,train,1
35163,test,0
35164,train,0
35165,train,0
35166,train,0
35167,train,0
35168,validation,0
35169,train,1
35170,validation,0
35171,validation,1
35172,train,0
35173,train,0
35174,test,0
35175,validation,0
35176,train,0
35177,validation,0
35178,train,1
35179,validation,0
35180,train,0
35181,train,0
35182,train,0
35183,test,0
35184,train,0
35185,validation,0
35186,validation,1
35187,validation,1
35188,train,0
35189,train,0
35190,train,0
35191,train,1
35192,train,0
35193,test,0
35194,train,0
35195,train,0
35196,train,1
35197,test,0
35198,test,0
35199,train,1
35200,train,0
35201,train,1
35202,test,0
35203,train,0
35204,train,1
35205,validation,0
35206,train,0
35207,train,0
35208,train,0
35209,test,0
35210,train,0
35211,test,1
35212,validation,0
35213,train,0
35214,validation,1
35215,validation,0
35216,validation,1
35217,test,0
35218,validation,0
35219,train,1
35220,train,0
35221,test,0
35222,train,0
35223,validation,0
35224,validation,0
35225,validation,0
35226,test,0
35227,validation,0
35228,validation,0
35229,test,0
35230,train,0
35231,test,0
35232,test,0
35233,train,0
35234,train,0
35235,train,0
35236,train,0
35237,validation,0
35238,train,0
35239,train,0
35240,validation,0
35241,train,1
35242,train,0
35243,train,0
35244,test,0
35245,validation,1
35246,validation,1
35247,test,0
35248,validation,0
35249,train,0
35250,train,0
35251,validation,0
35252,train,0
35253,test,0
35254,train,0
35255,train,1
35256,train,0
35257,validation,1
35258,train,0
35259,validation,0
35260,train,0
35261,train,0
35262,train,0
35263,train,1
35264,train,0
35265,validation,0
35266,validation,0
35267,validation,0
35268,train,0
35269,test,0
35270,validation,1
35271,validation,0
35272,train,0
35273,train,0
35274,train,0
35275,validation,0
35276,test,1
35277,train,0
35278,validation,0
35279,train,0
35280,train,0
35281,train,0
35282,validation,0
35283,train,0
35284,train,0
35285,validation,0
35286,validation,0
35287,train,0
35288,train,1
35289,train,0
35290,validation,0
35291,test,0
35292,train,0
35293,test,0
35294,train,0
35295,validation,0
35296,train,0
35297,validation,0
35298,validation,0
35299,train,1
35300,validation,0
35301,test,0
35302,train,0
35303,train,0
35304,train,0
35305,validation,0
35306,train,0
35307,test,0
35308,validation,0
35309,train,0
35310,train,0
35311,train,0
35312,train,0
35313,train,0
35314,test,0
35315,validation,0
35316,validation,0
35317,train,0
35318,train,0
35319,train,0
35320,test,0
35321,train,0
35322,train,0
35323,test,0
35324,test,0
35325,train,0
35326,train,0
35327,train,0
35328,validation,0
35329,train,1
35330,train,0
35331,train,0
35332,train,0
35333,validation,0
35334,train,1
35335,train,0
35336,train,0
35337,train,1
35338,train,0
35339,train,0
35340,validation,0
35341,train,1
35342,train,0
35343,test,0
35344,train,1
35345,train,0
35346,test,0
35347,validation,0
35348,validation,0
35349,train,0
35350,train,0
35351,validation,0
35352,test,0
35353,test,0
35354,test,0
35355,train,0
35356,train,0
35357,train,1
35358,train,0
35359,train,0
35360,validation,0
35361,train,0
35362,train,0
35363,train,0
35364,train,1
35365,train,0
35366,validation,0
35367,train,0
35368,test,0
35369,train,0
35370,train,1
35371,train,0
35372,train,0
35373,test,0
35374,validation,0
35375,test,0
35376,validation,0
35377,train,0
35378,train,0
35379,train,1
35380,validation,1
35381,test,0
35382,validation,0
35383,train,0
35384,train,0
35385,train,0
35386,test,0
35387,validation,0
35388,train,0
35389,validation,0
35390,train,0
35391,train,0
35392,test,1
35393,validation,0
35394,validation,0
35395,train,0
35396,train,1
35397,test,0
35398,train,0
35399,train,1
35400,train,0
35401,validation,0
35402,train,1
35403,train,0
35404,train,0
35405,train,0
35406,train,1
35407,train,0
35408,train,0
35409,train,0
35410,train,1
35411,train,1
35412,train,0
35413,train,0
35414,test,0
35415,validation,0
35416,test,0
35417,validation,0
35418,test,0
35419,train,0
35420,train,0
35421,validation,0
35422,test,0
35423,train,0
35424,test,0
35425,train,0
35426,validation,0
35427,test,0
35428,test,0
35429,test,0
35430,train,0
35431,train,0
35432,test,0
35433,train,0
35434,test,0
35435,train,0
35436,train,0
35437,train,1
35438,train,0
35439,validation,0
35440,train,0
35441,test,0
35442,train,0
35443,train,0
35444,train,0
35445,train,0
35446,validation,0
35447,train,0
35448,train,0
35449,train,0
35450,train,0
35451,train,0
35452,train,0
35453,train,0
35454,train,0
35455,train,0
35456,validation,1
35457,train,0
35458,train,0
35459,test,0
35460,train,0
35461,train,0
35462,train,0
35463,validation,0
35464,test,1
35465,test,0
35466,train,0
35467,train,0
35468,train,0
35469,train,1
35470,train,0
35471,train,0
35472,train,0
35473,train,0
35474,train,0
35475,validation,0
35476,train,0
35477,test,1
35478,train,0
35479,test,1
35480,test,0
35481,train,0
35482,train,0
35483,train,0
35484,test,0
35485,train,0
35486,test,0
35487,train,0
35488,train,0
35489,train,0
35490,test,1
35491,test,0
35492,test,0
35493,validation,0
35494,validation,0
35495,train,0
35496,validation,0
35497,validation,0
35498,train,0
35499,train,0
35500,train,0
35501,validation,0
35502,train,1
35503,validation,0
35504,train,0
35505,train,0
35506,validation,0
35507,test,1
35508,train,0
35509,train,0
35510,train,0
35511,validation,0
35512,train,1
35513,train,0
35514,train,0
35515,validation,0
35516,train,0
35517,test,0
35518,test,1
35519,test,0
35520,test,0
35521,train,0
35522,train,1
35523,train,0
35524,validation,0
35525,test,1
35526,train,0
35527,train,0
35528,train,0
35529,train,0
35530,test,1
35531,test,0
35532,train,0
35533,train,0
35534,test,0
35535,validation,1
35536,train,0
35537,train,0
35538,test,0
35539,train,1
35540,train,0
35541,validation,0
35542,train,0
35543,validation,0
35544,train,0
35545,train,0
35546,test,0
35547,train,0
35548,train,0
35549,train,0
35550,train,1
35551,validation,0
35552,validation,0
35553,validation,0
35554,train,0
35555,train,0
35556,test,0
35557,train,1
35558,train,0
35559,train,0
35560,validation,0
35561,test,0
35562,train,0
35563,train,0
35564,train,0
35565,train,0
35566,train,0
35567,train,0
35568,train,0
35569,train,0
35570,train,0
35571,train,0
35572,train,0
35573,test,1
35574,train,1
35575,train,0
35576,validation,0
35577,test,0
35578,train,0
35579,train,0
35580,train,0
35581,train,0
35582,train,0
35583,test,0
35584,train,0
35585,validation,1
35586,train,0
35587,train,0
35588,train,0
35589,validation,0
35590,train,0
35591,train,0
35592,validation,0
35593,test,0
35594,train,0
35595,train,0
35596,train,0
35597,train,0
35598,test,0
35599,train,1
35600,train,0
35601,train,0
35602,test,0
35603,train,0
35604,train,0
35605,train,1
35606,train,0
35607,train,0
35608,train,0
35609,test,0
35610,train,1
35611,test,0
35612,train,1
35613,train,0
35614,validation,0
35615,test,0
35616,train,0
35617,validation,0
35618,train,0
35619,test,1
35620,test,0
35621,train,1
35622,train,0
35623,test,0
35624,train,0
35625,train,1
35626,train,0
35627,train,0
35628,train,0
35629,validation,1
35630,validation,0
35631,validation,0
35632,train,0
35633,train,0
35634,train,0
35635,train,0
35636,test,0
35637,train,0
35638,test,0
35639,validation,0
35640,train,0
35641,validation,0
35642,test,0
35643,train,0
35644,test,1
35645,train,0
35646,train,0
35647,test,0
35648,test,0
35649,train,0
35650,validation,0
35651,train,0
35652,train,0
35653,validation,0
35654,validation,0
35655,validation,0
35656,train,1
35657,test,0
35658,train,0
35659,test,0
35660,train,0
35661,train,0
35662,train,0
35663,test,0
35664,train,1
35665,validation,0
35666,validation,0
35667,train,0
35668,train,0
35669,train,0
35670,train,0
35671,train,0
35672,train,0
35673,test,0
35674,train,0
35675,test,0
35676,validation,1
35677,train,0
35678,train,0
35679,train,0
35680,test,0
35681,train,0
35682,test,0
35683,train,0
35684,train,0
35685,train,0
35686,train,0
35687,train,1
35688,train,0
35689,train,0
35690,test,0
35691,train,0
35692,train,0
35693,test,1
35694,validation,0
35695,validation,0
35696,train,0
35697,train,1
35698,validation,1
35699,train,1
35700,train,1
35701,test,0
35702,train,0
35703,train,0
35704,train,0
35705,validation,0
35706,train,0
35707,validation,0
35708,train,1
35709,train,0
35710,train,0
35711,train,0
35712,train,0
35713,train,1
35714,validation,0
35715,test,0
35716,train,1
35717,train,1
35718,train,0
35719,train,0
35720,train,0
35721,test,0
35722,train,0
35723,train,0
35724,train,1
35725,train,0
35726,train,0
35727,train,1
35728,validation,0
35729,validation,1
35730,train,0
35731,train,1
35732,validation,1
35733,train,0
35734,validation,0
35735,validation,0
35736,train,0
35737,train,1
35738,train,0
35739,train,0
35740,train,0
35741,test,0
35742,train,0
35743,validation,0
35744,test,0
35745,validation,0
35746,validation,0
35747,train,1
35748,train,0
35749,train,0
35750,train,0
35751,train,0
35752,train,0
35753,test,0
35754,validation,0
35755,train,1
35756,train,0
35757,validation,1
35758,test,0
35759,train,0
35760,validation,0
35761,train,0
35762,train,0
35763,test,0
35764,test,0
35765,validation,0
35766,test,0
35767,validation,0
35768,train,0
35769,test,0
35770,validation,0
35771,train,0
35772,train,0
35773,train,0
35774,test,0
35775,train,0
35776,train,0
35777,train,0
35778,train,1
35779,train,0
35780,validation,0
35781,train,1
35782,test,0
35783,train,0
35784,train,0
35785,test,0
35786,validation,0
35787,train,0
35788,train,0
35789,train,1
35790,validation,0
35791,train,1
35792,train,0
35793,validation,0
35794,test,1
35795,test,0
35796,train,0
35797,train,0
35798,train,0
35799,validation,1
35800,train,1
35801,test,0
35802,train,0
35803,test,1
35804,train,0
35805,train,0
35806,test,0
35807,train,0
35808,train,0
35809,test,0
35810,train,0
35811,train,0
35812,test,0
35813,validation,0
35814,train,0
35815,train,0
35816,train,0
35817,train,0
35818,train,1
35819,validation,0
35820,test,0
35821,train,0
35822,train,0
35823,train,1
35824,validation,1
35825,validation,0
35826,train,0
35827,train,0
35828,validation,1
35829,validation,0
35830,test,0
35831,train,0
35832,validation,0
35833,test,0
35834,test,0
35835,train,0
35836,validation,0
35837,train,0
35838,validation,0
35839,train,0
35840,test,0
35841,train,1
35842,train,0
35843,train,0
35844,train,0
35845,train,0
35846,validation,0
35847,train,0
35848,train,0
35849,test,1
35850,train,1
35851,train,0
35852,validation,0
35853,test,0
35854,train,0
35855,validation,0
35856,train,0
35857,train,0
35858,test,0
35859,test,0
35860,train,0
35861,train,1
35862,train,1
35863,train,0
35864,test,1
35865,test,0
35866,train,0
35867,train,0
35868,train,0
35869,train,0
35870,train,0
35871,train,0
35872,train,0
35873,train,0
35874,train,0
35875,train,0
35876,validation,1
35877,train,0
35878,train,0
35879,train,0
35880,train,0
35881,train,1
35882,train,0
35883,validation,0
35884,train,0
35885,train,0
35886,train,0
35887,train,0
35888,train,0
35889,train,0
35890,test,0
35891,test,0
35892,test,0
35893,train,0
35894,train,0
35895,validation,0
35896,validation,0
35897,test,1
35898,train,0
35899,train,0
35900,test,0
35901,train,1
35902,test,0
35903,train,0
35904,validation,0
35905,train,1
35906,train,1
35907,train,0
35908,test,0
35909,train,0
35910,validation,1
35911,train,0
35912,train,0
35913,train,0
35914,train,0
35915,train,1
35916,train,0
35917,train,1
35918,train,0
35919,test,1
35920,train,0
35921,train,0
35922,train,0
35923,train,0
35924,train,0
35925,train,0
35926,train,0
35927,train,0
35928,train,0
35929,train,0
35930,validation,0
35931,test,0
35932,train,0
35933,validation,0
35934,train,1
35935,test,0
35936,train,0
35937,train,0
35938,train,0
35939,train,0
35940,train,0
35941,train,1
35942,train,0
35943,train,0
35944,validation,1
35945,train,0
35946,train,0
35947,train,1
35948,validation,0
35949,train,0
35950,validation,0
35951,test,0
35952,train,1
35953,train,0
35954,validation,0
35955,train,0
35956,train,0
35957,train,0
35958,train,1
35959,train,0
35960,train,0
35961,train,0
35962,train,0
35963,train,0
35964,train,1
35965,train,0
35966,train,0
35967,train,0
35968,test,0
35969,train,0
35970,train,0
35971,test,0
35972,train,0
35973,test,0
35974,train,0
35975,validation,1
35976,test,0
35977,train,0
35978,train,1
35979,validation,0
35980,train,0
35981,test,0
35982,train,0
35983,test,0
35984,test,0
35985,train,1
35986,test,0
35987,train,0
35988,train,0
35989,validation,1
35990,train,0
35991,train,0
35992,train,0
35993,train,0
35994,test,0
35995,train,0
35996,train,0
35997,train,0
35998,train,0
35999,train,0
36000,train,0
36001,validation,0
36002,train,0
36003,validation,0
36004,validation,0
36005,test,0
36006,test,0
36007,train,0
36008,train,0
36009,test,0
36010,train,0
36011,train,1
36012,test,0
36013,validation,0
36014,validation,0
36015,test,0
36016,validation,0
36017,train,0
36018,train,0
36019,validation,0
36020,train,0
36021,train,1
36022,validation,0
36023,train,0
36024,test,0
36025,train,0
36026,validation,0
36027,train,0
36028,train,0
36029,test,1
36030,validation,0
36031,train,1
36032,train,0
36033,train,0
36034,train,1
36035,train,0
36036,validation,0
36037,train,0
36038,train,0
36039,validation,1
36040,train,0
36041,train,0
36042,test,1
36043,train,1
36044,test,0
36045,validation,1
36046,validation,0
36047,validation,0
36048,train,1
36049,validation,0
36050,validation,0
36051,train,1
36052,test,0
36053,train,0
36054,train,0
36055,train,0
36056,test,0
36057,test,0
36058,test,1
36059,train,1
36060,train,0
36061,train,0
36062,train,0
36063,validation,0
36064,train,0
36065,train,0
36066,validation,1
36067,test,0
36068,test,0
36069,train,0
36070,train,1
36071,train,0
36072,train,0
36073,train,0
36074,train,0
36075,train,0
36076,test,0
36077,test,0
36078,train,0
36079,train,0
36080,train,0
36081,train,0
36082,test,0
36083,train,1
36084,train,0
36085,train,0
36086,test,0
36087,test,1
36088,train,0
36089,train,1
36090,train,0
36091,validation,0
36092,train,0
36093,train,0
36094,train,0
36095,train,0
36096,train,0
36097,train,0
36098,train,0
36099,train,0
36100,train,0
36101,validation,0
36102,validation,0
36103,test,0
36104,test,0
36105,train,0
36106,train,0
36107,train,0
36108,validation,0
36109,train,0
36110,train,0
36111,test,0
36112,train,0
36113,train,0
36114,train,0
36115,validation,0
36116,validation,0
36117,test,0
36118,train,0
36119,train,1
36120,test,0
36121,train,0
36122,validation,0
36123,train,0
36124,test,0
36125,test,0
36126,validation,0
36127,test,0
36128,train,0
36129,train,0
36130,train,0
36131,test,0
36132,validation,0
36133,train,0
36134,train,0
36135,validation,0
36136,test,1
36137,train,0
36138,train,0
36139,train,0
36140,train,0
36141,validation,0
36142,train,0
36143,train,0
36144,train,0
36145,train,1
36146,test,0
36147,train,0
36148,train,0
36149,test,0
36150,validation,0
36151,train,1
36152,train,0
36153,train,0
36154,train,0
36155,test,0
36156,validation,0
36157,train,0
36158,test,0
36159,train,0
36160,validation,1
36161,test,1
36162,validation,0
36163,train,1
36164,validation,0
36165,test,0
36166,train,0
36167,train,0
36168,test,0
36169,validation,0
36170,train,0
36171,train,0
36172,train,0
36173,train,1
36174,validation,0
36175,train,0
36176,train,0
36177,train,0
36178,train,1
36179,train,0
36180,train,0
36181,train,0
36182,train,0
36183,train,0
36184,test,0
36185,train,0
36186,test,1
36187,test,0
36188,test,1
36189,train,0
36190,validation,0
36191,validation,0
36192,train,0
36193,train,0
36194,train,1
36195,train,0
36196,train,0
36197,train,0
36198,train,1
36199,train,0
36200,validation,1
36201,train,0
36202,train,0
36203,train,0
36204,train,0
36205,train,0
36206,test,0
36207,train,1
36208,train,0
36209,test,0
36210,train,0
36211,validation,0
36212,train,0
36213,train,0
36214,train,0
36215,test,0
36216,train,0
36217,train,0
36218,train,0
36219,train,0
36220,validation,0
36221,train,0
36222,validation,0
36223,train,0
36224,train,0
36225,train,0
36226,train,1
36227,validation,0
36228,train,0
36229,validation,0
36230,train,1
36231,train,0
36232,train,0
36233,train,0
36234,validation,0
36235,train,0
36236,train,0
36237,train,0
36238,test,0
36239,train,0
36240,test,0
36241,train,1
36242,validation,0
36243,train,0
36244,test,0
36245,validation,0
36246,train,0
36247,test,0
36248,train,0
36249,train,0
36250,train,0
36251,train,1
36252,train,0
36253,train,1
36254,train,0
36255,validation,0
36256,train,0
36257,validation,0
36258,validation,0
36259,train,0
36260,validation,1
36261,train,1
36262,train,0
36263,train,0
36264,validation,0
36265,train,0
36266,validation,1
36267,train,0
36268,train,0
36269,train,0
36270,validation,0
36271,train,0
36272,test,0
36273,train,0
36274,validation,0
36275,train,0
36276,train,0
36277,train,0
36278,train,0
36279,train,0
36280,train,0
36281,validation,1
36282,train,0
36283,test,0
36284,train,0
36285,train,0
36286,train,0
36287,train,1
36288,train,0
36289,train,0
36290,train,0
36291,train,0
36292,train,0
36293,validation,0
36294,train,0
36295,validation,0
36296,test,1
36297,train,0
36298,train,0
36299,train,0
36300,train,0
36301,train,0
36302,train,0
36303,test,0
36304,train,0
36305,test,0
36306,train,0
36307,train,0
36308,validation,1
36309,test,0
36310,validation,1
36311,train,1
36312,train,0
36313,train,1
36314,train,0
36315,train,0
36316,train,0
36317,train,0
36318,train,0
36319,train,0
36320,validation,0
36321,train,0
36322,train,0
36323,test,0
36324,train,1
36325,train,0
36326,train,0
36327,train,0
36328,train,0
36329,validation,0
36330,test,1
36331,test,1
36332,validation,0
36333,train,0
36334,train,0
36335,train,0
36336,train,0
36337,test,0
36338,test,0
36339,test,0
36340,train,0
36341,train,0
36342,train,0
36343,test,0
36344,train,0
36345,test,0
36346,train,1
36347,train,0
36348,validation,0
36349,test,1
36350,train,0
36351,validation,0
36352,test,0
36353,validation,0
36354,train,0
36355,train,1
36356,test,0
36357,test,0
36358,validation,0
36359,validation,1
36360,validation,0
36361,train,0
36362,test,0
36363,train,0
36364,validation,0
36365,train,0
36366,test,0
36367,train,0
36368,test,0
36369,validation,0
36370,train,1
36371,test,1
36372,test,1
36373,test,1
36374,train,0
36375,test,0
36376,train,0
36377,validation,0
36378,train,0
36379,test,0
36380,train,0
36381,train,0
36382,train,0
36383,train,0
36384,train,0
36385,validation,0
36386,test,0
36387,validation,0
36388,train,0
36389,train,0
36390,validation,0
36391,train,0
36392,train,0
36393,train,0
36394,train,0
36395,validation,0
36396,train,1
36397,test,0
36398,train,0
36399,train,0
36400,train,0
36401,test,0
36402,train,0
36403,train,0
36404,train,0
36405,train,0
36406,test,0
36407,train,0
36408,test,0
36409,validation,0
36410,train,0
36411,train,0
36412,test,0
36413,train,0
36414,validation,0
36415,train,0
36416,train,0
36417,test,0
36418,validation,0
36419,train,0
36420,train,0
36421,test,0
36422,train,0
36423,test,0
36424,train,1
36425,validation,0
36426,train,0
36427,train,0
36428,validation,1
36429,test,0
36430,train,0
36431,train,1
36432,train,0
36433,train,0
36434,test,0
36435,test,0
36436,train,0
36437,validation,0
36438,train,0
36439,train,0
36440,train,0
36441,train,0
36442,test,0
36443,test,1
36444,train,0
36445,train,0
36446,train,0
36447,train,0
36448,train,0
36449,train,0
36450,train,0
36451,test,1
36452,train,0
36453,train,0
36454,validation,0
36455,train,1
36456,train,0
36457,train,1
36458,validation,0
36459,train,1
36460,validation,0
36461,train,0
36462,train,0
36463,train,0
36464,train,0
36465,validation,0
36466,validation,0
36467,test,0
36468,train,0
36469,test,1
36470,test,0
36471,test,0
36472,validation,1
36473,train,0
36474,test,0
36475,validation,0
36476,validation,0
36477,train,0
36478,test,0
36479,validation,0
36480,train,0
36481,train,0
36482,test,1
36483,train,0
36484,test,0
36485,train,1
36486,validation,1
36487,test,1
36488,train,0
36489,test,1
36490,train,0
36491,train,1
36492,train,1
36493,validation,0
36494,test,0
36495,validation,0
36496,validation,0
36497,train,0
36498,test,0
36499,train,0
36500,train,0
36501,train,0
36502,train,0
36503,test,0
36504,train,0
36505,train,0
36506,test,0
36507,validation,0
36508,train,1
36509,validation,1
36510,validation,0
36511,train,0
36512,validation,0
36513,test,0
36514,train,0
36515,train,0
36516,train,0
36517,train,0
36518,train,0
36519,test,0
36520,test,0
36521,test,1
36522,test,0
36523,train,0
36524,train,0
36525,train,0
36526,train,0
36527,validation,0
36528,train,1
36529,test,0
36530,train,0
36531,train,0
36532,train,0
36533,test,0
36534,train,0
36535,train,1
36536,train,0
36537,train,1
36538,train,0
36539,train,1
36540,train,0
36541,train,0
36542,test,0
36543,train,0
36544,test,0
36545,test,0
36546,train,0
36547,validation,0
36548,train,0
36549,validation,0
36550,train,0
36551,train,0
36552,validation,0
36553,train,1
36554,train,0
36555,train,1
36556,test,0
36557,train,0
36558,test,0
36559,train,0
36560,validation,0
36561,test,0
36562,train,0
36563,train,0
36564,train,1
36565,test,1
36566,test,0
36567,validation,0
36568,train,0
36569,train,0
36570,train,0
36571,test,0
36572,train,0
36573,train,0
36574,train,0
36575,validation,0
36576,train,0
36577,train,1
36578,train,0
36579,train,0
36580,train,0
36581,train,0
36582,train,0
36583,validation,0
36584,train,0
36585,test,0
36586,train,0
36587,train,1
36588,train,0
36589,train,0
36590,test,0
36591,train,0
36592,train,0
36593,train,0
36594,train,0
36595,train,0
36596,train,0
36597,test,0
36598,train,0
36599,test,0
36600,test,0
36601,test,0
36602,train,1
36603,test,0
36604,validation,0
36605,train,0
36606,test,0
36607,validation,0
36608,train,0
36609,validation,0
36610,train,0
36611,validation,0
36612,test,0
36613,train,0
36614,validation,0
36615,test,0
36616,train,0
36617,train,1
36618,train,0
36619,train,0
36620,train,0
36621,train,0
36622,train,0
36623,validation,0
36624,test,0
36625,validation,0
36626,validation,0
36627,train,0
36628,train,0
36629,train,0
36630,test,0
36631,train,1
36632,test,1
36633,train,0
36634,validation,0
36635,test,0
36636,test,0
36637,train,0
36638,train,0
36639,train,1
36640,test,0
36641,test,0
36642,test,0
36643,validation,0
36644,train,0
36645,validation,0
36646,train,1
36647,train,0
36648,train,0
36649,train,0
36650,test,0
36651,train,0
36652,train,0
36653,train,0
36654,test,0
36655,train,0
36656,train,0
36657,test,0
36658,validation,0
36659,train,0
36660,train,0
36661,train,1
36662,validation,1
36663,train,0
36664,train,0
36665,train,0
36666,train,0
36667,train,1
36668,train,0
36669,train,0
36670,test,0
36671,train,0
36672,train,0
36673,train,0
36674,validation,1
36675,train,1
36676,train,0
36677,train,1
36678,train,0
36679,test,0
36680,validation,0
36681,test,0
36682,test,0
36683,train,0
36684,train,0
36685,train,0
36686,train,0
36687,test,1
36688,train,0
36689,train,0
36690,train,0
36691,test,0
36692,validation,0
36693,train,0
36694,test,0
36695,train,0
36696,validation,1
36697,validation,0
36698,validation,0
36699,train,0
36700,train,0
36701,train,0
36702,train,0
36703,validation,0
36704,test,0
36705,validation,0
36706,test,1
36707,train,0
36708,train,0
36709,validation,0
36710,train,0
36711,test,1
36712,train,0
36713,train,0
36714,train,0
36715,train,0
36716,train,0
36717,train,1
36718,validation,0
36719,train,0
36720,train,0
36721,train,1
36722,validation,0
36723,test,0
36724,validation,0
36725,train,0
36726,train,0
36727,train,0
36728,train,1
36729,train,0
36730,train,0
36731,train,0
36732,train,0
36733,test,0
36734,train,0
36735,validation,0
36736,test,1
36737,train,0
36738,test,0
36739,train,1
36740,validation,0
36741,validation,0
36742,train,1
36743,train,0
36744,train,0
36745,test,1
36746,train,0
36747,validation,1
36748,train,0
36749,test,0
36750,train,0
36751,test,1
36752,test,0
36753,train,0
36754,train,0
36755,train,0
36756,train,0
36757,validation,0
36758,validation,0
36759,train,0
36760,test,0
36761,validation,0
36762,train,0
36763,validation,1
36764,test,0
36765,test,0
36766,train,0
36767,train,0
36768,train,0
36769,validation,0
36770,train,1
36771,train,0
36772,validation,0
36773,train,0
36774,train,1
36775,train,0
36776,test,0
36777,test,0
36778,validation,0
36779,test,0
36780,train,0
36781,train,0
36782,train,0
36783,train,0
36784,train,1
36785,train,1
36786,test,0
36787,train,0
36788,train,0
36789,train,0
36790,train,0
36791,validation,0
36792,train,0
36793,train,0
36794,train,0
36795,train,0
36796,train,1
36797,train,0
36798,test,0
36799,validation,0
36800,test,1
36801,train,1
36802,validation,0
36803,train,0
36804,train,1
36805,train,0
36806,test,0
36807,train,0
36808,train,0
36809,validation,1
36810,train,0
36811,validation,0
36812,test,0
36813,train,0
36814,validation,0
36815,train,0
36816,validation,1
36817,train,0
36818,train,0
36819,test,0
36820,train,1
36821,train,0
36822,train,0
36823,train,0
36824,train,0
36825,train,0
36826,test,0
36827,validation,0
36828,validation,0
36829,test,0
36830,train,0
36831,train,0
36832,train,0
36833,test,0
36834,test,0
36835,validation,0
36836,train,0
36837,train,0
36838,validation,0
36839,train,0
36840,test,1
36841,train,0
36842,validation,0
36843,test,1
36844,validation,0
36845,train,0
36846,train,1
36847,validation,0
36848,train,1
36849,train,0
36850,validation,0
36851,train,0
36852,validation,1
36853,train,0
36854,validation,1
36855,train,0
36856,validation,0
36857,train,0
36858,train,0
36859,validation,0
36860,train,0
36861,train,1
36862,train,0
36863,validation,0
36864,validation,0
36865,test,0
36866,train,0
36867,validation,1
36868,train,0
36869,train,0
36870,validation,0
36871,train,0
36872,train,1
36873,train,0
36874,train,0
36875,test,0
36876,train,0
36877,train,0
36878,train,1
36879,train,0
36880,train,0
36881,train,0
36882,train,0
36883,train,0
36884,train,0
36885,test,0
36886,train,0
36887,train,0
36888,validation,0
36889,test,0
36890,train,0
36891,train,0
36892,train,0
36893,train,1
36894,train,0
36895,train,0
36896,test,0
36897,train,0
36898,validation,1
36899,train,0
36900,train,0
36901,train,0
36902,train,0
36903,validation,0
36904,train,0
36905,validation,0
36906,train,0
36907,train,0
36908,train,0
36909,train,1
36910,train,0
36911,train,0
36912,test,1
36913,validation,0
36914,validation,0
36915,validation,0
36916,validation,1
36917,train,0
36918,train,0
36919,train,0
36920,train,0
36921,train,0
36922,train,1
36923,train,0
36924,test,0
36925,validation,0
36926,test,0
36927,train,0
36928,train,0
36929,train,0
36930,train,0
36931,train,0
36932,train,1
36933,train,0
36934,train,1
36935,train,0
36936,train,0
36937,validation,1
36938,train,1
36939,train,1
36940,train,0
36941,test,0
36942,train,0
36943,test,0
36944,validation,0
36945,test,1
36946,validation,0
36947,train,0
36948,validation,0
36949,train,0
36950,test,1
36951,train,0
36952,train,0
36953,train,0
36954,test,0
36955,train,0
36956,validation,0
36957,train,0
36958,train,0
36959,validation,0
36960,train,0
36961,train,0
36962,test,0
36963,train,0
36964,validation,0
36965,train,0
36966,test,0
36967,test,0
36968,validation,1
36969,validation,0
36970,test,1
36971,train,0
36972,train,0
36973,validation,1
36974,test,0
36975,train,0
36976,test,0
36977,train,0
36978,train,0
36979,train,0
36980,train,0
36981,train,0
36982,train,0
36983,train,1
36984,validation,0
36985,validation,0
36986,test,1
36987,train,1
36988,test,0
36989,train,0
36990,validation,0
36991,train,0
36992,validation,0
36993,train,0
36994,train,1
36995,validation,0
36996,train,0
36997,test,0
36998,validation,0
36999,train,0
37000,train,0
37001,train,0
37002,test,0
37003,train,0
37004,train,0
37005,test,0
37006,train,1
37007,train,1
37008,validation,0
37009,train,0
37010,train,0
37011,train,0
37012,test,0
37013,train,0
37014,train,0
37015,test,0
37016,train,0
37017,validation,0
37018,train,0
37019,train,0
37020,train,0
37021,train,0
37022,validation,0
37023,validation,0
37024,validation,0
37025,test,0
37026,train,0
37027,train,1
37028,train,0
37029,test,0
37030,train,0
37031,train,1
37032,train,1
37033,train,0
37034,train,0
37035,train,0
37036,train,0
37037,validation,0
37038,train,0
37039,train,0
37040,train,0
37041,train,0
37042,train,0
37043,train,0
37044,train,0
37045,train,1
37046,validation,0
37047,train,0
37048,validation,1
37049,train,0
37050,train,1
37051,train,0
37052,train,0
37053,train,1
37054,train,0
37055,validation,0
37056,validation,0
37057,train,0
37058,test,0
37059,train,1
37060,train,0
37061,train,0
37062,train,0
37063,test,0
37064,train,0
37065,train,0
37066,train,0
37067,test,0
37068,train,1
37069,validation,0
37070,test,1
37071,train,0
37072,train,0
37073,train,0
37074,test,0
37075,train,0
37076,train,0
37077,validation,0
37078,train,0
37079,train,0
37080,train,1
37081,train,0
37082,test,0
37083,validation,0
37084,train,0
37085,test,0
37086,test,0
37087,train,0
37088,train,0
37089,train,0
37090,train,0
37091,test,1
37092,train,0
37093,test,0
37094,train,1
37095,train,1
37096,train,0
37097,validation,0
37098,validation,1
37099,validation,0
37100,validation,0
37101,train,1
37102,train,1
37103,train,0
37104,train,0
37105,validation,0
37106,train,0
37107,train,0
37108,train,0
37109,train,0
37110,train,0
37111,train,0
37112,test,0
37113,train,0
37114,validation,0
37115,validation,0
37116,validation,0
37117,test,0
37118,validation,0
37119,test,1
37120,train,0
37121,test,0
37122,train,0
37123,train,0
37124,test,1
37125,test,1
37126,test,0
37127,train,0
37128,test,0
37129,test,0
37130,validation,0
37131,train,0
37132,train,0
37133,train,0
37134,train,0
37135,train,0
37136,train,0
37137,train,0
37138,validation,0
37139,train,0
37140,train,0
37141,train,0
37142,validation,0
37143,train,0
37144,train,1
37145,train,0
37146,test,0
37147,train,0
37148,validation,0
37149,train,0
37150,test,1
37151,test,0
37152,validation,0
37153,validation,0
37154,validation,0
37155,train,0
37156,train,0
37157,validation,0
37158,validation,0
37159,test,0
37160,train,0
37161,test,0
37162,train,0
37163,train,0
37164,train,0
37165,test,0
37166,test,0
37167,train,0
37168,train,0
37169,validation,0
37170,train,0
37171,test,0
37172,validation,0
37173,train,1
37174,test,0
37175,validation,0
37176,test,0
37177,train,0
37178,train,0
37179,validation,0
37180,train,0
37181,train,0
37182,test,1
37183,test,0
37184,train,0
37185,train,0
37186,test,0
37187,validation,0
37188,train,0
37189,validation,0
37190,validation,1
37191,test,1
37192,test,1
37193,train,0
37194,test,0
37195,train,0
37196,train,0
37197,train,0
37198,validation,1
37199,validation,0
37200,train,0
37201,train,1
37202,train,0
37203,train,0
37204,test,0
37205,test,0
37206,validation,0
37207,train,0
37208,train,0
37209,test,1
37210,train,0
37211,test,0
37212,train,0
37213,train,0
37214,train,0
37215,validation,0
37216,test,0
37217,train,0
37218,train,0
37219,train,0
37220,train,0
37221,train,0
37222,train,1
37223,train,0
37224,train,0
37225,test,0
37226,test,0
37227,train,1
37228,train,0
37229,train,0
37230,train,1
37231,validation,0
37232,test,0
37233,test,0
37234,validation,0
37235,train,1
37236,train,0
37237,validation,1
37238,validation,1
37239,test,0
37240,validation,0
37241,validation,0
37242,test,1
37243,validation,1
37244,test,0
37245,train,0
37246,train,1
37247,train,0
37248,train,0
37249,train,0
37250,train,0
37251,train,1
37252,test,0
37253,train,0
37254,train,0
37255,test,0
37256,test,0
37257,train,0
37258,train,0
37259,validation,0
37260,test,1
37261,train,0
37262,train,0
37263,train,0
37264,test,0
37265,train,1
37266,train,0
37267,train,0
37268,train,0
37269,validation,0
37270,test,0
37271,train,0
37272,test,0
37273,train,1
37274,test,0
37275,test,1
37276,train,0
37277,test,0
37278,test,0
37279,test,1
37280,train,0
37281,train,0
37282,test,0
37283,test,0
37284,test,1
37285,train,0
37286,test,0
37287,train,0
37288,validation,0
37289,train,0
37290,train,0
37291,test,0
37292,test,0
37293,train,1
37294,test,0
37295,validation,0
37296,test,0
37297,train,0
37298,test,0
37299,train,0
37300,validation,0
37301,train,0
37302,train,0
37303,validation,0
37304,train,0
37305,train,0
37306,train,0
37307,train,0
37308,train,0
37309,train,0
37310,train,0
37311,validation,0
37312,train,0
37313,test,0
37314,train,0
37315,validation,0
37316,train,0
37317,train,0
37318,train,0
37319,train,1
37320,train,0
37321,train,1
37322,train,0
37323,validation,0
37324,validation,0
37325,validation,0
37326,test,0
37327,validation,1
37328,train,0
37329,train,0
37330,test,0
37331,train,0
37332,train,0
37333,validation,0
37334,test,1
37335,train,0
37336,train,0
37337,train,0
37338,train,0
37339,train,0
37340,train,0
37341,train,0
37342,train,0
37343,train,0
37344,train,0
37345,train,0
37346,train,0
37347,train,0
37348,test,0
37349,validation,0
37350,validation,0
37351,validation,0
37352,train,0
37353,train,1
37354,train,0
37355,train,1
37356,test,0
37357,train,0
37358,train,0
37359,train,0
37360,train,0
37361,train,0
37362,validation,0
37363,train,0
37364,train,0
37365,validation,0
37366,train,0
37367,train,0
37368,train,0
37369,test,0
37370,train,0
37371,train,1
37372,train,1
37373,train,0
37374,validation,1
37375,train,0
37376,train,1
37377,validation,0
37378,train,1
37379,test,0
37380,train,0
37381,test,0
37382,train,0
37383,test,0
37384,validation,0
37385,train,0
37386,test,0
37387,test,0
37388,test,1
37389,train,0
37390,test,0
37391,validation,1
37392,train,1
37393,train,0
37394,train,1
37395,train,0
37396,train,1
37397,train,0
37398,train,0
37399,train,0
37400,test,0
37401,train,0
37402,train,0
37403,validation,0
37404,train,0
37405,validation,0
37406,train,0
37407,train,0
37408,validation,1
37409,validation,0
37410,validation,0
37411,train,0
37412,train,1
37413,test,0
37414,train,0
37415,train,0
37416,train,0
37417,train,0
37418,validation,0
37419,train,0
37420,train,0
37421,train,1
37422,test,0
37423,train,0
37424,train,0
37425,train,1
37426,train,0
37427,train,1
37428,validation,0
37429,train,1
37430,train,0
37431,validation,0
37432,train,0
37433,train,0
37434,test,1
37435,test,0
37436,train,0
37437,train,0
37438,test,0
37439,test,0
37440,train,0
37441,test,0
37442,test,0
37443,train,0
37444,train,0
37445,validation,1
37446,train,0
37447,validation,0
37448,train,0
37449,train,0
37450,test,0
37451,validation,0
37452,train,0
37453,train,0
37454,train,0
37455,validation,0
37456,validation,0
37457,train,0
37458,test,0
37459,train,0
37460,train,0
37461,train,0
37462,validation,0
37463,test,0
37464,test,0
37465,validation,0
37466,validation,1
37467,train,0
37468,test,1
37469,validation,0
37470,validation,0
37471,train,1
37472,test,0
37473,validation,0
37474,train,1
37475,train,0
37476,train,0
37477,train,0
37478,validation,0
37479,train,0
37480,train,0
37481,train,1
37482,train,0
37483,train,0
37484,validation,0
37485,train,0
37486,train,0
37487,train,0
37488,train,0
37489,validation,0
37490,train,0
37491,train,1
37492,validation,0
37493,validation,0
37494,test,0
37495,train,0
37496,train,0
37497,validation,0
37498,train,0
37499,test,0
37500,train,0
37501,test,0
37502,train,1
37503,train,0
37504,train,0
37505,train,0
37506,train,0
37507,test,0
37508,validation,0
37509,validation,0
37510,train,0
37511,train,0
37512,train,0
37513,train,0
37514,train,0
37515,train,0
37516,test,0
37517,test,0
37518,train,0
37519,train,0
37520,train,0
37521,train,0
37522,train,0
37523,validation,0
37524,train,0
37525,train,1
37526,validation,0
37527,train,0
37528,train,0
37529,train,0
37530,train,0
37531,train,0
37532,test,0
37533,train,0
37534,train,0
37535,validation,0
37536,validation,0
37537,train,0
37538,validation,0
37539,train,0
37540,train,0
37541,test,0
37542,train,0
37543,validation,0
37544,train,0
37545,train,0
37546,train,0
37547,test,0
37548,validation,0
37549,validation,0
37550,test,0
37551,validation,0
37552,test,0
37553,test,0
37554,validation,0
37555,validation,0
37556,validation,0
37557,validation,0
37558,train,0
37559,validation,0
37560,train,1
37561,train,0
37562,train,0
37563,train,0
37564,train,0
37565,test,1
37566,validation,0
37567,train,0
37568,test,0
37569,validation,0
37570,test,0
37571,validation,0
37572,validation,1
37573,train,0
37574,train,0
37575,train,0
37576,test,0
37577,validation,1
37578,train,0
37579,test,0
37580,validation,0
37581,test,0
37582,validation,0
37583,train,1
37584,train,1
37585,train,0
37586,train,0
37587,validation,0
37588,test,0
37589,train,1
37590,test,0
37591,validation,0
37592,train,0
37593,test,1
37594,validation,0
37595,test,0
37596,validation,0
37597,validation,0
37598,train,0
37599,train,1
37600,test,1
37601,test,0
37602,train,1
37603,train,0
37604,train,0
37605,train,0
37606,test,0
37607,test,0
37608,train,0
37609,train,0
37610,train,0
37611,train,0
37612,train,0
37613,train,0
37614,train,0
37615,train,0
37616,train,0
37617,train,1
37618,train,0
37619,train,0
37620,train,0
37621,validation,0
37622,train,0
37623,validation,0
37624,validation,0
37625,validation,0
37626,test,0
37627,train,0
37628,test,0
37629,train,0
37630,train,1
37631,validation,0
37632,validation,0
37633,train,0
37634,train,0
37635,validation,1
37636,validation,0
37637,train,1
37638,train,0
37639,validation,0
37640,train,0
37641,train,0
37642,test,0
37643,train,0
37644,train,0
37645,train,0
37646,test,0
37647,validation,0
37648,train,0
37649,train,0
37650,test,1
37651,train,0
37652,train,0
37653,train,0
37654,validation,0
37655,train,0
37656,train,0
37657,train,1
37658,test,0
37659,train,0
37660,test,0
37661,test,0
37662,train,1
37663,test,0
37664,train,0
37665,train,0
37666,train,0
37667,validation,0
37668,train,0
37669,train,0
37670,test,0
37671,train,0
37672,train,0
37673,train,1
37674,test,0
37675,train,0
37676,test,0
37677,test,1
37678,train,0
37679,train,1
37680,test,0
37681,validation,1
37682,train,0
37683,train,0
37684,train,1
37685,train,0
37686,train,0
37687,train,1
37688,train,0
37689,validation,1
37690,train,0
37691,validation,0
37692,validation,0
37693,test,0
37694,train,0
37695,train,1
37696,test,0
37697,validation,1
37698,train,0
37699,train,0
37700,train,0
37701,train,0
37702,train,0
37703,train,0
37704,validation,0
37705,train,0
37706,train,0
37707,train,1
37708,train,0
37709,train,0
37710,validation,1
37711,train,0
37712,validation,1
37713,test,0
37714,train,1
37715,train,0
37716,train,0
37717,validation,0
37718,train,1
37719,train,0
37720,train,0
37721,train,1
37722,validation,0
37723,validation,0
37724,test,0
37725,train,0
37726,test,0
37727,train,0
37728,validation,0
37729,train,0
37730,train,0
37731,train,0
37732,test,0
37733,validation,0
37734,train,0
37735,train,1
37736,train,1
37737,train,0
37738,test,0
37739,train,0
37740,train,0
37741,test,0
37742,train,0
37743,train,0
37744,test,0
37745,train,0
37746,train,0
37747,train,0
37748,validation,0
37749,train,1
37750,train,0
37751,train,0
37752,test,0
37753,train,0
37754,test,0
37755,train,0
37756,train,0
37757,test,1
37758,test,0
37759,test,0
37760,validation,0
37761,train,0
37762,train,0
37763,validation,1
37764,train,0
37765,validation,1
37766,validation,0
37767,validation,0
37768,validation,0
37769,train,0
37770,train,0
37771,test,0
37772,train,0
37773,test,1
37774,validation,0
37775,train,0
37776,test,0
37777,validation,0
37778,train,0
37779,validation,0
37780,train,1
37781,validation,0
37782,validation,0
37783,train,0
37784,test,1
37785,train,1
37786,train,0
37787,validation,0
37788,train,0
37789,train,0
37790,train,0
37791,test,0
37792,validation,0
37793,train,0
37794,train,0
37795,train,0
37796,train,1
37797,validation,0
37798,validation,0
37799,validation,0
37800,train,0
37801,train,0
37802,train,0
37803,train,0
37804,validation,1
37805,validation,0
37806,validation,0
37807,train,0
37808,train,0
37809,train,0
37810,train,0
37811,train,0
37812,train,0
37813,test,0
37814,train,0
37815,train,0
37816,train,0
37817,test,0
37818,train,0
37819,validation,1
37820,train,1
37821,train,0
37822,train,0
37823,train,0
37824,validation,0
37825,train,0
37826,validation,1
37827,train,0
37828,test,0
37829,validation,0
37830,test,0
37831,validation,0
37832,test,0
37833,test,1
37834,train,0
37835,validation,1
37836,train,0
37837,train,0
37838,train,0
37839,train,0
37840,train,0
37841,validation,0
37842,test,0
37843,train,0
37844,test,0
37845,validation,0
37846,train,1
37847,train,0
37848,train,0
37849,train,0
37850,train,0
37851,train,0
37852,train,0
37853,test,0
37854,train,0
37855,test,1
37856,test,0
37857,train,0
37858,test,0
37859,train,0
37860,test,0
37861,validation,0
37862,train,0
37863,train,0
37864,train,0
37865,train,0
37866,validation,1
37867,validation,1
37868,train,0
37869,train,0
37870,train,0
37871,train,0
37872,train,1
37873,train,0
37874,test,1
37875,validation,0
37876,train,0
37877,test,0
37878,train,0
37879,train,1
37880,train,0
37881,validation,1
37882,validation,0
37883,train,0
37884,train,1
37885,validation,0
37886,test,0
37887,train,1
37888,test,0
37889,train,1
37890,train,0
37891,train,0
37892,train,0
37893,train,0
37894,validation,0
37895,train,0
37896,train,0
37897,train,1
37898,train,0
37899,train,0
37900,train,1
37901,train,0
37902,train,0
37903,train,1
37904,validation,0
37905,train,0
37906,train,0
37907,train,0
37908,train,0
37909,train,1
37910,validation,0
37911,train,0
37912,train,0
37913,train,0
37914,train,0
37915,validation,0
37916,test,0
37917,train,0
37918,train,1
37919,validation,0
37920,test,0
37921,test,0
37922,train,1
37923,train,0
37924,train,1
37925,train,0
37926,validation,0
37927,train,0
37928,train,0
37929,validation,0
37930,validation,1
37931,train,0
37932,train,0
37933,validation,0
37934,train,0
37935,test,0
37936,train,0
37937,train,1
37938,train,0
37939,train,0
37940,test,0
37941,validation,0
37942,train,0
37943,train,0
37944,test,0
37945,train,0
37946,validation,0
37947,train,0
37948,train,0
37949,validation,0
37950,train,0
37951,train,0
37952,train,0
37953,test,0
37954,test,0
37955,validation,1
37956,validation,0
37957,test,0
37958,validation,0
37959,test,0
37960,train,0
37961,train,1
37962,test,1
37963,train,0
37964,train,0
37965,test,0
37966,train,0
37967,train,0
37968,train,1
37969,train,0
37970,validation,0
37971,train,0
37972,train,0
37973,validation,0
37974,train,1
37975,validation,0
37976,validation,0
37977,validation,0
37978,train,0
37979,validation,0
37980,train,0
37981,train,1
37982,test,0
37983,train,0
37984,train,0
37985,train,1
37986,train,1
37987,train,0
37988,test,0
37989,train,0
37990,train,1
37991,validation,0
37992,train,0
37993,train,0
37994,train,0
37995,train,1
37996,test,0
37997,validation,1
37998,test,0
37999,validation,1
38000,train,0
38001,validation,0
38002,test,1
38003,train,0
38004,train,0
38005,validation,0
38006,train,0
38007,train,1
38008,train,0
38009,train,0
38010,train,0
38011,train,1
38012,train,0
38013,validation,1
38014,validation,1
38015,train,0
38016,train,0
38017,test,1
38018,test,0
38019,test,0
38020,train,1
38021,train,1
38022,train,1
38023,train,0
38024,validation,0
38025,train,0
38026,validation,1
38027,train,0
38028,train,1
38029,train,0
38030,validation,0
38031,test,0
38032,test,0
38033,train,0
38034,train,0
38035,train,0
38036,train,0
38037,train,1
38038,train,0
38039,train,0
38040,train,0
38041,test,1
38042,validation,1
38043,validation,0
38044,train,0
38045,train,0
38046,test,0
38047,train,0
38048,train,0
38049,test,0
38050,train,0
38051,train,0
38052,validation,0
38053,test,0
38054,train,0
38055,train,0
38056,train,0
38057,train,0
38058,train,0
38059,train,1
38060,test,0
38061,train,1
38062,train,0
38063,train,1
38064,validation,0
38065,validation,0
38066,train,0
38067,validation,0
38068,train,0
38069,train,1
38070,train,0
38071,train,0
38072,train,0
38073,train,1
38074,test,0
38075,train,0
38076,train,0
38077,train,0
38078,validation,0
38079,train,1
38080,train,0
38081,train,0
38082,train,1
38083,validation,0
38084,test,1
38085,train,0
38086,train,0
38087,train,0
38088,train,0
38089,train,0
38090,train,0
38091,test,0
38092,test,0
38093,train,0
38094,validation,0
38095,validation,1
38096,train,0
38097,train,0
38098,train,0
38099,train,0
38100,test,0
38101,train,0
38102,train,0
38103,train,1
38104,train,1
38105,train,0
38106,train,0
38107,train,0
38108,validation,0
38109,train,1
38110,validation,0
38111,test,0
38112,train,0
38113,validation,1
38114,train,0
38115,train,0
38116,train,0
38117,test,0
38118,train,0
38119,train,0
38120,train,0
38121,train,0
38122,train,0
38123,train,0
38124,test,1
38125,validation,0
38126,train,1
38127,train,0
38128,train,0
38129,train,1
38130,train,0
38131,train,0
38132,train,0
38133,train,0
38134,train,0
38135,test,0
38136,train,0
38137,validation,0
38138,test,0
38139,train,1
38140,train,1
38141,train,1
38142,validation,0
38143,validation,0
38144,validation,1
38145,train,0
38146,validation,0
38147,validation,0
38148,train,0
38149,train,0
38150,train,0
38151,train,0
38152,test,0
38153,train,0
38154,train,0
38155,train,0
38156,test,0
38157,train,0
38158,validation,0
38159,validation,0
38160,train,0
38161,test,0
38162,train,1
38163,train,0
38164,validation,1
38165,train,0
38166,train,0
38167,train,0
38168,test,0
38169,train,0
38170,validation,0
38171,train,1
38172,train,0
38173,train,0
38174,train,0
38175,test,0
38176,train,0
38177,train,0
38178,test,0
38179,train,0
38180,train,0
38181,train,0
38182,train,0
38183,train,0
38184,train,1
38185,train,0
38186,train,0
38187,train,1
38188,test,1
38189,train,0
38190,train,0
38191,train,0
38192,validation,0
38193,validation,0
38194,train,0
38195,validation,0
38196,test,0
38197,train,0
38198,train,0
38199,validation,0
38200,validation,0
38201,train,1
38202,train,0
38203,train,0
38204,validation,1
38205,test,0
38206,train,0
38207,test,1
38208,validation,0
38209,test,0
38210,test,0
38211,train,0
38212,test,1
38213,test,0
38214,train,0
38215,train,1
38216,train,0
38217,train,0
38218,train,0
38219,train,0
38220,test,0
38221,train,1
38222,train,0
38223,train,1
38224,train,0
38225,train,0
38226,train,0
38227,train,0
38228,train,0
38229,train,0
38230,train,0
38231,train,0
38232,test,0
38233,train,0
38234,train,0
38235,train,0
38236,train,0
38237,train,1
38238,train,1
38239,test,0
38240,train,0
38241,test,0
38242,train,0
38243,train,0
38244,train,0
38245,train,0
38246,train,1
38247,train,0
38248,train,0
38249,train,0
38250,train,0
38251,train,0
38252,train,0
38253,train,0
38254,test,1
38255,test,0
38256,test,0
38257,validation,0
38258,train,0
38259,train,0
38260,train,0
38261,validation,1
38262,test,0
38263,train,0
38264,train,0
38265,train,0
38266,test,1
38267,train,1
38268,train,1
38269,train,0
38270,train,0
38271,test,1
38272,test,0
38273,validation,1
38274,train,0
38275,train,0
38276,train,1
38277,validation,0
38278,train,0
38279,test,0
38280,test,0
38281,validation,0
38282,train,0
38283,train,0
38284,test,0
38285,train,0
38286,train,0
38287,test,0
38288,train,0
38289,validation,0
38290,validation,1
38291,train,0
38292,train,0
38293,train,0
38294,train,0
38295,train,0
38296,validation,0
38297,train,0
38298,test,0
38299,validation,1
38300,train,0
38301,validation,0
38302,train,0
38303,train,0
38304,train,0
38305,train,0
38306,validation,0
38307,train,0
38308,train,0
38309,train,0
38310,train,0
38311,test,0
38312,test,0
38313,validation,1
38314,train,0
38315,train,0
38316,validation,0
38317,train,0
38318,train,0
38319,train,0
38320,test,0
38321,train,0
38322,test,1
38323,train,0
38324,train,0
38325,test,0
38326,train,0
38327,validation,1
38328,train,0
38329,train,1
38330,train,0
38331,validation,1
38332,test,0
38333,validation,1
38334,validation,0
38335,validation,1
38336,train,0
38337,train,0
38338,validation,0
38339,train,0
38340,train,0
38341,train,1
38342,test,0
38343,train,1
38344,train,0
38345,test,0
38346,validation,0
38347,train,0
38348,train,0
38349,validation,1
38350,test,0
38351,validation,0
38352,train,0
38353,validation,0
38354,train,0
38355,train,0
38356,validation,0
38357,train,0
38358,train,0
38359,test,0
38360,train,1
38361,train,1
38362,train,0
38363,test,0
38364,validation,0
38365,train,0
38366,train,1
38367,train,0
38368,train,0
38369,validation,0
38370,validation,0
38371,validation,0
38372,train,1
38373,train,0
38374,train,0
38375,validation,0
38376,validation,0
38377,train,0
38378,validation,0
38379,train,0
38380,validation,0
38381,train,0
38382,train,0
38383,validation,0
38384,train,0
38385,train,0
38386,train,0
38387,train,1
38388,train,0
38389,validation,0
38390,train,0
38391,validation,0
38392,train,0
38393,train,0
38394,test,0
38395,train,0
38396,train,0
38397,test,0
38398,validation,0
38399,validation,0
38400,train,0
38401,test,0
38402,train,0
38403,validation,0
38404,train,1
38405,train,0
38406,test,0
38407,train,0
38408,train,0
38409,train,0
38410,train,0
38411,train,0
38412,validation,0
38413,validation,1
38414,train,0
38415,train,0
38416,train,0
38417,validation,0
38418,train,0
38419,validation,0
38420,train,0
38421,train,0
38422,train,0
38423,train,0
38424,train,0
38425,train,0
38426,train,0
38427,test,0
38428,train,0
38429,train,0
38430,train,0
38431,train,0
38432,train,1
38433,train,1
38434,validation,0
38435,test,0
38436,train,0
38437,train,0
38438,train,0
38439,train,0
38440,train,0
38441,test,0
38442,train,0
38443,validation,0
38444,train,0
38445,train,0
38446,validation,0
38447,train,0
38448,train,0
38449,train,0
38450,train,0
38451,validation,0
38452,train,0
38453,train,0
38454,train,0
38455,test,0
38456,test,0
38457,train,0
38458,test,0
38459,validation,0
38460,train,0
38461,train,0
38462,train,0
38463,train,0
38464,train,0
38465,train,0
38466,test,1
38467,test,0
38468,train,0
38469,validation,0
38470,train,0
38471,train,0
38472,train,0
38473,train,0
38474,validation,1
38475,test,0
38476,train,1
38477,train,0
38478,train,0
38479,train,0
38480,train,0
38481,test,0
38482,train,0
38483,validation,0
38484,train,0
38485,test,0
38486,train,0
38487,test,1
38488,train,0
38489,train,0
38490,test,0
38491,train,0
38492,train,0
38493,train,0
38494,train,0
38495,train,0
38496,train,0
38497,test,1
38498,validation,0
38499,train,0
38500,test,0
38501,train,1
38502,test,0
38503,train,0
38504,train,0
38505,train,0
38506,train,0
38507,train,0
38508,test,0
38509,test,0
38510,test,0
38511,train,1
38512,test,0
38513,test,0
38514,train,0
38515,train,0
38516,train,0
38517,test,0
38518,test,0
38519,train,0
38520,validation,0
38521,train,0
38522,validation,0
38523,test,0
38524,train,0
38525,test,0
38526,test,0
38527,train,1
38528,validation,0
38529,validation,0
38530,validation,0
38531,test,1
38532,train,0
38533,train,0
38534,validation,1
38535,validation,1
38536,train,0
38537,train,0
38538,test,0
38539,train,1
38540,validation,0
38541,train,0
38542,train,0
38543,validation,0
38544,train,0
38545,validation,0
38546,train,0
38547,validation,0
38548,train,0
38549,validation,0
38550,validation,0
38551,test,0
38552,test,0
38553,validation,1
38554,test,0
38555,train,1
38556,train,0
38557,train,0
38558,validation,0
38559,test,1
38560,validation,0
38561,train,0
38562,test,0
38563,train,0
38564,train,0
38565,train,0
38566,test,0
38567,train,1
38568,train,0
38569,test,0
38570,train,0
38571,train,1
38572,validation,1
38573,train,0
38574,train,0
38575,train,0
38576,train,1
38577,validation,1
38578,train,0
38579,train,0
38580,train,0
38581,train,0
38582,train,0
38583,train,1
38584,test,1
38585,test,0
38586,train,0
38587,train,0
38588,train,0
38589,test,0
38590,train,1
38591,train,0
38592,train,0
38593,test,0
38594,train,1
38595,validation,0
38596,train,0
38597,train,0
38598,train,0
38599,train,1
38600,train,0
38601,train,0
38602,train,0
38603,train,0
38604,train,0
38605,train,0
38606,validation,0
38607,train,0
38608,train,0
38609,train,1
38610,train,1
38611,validation,1
38612,train,1
38613,train,0
38614,train,1
38615,train,0
38616,train,0
38617,train,0
38618,test,0
38619,train,1
38620,test,0
38621,train,0
38622,train,0
38623,train,0
38624,train,0
38625,train,0
38626,validation,0
38627,validation,0
38628,train,0
38629,train,0
38630,test,1
38631,train,0
38632,train,0
38633,train,1
38634,train,0
38635,train,0
38636,train,0
38637,train,0
38638,validation,0
38639,train,0
38640,train,1
38641,train,0
38642,train,0
38643,test,0
38644,validation,1
38645,train,0
38646,validation,1
38647,train,0
38648,train,0
38649,validation,0
38650,test,0
38651,train,0
38652,validation,0
38653,train,0
38654,train,0
38655,train,1
38656,train,0
38657,validation,0
38658,train,1
38659,train,0
38660,validation,1
38661,train,0
38662,validation,0
38663,validation,0
38664,test,0
38665,train,0
38666,train,1
38667,validation,0
38668,validation,0
38669,validation,0
38670,train,0
38671,validation,0
38672,train,0
38673,train,1
38674,validation,0
38675,train,0
38676,test,0
38677,train,1
38678,train,0
38679,validation,1
38680,train,0
38681,train,0
38682,test,0
38683,train,0
38684,validation,0
38685,test,0
38686,test,0
38687,train,0
38688,test,0
38689,test,0
38690,test,0
38691,train,0
38692,train,0
38693,validation,0
38694,train,0
38695,train,0
38696,train,0
38697,train,0
38698,test,0
38699,train,0
38700,validation,0
38701,train,1
38702,test,0
38703,validation,0
38704,train,0
38705,validation,0
38706,validation,1
38707,train,0
38708,test,0
38709,train,0
38710,train,0
38711,train,1
38712,train,0
38713,validation,0
38714,test,1
38715,validation,0
38716,train,0
38717,validation,0
38718,train,0
38719,train,1
38720,train,0
38721,train,0
38722,train,0
38723,test,0
38724,test,0
38725,validation,0
38726,validation,0
38727,test,1
38728,train,0
38729,train,1
38730,validation,1
38731,train,0
38732,test,0
38733,train,0
38734,train,0
38735,train,0
38736,train,0
38737,train,0
38738,train,1
38739,train,0
38740,validation,1
38741,train,0
38742,train,0
38743,test,0
38744,validation,0
38745,train,0
38746,validation,0
38747,validation,0
38748,train,0
38749,validation,0
38750,validation,0
38751,test,0
38752,test,0
38753,train,0
38754,train,1
38755,validation,0
38756,train,0
38757,validation,0
38758,train,0
38759,test,0
38760,train,0
38761,train,0
38762,train,0
38763,test,0
38764,test,0
38765,test,0
38766,train,0
38767,validation,1
38768,validation,0
38769,validation,0
38770,train,0
38771,train,1
38772,train,0
38773,train,0
38774,train,0
38775,train,0
38776,validation,0
38777,validation,0
38778,train,0
38779,train,0
38780,train,0
38781,test,0
38782,train,1
38783,train,0
38784,validation,0
38785,train,0
38786,train,0
38787,train,1
38788,test,1
38789,train,0
38790,train,1
38791,test,0
38792,train,0
38793,test,0
38794,train,0
38795,test,1
38796,train,0
38797,train,0
38798,train,1
38799,train,0
38800,test,0
38801,validation,0
38802,train,0
38803,test,0
38804,train,0
38805,validation,0
38806,train,1
38807,test,0
38808,test,0
38809,train,0
38810,validation,0
38811,validation,1
38812,validation,0
38813,train,0
38814,train,0
38815,train,0
38816,train,0
38817,test,1
38818,train,0
38819,train,1
38820,train,0
38821,validation,0
38822,train,1
38823,validation,0
38824,train,0
38825,train,0
38826,train,1
38827,train,0
38828,test,0
38829,train,1
38830,train,0
38831,train,0
38832,train,0
38833,train,0
38834,train,0
38835,train,1
38836,train,0
38837,test,0
38838,test,1
38839,validation,0
38840,test,0
38841,train,0
38842,validation,0
38843,train,1
38844,train,0
38845,test,0
38846,test,1
38847,train,1
38848,validation,0
38849,train,1
38850,train,1
38851,train,0
38852,validation,0
38853,train,0
38854,validation,0
38855,train,0
38856,train,0
38857,train,0
38858,train,0
38859,train,1
38860,train,0
38861,train,0
38862,train,0
38863,test,0
38864,train,0
38865,train,1
38866,train,0
38867,validation,0
38868,validation,0
38869,validation,0
38870,train,0
38871,test,0
38872,train,0
38873,validation,0
38874,validation,0
38875,test,0
38876,validation,0
38877,train,0
38878,train,0
38879,train,0
38880,train,0
38881,test,0
38882,test,0
38883,train,0
38884,validation,0
38885,train,0
38886,validation,0
38887,validation,0
38888,test,0
38889,train,1
38890,train,0
38891,train,0
38892,train,0
38893,test,0
38894,train,0
38895,train,0
38896,train,0
38897,train,0
38898,test,0
38899,train,0
38900,train,0
38901,validation,0
38902,train,0
38903,validation,0
38904,test,1
38905,test,0
38906,validation,1
38907,train,0
38908,train,1
38909,train,0
38910,train,1
38911,train,0
38912,train,0
38913,train,1
38914,test,0
38915,train,0
38916,validation,0
38917,train,0
38918,test,0
38919,test,1
38920,train,0
38921,train,0
38922,test,1
38923,train,0
38924,train,0
38925,test,0
38926,train,0
38927,train,1
38928,train,0
38929,train,0
38930,validation,0
38931,train,0
38932,validation,0
38933,test,0
38934,validation,0
38935,test,0
38936,test,1
38937,train,0
38938,train,0
38939,train,1
38940,test,0
38941,test,1
38942,train,0
38943,train,0
38944,train,0
38945,validation,0
38946,train,0
38947,validation,0
38948,train,0
38949,train,0
38950,train,0
38951,train,0
38952,validation,0
38953,train,0
38954,train,0
38955,validation,1
38956,train,0
38957,train,0
38958,train,0
38959,test,0
38960,train,0
38961,train,0
38962,train,0
38963,test,0
38964,validation,0
38965,train,0
38966,test,1
38967,train,0
38968,train,0
38969,train,0
38970,train,0
38971,train,1
38972,train,1
38973,train,0
38974,train,0
38975,train,0
38976,train,0
38977,test,0
38978,validation,1
38979,train,0
38980,validation,1
38981,train,0
38982,test,0
38983,validation,0
38984,train,0
38985,validation,0
38986,test,0
38987,validation,0
38988,train,0
38989,test,1
38990,test,0
38991,validation,0
38992,train,0
38993,train,0
38994,validation,0
38995,train,0
38996,train,0
38997,train,0
38998,train,0
38999,train,0
39000,test,1
39001,test,0
39002,validation,0
39003,validation,1
39004,validation,1
39005,test,0
39006,train,0
39007,train,0
39008,train,0
39009,validation,0
39010,train,0
39011,validation,0
39012,train,0
39013,train,0
39014,train,0
39015,train,1
39016,test,1
39017,test,0
39018,test,0
39019,train,0
39020,test,1
39021,validation,0
39022,train,1
39023,train,1
39024,test,0
39025,train,0
39026,validation,0
39027,validation,0
39028,train,0
39029,train,0
39030,train,0
39031,validation,0
39032,train,0
39033,train,0
39034,train,0
39035,test,0
39036,test,0
39037,train,0
39038,train,0
39039,train,0
39040,train,0
39041,train,0
39042,test,0
39043,train,0
39044,train,0
39045,validation,0
39046,test,1
39047,test,1
39048,train,0
39049,test,0
39050,train,0
39051,test,0
39052,train,0
39053,train,0
39054,train,1
39055,validation,1
39056,train,0
39057,test,1
39058,train,0
39059,test,0
39060,validation,1
39061,validation,1
39062,train,0
39063,train,0
39064,train,1
39065,train,0
39066,validation,0
39067,train,0
39068,validation,0
39069,train,0
39070,validation,1
39071,test,1
39072,train,0
39073,test,1
39074,train,1
39075,train,1
39076,validation,0
39077,validation,0
39078,validation,0
39079,test,0
39080,train,0
39081,validation,1
39082,test,0
39083,train,0
39084,train,1
39085,train,0
39086,train,0
39087,validation,0
39088,train,1
39089,validation,0
39090,train,0
39091,validation,1
39092,test,0
39093,train,0
39094,test,0
39095,train,0
39096,train,0
39097,validation,0
39098,train,0
39099,test,0
39100,test,0
39101,validation,0
39102,train,0
39103,train,0
39104,train,1
39105,test,1
39106,train,0
39107,train,0
39108,validation,0
39109,validation,0
39110,train,1
39111,train,0
39112,train,0
39113,train,1
39114,train,0
39115,train,1
39116,test,0
39117,train,0
39118,train,0
39119,train,1
39120,test,0
39121,train,0
39122,train,0
39123,train,0
39124,train,0
39125,validation,0
39126,test,0
39127,train,0
39128,train,0
39129,validation,0
39130,validation,1
39131,train,0
39132,train,0
39133,train,1
39134,validation,0
39135,train,0
39136,train,0
39137,train,0
39138,validation,0
39139,train,1
39140,test,0
39141,train,0
39142,validation,0
39143,train,1
39144,test,0
39145,train,0
39146,train,0
39147,test,1
39148,validation,0
39149,validation,0
39150,train,0
39151,train,0
39152,test,0
39153,validation,0
39154,train,0
39155,test,1
39156,train,0
39157,train,0
39158,train,0
39159,train,0
39160,validation,0
39161,train,0
39162,test,1
39163,train,0
39164,test,0
39165,train,0
39166,train,0
39167,train,0
39168,validation,0
39169,train,0
39170,train,1
39171,test,0
39172,validation,0
39173,train,0
39174,test,0
39175,test,0
39176,train,0
39177,train,0
39178,validation,0
39179,test,0
39180,train,0
39181,train,0
39182,train,0
39183,train,1
39184,test,0
39185,test,0
39186,validation,0
39187,train,0
39188,train,0
39189,train,0
39190,test,0
39191,test,0
39192,validation,1
39193,train,0
39194,train,0
39195,train,1
39196,validation,0
39197,train,0
39198,validation,0
39199,train,0
39200,test,1
39201,train,0
39202,train,0
39203,train,1
39204,train,0
39205,train,0
39206,train,0
39207,train,1
39208,validation,0
39209,test,0
39210,validation,1
39211,train,0
39212,train,0
39213,validation,0
39214,train,1
39215,train,0
39216,train,0
39217,train,0
39218,train,0
39219,train,0
39220,test,0
39221,validation,0
39222,test,0
39223,train,0
39224,train,0
39225,train,0
39226,validation,0
39227,train,0
39228,validation,0
39229,train,0
39230,train,0
39231,validation,0
39232,validation,0
39233,train,0
39234,train,0
39235,train,0
39236,validation,0
39237,train,0
39238,test,0
39239,train,0
39240,train,0
39241,test,0
39242,train,0
39243,train,0
39244,validation,0
39245,train,0
39246,train,1
39247,test,0
39248,validation,0
39249,test,1
39250,train,0
39251,test,0
39252,test,0
39253,validation,0
39254,train,0
39255,train,0
39256,test,0
39257,train,0
39258,validation,0
39259,train,0
39260,test,0
39261,validation,0
39262,train,0
39263,train,0
39264,train,0
39265,train,1
39266,test,0
39267,test,0
39268,train,0
39269,validation,1
39270,train,0
39271,test,0
39272,test,0
39273,train,0
39274,train,1
39275,test,0
39276,validation,0
39277,validation,1
39278,train,0
39279,train,0
39280,test,0
39281,train,1
39282,train,0
39283,train,0
39284,validation,0
39285,train,0
39286,train,0
39287,train,0
39288,train,0
39289,validation,0
39290,train,1
39291,train,0
39292,train,0
39293,train,0
39294,train,0
39295,validation,1
39296,train,0
39297,train,0
39298,train,0
39299,train,0
39300,train,0
39301,test,0
39302,test,0
39303,train,0
39304,train,0
39305,train,0
39306,train,1
39307,train,0
39308,test,0
39309,test,0
39310,train,1
39311,train,0
39312,train,1
39313,test,0
39314,validation,0
39315,validation,0
39316,test,0
39317,train,0
39318,test,0
39319,test,0
39320,validation,0
39321,train,1
39322,train,0
39323,train,0
39324,train,0
39325,train,0
39326,train,0
39327,validation,1
39328,train,0
39329,train,0
39330,train,0
39331,train,0
39332,train,0
39333,test,0
39334,train,0
39335,train,0
39336,validation,0
39337,test,1
39338,train,0
39339,train,0
39340,test,0
39341,test,0
39342,train,0
39343,test,1
39344,test,1
39345,train,0
39346,test,0
39347,validation,1
39348,train,0
39349,train,0
39350,validation,0
39351,train,1
39352,validation,0
39353,train,1
39354,test,0
39355,validation,0
39356,validation,0
39357,validation,0
39358,test,0
39359,train,1
39360,validation,0
39361,train,0
39362,validation,0
39363,validation,0
39364,train,0
39365,train,0
39366,validation,0
39367,test,0
39368,train,0
39369,train,0
39370,train,0
39371,train,1
39372,train,1
39373,train,0
39374,validation,0
39375,train,0
39376,validation,0
39377,train,0
39378,train,0
39379,validation,0
39380,train,1
39381,test,1
39382,train,0
39383,validation,0
39384,validation,1
39385,validation,1
39386,validation,0
39387,test,0
39388,train,0
39389,validation,0
39390,train,0
39391,train,0
39392,train,0
39393,validation,0
39394,train,0
39395,test,0
39396,train,0
39397,validation,0
39398,test,0
39399,train,0
39400,validation,0
39401,train,0
39402,train,0
39403,train,0
39404,validation,1
39405,test,0
39406,train,0
39407,train,0
39408,test,0
39409,train,1
39410,train,0
39411,train,0
39412,train,1
39413,validation,0
39414,validation,0
39415,train,0
39416,validation,0
39417,train,0
39418,validation,0
39419,validation,0
39420,train,0
39421,train,0
39422,train,0
39423,train,0
39424,train,0
39425,test,1
39426,test,1
39427,train,0
39428,test,0
39429,train,1
39430,test,0
39431,test,0
39432,test,0
39433,train,0
39434,train,0
39435,validation,0
39436,validation,0
39437,train,0
39438,validation,0
39439,train,0
39440,validation,0
39441,test,1
39442,validation,0
39443,train,0
39444,train,0
39445,train,0
39446,train,0
39447,validation,1
39448,validation,0
39449,train,0
39450,train,0
39451,train,0
39452,train,0
39453,test,0
39454,train,0
39455,validation,0
39456,train,0
39457,train,0
39458,validation,0
39459,train,0
39460,train,0
39461,train,0
39462,validation,0
39463,validation,0
39464,train,0
39465,test,0
39466,train,0
39467,test,0
39468,test,0
39469,train,0
39470,train,0
39471,train,1
39472,validation,0
39473,validation,1
39474,train,0
39475,train,0
39476,validation,0
39477,train,0
39478,train,1
39479,test,1
39480,train,0
39481,train,0
39482,test,0
39483,train,0
39484,validation,0
39485,train,0
39486,train,0
39487,train,0
39488,train,1
39489,train,0
39490,train,0
39491,train,1
39492,train,0
39493,train,0
39494,train,0
39495,train,0
39496,train,1
39497,train,0
39498,train,0
39499,test,1
39500,validation,1
39501,train,0
39502,test,0
39503,train,1
39504,train,0
39505,train,0
39506,test,0
39507,train,0
39508,test,0
39509,train,0
39510,test,1
39511,validation,1
39512,validation,0
39513,train,1
39514,validation,0
39515,validation,0
39516,train,1
39517,test,1
39518,train,0
39519,validation,0
39520,train,0
39521,train,0
39522,validation,0
39523,train,0
39524,train,0
39525,train,0
39526,test,1
39527,train,1
39528,test,0
39529,test,0
39530,test,0
39531,test,0
39532,train,1
39533,train,0
39534,test,0
39535,test,0
39536,train,0
39537,train,1
39538,train,1
39539,test,1
39540,train,0
39541,validation,0
39542,train,1
39543,train,0
39544,test,0
39545,train,0
39546,train,0
39547,test,1
39548,train,0
39549,test,0
39550,train,0
39551,train,0
39552,train,0
39553,train,0
39554,validation,0
39555,train,0
39556,test,0
39557,train,0
39558,test,0
39559,train,0
39560,train,0
39561,train,1
39562,train,1
39563,validation,0
39564,train,0
39565,test,0
39566,train,0
39567,train,1
39568,train,0
39569,train,0
39570,train,0
39571,train,1
39572,train,0
39573,validation,0
39574,validation,1
39575,train,0
39576,train,0
39577,train,0
39578,train,1
39579,test,0
39580,test,0
39581,train,0
39582,validation,0
39583,train,0
39584,test,0
39585,validation,1
39586,validation,0
39587,train,0
39588,validation,0
39589,test,0
39590,train,0
39591,validation,0
39592,train,0
39593,train,0
39594,train,0
39595,test,0
39596,train,1
39597,test,0
39598,train,0
39599,validation,0
39600,validation,0
39601,train,1
39602,train,0
39603,train,0
39604,validation,0
39605,train,0
39606,validation,0
39607,train,0
39608,validation,0
39609,train,1
39610,train,0
39611,test,1
39612,test,0
39613,train,0
39614,test,0
39615,train,0
39616,train,0
39617,train,0
39618,train,0
39619,train,0
39620,train,1
39621,test,0
39622,train,0
39623,test,0
39624,train,0
39625,train,0
39626,train,0
39627,train,1
39628,train,0
39629,test,0
39630,train,0
39631,train,0
39632,train,0
39633,train,0
39634,train,0
39635,train,0
39636,train,0
39637,validation,1
39638,train,0
39639,test,1
39640,train,1
39641,train,0
39642,train,0
39643,train,1
39644,train,0
39645,test,1
39646,validation,0
39647,train,0
39648,validation,0
39649,validation,0
39650,test,0
39651,train,0
39652,train,0
39653,train,0
39654,train,0
39655,train,1
39656,train,0
39657,validation,0
39658,train,1
39659,train,1
39660,train,0
39661,validation,0
39662,train,0
39663,train,0
39664,train,0
39665,train,0
39666,train,0
39667,train,0
39668,train,0
39669,validation,1
39670,train,0
39671,validation,0
39672,test,0
39673,train,1
39674,train,0
39675,train,0
39676,train,0
39677,train,0
39678,train,0
39679,train,1
39680,train,0
39681,validation,0
39682,validation,0
39683,train,0
39684,test,0
39685,train,0
39686,train,0
39687,train,0
39688,train,0
39689,train,0
39690,train,0
39691,train,0
39692,train,0
39693,train,0
39694,validation,0
39695,train,0
39696,validation,0
39697,train,0
39698,validation,0
39699,train,1
39700,train,1
39701,train,0
39702,validation,0
39703,train,0
39704,train,0
39705,train,0
39706,train,0
39707,train,0
39708,test,1
39709,train,1
39710,train,0
39711,train,0
39712,train,0
39713,test,1
39714,validation,0
39715,train,1
39716,train,0
39717,train,0
39718,train,0
39719,train,0
39720,train,0
39721,train,0
39722,train,0
39723,test,0
39724,validation,0
39725,train,1
39726,test,0
39727,validation,0
39728,train,0
39729,train,0
39730,validation,0
39731,validation,0
39732,validation,0
39733,validation,0
39734,train,0
39735,test,0
39736,test,0
39737,train,0
39738,train,0
39739,train,0
39740,train,0
39741,test,1
39742,train,0
39743,train,0
39744,train,0
39745,train,1
39746,train,0
39747,validation,0
39748,test,1
39749,validation,0
39750,validation,0
39751,test,0
39752,validation,0
39753,train,0
39754,train,1
39755,test,0
39756,train,0
39757,train,0
39758,test,0
39759,validation,0
39760,train,0
39761,train,0
39762,train,0
39763,train,0
39764,train,1
39765,validation,0
39766,train,0
39767,validation,0
39768,validation,0
39769,validation,0
39770,validation,0
39771,train,0
39772,train,0
39773,test,0
39774,train,0
39775,train,0
39776,test,0
39777,train,0
39778,train,0
39779,train,0
39780,train,0
39781,train,1
39782,train,0
39783,train,1
39784,test,0
39785,train,0
39786,train,0
39787,test,0
39788,train,0
39789,validation,0
39790,validation,1
39791,test,0
39792,train,0
39793,train,0
39794,train,0
39795,train,0
39796,train,0
39797,test,0
39798,train,0
39799,train,0
39800,test,1
39801,validation,0
39802,train,0
39803,train,0
39804,train,0
39805,train,0
39806,train,1
39807,train,0
39808,train,0
39809,validation,0
39810,test,0
39811,validation,0
39812,train,0
39813,train,0
39814,validation,0
39815,train,0
39816,train,0
39817,train,0
39818,validation,1
39819,train,0
39820,validation,0
39821,train,0
39822,test,0
39823,train,1
39824,train,0
39825,train,0
39826,train,0
39827,train,0
39828,test,0
39829,validation,0
39830,test,0
39831,train,1
39832,validation,1
39833,test,0
39834,train,0
39835,validation,0
39836,train,1
39837,train,0
39838,test,1
39839,train,0
39840,train,0
39841,train,0
39842,train,0
39843,train,0
39844,train,0
39845,train,0
39846,train,0
39847,train,0
39848,train,0
39849,validation,0
39850,validation,1
39851,validation,0
39852,validation,0
39853,test,0
39854,validation,0
39855,test,0
39856,validation,0
39857,train,0
39858,validation,0
39859,train,0
39860,train,0
39861,validation,0
39862,train,1
39863,validation,0
39864,validation,0
39865,train,0
39866,train,0
39867,validation,0
39868,train,0
39869,train,0
39870,train,0
39871,test,0
39872,validation,0
39873,validation,0
39874,train,0
39875,train,1
39876,train,0
39877,train,1
39878,train,0
39879,test,0
39880,validation,0
39881,validation,1
39882,train,0
39883,train,0
39884,test,0
39885,test,1
39886,train,0
39887,train,0
39888,train,0
39889,train,0
39890,train,1
39891,train,0
39892,train,1
39893,test,0
39894,train,1
39895,train,0
39896,validation,0
39897,test,0
39898,train,0
39899,train,1
39900,validation,1
39901,train,0
39902,train,0
39903,test,1
39904,train,0
39905,train,0
39906,train,0
39907,train,0
39908,validation,0
39909,train,0
39910,train,0
39911,train,0
39912,validation,0
39913,test,1
39914,test,1
39915,train,0
39916,test,0
39917,train,0
39918,train,0
39919,train,0
39920,test,0
39921,train,0
39922,train,0
39923,test,0
39924,train,0
39925,test,0
